"INSERT INTO ballinfo VALUES ('2019-04-10', 2019041004, '西武', '楽天', '武隈 祥太', '左', '西武', '田中 和基', '右', '楽天', 1, 1, 1, 0, 1, 0, 0, 140, 'ストレート', 16.0, 76.0, 'ボール', 4, 1, 16, 'B10');"
"INSERT INTO ballinfo VALUES ('2019-04-10', 2019041004, '西武', '楽天', '武隈 祥太', '左', '西武', '田中 和基', '右', '楽天', 1, 1, 1, 0, 2, 1, 0, 140, 'ストレート', 16.0, 68.8, 'ボール', 4, 1, 16, 'B10');"
"INSERT INTO ballinfo VALUES ('2019-04-10', 2019041004, '西武', '楽天', '武隈 祥太', '左', '西武', '田中 和基', '右', '楽天', 1, 1, 1, 0, 3, 2, 0, 137, 'ストレート', 35.0, 65.2, '見逃し', 4, 2, 17, 'S7');"
"INSERT INTO ballinfo VALUES ('2019-04-10', 2019041004, '西武', '楽天', '武隈 祥太', '左', '西武', '田中 和基', '右', '楽天', 1, 1, 1, 0, 4, 2, 1, 121, 'チェンジアップ', 87.0, 25.2, 'ボール', 2, 5, 10, 'B7');"
"INSERT INTO ballinfo VALUES ('2019-04-10', 2019041004, '西武', '楽天', '武隈 祥太', '左', '西武', '田中 和基', '右', '楽天', 1, 1, 1, 0, 5, 3, 1, 139, 'ストレート', 16.5, 56.0, '四球', 3, 1, 11, 'B8');"
"INSERT INTO ballinfo VALUES ('2019-04-10', 2019041004, '西武', '楽天', '武隈 祥太', '左', '西武', '茂木 栄五郎', '左', '楽天', 1, 1, 2, 1, 1, 0, 0, 128, 'スライダー', 49.5, 53.6, 'ファウル', 3, 3, 13, 'S5');"
"INSERT INTO ballinfo VALUES ('2019-04-10', 2019041004, '西武', '楽天', '武隈 祥太', '左', '西武', '茂木 栄五郎', '左', '楽天', 1, 1, 2, 1, 2, 0, 1, 138, 'ストレート', 57.0, 54.8, 'ファウル', 3, 3, 13, 'S5');"
"INSERT INTO ballinfo VALUES ('2019-04-10', 2019041004, '西武', '楽天', '武隈 祥太', '左', '西武', '茂木 栄五郎', '左', '楽天', 1, 1, 2, 1, 3, 0, 2, 137, 'ストレート', 15.5, 55.6, 'ボール', 3, 1, 11, 'B8');"
"INSERT INTO ballinfo VALUES ('2019-04-10', 2019041004, '西武', '楽天', '武隈 祥太', '左', '西武', '茂木 栄五郎', '左', '楽天', 1, 1, 2, 1, 4, 1, 2, 131, 'スライダー', 16.5, 48.8, 'ボール', 3, 1, 11, 'B8');"
"INSERT INTO ballinfo VALUES ('2019-04-10', 2019041004, '西武', '楽天', '武隈 祥太', '左', '西武', '茂木 栄五郎', '左', '楽天', 1, 1, 2, 1, 5, 2, 2, 123, 'スライダー', 89.0, 54.0, 'ボール', 3, 5, 15, 'B9');"
"INSERT INTO ballinfo VALUES ('2019-04-10', 2019041004, '西武', '楽天', '武隈 祥太', '左', '西武', '茂木 栄五郎', '左', '楽天', 1, 1, 2, 1, 6, 3, 2, 124, 'スライダー', 34.5, 86.8, '空三振', 5, 2, 22, 'B16');"
"INSERT INTO ballinfo VALUES ('2019-04-10', 2019041004, '西武', '楽天', '武隈 祥太', '左', '西武', '浅村 栄斗', '右', '楽天', 1, 1, 3, 1, 1, 0, 0, 128, 'スライダー', 17.5, 65.2, 'ボール', 4, 1, 16, 'B10');"
"INSERT INTO ballinfo VALUES ('2019-04-10', 2019041004, '西武', '楽天', '武隈 祥太', '左', '西武', '浅村 栄斗', '右', '楽天', 1, 1, 3, 1, 2, 1, 0, 123, 'チェンジアップ', 35.5, 75.6, '空振り', 4, 2, 17, 'S7');"
"INSERT INTO ballinfo VALUES ('2019-04-10', 2019041004, '西武', '楽天', '武隈 祥太', '左', '西武', '浅村 栄斗', '右', '楽天', 1, 1, 3, 1, 3, 1, 1, 140, 'ストレート', 27.5, 84.4, 'ボール', 5, 2, 22, 'B16');"
"INSERT INTO ballinfo VALUES ('2019-04-10', 2019041004, '西武', '楽天', '武隈 祥太', '左', '西武', '浅村 栄斗', '右', '楽天', 1, 1, 3, 1, 4, 2, 1, 118, 'チェンジアップ', 55.5, 16.8, 'ボール', 1, 3, 3, 'B3');"
"INSERT INTO ballinfo VALUES ('2019-04-10', 2019041004, '西武', '楽天', '武隈 祥太', '左', '西武', '浅村 栄斗', '右', '楽天', 1, 1, 3, 1, 5, 3, 1, 123, 'チェンジアップ', 90.0, 84.8, '四球', 5, 5, 25, 'B19');"
"INSERT INTO ballinfo VALUES ('2019-04-10', 2019041004, '西武', '楽天', '武隈 祥太', '左', '西武', '島内 宏明', '左', '楽天', 1, 1, 4, 2, 1, 0, 0, 104, 'カーブ', 17.0, 57.2, 'ボール', 3, 1, 11, 'B8');"
"INSERT INTO ballinfo VALUES ('2019-04-10', 2019041004, '西武', '楽天', '武隈 祥太', '左', '西武', '島内 宏明', '左', '楽天', 1, 1, 4, 2, 2, 1, 0, 138, 'ストレート', 14.5, 86.0, 'ボール', 5, 1, 21, 'B15');"
"INSERT INTO ballinfo VALUES ('2019-04-10', 2019041004, '西武', '楽天', '武隈 祥太', '左', '西武', '島内 宏明', '左', '楽天', 1, 1, 4, 2, 3, 2, 0, 131, 'スライダー', 36.5, 55.6, '見逃し', 3, 2, 12, 'S4');"
"INSERT INTO ballinfo VALUES ('2019-04-10', 2019041004, '西武', '楽天', '武隈 祥太', '左', '西武', '島内 宏明', '左', '楽天', 1, 1, 4, 2, 4, 2, 1, 129, 'スライダー', 35.0, 64.8, '見逃し', 4, 2, 17, 'S7');"
"INSERT INTO ballinfo VALUES ('2019-04-10', 2019041004, '西武', '楽天', '武隈 祥太', '左', '西武', '島内 宏明', '左', '楽天', 1, 1, 4, 2, 5, 2, 2, 136, 'ストレート', 47.0, 75.6, '左飛', 4, 3, 18, 'S8');"
"INSERT INTO ballinfo VALUES ('2019-04-10', 2019041004, '西武', '楽天', '武隈 祥太', '左', '西武', 'ウィーラー', '右', '楽天', 1, 1, 5, 3, 1, 0, 0, 140, 'ストレート', 15.5, 56.8, 'ボール', 3, 1, 11, 'B8');"
"INSERT INTO ballinfo VALUES ('2019-04-10', 2019041004, '西武', '楽天', '武隈 祥太', '左', '西武', 'ウィーラー', '右', '楽天', 1, 1, 5, 3, 2, 1, 0, 140, 'ストレート', 35.5, 75.6, '見逃し', 4, 2, 17, 'S7');"
"INSERT INTO ballinfo VALUES ('2019-04-10', 2019041004, '西武', '楽天', '武隈 祥太', '左', '西武', 'ウィーラー', '右', '楽天', 1, 1, 5, 3, 3, 1, 1, 128, 'スライダー', 35.5, 34.0, '左飛', 2, 2, 7, 'S1');"
"INSERT INTO ballinfo VALUES ('2019-04-10', 2019041004, '西武', '楽天', '福井 優也', '右', '楽天', '金子 侑司', '左', '西武', 1, 2, 1, 1, 1, 0, 0, 140, 'シュート', 17.0, 35.2, 'ボール', 2, 1, 6, 'B6');"
"INSERT INTO ballinfo VALUES ('2019-04-10', 2019041004, '西武', '楽天', '福井 優也', '右', '楽天', '金子 侑司', '左', '西武', 1, 2, 1, 1, 2, 1, 0, 142, 'シュート', 37.5, 56.4, 'ファウル', 3, 2, 12, 'S4');"
"INSERT INTO ballinfo VALUES ('2019-04-10', 2019041004, '西武', '楽天', '福井 優也', '右', '楽天', '金子 侑司', '左', '西武', 1, 2, 1, 1, 3, 1, 1, 112, 'カーブ', 27.5, 57.2, 'ファウル', 3, 2, 12, 'S4');"
"INSERT INTO ballinfo VALUES ('2019-04-10', 2019041004, '西武', '楽天', '福井 優也', '右', '楽天', '金子 侑司', '左', '西武', 1, 2, 1, 1, 4, 1, 2, 134, 'フォーク', 46.0, 64.4, '二ゴロ', 4, 3, 18, 'S8');"
"INSERT INTO ballinfo VALUES ('2019-04-10', 2019041004, '西武', '楽天', '福井 優也', '右', '楽天', '源田 壮亮', '左', '西武', 1, 2, 2, 2, 1, 0, 0, 142, 'ストレート', 35.5, 36.4, '見逃し', 2, 2, 7, 'S1');"
"INSERT INTO ballinfo VALUES ('2019-04-10', 2019041004, '西武', '楽天', '福井 優也', '右', '楽天', '源田 壮亮', '左', '西武', 1, 2, 2, 2, 2, 0, 1, 135, 'フォーク', 86.5, 85.2, 'ボール', 5, 5, 25, 'B19');"
"INSERT INTO ballinfo VALUES ('2019-04-10', 2019041004, '西武', '楽天', '福井 優也', '右', '楽天', '源田 壮亮', '左', '西武', 1, 2, 2, 2, 3, 1, 1, 139, 'シュート', 36.0, 75.6, '二ゴロ', 4, 2, 17, 'S7');"
"INSERT INTO ballinfo VALUES ('2019-04-10', 2019041004, '西武', '楽天', '福井 優也', '右', '楽天', '秋山 翔吾', '左', '西武', 1, 2, 3, 3, 1, 0, 0, 138, 'ストレート', 55.5, 75.2, '見逃し', 4, 3, 18, 'S8');"
"INSERT INTO ballinfo VALUES ('2019-04-10', 2019041004, '西武', '楽天', '福井 優也', '右', '楽天', '秋山 翔吾', '左', '西武', 1, 2, 3, 3, 2, 0, 1, 143, 'ストレート', 88.5, 84.4, 'ボール', 5, 5, 25, 'B19');"
"INSERT INTO ballinfo VALUES ('2019-04-10', 2019041004, '西武', '楽天', '福井 優也', '右', '楽天', '秋山 翔吾', '左', '西武', 1, 2, 3, 3, 3, 1, 1, 140, 'シュート', 32.0, 53.2, '遊直', 3, 2, 12, 'S4');"
"INSERT INTO ballinfo VALUES ('2019-04-10', 2019041004, '西武', '楽天', '武隈 祥太', '左', '西武', '銀次', '左', '楽天', 2, 1, 1, 1, 1, 0, 0, 131, 'スライダー', 56.5, 55.6, '見逃し', 3, 3, 13, 'S5');"
"INSERT INTO ballinfo VALUES ('2019-04-10', 2019041004, '西武', '楽天', '武隈 祥太', '左', '西武', '銀次', '左', '楽天', 2, 1, 1, 1, 2, 0, 1, 0, 'ストレート', 54.0, 75.6, '見逃し', 4, 3, 18, 'S8');"
"INSERT INTO ballinfo VALUES ('2019-04-10', 2019041004, '西武', '楽天', '武隈 祥太', '左', '西武', '銀次', '左', '楽天', 2, 1, 1, 1, 3, 0, 2, 123, 'チェンジアップ', 75.5, 55.6, '遊ゴロ', 3, 4, 14, 'S6');"
"INSERT INTO ballinfo VALUES ('2019-04-10', 2019041004, '西武', '楽天', '武隈 祥太', '左', '西武', 'ブラッシュ', '右', '楽天', 2, 1, 2, 1, 1, 0, 0, 101, 'カーブ', 54.5, 77.2, '見逃し', 4, 3, 18, 'S8');"
"INSERT INTO ballinfo VALUES ('2019-04-10', 2019041004, '西武', '楽天', '武隈 祥太', '左', '西武', 'ブラッシュ', '右', '楽天', 2, 1, 2, 1, 2, 0, 1, 120, 'スライダー', 57.5, 55.2, '三失', 3, 3, 13, 'S5');"
"INSERT INTO ballinfo VALUES ('2019-04-10', 2019041004, '西武', '楽天', '武隈 祥太', '左', '西武', '嶋 基宏', '右', '楽天', 2, 1, 3, 1, 1, 0, 0, 119, 'チェンジアップ', 73.0, 16.4, 'ボール', 1, 4, 4, 'B4');"
"INSERT INTO ballinfo VALUES ('2019-04-10', 2019041004, '西武', '楽天', '武隈 祥太', '左', '西武', '嶋 基宏', '右', '楽天', 2, 1, 3, 1, 2, 1, 0, 125, 'スライダー', 36.5, 56.0, '見逃し', 3, 2, 12, 'S4');"
"INSERT INTO ballinfo VALUES ('2019-04-10', 2019041004, '西武', '楽天', '武隈 祥太', '左', '西武', '嶋 基宏', '右', '楽天', 2, 1, 3, 1, 3, 1, 1, 122, 'スライダー', 74.0, 9.6, 'ボール', 1, 4, 4, 'B4');"
"INSERT INTO ballinfo VALUES ('2019-04-10', 2019041004, '西武', '楽天', '武隈 祥太', '左', '西武', '嶋 基宏', '右', '楽天', 2, 1, 3, 1, 4, 2, 1, 0, 'ストレート', 34.0, 86.0, 'ファウル', 5, 2, 22, 'B16');"
"INSERT INTO ballinfo VALUES ('2019-04-10', 2019041004, '西武', '楽天', '武隈 祥太', '左', '西武', '嶋 基宏', '右', '楽天', 2, 1, 3, 1, 5, 2, 2, 139, 'ストレート', 15.5, 36.4, 'ボール', 2, 1, 6, 'B6');"
"INSERT INTO ballinfo VALUES ('2019-04-10', 2019041004, '西武', '楽天', '武隈 祥太', '左', '西武', '嶋 基宏', '右', '楽天', 2, 1, 3, 1, 6, 3, 2, 138, 'ストレート', 34.5, 35.6, 'ファウル', 2, 2, 7, 'S1');"
"INSERT INTO ballinfo VALUES ('2019-04-10', 2019041004, '西武', '楽天', '武隈 祥太', '左', '西武', '嶋 基宏', '右', '楽天', 2, 1, 3, 1, 7, 3, 3, 125, 'チェンジアップ', 55.5, 34.4, 'ファウル', 2, 3, 8, 'S2');"
"INSERT INTO ballinfo VALUES ('2019-04-10', 2019041004, '西武', '楽天', '武隈 祥太', '左', '西武', '嶋 基宏', '右', '楽天', 2, 1, 3, 1, 8, 3, 4, 135, 'ストレート', 54.0, 16.8, 'ファウル', 1, 3, 3, 'B3');"
"INSERT INTO ballinfo VALUES ('2019-04-10', 2019041004, '西武', '楽天', '武隈 祥太', '左', '西武', '嶋 基宏', '右', '楽天', 2, 1, 3, 1, 9, 3, 5, 137, 'ストレート', 55.0, 76.4, '左安', 4, 3, 18, 'S8');"
"INSERT INTO ballinfo VALUES ('2019-04-10', 2019041004, '西武', '楽天', '武隈 祥太', '左', '西武', 'オコエ 瑠偉', '右', '楽天', 2, 1, 4, 3, 1, 0, 0, 105, 'カーブ', 34.0, 85.2, 'ボール', 5, 2, 22, 'B16');"
"INSERT INTO ballinfo VALUES ('2019-04-10', 2019041004, '西武', '楽天', '武隈 祥太', '左', '西武', 'オコエ 瑠偉', '右', '楽天', 2, 1, 4, 3, 2, 1, 0, 0, 'ストレート', 71.5, 54.8, '投併打', 3, 4, 14, 'S6');"
"INSERT INTO ballinfo VALUES ('2019-04-10', 2019041004, '西武', '楽天', '福井 優也', '右', '楽天', '山川 穂高', '右', '西武', 2, 2, 1, 0, 1, 0, 0, 140, 'ストレート', 89.0, 56.0, 'ボール', 3, 5, 15, 'B9');"
"INSERT INTO ballinfo VALUES ('2019-04-10', 2019041004, '西武', '楽天', '福井 優也', '右', '楽天', '山川 穂高', '右', '西武', 2, 2, 1, 0, 2, 1, 0, 132, 'フォーク', 49.0, 83.6, 'ボール', 5, 3, 23, 'B17');"
"INSERT INTO ballinfo VALUES ('2019-04-10', 2019041004, '西武', '楽天', '福井 優也', '右', '楽天', '山川 穂高', '右', '西武', 2, 2, 1, 0, 3, 2, 0, 133, 'フォーク', 64.5, 84.0, 'ボール', 5, 4, 24, 'B18');"
"INSERT INTO ballinfo VALUES ('2019-04-10', 2019041004, '西武', '楽天', '福井 優也', '右', '楽天', '山川 穂高', '右', '西武', 2, 2, 1, 0, 4, 3, 0, 135, 'ストレート', 76.0, 75.6, '見逃し', 4, 4, 19, 'S9');"
"INSERT INTO ballinfo VALUES ('2019-04-10', 2019041004, '西武', '楽天', '福井 優也', '右', '楽天', '山川 穂高', '右', '西武', 2, 2, 1, 0, 5, 3, 1, 142, 'シュート', 17.0, 55.6, '四球', 3, 1, 11, 'B8');"
"INSERT INTO ballinfo VALUES ('2019-04-10', 2019041004, '西武', '楽天', '福井 優也', '右', '楽天', '森 友哉', '左', '西武', 2, 2, 2, 1, 1, 0, 0, 139, 'ストレート', 53.5, 84.8, 'ボール', 5, 3, 23, 'B17');"
"INSERT INTO ballinfo VALUES ('2019-04-10', 2019041004, '西武', '楽天', '福井 優也', '右', '楽天', '森 友哉', '左', '西武', 2, 2, 2, 1, 2, 1, 0, 131, 'スライダー', 76.5, 55.6, 'ファウル', 3, 4, 14, 'S6');"
"INSERT INTO ballinfo VALUES ('2019-04-10', 2019041004, '西武', '楽天', '福井 優也', '右', '楽天', '森 友哉', '左', '西武', 2, 2, 2, 1, 3, 1, 1, 134, 'スライダー', 55.0, 36.8, 'ファウル', 2, 3, 8, 'S2');"
"INSERT INTO ballinfo VALUES ('2019-04-10', 2019041004, '西武', '楽天', '福井 優也', '右', '楽天', '森 友哉', '左', '西武', 2, 2, 2, 1, 4, 1, 2, 140, 'シュート', 17.5, 77.2, 'ファウル', 4, 1, 16, 'B10');"
"INSERT INTO ballinfo VALUES ('2019-04-10', 2019041004, '西武', '楽天', '福井 優也', '右', '楽天', '森 友哉', '左', '西武', 2, 2, 2, 1, 5, 1, 3, 134, 'フォーク', 72.0, 84.0, '二ゴロ', 5, 4, 24, 'B18');"
"INSERT INTO ballinfo VALUES ('2019-04-10', 2019041004, '西武', '楽天', '福井 優也', '右', '楽天', '外崎 修汰', '右', '西武', 2, 2, 3, 1, 1, 0, 0, 141, 'ストレート', 76.0, 64.8, '見逃し', 4, 4, 19, 'S9');"
"INSERT INTO ballinfo VALUES ('2019-04-10', 2019041004, '西武', '楽天', '福井 優也', '右', '楽天', '外崎 修汰', '右', '西武', 2, 2, 3, 1, 2, 0, 1, 134, 'フォーク', 35.0, 76.0, '空振り', 4, 2, 17, 'S7');"
"INSERT INTO ballinfo VALUES ('2019-04-10', 2019041004, '西武', '楽天', '福井 優也', '右', '楽天', '外崎 修汰', '右', '西武', 2, 2, 3, 1, 3, 0, 2, 131, 'フォーク', 34.5, 85.2, 'ボール', 5, 2, 22, 'B16');"
"INSERT INTO ballinfo VALUES ('2019-04-10', 2019041004, '西武', '楽天', '福井 優也', '右', '楽天', '外崎 修汰', '右', '西武', 2, 2, 3, 1, 4, 1, 2, 131, 'スライダー', 16.0, 65.6, 'ボール', 4, 1, 16, 'B10');"
"INSERT INTO ballinfo VALUES ('2019-04-10', 2019041004, '西武', '楽天', '福井 優也', '右', '楽天', '外崎 修汰', '右', '西武', 2, 2, 3, 1, 5, 2, 2, 141, 'ストレート', 13.5, 15.6, 'ボール', 1, 1, 1, 'B1');"
"INSERT INTO ballinfo VALUES ('2019-04-10', 2019041004, '西武', '楽天', '福井 優也', '右', '楽天', '外崎 修汰', '右', '西武', 2, 2, 3, 1, 6, 3, 2, 130, 'フォーク', 74.5, 84.8, '四球', 5, 4, 24, 'B18');"
"INSERT INTO ballinfo VALUES ('2019-04-10', 2019041004, '西武', '楽天', '福井 優也', '右', '楽天', '栗山 巧', '左', '西武', 2, 2, 4, 3, 1, 0, 0, 112, 'カーブ', 76.0, 84.0, 'ボール', 5, 4, 24, 'B18');"
"INSERT INTO ballinfo VALUES ('2019-04-10', 2019041004, '西武', '楽天', '福井 優也', '右', '楽天', '栗山 巧', '左', '西武', 2, 2, 4, 3, 2, 1, 0, 133, 'スライダー', 35.0, 36.4, '見逃し', 2, 2, 7, 'S1');"
"INSERT INTO ballinfo VALUES ('2019-04-10', 2019041004, '西武', '楽天', '福井 優也', '右', '楽天', '栗山 巧', '左', '西武', 2, 2, 4, 3, 3, 1, 1, 141, 'ストレート', 13.0, 16.8, 'ボール', 1, 1, 1, 'B1');"
"INSERT INTO ballinfo VALUES ('2019-04-10', 2019041004, '西武', '楽天', '福井 優也', '右', '楽天', '栗山 巧', '左', '西武', 2, 2, 4, 3, 4, 2, 1, 142, 'ストレート', 34.0, 29.6, '遊併打', 2, 2, 7, 'S1');"
"INSERT INTO ballinfo VALUES ('2019-04-10', 2019041004, '西武', '楽天', '武隈 祥太', '左', '西武', '田中 和基', '右', '楽天', 3, 1, 1, 1, 1, 0, 0, 122, 'チェンジアップ', 75.0, 85.2, 'ボール', 5, 4, 24, 'B18');"
"INSERT INTO ballinfo VALUES ('2019-04-10', 2019041004, '西武', '楽天', '武隈 祥太', '左', '西武', '田中 和基', '右', '楽天', 3, 1, 1, 1, 2, 1, 0, 137, 'ストレート', 55.0, 56.4, 'ファウル', 3, 3, 13, 'S5');"
"INSERT INTO ballinfo VALUES ('2019-04-10', 2019041004, '西武', '楽天', '武隈 祥太', '左', '西武', '田中 和基', '右', '楽天', 3, 1, 1, 1, 3, 1, 1, 133, 'ストレート', 54.5, 33.2, '投ゴロ', 2, 3, 8, 'S2');"
"INSERT INTO ballinfo VALUES ('2019-04-10', 2019041004, '西武', '楽天', '武隈 祥太', '左', '西武', '茂木 栄五郎', '左', '楽天', 3, 1, 2, 1, 1, 0, 0, 107, 'カーブ', 14.0, 87.2, 'ボール', 5, 1, 21, 'B15');"
"INSERT INTO ballinfo VALUES ('2019-04-10', 2019041004, '西武', '楽天', '武隈 祥太', '左', '西武', '茂木 栄五郎', '左', '楽天', 3, 1, 2, 1, 2, 1, 0, 90, 'カーブ', 36.0, 77.2, '見逃し', 4, 2, 17, 'S7');"
"INSERT INTO ballinfo VALUES ('2019-04-10', 2019041004, '西武', '楽天', '武隈 祥太', '左', '西武', '茂木 栄五郎', '左', '楽天', 3, 1, 2, 1, 3, 1, 1, 0, 'スライダー', 54.5, 55.6, '右２', 3, 3, 13, 'S5');"
"INSERT INTO ballinfo VALUES ('2019-04-10', 2019041004, '西武', '楽天', '武隈 祥太', '左', '西武', '浅村 栄斗', '右', '楽天', 3, 1, 3, 2, 1, 0, 0, 136, 'ストレート', 56.0, 56.0, '空振り', 3, 3, 13, 'S5');"
"INSERT INTO ballinfo VALUES ('2019-04-10', 2019041004, '西武', '楽天', '武隈 祥太', '左', '西武', '浅村 栄斗', '右', '楽天', 3, 1, 3, 2, 2, 0, 1, 136, 'ストレート', 88.0, 44.8, 'ボール', 3, 5, 15, 'B9');"
"INSERT INTO ballinfo VALUES ('2019-04-10', 2019041004, '西武', '楽天', '武隈 祥太', '左', '西武', '浅村 栄斗', '右', '楽天', 3, 1, 3, 2, 3, 1, 1, 125, 'スライダー', 16.5, 56.0, 'ボール', 3, 1, 11, 'B8');"
"INSERT INTO ballinfo VALUES ('2019-04-10', 2019041004, '西武', '楽天', '武隈 祥太', '左', '西武', '浅村 栄斗', '右', '楽天', 3, 1, 3, 2, 4, 2, 1, 137, 'ストレート', 33.0, 16.0, '捕邪飛', 1, 2, 2, 'B2');"
"INSERT INTO ballinfo VALUES ('2019-04-10', 2019041004, '西武', '楽天', '武隈 祥太', '左', '西武', '島内 宏明', '左', '楽天', 3, 1, 4, 2, 1, 0, 0, 136, 'ストレート', 35.5, 76.4, '見逃し', 4, 2, 17, 'S7');"
"INSERT INTO ballinfo VALUES ('2019-04-10', 2019041004, '西武', '楽天', '武隈 祥太', '左', '西武', '島内 宏明', '左', '楽天', 3, 1, 4, 2, 2, 0, 1, 135, 'ストレート', 76.0, 56.0, '見逃し', 3, 4, 14, 'S6');"
"INSERT INTO ballinfo VALUES ('2019-04-10', 2019041004, '西武', '楽天', '武隈 祥太', '左', '西武', '島内 宏明', '左', '楽天', 3, 1, 4, 2, 3, 0, 2, 127, 'スライダー', 16.5, 75.6, 'ボール', 4, 1, 16, 'B10');"
"INSERT INTO ballinfo VALUES ('2019-04-10', 2019041004, '西武', '楽天', '武隈 祥太', '左', '西武', '島内 宏明', '左', '楽天', 3, 1, 4, 2, 4, 1, 2, 111, 'カーブ', 15.0, 86.0, 'ボール', 5, 1, 21, 'B15');"
"INSERT INTO ballinfo VALUES ('2019-04-10', 2019041004, '西武', '楽天', '武隈 祥太', '左', '西武', '島内 宏明', '左', '楽天', 3, 1, 4, 2, 5, 2, 2, 123, 'スライダー', 33.5, 15.6, 'ボール', 1, 2, 2, 'B2');"
"INSERT INTO ballinfo VALUES ('2019-04-10', 2019041004, '西武', '楽天', '武隈 祥太', '左', '西武', '島内 宏明', '左', '楽天', 3, 1, 4, 2, 6, 3, 2, 136, 'ストレート', 35.0, 84.8, '四球', 5, 2, 22, 'B16');"
"INSERT INTO ballinfo VALUES ('2019-04-10', 2019041004, '西武', '楽天', '武隈 祥太', '左', '西武', 'ウィーラー', '右', '楽天', 3, 1, 5, 2, 1, 0, 0, 139, 'ストレート', 89.0, 16.0, 'ボール', 1, 5, 5, 'B5');"
"INSERT INTO ballinfo VALUES ('2019-04-10', 2019041004, '西武', '楽天', '武隈 祥太', '左', '西武', 'ウィーラー', '右', '楽天', 3, 1, 5, 2, 2, 1, 0, 110, 'カーブ', 36.5, 65.6, '見逃し', 4, 2, 17, 'S7');"
"INSERT INTO ballinfo VALUES ('2019-04-10', 2019041004, '西武', '楽天', '武隈 祥太', '左', '西武', 'ウィーラー', '右', '楽天', 3, 1, 5, 2, 3, 1, 1, 139, 'ストレート', 15.5, 77.2, 'ボール', 4, 1, 16, 'B10');"
"INSERT INTO ballinfo VALUES ('2019-04-10', 2019041004, '西武', '楽天', '武隈 祥太', '左', '西武', 'ウィーラー', '右', '楽天', 3, 1, 5, 2, 4, 2, 1, 140, 'ストレート', 15.5, 36.0, 'ボール', 2, 1, 6, 'B6');"
"INSERT INTO ballinfo VALUES ('2019-04-10', 2019041004, '西武', '楽天', '武隈 祥太', '左', '西武', 'ウィーラー', '右', '楽天', 3, 1, 5, 2, 5, 3, 1, 109, 'カーブ', 54.5, 74.8, '左安', 4, 3, 18, 'S8');"
"INSERT INTO ballinfo VALUES ('2019-04-10', 2019041004, '西武', '楽天', '武隈 祥太', '左', '西武', '銀次', '左', '楽天', 3, 1, 6, 3, 1, 0, 0, 126, 'スライダー', 55.5, 17.2, 'ボール', 1, 3, 3, 'B3');"
"INSERT INTO ballinfo VALUES ('2019-04-10', 2019041004, '西武', '楽天', '武隈 祥太', '左', '西武', '銀次', '左', '楽天', 3, 1, 6, 3, 2, 1, 0, 121, 'スライダー', 90.0, 33.2, 'ボール', 2, 5, 10, 'B7');"
"INSERT INTO ballinfo VALUES ('2019-04-10', 2019041004, '西武', '楽天', '武隈 祥太', '左', '西武', '銀次', '左', '楽天', 3, 1, 6, 3, 3, 2, 0, 127, 'スライダー', 29.0, 85.2, 'ボール', 5, 2, 22, 'B16');"
"INSERT INTO ballinfo VALUES ('2019-04-10', 2019041004, '西武', '楽天', '武隈 祥太', '左', '西武', '銀次', '左', '楽天', 3, 1, 6, 3, 4, 3, 0, 138, 'ストレート', 34.5, 56.4, '見逃し', 3, 2, 12, 'S4');"
"INSERT INTO ballinfo VALUES ('2019-04-10', 2019041004, '西武', '楽天', '武隈 祥太', '左', '西武', '銀次', '左', '楽天', 3, 1, 6, 3, 5, 3, 1, 126, 'スライダー', 35.0, 49.6, '見逃し', 3, 2, 12, 'S4');"
"INSERT INTO ballinfo VALUES ('2019-04-10', 2019041004, '西武', '楽天', '武隈 祥太', '左', '西武', '銀次', '左', '楽天', 3, 1, 6, 3, 6, 3, 2, 138, 'ストレート', 34.5, 15.6, '空三振', 1, 2, 2, 'B2');"
"INSERT INTO ballinfo VALUES ('2019-04-10', 2019041004, '西武', '楽天', '福井 優也', '右', '楽天', '木村 文紀', '右', '西武', 3, 2, 1, 0, 1, 0, 0, 0, 'ストレート', 75.5, 55.6, '見逃し', 3, 4, 14, 'S6');"
"INSERT INTO ballinfo VALUES ('2019-04-10', 2019041004, '西武', '楽天', '福井 優也', '右', '楽天', '木村 文紀', '右', '西武', 3, 2, 1, 0, 2, 0, 1, 140, 'ストレート', 66.5, 55.6, '見逃し', 3, 4, 14, 'S6');"
"INSERT INTO ballinfo VALUES ('2019-04-10', 2019041004, '西武', '楽天', '福井 優也', '右', '楽天', '木村 文紀', '右', '西武', 3, 2, 1, 0, 3, 0, 2, 132, 'フォーク', 53.5, 56.4, 'ファウル', 3, 3, 13, 'S5');"
"INSERT INTO ballinfo VALUES ('2019-04-10', 2019041004, '西武', '楽天', '福井 優也', '右', '楽天', '木村 文紀', '右', '西武', 3, 2, 1, 0, 4, 0, 3, 0, 'フォーク', 54.0, 65.2, '中安', 4, 3, 18, 'S8');"
"INSERT INTO ballinfo VALUES ('2019-04-10', 2019041004, '西武', '楽天', '福井 優也', '右', '楽天', '水口 大地', '左', '西武', 3, 2, 2, 1, 1, 0, 0, 142, 'ストレート', 35.5, 73.6, '見逃し', 4, 2, 17, 'S7');"
"INSERT INTO ballinfo VALUES ('2019-04-10', 2019041004, '西武', '楽天', '福井 優也', '右', '楽天', '水口 大地', '左', '西武', 3, 2, 2, 1, 2, 0, 1, 140, 'シュート', 47.5, 55.6, 'ファウル', 3, 3, 13, 'S5');"
"INSERT INTO ballinfo VALUES ('2019-04-10', 2019041004, '西武', '楽天', '福井 優也', '右', '楽天', '水口 大地', '左', '西武', 3, 2, 2, 1, 3, 0, 2, 139, 'シュート', 36.0, 64.4, '左飛', 4, 2, 17, 'S7');"
"INSERT INTO ballinfo VALUES ('2019-04-10', 2019041004, '西武', '楽天', '福井 優也', '右', '楽天', '金子 侑司', '左', '西武', 3, 2, 3, 1, 1, 0, 0, 132, 'フォーク', 86.0, 84.8, 'ボール', 5, 5, 25, 'B19');"
"INSERT INTO ballinfo VALUES ('2019-04-10', 2019041004, '西武', '楽天', '福井 優也', '右', '楽天', '金子 侑司', '左', '西武', 3, 2, 3, 1, 2, 1, 0, 0, 'シュート', 37.5, 84.8, 'ボール', 5, 2, 22, 'B16');"
"INSERT INTO ballinfo VALUES ('2019-04-10', 2019041004, '西武', '楽天', '福井 優也', '右', '楽天', '金子 侑司', '左', '西武', 3, 2, 3, 1, 3, 2, 0, 137, 'ストレート', 33.5, 73.6, '一安', 4, 2, 17, 'S7');"
"INSERT INTO ballinfo VALUES ('2019-04-10', 2019041004, '西武', '楽天', '福井 優也', '右', '楽天', '源田 壮亮', '左', '西武', 3, 2, 4, 1, 1, 0, 0, 133, 'スライダー', 33.0, 16.4, 'ボール', 1, 2, 2, 'B2');"
"INSERT INTO ballinfo VALUES ('2019-04-10', 2019041004, '西武', '楽天', '福井 優也', '右', '楽天', '源田 壮亮', '左', '西武', 3, 2, 4, 1, 2, 1, 0, 135, 'シュート', 74.5, 85.2, 'ボール', 5, 4, 24, 'B18');"
"INSERT INTO ballinfo VALUES ('2019-04-10', 2019041004, '西武', '楽天', '福井 優也', '右', '楽天', '源田 壮亮', '左', '西武', 3, 2, 4, 1, 3, 2, 0, 131, 'フォーク', 36.5, 55.6, '見逃し', 3, 2, 12, 'S4');"
"INSERT INTO ballinfo VALUES ('2019-04-10', 2019041004, '西武', '楽天', '福井 優也', '右', '楽天', '源田 壮亮', '左', '西武', 3, 2, 4, 1, 4, 2, 1, 0, 'フォーク', 34.0, 75.6, '投安', 4, 2, 17, 'S7');"
"INSERT INTO ballinfo VALUES ('2019-04-10', 2019041004, '西武', '楽天', '福井 優也', '右', '楽天', '秋山 翔吾', '左', '西武', 3, 2, 5, 2, 1, 0, 0, 131, 'フォーク', 51.5, 54.4, '二ゴロ', 3, 3, 13, 'S5');"
"INSERT INTO ballinfo VALUES ('2019-04-10', 2019041004, '西武', '楽天', '福井 優也', '右', '楽天', '山川 穂高', '右', '西武', 3, 2, 6, 2, 1, 0, 0, 132, 'フォーク', 35.0, 84.4, 'ファウル', 5, 2, 22, 'B16');"
"INSERT INTO ballinfo VALUES ('2019-04-10', 2019041004, '西武', '楽天', '福井 優也', '右', '楽天', '山川 穂高', '右', '西武', 3, 2, 6, 2, 2, 0, 1, 126, 'スライダー', 53.5, 73.6, 'ファウル', 4, 3, 18, 'S8');"
"INSERT INTO ballinfo VALUES ('2019-04-10', 2019041004, '西武', '楽天', '福井 優也', '右', '楽天', '山川 穂高', '右', '西武', 3, 2, 6, 2, 3, 0, 2, 129, 'フォーク', 26.5, 84.4, 'ファウル', 5, 2, 22, 'B16');"
"INSERT INTO ballinfo VALUES ('2019-04-10', 2019041004, '西武', '楽天', '福井 優也', '右', '楽天', '山川 穂高', '右', '西武', 3, 2, 6, 2, 4, 0, 3, 140, 'ストレート', 88.0, 15.6, 'ボール', 1, 5, 5, 'B5');"
"INSERT INTO ballinfo VALUES ('2019-04-10', 2019041004, '西武', '楽天', '福井 優也', '右', '楽天', '山川 穂高', '右', '西武', 3, 2, 6, 2, 5, 1, 3, 134, 'フォーク', 86.5, 86.0, 'ボール', 5, 5, 25, 'B19');"
"INSERT INTO ballinfo VALUES ('2019-04-10', 2019041004, '西武', '楽天', '福井 優也', '右', '楽天', '山川 穂高', '右', '西武', 3, 2, 6, 2, 6, 2, 3, 128, 'フォーク', 25.5, 90.4, 'ボール', 5, 2, 22, 'B16');"
"INSERT INTO ballinfo VALUES ('2019-04-10', 2019041004, '西武', '楽天', '福井 優也', '右', '楽天', '山川 穂高', '右', '西武', 3, 2, 6, 2, 7, 3, 3, 0, 'ストレート', 53.5, 85.6, '四球', 5, 3, 23, 'B17');"
"INSERT INTO ballinfo VALUES ('2019-04-10', 2019041004, '西武', '楽天', '福井 優也', '右', '楽天', '森 友哉', '左', '西武', 3, 2, 7, 3, 1, 0, 0, 112, 'カーブ', 16.5, 57.6, 'ボール', 3, 1, 11, 'B8');"
"INSERT INTO ballinfo VALUES ('2019-04-10', 2019041004, '西武', '楽天', '福井 優也', '右', '楽天', '森 友哉', '左', '西武', 3, 2, 7, 3, 2, 1, 0, 133, 'フォーク', 54.5, 83.6, 'ボール', 5, 3, 23, 'B17');"
"INSERT INTO ballinfo VALUES ('2019-04-10', 2019041004, '西武', '楽天', '福井 優也', '右', '楽天', '森 友哉', '左', '西武', 3, 2, 7, 3, 3, 2, 0, 126, 'スライダー', 36.5, 76.8, '見逃し', 4, 2, 17, 'S7');"
"INSERT INTO ballinfo VALUES ('2019-04-10', 2019041004, '西武', '楽天', '福井 優也', '右', '楽天', '森 友哉', '左', '西武', 3, 2, 7, 3, 4, 2, 1, 125, 'スライダー', 36.5, 55.6, 'ファウル', 3, 2, 12, 'S4');"
"INSERT INTO ballinfo VALUES ('2019-04-10', 2019041004, '西武', '楽天', '福井 優也', '右', '楽天', '森 友哉', '左', '西武', 3, 2, 7, 3, 5, 2, 2, 144, 'ストレート', 69.5, 84.0, 'ボール', 5, 4, 24, 'B18');"
"INSERT INTO ballinfo VALUES ('2019-04-10', 2019041004, '西武', '楽天', '福井 優也', '右', '楽天', '森 友哉', '左', '西武', 3, 2, 7, 3, 6, 3, 2, 134, 'フォーク', 34.0, 85.2, '中飛', 5, 2, 22, 'B16');"
"INSERT INTO ballinfo VALUES ('2019-04-10', 2019041004, '西武', '楽天', '武隈 祥太', '左', '西武', 'ブラッシュ', '右', '楽天', 4, 1, 1, 1, 1, 0, 0, 125, 'スライダー', 89.0, 34.8, 'ボール', 2, 5, 10, 'B7');"
"INSERT INTO ballinfo VALUES ('2019-04-10', 2019041004, '西武', '楽天', '武隈 祥太', '左', '西武', 'ブラッシュ', '右', '楽天', 4, 1, 1, 1, 2, 1, 0, 122, 'スライダー', 50.0, 72.8, '三直', 4, 3, 18, 'S8');"
"INSERT INTO ballinfo VALUES ('2019-04-10', 2019041004, '西武', '楽天', '武隈 祥太', '左', '西武', '嶋 基宏', '右', '楽天', 4, 1, 2, 2, 1, 0, 0, 134, 'ストレート', 54.0, 84.8, 'ボール', 5, 3, 23, 'B17');"
"INSERT INTO ballinfo VALUES ('2019-04-10', 2019041004, '西武', '楽天', '武隈 祥太', '左', '西武', '嶋 基宏', '右', '楽天', 4, 1, 2, 2, 2, 1, 0, 135, 'ストレート', 34.5, 75.6, '見逃し', 4, 2, 17, 'S7');"
"INSERT INTO ballinfo VALUES ('2019-04-10', 2019041004, '西武', '楽天', '武隈 祥太', '左', '西武', '嶋 基宏', '右', '楽天', 4, 1, 2, 2, 3, 1, 1, 136, 'ストレート', 74.5, 16.4, 'ボール', 1, 4, 4, 'B4');"
"INSERT INTO ballinfo VALUES ('2019-04-10', 2019041004, '西武', '楽天', '武隈 祥太', '左', '西武', '嶋 基宏', '右', '楽天', 4, 1, 2, 2, 4, 2, 1, 131, 'ストレート', 35.0, 35.6, 'ファウル', 2, 2, 7, 'S1');"
"INSERT INTO ballinfo VALUES ('2019-04-10', 2019041004, '西武', '楽天', '武隈 祥太', '左', '西武', '嶋 基宏', '右', '楽天', 4, 1, 2, 2, 5, 2, 2, 139, 'ストレート', 89.5, 15.6, 'ボール', 1, 5, 5, 'B5');"
"INSERT INTO ballinfo VALUES ('2019-04-10', 2019041004, '西武', '楽天', '武隈 祥太', '左', '西武', '嶋 基宏', '右', '楽天', 4, 1, 2, 2, 6, 3, 2, 138, 'ストレート', 55.5, 33.2, '右飛', 2, 3, 8, 'S2');"
"INSERT INTO ballinfo VALUES ('2019-04-10', 2019041004, '西武', '楽天', '武隈 祥太', '左', '西武', 'オコエ 瑠偉', '右', '楽天', 4, 1, 3, 3, 1, 0, 0, 140, 'ストレート', 36.0, 56.0, '見逃し', 3, 2, 12, 'S4');"
"INSERT INTO ballinfo VALUES ('2019-04-10', 2019041004, '西武', '楽天', '武隈 祥太', '左', '西武', 'オコエ 瑠偉', '右', '楽天', 4, 1, 3, 3, 2, 0, 1, 125, 'チェンジアップ', 53.5, 85.2, 'ボール', 5, 3, 23, 'B17');"
"INSERT INTO ballinfo VALUES ('2019-04-10', 2019041004, '西武', '楽天', '武隈 祥太', '左', '西武', 'オコエ 瑠偉', '右', '楽天', 4, 1, 3, 3, 3, 1, 1, 127, 'スライダー', 31.5, 67.6, '三ゴロ', 4, 2, 17, 'S7');"
"INSERT INTO ballinfo VALUES ('2019-04-10', 2019041004, '西武', '楽天', '福井 優也', '右', '楽天', '外崎 修汰', '右', '西武', 4, 2, 1, 1, 1, 0, 0, 132, 'スライダー', 55.0, 17.2, 'ボール', 1, 3, 3, 'B3');"
"INSERT INTO ballinfo VALUES ('2019-04-10', 2019041004, '西武', '楽天', '福井 優也', '右', '楽天', '外崎 修汰', '右', '西武', 4, 2, 1, 1, 2, 1, 0, 131, 'スライダー', 75.0, 75.6, '見逃し', 4, 4, 19, 'S9');"
"INSERT INTO ballinfo VALUES ('2019-04-10', 2019041004, '西武', '楽天', '福井 優也', '右', '楽天', '外崎 修汰', '右', '西武', 4, 2, 1, 1, 3, 1, 1, 143, 'シュート', 31.5, 15.6, 'ボール', 1, 2, 2, 'B2');"
"INSERT INTO ballinfo VALUES ('2019-04-10', 2019041004, '西武', '楽天', '福井 優也', '右', '楽天', '外崎 修汰', '右', '西武', 4, 2, 1, 1, 4, 2, 1, 135, 'フォーク', 88.0, 74.8, 'ボール', 4, 5, 20, 'B11');"
"INSERT INTO ballinfo VALUES ('2019-04-10', 2019041004, '西武', '楽天', '福井 優也', '右', '楽天', '外崎 修汰', '右', '西武', 4, 2, 1, 1, 5, 3, 1, 144, 'ストレート', 35.5, 55.6, 'ファウル', 3, 2, 12, 'S4');"
"INSERT INTO ballinfo VALUES ('2019-04-10', 2019041004, '西武', '楽天', '福井 優也', '右', '楽天', '外崎 修汰', '右', '西武', 4, 2, 1, 1, 6, 3, 2, 142, 'ストレート', 69.0, 55.6, '見三振', 3, 4, 14, 'S6');"
"INSERT INTO ballinfo VALUES ('2019-04-10', 2019041004, '西武', '楽天', '福井 優也', '右', '楽天', '栗山 巧', '左', '西武', 4, 2, 2, 1, 1, 0, 0, 115, 'カーブ', 86.0, 86.0, 'ボール', 5, 5, 25, 'B19');"
"INSERT INTO ballinfo VALUES ('2019-04-10', 2019041004, '西武', '楽天', '福井 優也', '右', '楽天', '栗山 巧', '左', '西武', 4, 2, 2, 1, 2, 1, 0, 130, 'スライダー', 34.0, 17.2, 'ボール', 1, 2, 2, 'B2');"
"INSERT INTO ballinfo VALUES ('2019-04-10', 2019041004, '西武', '楽天', '福井 優也', '右', '楽天', '栗山 巧', '左', '西武', 4, 2, 2, 1, 3, 2, 0, 128, 'スライダー', 26.5, 17.2, 'ボール', 1, 2, 2, 'B2');"
"INSERT INTO ballinfo VALUES ('2019-04-10', 2019041004, '西武', '楽天', '福井 優也', '右', '楽天', '栗山 巧', '左', '西武', 4, 2, 2, 1, 4, 3, 0, 141, 'シュート', 30.5, 11.2, '四球', 1, 2, 2, 'B2');"
"INSERT INTO ballinfo VALUES ('2019-04-10', 2019041004, '西武', '楽天', '福井 優也', '右', '楽天', '木村 文紀', '右', '西武', 4, 2, 3, 3, 1, 0, 0, 141, 'シュート', 36.5, 35.6, 'ファウル', 2, 2, 7, 'S1');"
"INSERT INTO ballinfo VALUES ('2019-04-10', 2019041004, '西武', '楽天', '福井 優也', '右', '楽天', '木村 文紀', '右', '西武', 4, 2, 3, 3, 2, 0, 1, 138, 'ストレート', 89.0, 84.8, 'ボール', 5, 5, 25, 'B19');"
"INSERT INTO ballinfo VALUES ('2019-04-10', 2019041004, '西武', '楽天', '福井 優也', '右', '楽天', '木村 文紀', '右', '西武', 4, 2, 3, 3, 3, 1, 1, 136, 'フォーク', 76.5, 85.2, 'ボール', 5, 4, 24, 'B18');"
"INSERT INTO ballinfo VALUES ('2019-04-10', 2019041004, '西武', '楽天', '福井 優也', '右', '楽天', '木村 文紀', '右', '西武', 4, 2, 3, 3, 4, 2, 1, 132, 'スライダー', 88.5, 75.6, 'ボール', 4, 5, 20, 'B11');"
"INSERT INTO ballinfo VALUES ('2019-04-10', 2019041004, '西武', '楽天', '福井 優也', '右', '楽天', '木村 文紀', '右', '西武', 4, 2, 3, 3, 5, 3, 1, 142, 'シュート', 26.5, 55.2, 'ファウル', 3, 2, 12, 'S4');"
"INSERT INTO ballinfo VALUES ('2019-04-10', 2019041004, '西武', '楽天', '福井 優也', '右', '楽天', '木村 文紀', '右', '西武', 4, 2, 3, 3, 6, 3, 2, 133, 'フォーク', 56.0, 75.6, 'ファウル', 4, 3, 18, 'S8');"
"INSERT INTO ballinfo VALUES ('2019-04-10', 2019041004, '西武', '楽天', '福井 優也', '右', '楽天', '木村 文紀', '右', '西武', 4, 2, 3, 3, 7, 3, 3, 135, 'ストレート', 53.5, 34.0, '三ゴロ', 2, 3, 8, 'S2');"
"INSERT INTO ballinfo VALUES ('2019-04-10', 2019041004, '西武', '楽天', '武隈 祥太', '左', '西武', '田中 和基', '右', '楽天', 5, 1, 1, 0, 1, 0, 0, 136, 'ストレート', 34.5, 17.2, 'ボール', 1, 2, 2, 'B2');"
"INSERT INTO ballinfo VALUES ('2019-04-10', 2019041004, '西武', '楽天', '武隈 祥太', '左', '西武', '田中 和基', '右', '楽天', 5, 1, 1, 0, 2, 1, 0, 124, 'スライダー', 35.0, 84.0, 'ボール', 5, 2, 22, 'B16');"
"INSERT INTO ballinfo VALUES ('2019-04-10', 2019041004, '西武', '楽天', '武隈 祥太', '左', '西武', '田中 和基', '右', '楽天', 5, 1, 1, 0, 3, 2, 0, 137, 'ストレート', 26.5, 16.8, 'ボール', 1, 2, 2, 'B2');"
"INSERT INTO ballinfo VALUES ('2019-04-10', 2019041004, '西武', '楽天', '武隈 祥太', '左', '西武', '田中 和基', '右', '楽天', 5, 1, 1, 0, 4, 3, 0, 137, 'ストレート', 35.5, 65.2, '見逃し', 4, 2, 17, 'S7');"
"INSERT INTO ballinfo VALUES ('2019-04-10', 2019041004, '西武', '楽天', '武隈 祥太', '左', '西武', '田中 和基', '右', '楽天', 5, 1, 1, 0, 5, 3, 1, 126, 'チェンジアップ', 54.5, 85.6, '四球', 5, 3, 23, 'B17');"
"INSERT INTO ballinfo VALUES ('2019-04-10', 2019041004, '西武', '楽天', '武隈 祥太', '左', '西武', '茂木 栄五郎', '左', '楽天', 5, 1, 2, 0, 1, 0, 0, 135, 'ストレート', 35.5, 35.2, '空振り', 2, 2, 7, 'S1');"
"INSERT INTO ballinfo VALUES ('2019-04-10', 2019041004, '西武', '楽天', '武隈 祥太', '左', '西武', '茂木 栄五郎', '左', '楽天', 5, 1, 2, 0, 2, 0, 1, 123, 'スライダー', 16.5, 84.8, 'ボール', 5, 1, 21, 'B15');"
"INSERT INTO ballinfo VALUES ('2019-04-10', 2019041004, '西武', '楽天', '武隈 祥太', '左', '西武', '茂木 栄五郎', '左', '楽天', 5, 1, 2, 0, 3, 1, 1, 138, 'ストレート', 35.0, 17.2, 'ボール', 1, 2, 2, 'B2');"
"INSERT INTO ballinfo VALUES ('2019-04-10', 2019041004, '西武', '楽天', '武隈 祥太', '左', '西武', '茂木 栄五郎', '左', '楽天', 5, 1, 2, 0, 4, 2, 1, 125, 'スライダー', 36.5, 84.4, 'ボール', 5, 2, 22, 'B16');"
"INSERT INTO ballinfo VALUES ('2019-04-10', 2019041004, '西武', '楽天', '武隈 祥太', '左', '西武', '茂木 栄五郎', '左', '楽天', 5, 1, 2, 0, 5, 3, 1, 135, 'ストレート', 54.5, 16.0, '四球', 1, 3, 3, 'B3');"
"INSERT INTO ballinfo VALUES ('2019-04-10', 2019041004, '西武', '楽天', '武隈 祥太', '左', '西武', '浅村 栄斗', '右', '楽天', 5, 1, 3, 0, 1, 0, 0, 126, 'チェンジアップ', 55.0, 84.4, 'ボール', 5, 3, 23, 'B17');"
"INSERT INTO ballinfo VALUES ('2019-04-10', 2019041004, '西武', '楽天', '武隈 祥太', '左', '西武', '浅村 栄斗', '右', '楽天', 5, 1, 3, 0, 2, 1, 0, 137, 'ストレート', 16.5, 37.2, 'ボール', 2, 1, 6, 'B6');"
"INSERT INTO ballinfo VALUES ('2019-04-10', 2019041004, '西武', '楽天', '武隈 祥太', '左', '西武', '浅村 栄斗', '右', '楽天', 5, 1, 3, 0, 3, 2, 0, 134, 'ストレート', 15.0, 74.8, 'ボール', 4, 1, 16, 'B10');"
"INSERT INTO ballinfo VALUES ('2019-04-10', 2019041004, '西武', '楽天', '武隈 祥太', '左', '西武', '浅村 栄斗', '右', '楽天', 5, 1, 3, 0, 4, 3, 0, 138, 'ストレート', 55.5, 35.6, '見逃し', 2, 3, 8, 'S2');"
"INSERT INTO ballinfo VALUES ('2019-04-10', 2019041004, '西武', '楽天', '武隈 祥太', '左', '西武', '浅村 栄斗', '右', '楽天', 5, 1, 3, 0, 5, 3, 1, 126, 'スライダー', 34.5, 84.4, '四球', 5, 2, 22, 'B16');"
"INSERT INTO ballinfo VALUES ('2019-04-10', 2019041004, '西武', '楽天', '武隈 祥太', '左', '西武', '島内 宏明', '左', '楽天', 5, 1, 4, 0, 1, 0, 0, 123, 'スライダー', 46.5, 84.4, 'ボール', 5, 3, 23, 'B17');"
"INSERT INTO ballinfo VALUES ('2019-04-10', 2019041004, '西武', '楽天', '武隈 祥太', '左', '西武', '島内 宏明', '左', '楽天', 5, 1, 4, 0, 2, 1, 0, 125, 'スライダー', 16.5, 85.2, 'ボール', 5, 1, 21, 'B15');"
"INSERT INTO ballinfo VALUES ('2019-04-10', 2019041004, '西武', '楽天', '武隈 祥太', '左', '西武', '島内 宏明', '左', '楽天', 5, 1, 4, 0, 3, 2, 0, 136, 'ストレート', 34.5, 17.2, 'ボール', 1, 2, 2, 'B2');"
"INSERT INTO ballinfo VALUES ('2019-04-10', 2019041004, '西武', '楽天', '武隈 祥太', '左', '西武', '島内 宏明', '左', '楽天', 5, 1, 4, 0, 4, 3, 0, 132, 'スライダー', 56.0, 64.8, '見逃し', 4, 3, 18, 'S8');"
"INSERT INTO ballinfo VALUES ('2019-04-10', 2019041004, '西武', '楽天', '武隈 祥太', '左', '西武', '島内 宏明', '左', '楽天', 5, 1, 4, 0, 5, 3, 1, 136, 'ストレート', 34.5, 34.8, '右２', 2, 2, 7, 'S1');"
"INSERT INTO ballinfo VALUES ('2019-04-10', 2019041004, '西武', '楽天', '田村 伊知郎', '右', '西武', 'ウィーラー', '右', '楽天', 5, 1, 5, 1, 1, 0, 0, 135, 'カットボール', 47.0, 84.4, 'ボール', 5, 3, 23, 'B17');"
"INSERT INTO ballinfo VALUES ('2019-04-10', 2019041004, '西武', '楽天', '田村 伊知郎', '右', '西武', 'ウィーラー', '右', '楽天', 5, 1, 5, 1, 2, 1, 0, 131, 'カットボール', 90.0, 85.2, 'ボール', 5, 5, 25, 'B19');"
"INSERT INTO ballinfo VALUES ('2019-04-10', 2019041004, '西武', '楽天', '田村 伊知郎', '右', '西武', 'ウィーラー', '右', '楽天', 5, 1, 5, 1, 3, 2, 0, 133, 'カットボール', 35.0, 16.4, 'ボール', 1, 2, 2, 'B2');"
"INSERT INTO ballinfo VALUES ('2019-04-10', 2019041004, '西武', '楽天', '田村 伊知郎', '右', '西武', 'ウィーラー', '右', '楽天', 5, 1, 5, 1, 4, 3, 0, 127, 'スライダー', 53.5, 35.6, '見逃し', 2, 3, 8, 'S2');"
"INSERT INTO ballinfo VALUES ('2019-04-10', 2019041004, '西武', '楽天', '田村 伊知郎', '右', '西武', 'ウィーラー', '右', '楽天', 5, 1, 5, 1, 5, 3, 1, 129, 'カットボール', 50.0, 74.0, '中犠飛', 4, 3, 18, 'S8');"
"INSERT INTO ballinfo VALUES ('2019-04-10', 2019041004, '西武', '楽天', '田村 伊知郎', '右', '西武', '銀次', '左', '楽天', 5, 1, 6, 1, 1, 0, 0, 139, 'シュート', 33.0, 85.2, 'ボール', 5, 2, 22, 'B16');"
"INSERT INTO ballinfo VALUES ('2019-04-10', 2019041004, '西武', '楽天', '田村 伊知郎', '右', '西武', '銀次', '左', '楽天', 5, 1, 6, 1, 2, 1, 0, 140, 'シュート', 15.0, 16.4, 'ボール', 1, 1, 1, 'B1');"
"INSERT INTO ballinfo VALUES ('2019-04-10', 2019041004, '西武', '楽天', '田村 伊知郎', '右', '西武', '銀次', '左', '楽天', 5, 1, 6, 1, 3, 2, 0, 136, 'カットボール', 31.5, 75.6, '見逃し', 4, 2, 17, 'S7');"
"INSERT INTO ballinfo VALUES ('2019-04-10', 2019041004, '西武', '楽天', '田村 伊知郎', '右', '西武', '銀次', '左', '楽天', 5, 1, 6, 1, 4, 2, 1, 140, 'ストレート', 74.5, 85.2, 'ボール', 5, 4, 24, 'B18');"
"INSERT INTO ballinfo VALUES ('2019-04-10', 2019041004, '西武', '楽天', '田村 伊知郎', '右', '西武', '銀次', '左', '楽天', 5, 1, 6, 1, 5, 3, 1, 0, 'チェンジアップ', 31.5, 52.4, '右２', 3, 2, 12, 'S4');"
"INSERT INTO ballinfo VALUES ('2019-04-10', 2019041004, '西武', '楽天', '田村 伊知郎', '右', '西武', 'ブラッシュ', '右', '楽天', 5, 1, 7, 1, 1, 0, 0, 135, 'シュート', 34.5, 50.4, '左２', 3, 2, 12, 'S4');"
"INSERT INTO ballinfo VALUES ('2019-04-10', 2019041004, '西武', '楽天', '田村 伊知郎', '右', '西武', '嶋 基宏', '右', '楽天', 5, 1, 8, 2, 1, 0, 0, 136, 'カットボール', 87.5, 86.8, 'ボール', 5, 5, 25, 'B19');"
"INSERT INTO ballinfo VALUES ('2019-04-10', 2019041004, '西武', '楽天', '田村 伊知郎', '右', '西武', '嶋 基宏', '右', '楽天', 5, 1, 8, 2, 2, 1, 0, 134, 'カットボール', 68.5, 86.0, 'ボール', 5, 4, 24, 'B18');"
"INSERT INTO ballinfo VALUES ('2019-04-10', 2019041004, '西武', '楽天', '田村 伊知郎', '右', '西武', '嶋 基宏', '右', '楽天', 5, 1, 8, 2, 3, 2, 0, 135, 'カットボール', 74.5, 76.0, '見逃し', 4, 4, 19, 'S9');"
"INSERT INTO ballinfo VALUES ('2019-04-10', 2019041004, '西武', '楽天', '田村 伊知郎', '右', '西武', '嶋 基宏', '右', '楽天', 5, 1, 8, 2, 4, 2, 1, 137, 'ストレート', 75.0, 35.2, '見逃し', 2, 4, 9, 'S3');"
"INSERT INTO ballinfo VALUES ('2019-04-10', 2019041004, '西武', '楽天', '田村 伊知郎', '右', '西武', '嶋 基宏', '右', '楽天', 5, 1, 8, 2, 5, 2, 2, 135, 'カットボール', 16.5, 35.6, 'ボール', 2, 1, 6, 'B6');"
"INSERT INTO ballinfo VALUES ('2019-04-10', 2019041004, '西武', '楽天', '田村 伊知郎', '右', '西武', '嶋 基宏', '右', '楽天', 5, 1, 8, 2, 6, 3, 2, 136, 'ストレート', 33.5, 73.2, '二ゴロ', 4, 2, 17, 'S7');"
"INSERT INTO ballinfo VALUES ('2019-04-10', 2019041004, '西武', '楽天', '田村 伊知郎', '右', '西武', 'オコエ 瑠偉', '右', '楽天', 5, 1, 9, 2, 1, 0, 0, 120, 'カーブ', 87.0, 36.4, 'ボール', 2, 5, 10, 'B7');"
"INSERT INTO ballinfo VALUES ('2019-04-10', 2019041004, '西武', '楽天', '田村 伊知郎', '右', '西武', 'オコエ 瑠偉', '右', '楽天', 5, 1, 9, 2, 2, 1, 0, 132, 'カットボール', 68.5, 84.4, 'ボール', 5, 4, 24, 'B18');"
"INSERT INTO ballinfo VALUES ('2019-04-10', 2019041004, '西武', '楽天', '田村 伊知郎', '右', '西武', 'オコエ 瑠偉', '右', '楽天', 5, 1, 9, 2, 3, 2, 0, 134, 'カットボール', 53.0, 74.4, '左安', 4, 3, 18, 'S8');"
"INSERT INTO ballinfo VALUES ('2019-04-10', 2019041004, '西武', '楽天', '田村 伊知郎', '右', '西武', '田中 和基', '左', '楽天', 5, 1, 10, 3, 1, 0, 0, 124, 'カーブ', 66.5, 84.8, 'ボール', 5, 4, 24, 'B18');"
"INSERT INTO ballinfo VALUES ('2019-04-10', 2019041004, '西武', '楽天', '田村 伊知郎', '右', '西武', '田中 和基', '左', '楽天', 5, 1, 10, 3, 2, 1, 0, 0, 'カーブ', 76.0, 85.2, 'ボール', 5, 4, 24, 'B18');"
"INSERT INTO ballinfo VALUES ('2019-04-10', 2019041004, '西武', '楽天', '田村 伊知郎', '右', '西武', '田中 和基', '左', '楽天', 5, 1, 10, 3, 3, 2, 0, 0, 'ストレート', 74.0, 75.6, '見逃し', 4, 4, 19, 'S9');"
"INSERT INTO ballinfo VALUES ('2019-04-10', 2019041004, '西武', '楽天', '田村 伊知郎', '右', '西武', '田中 和基', '左', '楽天', 5, 1, 10, 3, 4, 2, 1, 140, 'シュート', 35.0, 53.6, '左邪飛', 3, 2, 12, 'S4');"
"INSERT INTO ballinfo VALUES ('2019-04-10', 2019041004, '西武', '楽天', '福井 優也', '右', '楽天', '水口 大地', '左', '西武', 5, 2, 1, 1, 1, 0, 0, 137, 'シュート', 16.0, 16.4, 'ボール', 1, 1, 1, 'B1');"
"INSERT INTO ballinfo VALUES ('2019-04-10', 2019041004, '西武', '楽天', '福井 優也', '右', '楽天', '水口 大地', '左', '西武', 5, 2, 1, 1, 2, 1, 0, 141, 'ストレート', 87.0, 74.8, 'ボール', 4, 5, 20, 'B11');"
"INSERT INTO ballinfo VALUES ('2019-04-10', 2019041004, '西武', '楽天', '福井 優也', '右', '楽天', '水口 大地', '左', '西武', 5, 2, 1, 1, 3, 2, 0, 143, 'ストレート', 75.5, 56.4, '見逃し', 3, 4, 14, 'S6');"
"INSERT INTO ballinfo VALUES ('2019-04-10', 2019041004, '西武', '楽天', '福井 優也', '右', '楽天', '水口 大地', '左', '西武', 5, 2, 1, 1, 4, 2, 1, 141, 'ストレート', 74.0, 84.8, '一直', 5, 4, 24, 'B18');"
"INSERT INTO ballinfo VALUES ('2019-04-10', 2019041004, '西武', '楽天', '福井 優也', '右', '楽天', '金子 侑司', '左', '西武', 5, 2, 2, 2, 1, 0, 0, 131, 'スライダー', 32.5, 15.6, 'ボール', 1, 2, 2, 'B2');"
"INSERT INTO ballinfo VALUES ('2019-04-10', 2019041004, '西武', '楽天', '福井 優也', '右', '楽天', '金子 侑司', '左', '西武', 5, 2, 2, 2, 2, 1, 0, 128, 'スライダー', 35.0, 54.0, '見逃し', 3, 2, 12, 'S4');"
"INSERT INTO ballinfo VALUES ('2019-04-10', 2019041004, '西武', '楽天', '福井 優也', '右', '楽天', '金子 侑司', '左', '西武', 5, 2, 2, 2, 3, 1, 1, 113, 'カーブ', 75.5, 76.8, 'ファウル', 4, 4, 19, 'S9');"
"INSERT INTO ballinfo VALUES ('2019-04-10', 2019041004, '西武', '楽天', '福井 優也', '右', '楽天', '金子 侑司', '左', '西武', 5, 2, 2, 2, 4, 1, 2, 143, 'ストレート', 52.5, 54.0, '左飛', 3, 3, 13, 'S5');"
"INSERT INTO ballinfo VALUES ('2019-04-10', 2019041004, '西武', '楽天', '福井 優也', '右', '楽天', '源田 壮亮', '左', '西武', 5, 2, 3, 2, 1, 0, 0, 129, 'フォーク', 34.5, 55.6, '見逃し', 3, 2, 12, 'S4');"
"INSERT INTO ballinfo VALUES ('2019-04-10', 2019041004, '西武', '楽天', '福井 優也', '右', '楽天', '源田 壮亮', '左', '西武', 5, 2, 3, 2, 2, 0, 1, 127, 'フォーク', 34.5, 84.4, '左安', 5, 2, 22, 'B16');"
"INSERT INTO ballinfo VALUES ('2019-04-10', 2019041004, '西武', '楽天', '福井 優也', '右', '楽天', '秋山 翔吾', '左', '西武', 5, 2, 4, 3, 1, 0, 0, 136, 'フォーク', 34.0, 72.8, '二ゴロ', 4, 2, 17, 'S7');"
"INSERT INTO ballinfo VALUES ('2019-04-10', 2019041004, '西武', '楽天', '佐野 泰雄', '左', '西武', '茂木 栄五郎', '左', '楽天', 6, 1, 1, 1, 1, 0, 0, 136, 'ストレート', 14.5, 85.2, 'ボール', 5, 1, 21, 'B15');"
"INSERT INTO ballinfo VALUES ('2019-04-10', 2019041004, '西武', '楽天', '佐野 泰雄', '左', '西武', '茂木 栄五郎', '左', '楽天', 6, 1, 1, 1, 2, 1, 0, 135, 'ストレート', 56.5, 55.6, '空振り', 3, 3, 13, 'S5');"
"INSERT INTO ballinfo VALUES ('2019-04-10', 2019041004, '西武', '楽天', '佐野 泰雄', '左', '西武', '茂木 栄五郎', '左', '楽天', 6, 1, 1, 1, 3, 1, 1, 134, 'ストレート', 36.0, 55.6, '見逃し', 3, 2, 12, 'S4');"
"INSERT INTO ballinfo VALUES ('2019-04-10', 2019041004, '西武', '楽天', '佐野 泰雄', '左', '西武', '茂木 栄五郎', '左', '楽天', 6, 1, 1, 1, 4, 1, 2, 124, 'スライダー', 6.5, 85.2, 'ファウル', 5, 1, 21, 'B15');"
"INSERT INTO ballinfo VALUES ('2019-04-10', 2019041004, '西武', '楽天', '佐野 泰雄', '左', '西武', '茂木 栄五郎', '左', '楽天', 6, 1, 1, 1, 5, 1, 3, 142, 'ストレート', 16.0, 55.6, 'ボール', 3, 1, 11, 'B8');"
"INSERT INTO ballinfo VALUES ('2019-04-10', 2019041004, '西武', '楽天', '佐野 泰雄', '左', '西武', '茂木 栄五郎', '左', '楽天', 6, 1, 1, 1, 6, 2, 3, 144, 'ストレート', 35.5, 76.4, 'ファウル', 4, 2, 17, 'S7');"
"INSERT INTO ballinfo VALUES ('2019-04-10', 2019041004, '西武', '楽天', '佐野 泰雄', '左', '西武', '茂木 栄五郎', '左', '楽天', 6, 1, 1, 1, 7, 2, 4, 131, 'スライダー', 33.0, 67.6, '左飛', 4, 2, 17, 'S7');"
"INSERT INTO ballinfo VALUES ('2019-04-10', 2019041004, '西武', '楽天', '佐野 泰雄', '左', '西武', '浅村 栄斗', '右', '楽天', 6, 1, 2, 2, 1, 0, 0, 145, 'ストレート', 15.5, 76.4, 'ボール', 4, 1, 16, 'B10');"
"INSERT INTO ballinfo VALUES ('2019-04-10', 2019041004, '西武', '楽天', '佐野 泰雄', '左', '西武', '浅村 栄斗', '右', '楽天', 6, 1, 2, 2, 2, 1, 0, 135, 'ストレート', 35.5, 35.6, '空振り', 2, 2, 7, 'S1');"
"INSERT INTO ballinfo VALUES ('2019-04-10', 2019041004, '西武', '楽天', '佐野 泰雄', '左', '西武', '浅村 栄斗', '右', '楽天', 6, 1, 2, 2, 3, 1, 1, 144, 'ストレート', 34.0, 54.0, '右飛', 3, 2, 12, 'S4');"
"INSERT INTO ballinfo VALUES ('2019-04-10', 2019041004, '西武', '楽天', '佐野 泰雄', '左', '西武', '島内 宏明', '左', '楽天', 6, 1, 3, 3, 1, 0, 0, 123, 'スライダー', 37.5, 55.6, '見逃し', 3, 2, 12, 'S4');"
"INSERT INTO ballinfo VALUES ('2019-04-10', 2019041004, '西武', '楽天', '佐野 泰雄', '左', '西武', '島内 宏明', '左', '楽天', 6, 1, 3, 3, 2, 0, 1, 144, 'ストレート', 34.5, 17.2, 'ボール', 1, 2, 2, 'B2');"
"INSERT INTO ballinfo VALUES ('2019-04-10', 2019041004, '西武', '楽天', '佐野 泰雄', '左', '西武', '島内 宏明', '左', '楽天', 6, 1, 3, 3, 3, 1, 1, 144, 'ストレート', 28.5, 83.6, 'ボール', 5, 2, 22, 'B16');"
"INSERT INTO ballinfo VALUES ('2019-04-10', 2019041004, '西武', '楽天', '佐野 泰雄', '左', '西武', '島内 宏明', '左', '楽天', 6, 1, 3, 3, 4, 2, 1, 123, 'スライダー', 29.0, 56.0, 'ファウル', 3, 2, 12, 'S4');"
"INSERT INTO ballinfo VALUES ('2019-04-10', 2019041004, '西武', '楽天', '佐野 泰雄', '左', '西武', '島内 宏明', '左', '楽天', 6, 1, 3, 3, 5, 2, 2, 131, 'スライダー', 76.5, 56.4, 'ファウル', 3, 4, 14, 'S6');"
"INSERT INTO ballinfo VALUES ('2019-04-10', 2019041004, '西武', '楽天', '佐野 泰雄', '左', '西武', '島内 宏明', '左', '楽天', 6, 1, 3, 3, 6, 2, 3, 138, 'ストレート', 71.0, 30.4, '三ゴロ', 2, 4, 9, 'S3');"
"INSERT INTO ballinfo VALUES ('2019-04-10', 2019041004, '西武', '楽天', '福井 優也', '右', '楽天', '山川 穂高', '右', '西武', 6, 2, 1, 1, 1, 0, 0, 136, 'シュート', 37.5, 34.0, '見逃し', 2, 2, 7, 'S1');"
"INSERT INTO ballinfo VALUES ('2019-04-10', 2019041004, '西武', '楽天', '福井 優也', '右', '楽天', '山川 穂高', '右', '西武', 6, 2, 1, 1, 2, 0, 1, 106, 'カーブ', 55.5, 36.8, 'ファウル', 2, 3, 8, 'S2');"
"INSERT INTO ballinfo VALUES ('2019-04-10', 2019041004, '西武', '楽天', '福井 優也', '右', '楽天', '山川 穂高', '右', '西武', 6, 2, 1, 1, 3, 0, 2, 134, 'フォーク', 49.5, 29.2, '空三振', 2, 3, 8, 'S2');"
"INSERT INTO ballinfo VALUES ('2019-04-10', 2019041004, '西武', '楽天', '福井 優也', '右', '楽天', '森 友哉', '左', '西武', 6, 2, 2, 2, 1, 0, 0, 131, 'スライダー', 52.5, 53.2, '二ゴロ', 3, 3, 13, 'S5');"
"INSERT INTO ballinfo VALUES ('2019-04-10', 2019041004, '西武', '楽天', '福井 優也', '右', '楽天', '外崎 修汰', '右', '西武', 6, 2, 3, 2, 1, 0, 0, 143, 'ストレート', 76.0, 56.4, 'ファウル', 3, 4, 14, 'S6');"
"INSERT INTO ballinfo VALUES ('2019-04-10', 2019041004, '西武', '楽天', '福井 優也', '右', '楽天', '外崎 修汰', '右', '西武', 6, 2, 3, 2, 2, 0, 1, 107, 'カーブ', 86.0, 85.6, 'ボール', 5, 5, 25, 'B19');"
"INSERT INTO ballinfo VALUES ('2019-04-10', 2019041004, '西武', '楽天', '福井 優也', '右', '楽天', '外崎 修汰', '右', '西武', 6, 2, 3, 2, 3, 1, 1, 109, 'カーブ', 95.5, 85.2, 'ボール', 5, 5, 25, 'B19');"
"INSERT INTO ballinfo VALUES ('2019-04-10', 2019041004, '西武', '楽天', '福井 優也', '右', '楽天', '外崎 修汰', '右', '西武', 6, 2, 3, 2, 4, 2, 1, 0, 'ストレート', 85.5, 45.2, 'ボール', 3, 5, 15, 'B9');"
"INSERT INTO ballinfo VALUES ('2019-04-10', 2019041004, '西武', '楽天', '福井 優也', '右', '楽天', '外崎 修汰', '右', '西武', 6, 2, 3, 2, 5, 3, 1, 138, 'ストレート', 75.0, 77.2, '見逃し', 4, 4, 19, 'S9');"
"INSERT INTO ballinfo VALUES ('2019-04-10', 2019041004, '西武', '楽天', '福井 優也', '右', '楽天', '外崎 修汰', '右', '西武', 6, 2, 3, 2, 6, 3, 2, 129, 'フォーク', 51.0, 66.4, '中安', 4, 3, 18, 'S8');"
"INSERT INTO ballinfo VALUES ('2019-04-10', 2019041004, '西武', '楽天', '福井 優也', '右', '楽天', '栗山 巧', '左', '西武', 6, 2, 4, 3, 1, 0, 0, 133, 'フォーク', 34.5, 70.4, '見逃し', 4, 2, 17, 'S7');"
"INSERT INTO ballinfo VALUES ('2019-04-10', 2019041004, '西武', '楽天', '福井 優也', '右', '楽天', '栗山 巧', '左', '西武', 6, 2, 4, 3, 2, 0, 1, 134, 'フォーク', 26.0, 83.2, 'ボール', 5, 2, 22, 'B16');"
"INSERT INTO ballinfo VALUES ('2019-04-10', 2019041004, '西武', '楽天', '福井 優也', '右', '楽天', '栗山 巧', '左', '西武', 6, 2, 4, 3, 3, 1, 1, 142, 'ストレート', 87.5, 75.6, 'ボール', 4, 5, 20, 'B11');"
"INSERT INTO ballinfo VALUES ('2019-04-10', 2019041004, '西武', '楽天', '福井 優也', '右', '楽天', '栗山 巧', '左', '西武', 6, 2, 4, 3, 4, 2, 1, 135, 'フォーク', 28.5, 75.2, '二ゴロ', 4, 2, 17, 'S7');"
"INSERT INTO ballinfo VALUES ('2019-04-10', 2019041004, '西武', '楽天', '佐野 泰雄', '左', '西武', 'ウィーラー', '右', '楽天', 7, 1, 1, 1, 1, 0, 0, 110, 'カーブ', 31.5, 67.2, '三ゴロ', 4, 2, 17, 'S7');"
"INSERT INTO ballinfo VALUES ('2019-04-10', 2019041004, '西武', '楽天', '佐野 泰雄', '左', '西武', '銀次', '左', '楽天', 7, 1, 2, 2, 1, 0, 0, 136, 'ストレート', 72.0, 15.2, 'ボール', 1, 4, 4, 'B4');"
"INSERT INTO ballinfo VALUES ('2019-04-10', 2019041004, '西武', '楽天', '佐野 泰雄', '左', '西武', '銀次', '左', '楽天', 7, 1, 2, 2, 2, 1, 0, 134, 'ストレート', 35.5, 56.4, '見逃し', 3, 2, 12, 'S4');"
"INSERT INTO ballinfo VALUES ('2019-04-10', 2019041004, '西武', '楽天', '佐野 泰雄', '左', '西武', '銀次', '左', '楽天', 7, 1, 2, 2, 3, 1, 1, 0, 'ストレート', 27.0, 55.6, '見逃し', 3, 2, 12, 'S4');"
"INSERT INTO ballinfo VALUES ('2019-04-10', 2019041004, '西武', '楽天', '佐野 泰雄', '左', '西武', '銀次', '左', '楽天', 7, 1, 2, 2, 4, 1, 2, 137, 'ストレート', 35.0, 35.2, 'ファウル', 2, 2, 7, 'S1');"
"INSERT INTO ballinfo VALUES ('2019-04-10', 2019041004, '西武', '楽天', '佐野 泰雄', '左', '西武', '銀次', '左', '楽天', 7, 1, 2, 2, 5, 1, 3, 109, 'カーブ', 34.5, 25.2, '投ゴロ', 2, 2, 7, 'S1');"
"INSERT INTO ballinfo VALUES ('2019-04-10', 2019041004, '西武', '楽天', '佐野 泰雄', '左', '西武', 'ブラッシュ', '右', '楽天', 7, 1, 3, 2, 1, 0, 0, 144, 'ストレート', 13.0, 85.2, 'ボール', 5, 1, 21, 'B15');"
"INSERT INTO ballinfo VALUES ('2019-04-10', 2019041004, '西武', '楽天', '佐野 泰雄', '左', '西武', 'ブラッシュ', '右', '楽天', 7, 1, 3, 2, 2, 1, 0, 145, 'ストレート', 16.0, 37.2, 'ボール', 2, 1, 6, 'B6');"
"INSERT INTO ballinfo VALUES ('2019-04-10', 2019041004, '西武', '楽天', '佐野 泰雄', '左', '西武', 'ブラッシュ', '右', '楽天', 7, 1, 3, 2, 3, 2, 0, 127, 'スライダー', 38.0, 76.4, '見逃し', 4, 2, 17, 'S7');"
"INSERT INTO ballinfo VALUES ('2019-04-10', 2019041004, '西武', '楽天', '佐野 泰雄', '左', '西武', 'ブラッシュ', '右', '楽天', 7, 1, 3, 2, 4, 2, 1, 138, 'ストレート', 34.0, 55.6, '右安', 3, 2, 12, 'S4');"
"INSERT INTO ballinfo VALUES ('2019-04-10', 2019041004, '西武', '楽天', '佐野 泰雄', '左', '西武', '嶋 基宏', '右', '楽天', 7, 1, 4, 3, 1, 0, 0, 141, 'ストレート', 74.5, 35.2, '見逃し', 2, 4, 9, 'S3');"
"INSERT INTO ballinfo VALUES ('2019-04-10', 2019041004, '西武', '楽天', '佐野 泰雄', '左', '西武', '嶋 基宏', '右', '楽天', 7, 1, 4, 3, 2, 0, 1, 112, 'カーブ', 87.5, 35.6, 'ボール', 2, 5, 10, 'B7');"
"INSERT INTO ballinfo VALUES ('2019-04-10', 2019041004, '西武', '楽天', '佐野 泰雄', '左', '西武', '嶋 基宏', '右', '楽天', 7, 1, 4, 3, 3, 1, 1, 132, 'スライダー', 36.5, 17.2, 'ボール', 1, 2, 2, 'B2');"
"INSERT INTO ballinfo VALUES ('2019-04-10', 2019041004, '西武', '楽天', '佐野 泰雄', '左', '西武', '嶋 基宏', '右', '楽天', 7, 1, 4, 3, 4, 2, 1, 135, 'ストレート', 34.5, 34.0, '遊ゴロ', 2, 2, 7, 'S1');"
"INSERT INTO ballinfo VALUES ('2019-04-10', 2019041004, '西武', '楽天', '青山 浩二', '右', '楽天', '木村 文紀', '右', '西武', 7, 2, 1, 1, 1, 0, 0, 137, 'ストレート', 88.0, 35.6, 'ボール', 2, 5, 10, 'B7');"
"INSERT INTO ballinfo VALUES ('2019-04-10', 2019041004, '西武', '楽天', '青山 浩二', '右', '楽天', '木村 文紀', '右', '西武', 7, 2, 1, 1, 2, 1, 0, 126, 'スライダー', 66.5, 84.0, 'ボール', 5, 4, 24, 'B18');"
"INSERT INTO ballinfo VALUES ('2019-04-10', 2019041004, '西武', '楽天', '青山 浩二', '右', '楽天', '木村 文紀', '右', '西武', 7, 2, 1, 1, 3, 2, 0, 142, 'ストレート', 55.5, 36.0, '見逃し', 2, 3, 8, 'S2');"
"INSERT INTO ballinfo VALUES ('2019-04-10', 2019041004, '西武', '楽天', '青山 浩二', '右', '楽天', '木村 文紀', '右', '西武', 7, 2, 1, 1, 4, 2, 1, 142, 'ストレート', 55.5, 65.2, '見逃し', 4, 3, 18, 'S8');"
"INSERT INTO ballinfo VALUES ('2019-04-10', 2019041004, '西武', '楽天', '青山 浩二', '右', '楽天', '木村 文紀', '右', '西武', 7, 2, 1, 1, 5, 2, 2, 136, 'シュート', 56.0, 27.6, '空三振', 2, 3, 8, 'S2');"
"INSERT INTO ballinfo VALUES ('2019-04-10', 2019041004, '西武', '楽天', '青山 浩二', '右', '楽天', '水口 大地', '左', '西武', 7, 2, 2, 1, 1, 0, 0, 140, 'シュート', 37.0, 76.4, 'ファウル', 4, 2, 17, 'S7');"
"INSERT INTO ballinfo VALUES ('2019-04-10', 2019041004, '西武', '楽天', '青山 浩二', '右', '楽天', '水口 大地', '左', '西武', 7, 2, 2, 1, 2, 0, 1, 111, 'カーブ', 16.5, 77.2, 'ボール', 4, 1, 16, 'B10');"
"INSERT INTO ballinfo VALUES ('2019-04-10', 2019041004, '西武', '楽天', '青山 浩二', '右', '楽天', '水口 大地', '左', '西武', 7, 2, 2, 1, 3, 1, 1, 123, 'スライダー', 34.5, 16.4, 'ボール', 1, 2, 2, 'B2');"
"INSERT INTO ballinfo VALUES ('2019-04-10', 2019041004, '西武', '楽天', '青山 浩二', '右', '楽天', '水口 大地', '左', '西武', 7, 2, 2, 1, 4, 2, 1, 142, 'ストレート', 14.5, 16.8, 'ボール', 1, 1, 1, 'B1');"
"INSERT INTO ballinfo VALUES ('2019-04-10', 2019041004, '西武', '楽天', '青山 浩二', '右', '楽天', '水口 大地', '左', '西武', 7, 2, 2, 1, 5, 3, 1, 137, 'シュート', 66.5, 15.6, '四球', 1, 4, 4, 'B4');"
"INSERT INTO ballinfo VALUES ('2019-04-10', 2019041004, '西武', '楽天', '青山 浩二', '右', '楽天', '金子 侑司', '左', '西武', 7, 2, 3, 1, 1, 0, 0, 123, 'スライダー', 74.5, 76.0, '見逃し', 4, 4, 19, 'S9');"
"INSERT INTO ballinfo VALUES ('2019-04-10', 2019041004, '西武', '楽天', '青山 浩二', '右', '楽天', '金子 侑司', '左', '西武', 7, 2, 3, 1, 2, 0, 1, 139, 'ストレート', 35.0, 56.0, '中２', 3, 2, 12, 'S4');"
"INSERT INTO ballinfo VALUES ('2019-04-10', 2019041004, '西武', '楽天', '青山 浩二', '右', '楽天', '源田 壮亮', '左', '西武', 7, 2, 4, 2, 1, 0, 0, 143, 'シュート', 12.5, 15.6, 'ボール', 1, 1, 1, 'B1');"
"INSERT INTO ballinfo VALUES ('2019-04-10', 2019041004, '西武', '楽天', '青山 浩二', '右', '楽天', '源田 壮亮', '左', '西武', 7, 2, 4, 2, 2, 1, 0, 128, 'スライダー', 35.0, 56.8, '見逃し', 3, 2, 12, 'S4');"
"INSERT INTO ballinfo VALUES ('2019-04-10', 2019041004, '西武', '楽天', '青山 浩二', '右', '楽天', '源田 壮亮', '左', '西武', 7, 2, 4, 2, 3, 1, 1, 140, 'ストレート', 35.5, 17.2, 'ボール', 1, 2, 2, 'B2');"
"INSERT INTO ballinfo VALUES ('2019-04-10', 2019041004, '西武', '楽天', '青山 浩二', '右', '楽天', '源田 壮亮', '左', '西武', 7, 2, 4, 2, 4, 2, 1, 126, 'スライダー', 72.0, 84.8, 'ファウル', 5, 4, 24, 'B18');"
"INSERT INTO ballinfo VALUES ('2019-04-10', 2019041004, '西武', '楽天', '青山 浩二', '右', '楽天', '源田 壮亮', '左', '西武', 7, 2, 4, 2, 5, 2, 2, 142, 'ストレート', 51.5, 75.2, '投ゴロ', 4, 3, 18, 'S8');"
"INSERT INTO ballinfo VALUES ('2019-04-10', 2019041004, '西武', '楽天', '青山 浩二', '右', '楽天', '秋山 翔吾', '左', '西武', 7, 2, 5, 3, 1, 0, 0, 130, 'スライダー', 76.5, 55.6, 'ファウル', 3, 4, 14, 'S6');"
"INSERT INTO ballinfo VALUES ('2019-04-10', 2019041004, '西武', '楽天', '青山 浩二', '右', '楽天', '秋山 翔吾', '左', '西武', 7, 2, 5, 3, 2, 0, 1, 141, 'ストレート', 48.0, 16.8, 'ボール', 1, 3, 3, 'B3');"
"INSERT INTO ballinfo VALUES ('2019-04-10', 2019041004, '西武', '楽天', '青山 浩二', '右', '楽天', '秋山 翔吾', '左', '西武', 7, 2, 5, 3, 3, 1, 1, 141, 'シュート', 36.0, 56.4, 'ファウル', 3, 2, 12, 'S4');"
"INSERT INTO ballinfo VALUES ('2019-04-10', 2019041004, '西武', '楽天', '青山 浩二', '右', '楽天', '秋山 翔吾', '左', '西武', 7, 2, 5, 3, 4, 1, 2, 141, 'シュート', 37.0, 36.0, 'ファウル', 2, 2, 7, 'S1');"
"INSERT INTO ballinfo VALUES ('2019-04-10', 2019041004, '西武', '楽天', '青山 浩二', '右', '楽天', '秋山 翔吾', '左', '西武', 7, 2, 5, 3, 5, 1, 3, 137, 'フォーク', 53.0, 85.2, 'ボール', 5, 3, 23, 'B17');"
"INSERT INTO ballinfo VALUES ('2019-04-10', 2019041004, '西武', '楽天', '青山 浩二', '右', '楽天', '秋山 翔吾', '左', '西武', 7, 2, 5, 3, 6, 2, 3, 129, 'スライダー', 74.5, 76.4, 'ファウル', 4, 4, 19, 'S9');"
"INSERT INTO ballinfo VALUES ('2019-04-10', 2019041004, '西武', '楽天', '青山 浩二', '右', '楽天', '秋山 翔吾', '左', '西武', 7, 2, 5, 3, 7, 2, 4, 128, 'スライダー', 67.5, 50.4, '遊飛', 3, 4, 14, 'S6');"
"INSERT INTO ballinfo VALUES ('2019-04-10', 2019041004, '西武', '楽天', '齊藤 大将', '左', '西武', 'オコエ 瑠偉', '右', '楽天', 8, 1, 1, 1, 1, 0, 0, 140, 'ストレート', 16.0, 47.2, 'ボール', 3, 1, 11, 'B8');"
"INSERT INTO ballinfo VALUES ('2019-04-10', 2019041004, '西武', '楽天', '齊藤 大将', '左', '西武', 'オコエ 瑠偉', '右', '楽天', 8, 1, 1, 1, 2, 1, 0, 141, 'ストレート', 32.0, 52.0, '見逃し', 3, 2, 12, 'S4');"
"INSERT INTO ballinfo VALUES ('2019-04-10', 2019041004, '西武', '楽天', '齊藤 大将', '左', '西武', 'オコエ 瑠偉', '右', '楽天', 8, 1, 1, 1, 3, 1, 1, 0, 'スライダー', 52.5, 70.8, 'ファウル', 4, 3, 18, 'S8');"
"INSERT INTO ballinfo VALUES ('2019-04-10', 2019041004, '西武', '楽天', '齊藤 大将', '左', '西武', 'オコエ 瑠偉', '右', '楽天', 8, 1, 1, 1, 4, 1, 2, 0, 'スライダー', 12.0, 84.0, 'ファウル', 5, 1, 21, 'B15');"
"INSERT INTO ballinfo VALUES ('2019-04-10', 2019041004, '西武', '楽天', '齊藤 大将', '左', '西武', 'オコエ 瑠偉', '右', '楽天', 8, 1, 1, 1, 5, 1, 3, 129, 'スライダー', 87.5, 14.8, 'ボール', 1, 5, 5, 'B5');"
"INSERT INTO ballinfo VALUES ('2019-04-10', 2019041004, '西武', '楽天', '齊藤 大将', '左', '西武', 'オコエ 瑠偉', '右', '楽天', 8, 1, 1, 1, 6, 2, 3, 139, 'ストレート', 86.5, 30.8, 'ボール', 2, 5, 10, 'B7');"
"INSERT INTO ballinfo VALUES ('2019-04-10', 2019041004, '西武', '楽天', '齊藤 大将', '左', '西武', 'オコエ 瑠偉', '右', '楽天', 8, 1, 1, 1, 7, 3, 3, 0, 'スライダー', 33.5, 68.8, '一邪飛', 4, 2, 17, 'S7');"
"INSERT INTO ballinfo VALUES ('2019-04-10', 2019041004, '西武', '楽天', '齊藤 大将', '左', '西武', '田中 和基', '右', '楽天', 8, 1, 2, 1, 1, 0, 0, 131, 'スライダー', 55.5, 76.0, 'ファウル', 4, 3, 18, 'S8');"
"INSERT INTO ballinfo VALUES ('2019-04-10', 2019041004, '西武', '楽天', '齊藤 大将', '左', '西武', '田中 和基', '右', '楽天', 8, 1, 2, 1, 2, 0, 1, 140, 'ストレート', 87.0, 35.6, 'ボール', 2, 5, 10, 'B7');"
"INSERT INTO ballinfo VALUES ('2019-04-10', 2019041004, '西武', '楽天', '齊藤 大将', '左', '西武', '田中 和基', '右', '楽天', 8, 1, 2, 1, 3, 1, 1, 131, 'スライダー', 16.5, 56.0, 'ファウル', 3, 1, 11, 'B8');"
"INSERT INTO ballinfo VALUES ('2019-04-10', 2019041004, '西武', '楽天', '齊藤 大将', '左', '西武', '田中 和基', '右', '楽天', 8, 1, 2, 1, 4, 1, 2, 135, 'シンカー', 74.5, 84.4, 'ボール', 5, 4, 24, 'B18');"
"INSERT INTO ballinfo VALUES ('2019-04-10', 2019041004, '西武', '楽天', '齊藤 大将', '左', '西武', '田中 和基', '右', '楽天', 8, 1, 2, 1, 5, 2, 2, 132, 'シンカー', 76.0, 55.2, 'ファウル', 3, 4, 14, 'S6');"
"INSERT INTO ballinfo VALUES ('2019-04-10', 2019041004, '西武', '楽天', '齊藤 大将', '左', '西武', '田中 和基', '右', '楽天', 8, 1, 2, 1, 6, 2, 3, 140, 'ストレート', 76.0, 76.4, 'ファウル', 4, 4, 19, 'S9');"
"INSERT INTO ballinfo VALUES ('2019-04-10', 2019041004, '西武', '楽天', '齊藤 大将', '左', '西武', '田中 和基', '右', '楽天', 8, 1, 2, 1, 7, 2, 4, 133, 'シンカー', 87.5, 27.6, 'ボール', 2, 5, 10, 'B7');"
"INSERT INTO ballinfo VALUES ('2019-04-10', 2019041004, '西武', '楽天', '齊藤 大将', '左', '西武', '田中 和基', '右', '楽天', 8, 1, 2, 1, 8, 3, 4, 140, 'ストレート', 72.5, 15.6, '四球', 1, 4, 4, 'B4');"
"INSERT INTO ballinfo VALUES ('2019-04-10', 2019041004, '西武', '楽天', '齊藤 大将', '左', '西武', '茂木 栄五郎', '左', '楽天', 8, 1, 3, 1, 1, 0, 0, 133, 'スライダー', 27.0, 85.6, '空振り', 5, 2, 22, 'B16');"
"INSERT INTO ballinfo VALUES ('2019-04-10', 2019041004, '西武', '楽天', '齊藤 大将', '左', '西武', '茂木 栄五郎', '左', '楽天', 8, 1, 3, 1, 2, 0, 1, 136, 'ストレート', 49.5, 36.4, '右安', 2, 3, 8, 'S2');"
"INSERT INTO ballinfo VALUES ('2019-04-10', 2019041004, '西武', '楽天', '齊藤 大将', '左', '西武', '浅村 栄斗', '右', '楽天', 8, 1, 4, 2, 1, 0, 0, 130, 'スライダー', 37.0, 76.0, '空振り', 4, 2, 17, 'S7');"
"INSERT INTO ballinfo VALUES ('2019-04-10', 2019041004, '西武', '楽天', '齊藤 大将', '左', '西武', '浅村 栄斗', '右', '楽天', 8, 1, 4, 2, 2, 0, 1, 131, 'スライダー', 15.5, 84.4, 'ボール', 5, 1, 21, 'B15');"
"INSERT INTO ballinfo VALUES ('2019-04-10', 2019041004, '西武', '楽天', '齊藤 大将', '左', '西武', '浅村 栄斗', '右', '楽天', 8, 1, 4, 2, 3, 1, 1, 132, 'スライダー', 56.5, 56.0, 'ファウル', 3, 3, 13, 'S5');"
"INSERT INTO ballinfo VALUES ('2019-04-10', 2019041004, '西武', '楽天', '齊藤 大将', '左', '西武', '浅村 栄斗', '右', '楽天', 8, 1, 4, 2, 4, 1, 2, 132, 'シンカー', 90.5, 75.6, 'ボール', 4, 5, 20, 'B11');"
"INSERT INTO ballinfo VALUES ('2019-04-10', 2019041004, '西武', '楽天', '齊藤 大将', '左', '西武', '浅村 栄斗', '右', '楽天', 8, 1, 4, 2, 5, 2, 2, 130, 'シンカー', 75.5, 83.6, 'ファウル', 5, 4, 24, 'B18');"
"INSERT INTO ballinfo VALUES ('2019-04-10', 2019041004, '西武', '楽天', '齊藤 大将', '左', '西武', '浅村 栄斗', '右', '楽天', 8, 1, 4, 2, 6, 2, 3, 139, 'ストレート', 56.5, 48.8, 'ファウル', 3, 3, 13, 'S5');"
"INSERT INTO ballinfo VALUES ('2019-04-10', 2019041004, '西武', '楽天', '齊藤 大将', '左', '西武', '浅村 栄斗', '右', '楽天', 8, 1, 4, 2, 7, 2, 4, 138, 'ストレート', 54.0, 35.6, 'ファウル', 2, 3, 8, 'S2');"
"INSERT INTO ballinfo VALUES ('2019-04-10', 2019041004, '西武', '楽天', '齊藤 大将', '左', '西武', '浅村 栄斗', '右', '楽天', 8, 1, 4, 2, 8, 2, 5, 138, 'ストレート', 54.0, 16.4, 'ファウル', 1, 3, 3, 'B3');"
"INSERT INTO ballinfo VALUES ('2019-04-10', 2019041004, '西武', '楽天', '齊藤 大将', '左', '西武', '浅村 栄斗', '右', '楽天', 8, 1, 4, 2, 9, 2, 6, 130, 'スライダー', 16.5, 55.2, 'ファウル', 3, 1, 11, 'B8');"
"INSERT INTO ballinfo VALUES ('2019-04-10', 2019041004, '西武', '楽天', '齊藤 大将', '左', '西武', '浅村 栄斗', '右', '楽天', 8, 1, 4, 2, 10, 2, 7, 128, 'スライダー', 33.0, 84.4, '三ゴロ', 5, 2, 22, 'B16');"
"INSERT INTO ballinfo VALUES ('2019-04-10', 2019041004, '西武', '楽天', '齊藤 大将', '左', '西武', '島内 宏明', '左', '楽天', 8, 1, 5, 3, 1, 0, 0, 139, 'ストレート', 36.0, 35.6, '見逃し', 2, 2, 7, 'S1');"
"INSERT INTO ballinfo VALUES ('2019-04-10', 2019041004, '西武', '楽天', '齊藤 大将', '左', '西武', '島内 宏明', '左', '楽天', 8, 1, 5, 3, 2, 0, 1, 135, 'ストレート', 14.5, 85.6, 'ボール', 5, 1, 21, 'B15');"
"INSERT INTO ballinfo VALUES ('2019-04-10', 2019041004, '西武', '楽天', '齊藤 大将', '左', '西武', '島内 宏明', '左', '楽天', 8, 1, 5, 3, 3, 1, 1, 131, 'スライダー', 37.5, 77.2, '見逃し', 4, 2, 17, 'S7');"
"INSERT INTO ballinfo VALUES ('2019-04-10', 2019041004, '西武', '楽天', '齊藤 大将', '左', '西武', '島内 宏明', '左', '楽天', 8, 1, 5, 3, 4, 1, 2, 138, 'ストレート', 15.0, 55.6, 'ボール', 3, 1, 11, 'B8');"
"INSERT INTO ballinfo VALUES ('2019-04-10', 2019041004, '西武', '楽天', '齊藤 大将', '左', '西武', '島内 宏明', '左', '楽天', 8, 1, 5, 3, 5, 2, 2, 141, 'ストレート', 6.5, 85.2, 'ボール', 5, 1, 21, 'B15');"
"INSERT INTO ballinfo VALUES ('2019-04-10', 2019041004, '西武', '楽天', '齊藤 大将', '左', '西武', '島内 宏明', '左', '楽天', 8, 1, 5, 3, 6, 3, 2, 130, 'スライダー', 36.0, 67.6, '空三振', 4, 2, 17, 'S7');"
"INSERT INTO ballinfo VALUES ('2019-04-10', 2019041004, '西武', '楽天', '福山 博之', '右', '楽天', '山川 穂高', '右', '西武', 8, 2, 1, 0, 1, 0, 0, 136, 'シュート', 9.5, 30.4, '死球', 2, 1, 6, 'B6');"
"INSERT INTO ballinfo VALUES ('2019-04-10', 2019041004, '西武', '楽天', '福山 博之', '右', '楽天', '森 友哉', '左', '西武', 8, 2, 2, 0, 1, 0, 0, 137, 'シュート', 36.5, 17.2, 'ボール', 1, 2, 2, 'B2');"
"INSERT INTO ballinfo VALUES ('2019-04-10', 2019041004, '西武', '楽天', '福山 博之', '右', '楽天', '森 友哉', '左', '西武', 8, 2, 2, 0, 2, 1, 0, 129, 'スライダー', 52.5, 84.0, 'ファウル', 5, 3, 23, 'B17');"
"INSERT INTO ballinfo VALUES ('2019-04-10', 2019041004, '西武', '楽天', '福山 博之', '右', '楽天', '森 友哉', '左', '西武', 8, 2, 2, 0, 3, 1, 1, 137, 'シュート', 17.5, 36.4, 'ボール', 2, 1, 6, 'B6');"
"INSERT INTO ballinfo VALUES ('2019-04-10', 2019041004, '西武', '楽天', '福山 博之', '右', '楽天', '森 友哉', '左', '西武', 8, 2, 2, 0, 4, 2, 1, 138, 'シュート', 77.5, 54.0, '見逃し', 3, 4, 14, 'S6');"
"INSERT INTO ballinfo VALUES ('2019-04-10', 2019041004, '西武', '楽天', '福山 博之', '右', '楽天', '森 友哉', '左', '西武', 8, 2, 2, 0, 5, 2, 2, 138, 'シュート', 16.5, 54.4, '左２', 3, 1, 11, 'B8');"
"INSERT INTO ballinfo VALUES ('2019-04-10', 2019041004, '西武', '楽天', '福山 博之', '右', '楽天', '外崎 修汰', '右', '西武', 8, 2, 3, 1, 1, 0, 0, 140, 'ストレート', 87.0, 75.6, 'ボール', 4, 5, 20, 'B11');"
"INSERT INTO ballinfo VALUES ('2019-04-10', 2019041004, '西武', '楽天', '福山 博之', '右', '楽天', '外崎 修汰', '右', '西武', 8, 2, 3, 1, 2, 1, 0, 0, 'ストレート', 73.0, 74.0, '二ゴロ', 4, 4, 19, 'S9');"
"INSERT INTO ballinfo VALUES ('2019-04-10', 2019041004, '西武', '楽天', '福山 博之', '右', '楽天', '栗山 巧', '左', '西武', 8, 2, 4, 2, 1, 0, 0, 132, 'フォーク', 16.5, 85.2, 'ボール', 5, 1, 21, 'B15');"
"INSERT INTO ballinfo VALUES ('2019-04-10', 2019041004, '西武', '楽天', '福山 博之', '右', '楽天', '栗山 巧', '左', '西武', 8, 2, 4, 2, 2, 1, 0, 136, 'フォーク', 31.5, 84.4, '二ゴロ', 5, 2, 22, 'B16');"
"INSERT INTO ballinfo VALUES ('2019-04-10', 2019041004, '西武', '楽天', '福山 博之', '右', '楽天', '木村 文紀', '右', '西武', 8, 2, 5, 3, 1, 0, 0, 136, 'スライダー', 71.5, 53.2, '右飛', 3, 4, 14, 'S6');"
"INSERT INTO ballinfo VALUES ('2019-04-10', 2019041004, '西武', '楽天', '齊藤 大将', '左', '西武', 'ウィーラー', '右', '楽天', 9, 1, 1, 1, 1, 0, 0, 134, 'ストレート', 74.0, 87.2, 'ボール', 5, 4, 24, 'B18');"
"INSERT INTO ballinfo VALUES ('2019-04-10', 2019041004, '西武', '楽天', '齊藤 大将', '左', '西武', 'ウィーラー', '右', '楽天', 9, 1, 1, 1, 2, 1, 0, 129, 'シンカー', 74.5, 74.8, '見逃し', 4, 4, 19, 'S9');"
"INSERT INTO ballinfo VALUES ('2019-04-10', 2019041004, '西武', '楽天', '齊藤 大将', '左', '西武', 'ウィーラー', '右', '楽天', 9, 1, 1, 1, 3, 1, 1, 129, 'シンカー', 54.5, 75.6, '見逃し', 4, 3, 18, 'S8');"
"INSERT INTO ballinfo VALUES ('2019-04-10', 2019041004, '西武', '楽天', '齊藤 大将', '左', '西武', 'ウィーラー', '右', '楽天', 9, 1, 1, 1, 4, 1, 2, 140, 'ストレート', 33.0, 34.0, '見三振', 2, 2, 7, 'S1');"
"INSERT INTO ballinfo VALUES ('2019-04-10', 2019041004, '西武', '楽天', '齊藤 大将', '左', '西武', '銀次', '左', '楽天', 9, 1, 2, 2, 1, 0, 0, 132, 'スライダー', 34.5, 84.8, 'ボール', 5, 2, 22, 'B16');"
"INSERT INTO ballinfo VALUES ('2019-04-10', 2019041004, '西武', '楽天', '齊藤 大将', '左', '西武', '銀次', '左', '楽天', 9, 1, 2, 2, 2, 1, 0, 125, 'スライダー', 77.5, 56.4, 'ファウル', 3, 4, 14, 'S6');"
"INSERT INTO ballinfo VALUES ('2019-04-10', 2019041004, '西武', '楽天', '齊藤 大将', '左', '西武', '銀次', '左', '楽天', 9, 1, 2, 2, 3, 1, 1, 139, 'ストレート', 87.5, 36.8, '投ゴロ', 2, 5, 10, 'B7');"
"INSERT INTO ballinfo VALUES ('2019-04-10', 2019041004, '西武', '楽天', '齊藤 大将', '左', '西武', 'ブラッシュ', '右', '楽天', 9, 1, 3, 3, 1, 0, 0, 137, 'ストレート', 35.0, 16.4, 'ボール', 1, 2, 2, 'B2');"
"INSERT INTO ballinfo VALUES ('2019-04-10', 2019041004, '西武', '楽天', '齊藤 大将', '左', '西武', 'ブラッシュ', '右', '楽天', 9, 1, 3, 3, 2, 1, 0, 130, 'スライダー', 75.5, 55.6, '見逃し', 3, 4, 14, 'S6');"
"INSERT INTO ballinfo VALUES ('2019-04-10', 2019041004, '西武', '楽天', '齊藤 大将', '左', '西武', 'ブラッシュ', '右', '楽天', 9, 1, 3, 3, 3, 1, 1, 139, 'ストレート', 55.5, 35.6, '空振り', 2, 3, 8, 'S2');"
"INSERT INTO ballinfo VALUES ('2019-04-10', 2019041004, '西武', '楽天', '齊藤 大将', '左', '西武', 'ブラッシュ', '右', '楽天', 9, 1, 3, 3, 4, 1, 2, 129, 'スライダー', 87.0, 33.6, 'ボール', 2, 5, 10, 'B7');"
"INSERT INTO ballinfo VALUES ('2019-04-10', 2019041004, '西武', '楽天', '齊藤 大将', '左', '西武', 'ブラッシュ', '右', '楽天', 9, 1, 3, 3, 5, 2, 2, 131, 'スライダー', 35.0, 84.4, '空三振', 5, 2, 22, 'B16');"
"INSERT INTO ballinfo VALUES ('2019-04-10', 2019041004, '西武', '楽天', '松井 裕樹', '左', '楽天', 'メヒア', '右', '西武', 9, 2, 1, 0, 1, 0, 0, 144, 'ストレート', 86.5, 34.4, 'ボール', 2, 5, 10, 'B7');"
"INSERT INTO ballinfo VALUES ('2019-04-10', 2019041004, '西武', '楽天', '松井 裕樹', '左', '楽天', 'メヒア', '右', '西武', 9, 2, 1, 0, 2, 1, 0, 0, 'ストレート', 76.5, 36.0, '空振り', 2, 4, 9, 'S3');"
"INSERT INTO ballinfo VALUES ('2019-04-10', 2019041004, '西武', '楽天', '松井 裕樹', '左', '楽天', 'メヒア', '右', '西武', 9, 2, 1, 0, 3, 1, 1, 140, 'ストレート', 35.0, 36.4, 'ファウル', 2, 2, 7, 'S1');"
"INSERT INTO ballinfo VALUES ('2019-04-10', 2019041004, '西武', '楽天', '松井 裕樹', '左', '楽天', 'メヒア', '右', '西武', 9, 2, 1, 0, 4, 1, 2, 124, 'チェンジアップ', 75.0, 84.0, 'ボール', 5, 4, 24, 'B18');"
"INSERT INTO ballinfo VALUES ('2019-04-10', 2019041004, '西武', '楽天', '松井 裕樹', '左', '楽天', 'メヒア', '右', '西武', 9, 2, 1, 0, 5, 2, 2, 0, 'ストレート', 33.0, 85.2, 'ボール', 5, 2, 22, 'B16');"
"INSERT INTO ballinfo VALUES ('2019-04-10', 2019041004, '西武', '楽天', '松井 裕樹', '左', '楽天', 'メヒア', '右', '西武', 9, 2, 1, 0, 6, 3, 2, 141, 'ストレート', 74.5, 27.6, '右本', 2, 4, 9, 'S3');"
"INSERT INTO ballinfo VALUES ('2019-04-10', 2019041004, '西武', '楽天', '松井 裕樹', '左', '楽天', '金子 侑司', '右', '西武', 9, 2, 2, 0, 1, 0, 0, 134, 'スライダー', 33.5, 66.8, '中安', 4, 2, 17, 'S7');"
"INSERT INTO ballinfo VALUES ('2019-04-10', 2019041004, '西武', '楽天', '松井 裕樹', '左', '楽天', '源田 壮亮', '左', '西武', 9, 2, 3, 1, 1, 0, 0, 0, 'ストレート', 16.5, 75.6, 'ボール', 4, 1, 16, 'B10');"
"INSERT INTO ballinfo VALUES ('2019-04-10', 2019041004, '西武', '楽天', '松井 裕樹', '左', '楽天', '源田 壮亮', '左', '西武', 9, 2, 3, 1, 2, 1, 0, 130, 'チェンジアップ', 67.5, 56.0, '空振り', 3, 4, 14, 'S6');"
"INSERT INTO ballinfo VALUES ('2019-04-10', 2019041004, '西武', '楽天', '松井 裕樹', '左', '楽天', '源田 壮亮', '左', '西武', 9, 2, 3, 1, 3, 1, 1, 128, 'チェンジアップ', 36.0, 55.6, '見逃し', 3, 2, 12, 'S4');"
"INSERT INTO ballinfo VALUES ('2019-04-10', 2019041004, '西武', '楽天', '松井 裕樹', '左', '楽天', '源田 壮亮', '左', '西武', 9, 2, 3, 1, 4, 1, 2, 142, 'ストレート', 16.0, 68.0, '空三振', 4, 1, 16, 'B10');"
"INSERT INTO ballinfo VALUES ('2019-04-10', 2019041004, '西武', '楽天', '松井 裕樹', '左', '楽天', '秋山 翔吾', '左', '西武', 9, 2, 4, 2, 1, 0, 0, 131, 'チェンジアップ', 34.5, 56.0, '中飛', 3, 2, 12, 'S4');"
"INSERT INTO ballinfo VALUES ('2019-04-10', 2019041004, '西武', '楽天', '松井 裕樹', '左', '楽天', '山川 穂高', '右', '西武', 9, 2, 5, 3, 1, 0, 0, 131, 'チェンジアップ', 74.5, 35.6, '見逃し', 2, 4, 9, 'S3');"
"INSERT INTO ballinfo VALUES ('2019-04-10', 2019041004, '西武', '楽天', '松井 裕樹', '左', '楽天', '山川 穂高', '右', '西武', 9, 2, 5, 3, 2, 0, 1, 0, 'ストレート', 75.5, 17.2, 'ボール', 1, 4, 4, 'B4');"
"INSERT INTO ballinfo VALUES ('2019-04-10', 2019041004, '西武', '楽天', '松井 裕樹', '左', '楽天', '山川 穂高', '右', '西武', 9, 2, 5, 3, 3, 1, 1, 136, 'スライダー', 56.0, 36.0, 'ファウル', 2, 3, 8, 'S2');"
"INSERT INTO ballinfo VALUES ('2019-04-10', 2019041004, '西武', '楽天', '松井 裕樹', '左', '楽天', '山川 穂高', '右', '西武', 9, 2, 5, 3, 4, 1, 2, 126, 'チェンジアップ', 72.5, 85.2, '空振り', 5, 4, 24, 'B18');"
