"INSERT INTO ballinfo VALUES ('2019-04-10', 2019041001, '中日', '巨人', 'ロメロ', '左', '中日', '吉川 尚輝', '左', '巨人', 1, 1, 1, 1, 1, 0, 0, 0, 'ストレート', 71.0, 29.6, 'ファウル', 2, 4, 9, 'S3');"
"INSERT INTO ballinfo VALUES ('2019-04-10', 2019041001, '中日', '巨人', 'ロメロ', '左', '中日', '吉川 尚輝', '左', '巨人', 1, 1, 1, 1, 2, 0, 1, 151, 'ストレート', 51.5, 11.2, 'ボール', 1, 3, 3, 'B3');"
"INSERT INTO ballinfo VALUES ('2019-04-10', 2019041001, '中日', '巨人', 'ロメロ', '左', '中日', '吉川 尚輝', '左', '巨人', 1, 1, 1, 1, 3, 1, 1, 136, 'カットボール', 49.5, 50.0, '空振り', 3, 3, 13, 'S5');"
"INSERT INTO ballinfo VALUES ('2019-04-10', 2019041001, '中日', '巨人', 'ロメロ', '左', '中日', '吉川 尚輝', '左', '巨人', 1, 1, 1, 1, 4, 1, 2, 151, 'ストレート', 27.5, 84.8, 'ボール', 5, 2, 22, 'B16');"
"INSERT INTO ballinfo VALUES ('2019-04-10', 2019041001, '中日', '巨人', 'ロメロ', '左', '中日', '吉川 尚輝', '左', '巨人', 1, 1, 1, 1, 5, 2, 2, 135, 'スライダー', 52.5, 28.0, '左飛', 2, 3, 8, 'S2');"
"INSERT INTO ballinfo VALUES ('2019-04-10', 2019041001, '中日', '巨人', 'ロメロ', '左', '中日', '坂本 勇人', '右', '巨人', 1, 1, 2, 2, 1, 0, 0, 148, 'ストレート', 86.5, 70.8, 'ボール', 4, 5, 20, 'B11');"
"INSERT INTO ballinfo VALUES ('2019-04-10', 2019041001, '中日', '巨人', 'ロメロ', '左', '中日', '坂本 勇人', '右', '巨人', 1, 1, 2, 2, 2, 1, 0, 138, 'カットボール', 74.0, 26.0, '見逃し', 2, 4, 9, 'S3');"
"INSERT INTO ballinfo VALUES ('2019-04-10', 2019041001, '中日', '巨人', 'ロメロ', '左', '中日', '坂本 勇人', '右', '巨人', 1, 1, 2, 2, 3, 1, 1, 150, 'ストレート', 15.5, 15.6, 'ボール', 1, 1, 1, 'B1');"
"INSERT INTO ballinfo VALUES ('2019-04-10', 2019041001, '中日', '巨人', 'ロメロ', '左', '中日', '坂本 勇人', '右', '巨人', 1, 1, 2, 2, 4, 2, 1, 138, 'チェンジアップ', 91.0, 88.4, 'ボール', 5, 5, 25, 'B19');"
"INSERT INTO ballinfo VALUES ('2019-04-10', 2019041001, '中日', '巨人', 'ロメロ', '左', '中日', '坂本 勇人', '右', '巨人', 1, 1, 2, 2, 5, 3, 1, 153, 'ストレート', 48.0, 15.6, '空振り', 1, 3, 3, 'B3');"
"INSERT INTO ballinfo VALUES ('2019-04-10', 2019041001, '中日', '巨人', 'ロメロ', '左', '中日', '坂本 勇人', '右', '巨人', 1, 1, 2, 2, 6, 3, 2, 154, 'ストレート', 55.5, 15.6, 'ファウル', 1, 3, 3, 'B3');"
"INSERT INTO ballinfo VALUES ('2019-04-10', 2019041001, '中日', '巨人', 'ロメロ', '左', '中日', '坂本 勇人', '右', '巨人', 1, 1, 2, 2, 7, 3, 3, 154, 'ストレート', 68.5, 68.0, 'ファウル', 4, 4, 19, 'S9');"
"INSERT INTO ballinfo VALUES ('2019-04-10', 2019041001, '中日', '巨人', 'ロメロ', '左', '中日', '坂本 勇人', '右', '巨人', 1, 1, 2, 2, 8, 3, 4, 153, 'ストレート', 33.5, 49.6, '右飛', 3, 2, 12, 'S4');"
"INSERT INTO ballinfo VALUES ('2019-04-10', 2019041001, '中日', '巨人', 'ロメロ', '左', '中日', '丸 佳浩', '左', '巨人', 1, 1, 3, 2, 1, 0, 0, 153, 'ストレート', 74.5, 33.6, '空振り', 2, 4, 9, 'S3');"
"INSERT INTO ballinfo VALUES ('2019-04-10', 2019041001, '中日', '巨人', 'ロメロ', '左', '中日', '丸 佳浩', '左', '巨人', 1, 1, 3, 2, 2, 0, 1, 153, 'ストレート', 71.5, 90.4, 'ボール', 5, 4, 24, 'B18');"
"INSERT INTO ballinfo VALUES ('2019-04-10', 2019041001, '中日', '巨人', 'ロメロ', '左', '中日', '丸 佳浩', '左', '巨人', 1, 1, 3, 2, 3, 1, 1, 152, 'ストレート', 50.0, 68.4, '左安', 4, 3, 18, 'S8');"
"INSERT INTO ballinfo VALUES ('2019-04-10', 2019041001, '中日', '巨人', 'ロメロ', '左', '中日', '岡本 和真', '右', '巨人', 1, 1, 4, 2, 1, 0, 0, 153, 'ストレート', 33.5, 49.2, 'ファウル', 3, 2, 12, 'S4');"
"INSERT INTO ballinfo VALUES ('2019-04-10', 2019041001, '中日', '巨人', 'ロメロ', '左', '中日', '岡本 和真', '右', '巨人', 1, 1, 4, 2, 2, 0, 1, 151, 'ストレート', 74.5, 72.8, '見逃し', 4, 4, 19, 'S9');"
"INSERT INTO ballinfo VALUES ('2019-04-10', 2019041001, '中日', '巨人', 'ロメロ', '左', '中日', '岡本 和真', '右', '巨人', 1, 1, 4, 2, 3, 0, 2, 154, 'ストレート', 86.5, 17.2, 'ファウル', 1, 5, 5, 'B5');"
"INSERT INTO ballinfo VALUES ('2019-04-10', 2019041001, '中日', '巨人', 'ロメロ', '左', '中日', '岡本 和真', '右', '巨人', 1, 1, 4, 2, 4, 0, 3, 155, 'ストレート', 86.5, 47.6, 'ボール', 3, 5, 15, 'B9');"
"INSERT INTO ballinfo VALUES ('2019-04-10', 2019041001, '中日', '巨人', 'ロメロ', '左', '中日', '岡本 和真', '右', '巨人', 1, 1, 4, 2, 5, 1, 3, 151, 'ストレート', 73.5, 55.2, '中安', 3, 4, 14, 'S6');"
"INSERT INTO ballinfo VALUES ('2019-04-10', 2019041001, '中日', '巨人', 'ロメロ', '左', '中日', 'ビヤヌエバ', '右', '巨人', 1, 1, 5, 3, 1, 0, 0, 153, 'ストレート', 32.0, 30.4, 'ファウル', 2, 2, 7, 'S1');"
"INSERT INTO ballinfo VALUES ('2019-04-10', 2019041001, '中日', '巨人', 'ロメロ', '左', '中日', 'ビヤヌエバ', '右', '巨人', 1, 1, 5, 3, 2, 0, 1, 152, 'ストレート', 30.0, 16.4, 'ファウル', 1, 2, 2, 'B2');"
"INSERT INTO ballinfo VALUES ('2019-04-10', 2019041001, '中日', '巨人', 'ロメロ', '左', '中日', 'ビヤヌエバ', '右', '巨人', 1, 1, 5, 3, 3, 0, 2, 153, 'ストレート', 88.5, 87.2, 'ボール', 5, 5, 25, 'B19');"
"INSERT INTO ballinfo VALUES ('2019-04-10', 2019041001, '中日', '巨人', 'ロメロ', '左', '中日', 'ビヤヌエバ', '右', '巨人', 1, 1, 5, 3, 4, 1, 2, 154, 'ストレート', 86.5, 28.8, 'ファウル', 2, 5, 10, 'B7');"
"INSERT INTO ballinfo VALUES ('2019-04-10', 2019041001, '中日', '巨人', 'ロメロ', '左', '中日', 'ビヤヌエバ', '右', '巨人', 1, 1, 5, 3, 5, 1, 3, 155, 'ストレート', 36.0, 16.4, '空三振', 1, 2, 2, 'B2');"
"INSERT INTO ballinfo VALUES ('2019-04-10', 2019041001, '中日', '巨人', 'メルセデス', '左', '巨人', '京田 陽太', '左', '中日', 1, 2, 1, 0, 1, 0, 0, 143, 'ストレート', 29.5, 85.6, 'ボール', 5, 2, 22, 'B16');"
"INSERT INTO ballinfo VALUES ('2019-04-10', 2019041001, '中日', '巨人', 'メルセデス', '左', '巨人', '京田 陽太', '左', '中日', 1, 2, 1, 0, 2, 1, 0, 142, 'ストレート', 35.0, 70.4, '見逃し', 4, 2, 17, 'S7');"
"INSERT INTO ballinfo VALUES ('2019-04-10', 2019041001, '中日', '巨人', 'メルセデス', '左', '巨人', '京田 陽太', '左', '中日', 1, 2, 1, 0, 3, 1, 1, 140, 'シュート', 73.0, 86.4, 'ボール', 5, 4, 24, 'B18');"
"INSERT INTO ballinfo VALUES ('2019-04-10', 2019041001, '中日', '巨人', 'メルセデス', '左', '巨人', '京田 陽太', '左', '中日', 1, 2, 1, 0, 4, 2, 1, 124, 'スライダー', 51.0, 89.2, 'ボール', 5, 3, 23, 'B17');"
"INSERT INTO ballinfo VALUES ('2019-04-10', 2019041001, '中日', '巨人', 'メルセデス', '左', '巨人', '京田 陽太', '左', '中日', 1, 2, 1, 0, 5, 3, 1, 140, 'ストレート', 51.5, 69.2, '見逃し', 4, 3, 18, 'S8');"
"INSERT INTO ballinfo VALUES ('2019-04-10', 2019041001, '中日', '巨人', 'メルセデス', '左', '巨人', '京田 陽太', '左', '中日', 1, 2, 1, 0, 6, 3, 2, 141, 'ストレート', 16.5, 74.4, 'ファウル', 4, 1, 16, 'B10');"
"INSERT INTO ballinfo VALUES ('2019-04-10', 2019041001, '中日', '巨人', 'メルセデス', '左', '巨人', '京田 陽太', '左', '中日', 1, 2, 1, 0, 7, 3, 3, 140, 'ストレート', 34.5, 51.6, '投安', 3, 2, 12, 'S4');"
"INSERT INTO ballinfo VALUES ('2019-04-10', 2019041001, '中日', '巨人', 'メルセデス', '左', '巨人', '大島 洋平', '左', '中日', 1, 2, 2, 1, 1, 0, 0, 140, 'ストレート', 36.5, 46.4, '見逃し', 3, 2, 12, 'S4');"
"INSERT INTO ballinfo VALUES ('2019-04-10', 2019041001, '中日', '巨人', 'メルセデス', '左', '巨人', '大島 洋平', '左', '中日', 1, 2, 2, 1, 2, 0, 1, 139, 'ストレート', 30.5, 34.8, '見逃し', 2, 2, 7, 'S1');"
"INSERT INTO ballinfo VALUES ('2019-04-10', 2019041001, '中日', '巨人', 'メルセデス', '左', '巨人', '大島 洋平', '左', '中日', 1, 2, 2, 1, 3, 0, 2, 143, 'ストレート', 10.0, 86.0, 'ボール', 5, 1, 21, 'B15');"
"INSERT INTO ballinfo VALUES ('2019-04-10', 2019041001, '中日', '巨人', 'メルセデス', '左', '巨人', '大島 洋平', '左', '中日', 1, 2, 2, 1, 4, 1, 2, 142, 'シュート', 70.5, 32.8, '二ゴロ', 2, 4, 9, 'S3');"
"INSERT INTO ballinfo VALUES ('2019-04-10', 2019041001, '中日', '巨人', 'メルセデス', '左', '巨人', '平田 良介', '右', '中日', 1, 2, 3, 2, 1, 0, 0, 142, 'ストレート', 49.0, 45.6, '右飛', 3, 3, 13, 'S5');"
"INSERT INTO ballinfo VALUES ('2019-04-10', 2019041001, '中日', '巨人', 'メルセデス', '左', '巨人', 'ビシエド', '右', '中日', 1, 2, 4, 3, 1, 0, 0, 142, 'ストレート', 50.0, 86.8, 'ボール', 5, 3, 23, 'B17');"
"INSERT INTO ballinfo VALUES ('2019-04-10', 2019041001, '中日', '巨人', 'メルセデス', '左', '巨人', 'ビシエド', '右', '中日', 1, 2, 4, 3, 2, 1, 0, 140, 'ストレート', 71.5, 28.8, '見逃し', 2, 4, 9, 'S3');"
"INSERT INTO ballinfo VALUES ('2019-04-10', 2019041001, '中日', '巨人', 'メルセデス', '左', '巨人', 'ビシエド', '右', '中日', 1, 2, 4, 3, 3, 1, 1, 138, 'シュート', 86.5, 86.8, 'ボール', 5, 5, 25, 'B19');"
"INSERT INTO ballinfo VALUES ('2019-04-10', 2019041001, '中日', '巨人', 'メルセデス', '左', '巨人', 'ビシエド', '右', '中日', 1, 2, 4, 3, 4, 2, 1, 125, 'スライダー', 50.0, 70.0, '遊ゴロ', 4, 3, 18, 'S8');"
"INSERT INTO ballinfo VALUES ('2019-04-10', 2019041001, '中日', '巨人', 'ロメロ', '左', '中日', 'ゲレーロ', '右', '巨人', 2, 1, 1, 0, 1, 0, 0, 131, 'チェンジアップ', 87.0, 85.6, 'ボール', 5, 5, 25, 'B19');"
"INSERT INTO ballinfo VALUES ('2019-04-10', 2019041001, '中日', '巨人', 'ロメロ', '左', '中日', 'ゲレーロ', '右', '巨人', 2, 1, 1, 0, 2, 1, 0, 151, 'ストレート', 92.0, 15.6, 'ボール', 1, 5, 5, 'B5');"
"INSERT INTO ballinfo VALUES ('2019-04-10', 2019041001, '中日', '巨人', 'ロメロ', '左', '中日', 'ゲレーロ', '右', '巨人', 2, 1, 1, 0, 3, 2, 0, 152, 'ストレート', 87.5, 6.4, 'ボール', 1, 5, 5, 'B5');"
"INSERT INTO ballinfo VALUES ('2019-04-10', 2019041001, '中日', '巨人', 'ロメロ', '左', '中日', 'ゲレーロ', '右', '巨人', 2, 1, 1, 0, 4, 3, 0, 151, 'ストレート', 93.5, 9.6, '四球', 1, 5, 5, 'B5');"
"INSERT INTO ballinfo VALUES ('2019-04-10', 2019041001, '中日', '巨人', 'ロメロ', '左', '中日', '陽 岱鋼', '右', '巨人', 2, 1, 2, 2, 1, 0, 0, 149, 'ストレート', 76.5, 25.6, '見逃し', 2, 4, 9, 'S3');"
"INSERT INTO ballinfo VALUES ('2019-04-10', 2019041001, '中日', '巨人', 'ロメロ', '左', '中日', '陽 岱鋼', '右', '巨人', 2, 1, 2, 2, 2, 0, 1, 151, 'ストレート', 35.5, 27.6, 'ファウル', 2, 2, 7, 'S1');"
"INSERT INTO ballinfo VALUES ('2019-04-10', 2019041001, '中日', '巨人', 'ロメロ', '左', '中日', '陽 岱鋼', '右', '巨人', 2, 1, 2, 2, 3, 0, 2, 152, 'ストレート', 50.5, 5.2, 'ボール', 1, 3, 3, 'B3');"
"INSERT INTO ballinfo VALUES ('2019-04-10', 2019041001, '中日', '巨人', 'ロメロ', '左', '中日', '陽 岱鋼', '右', '巨人', 2, 1, 2, 2, 4, 1, 2, 153, 'ストレート', 15.0, 14.4, 'ボール', 1, 1, 1, 'B1');"
"INSERT INTO ballinfo VALUES ('2019-04-10', 2019041001, '中日', '巨人', 'ロメロ', '左', '中日', '陽 岱鋼', '右', '巨人', 2, 1, 2, 2, 5, 2, 2, 139, 'チェンジアップ', 88.5, 28.8, '二併打', 2, 5, 10, 'B7');"
"INSERT INTO ballinfo VALUES ('2019-04-10', 2019041001, '中日', '巨人', 'ロメロ', '左', '中日', '大城 卓三', '左', '巨人', 2, 1, 3, 3, 1, 0, 0, 152, 'ストレート', 86.5, 50.4, '空振り', 3, 5, 15, 'B9');"
"INSERT INTO ballinfo VALUES ('2019-04-10', 2019041001, '中日', '巨人', 'ロメロ', '左', '中日', '大城 卓三', '左', '巨人', 2, 1, 3, 3, 2, 0, 1, 153, 'ストレート', 31.5, 9.6, 'ボール', 1, 2, 2, 'B2');"
"INSERT INTO ballinfo VALUES ('2019-04-10', 2019041001, '中日', '巨人', 'ロメロ', '左', '中日', '大城 卓三', '左', '巨人', 2, 1, 3, 3, 3, 1, 1, 137, 'カットボール', 73.5, 46.4, 'ファウル', 3, 4, 14, 'S6');"
"INSERT INTO ballinfo VALUES ('2019-04-10', 2019041001, '中日', '巨人', 'ロメロ', '左', '中日', '大城 卓三', '左', '巨人', 2, 1, 3, 3, 4, 1, 2, 137, 'カットボール', 30.5, 69.2, '二ゴロ', 4, 2, 17, 'S7');"
"INSERT INTO ballinfo VALUES ('2019-04-10', 2019041001, '中日', '巨人', 'メルセデス', '左', '巨人', '福田 永将', '右', '中日', 2, 2, 1, 1, 1, 0, 0, 139, 'シュート', 72.5, 30.4, '見逃し', 2, 4, 9, 'S3');"
"INSERT INTO ballinfo VALUES ('2019-04-10', 2019041001, '中日', '巨人', 'メルセデス', '左', '巨人', '福田 永将', '右', '中日', 2, 2, 1, 1, 2, 0, 1, 139, 'ストレート', 14.5, 16.8, 'ボール', 1, 1, 1, 'B1');"
"INSERT INTO ballinfo VALUES ('2019-04-10', 2019041001, '中日', '巨人', 'メルセデス', '左', '巨人', '福田 永将', '右', '中日', 2, 2, 1, 1, 3, 1, 1, 136, 'シュート', 85.5, 85.2, 'ボール', 5, 5, 25, 'B19');"
"INSERT INTO ballinfo VALUES ('2019-04-10', 2019041001, '中日', '巨人', 'メルセデス', '左', '巨人', '福田 永将', '右', '中日', 2, 2, 1, 1, 4, 2, 1, 140, 'ストレート', 71.5, 74.0, '見逃し', 4, 4, 19, 'S9');"
"INSERT INTO ballinfo VALUES ('2019-04-10', 2019041001, '中日', '巨人', 'メルセデス', '左', '巨人', '福田 永将', '右', '中日', 2, 2, 1, 1, 5, 2, 2, 138, 'ストレート', 72.0, 51.6, '空三振', 3, 4, 14, 'S6');"
"INSERT INTO ballinfo VALUES ('2019-04-10', 2019041001, '中日', '巨人', 'メルセデス', '左', '巨人', '高橋 周平', '左', '中日', 2, 2, 2, 1, 1, 0, 0, 117, 'カーブ', 70.0, 51.6, '見逃し', 3, 4, 14, 'S6');"
"INSERT INTO ballinfo VALUES ('2019-04-10', 2019041001, '中日', '巨人', 'メルセデス', '左', '巨人', '高橋 周平', '左', '中日', 2, 2, 2, 1, 2, 0, 1, 141, 'ストレート', 15.5, 29.2, 'ボール', 2, 1, 6, 'B6');"
"INSERT INTO ballinfo VALUES ('2019-04-10', 2019041001, '中日', '巨人', 'メルセデス', '左', '巨人', '高橋 周平', '左', '中日', 2, 2, 2, 1, 3, 1, 1, 142, 'ストレート', 29.5, 86.8, 'ボール', 5, 2, 22, 'B16');"
"INSERT INTO ballinfo VALUES ('2019-04-10', 2019041001, '中日', '巨人', 'メルセデス', '左', '巨人', '高橋 周平', '左', '中日', 2, 2, 2, 1, 4, 2, 1, 125, 'スライダー', 29.0, 73.6, 'ファウル', 4, 2, 17, 'S7');"
"INSERT INTO ballinfo VALUES ('2019-04-10', 2019041001, '中日', '巨人', 'メルセデス', '左', '巨人', '高橋 周平', '左', '中日', 2, 2, 2, 1, 5, 2, 2, 121, 'スライダー', 94.5, 14.8, 'ボール', 1, 5, 5, 'B5');"
"INSERT INTO ballinfo VALUES ('2019-04-10', 2019041001, '中日', '巨人', 'メルセデス', '左', '巨人', '高橋 周平', '左', '中日', 2, 2, 2, 1, 6, 3, 2, 140, 'ストレート', 16.5, 53.2, '四球', 3, 1, 11, 'B8');"
"INSERT INTO ballinfo VALUES ('2019-04-10', 2019041001, '中日', '巨人', 'メルセデス', '左', '巨人', '三ツ俣 大樹', '右', '中日', 2, 2, 3, 3, 1, 0, 0, 144, 'ストレート', 15.0, 87.6, 'ボール', 5, 1, 21, 'B15');"
"INSERT INTO ballinfo VALUES ('2019-04-10', 2019041001, '中日', '巨人', 'メルセデス', '左', '巨人', '三ツ俣 大樹', '右', '中日', 2, 2, 3, 3, 2, 1, 0, 134, 'スライダー', 51.5, 66.4, '三併打', 4, 3, 18, 'S8');"
"INSERT INTO ballinfo VALUES ('2019-04-10', 2019041001, '中日', '巨人', 'ロメロ', '左', '中日', 'メルセデス', '左', '巨人', 3, 1, 1, 1, 1, 0, 0, 146, 'ストレート', 89.0, 16.0, 'ボール', 1, 5, 5, 'B5');"
"INSERT INTO ballinfo VALUES ('2019-04-10', 2019041001, '中日', '巨人', 'ロメロ', '左', '中日', 'メルセデス', '左', '巨人', 3, 1, 1, 1, 2, 1, 0, 147, 'ストレート', 51.5, 89.2, 'ボール', 5, 3, 23, 'B17');"
"INSERT INTO ballinfo VALUES ('2019-04-10', 2019041001, '中日', '巨人', 'ロメロ', '左', '中日', 'メルセデス', '左', '巨人', 3, 1, 1, 1, 3, 2, 0, 149, 'ストレート', 69.5, 34.4, '見逃し', 2, 4, 9, 'S3');"
"INSERT INTO ballinfo VALUES ('2019-04-10', 2019041001, '中日', '巨人', 'ロメロ', '左', '中日', 'メルセデス', '左', '巨人', 3, 1, 1, 1, 4, 2, 1, 149, 'ストレート', 86.0, 68.0, '空振り', 4, 5, 20, 'B11');"
"INSERT INTO ballinfo VALUES ('2019-04-10', 2019041001, '中日', '巨人', 'ロメロ', '左', '中日', 'メルセデス', '左', '巨人', 3, 1, 1, 1, 5, 2, 2, 150, 'ストレート', 51.0, 70.0, '見三振', 4, 3, 18, 'S8');"
"INSERT INTO ballinfo VALUES ('2019-04-10', 2019041001, '中日', '巨人', 'ロメロ', '左', '中日', '吉川 尚輝', '左', '巨人', 3, 1, 2, 2, 1, 0, 0, 135, 'スライダー', 51.0, 89.2, 'ボール', 5, 3, 23, 'B17');"
"INSERT INTO ballinfo VALUES ('2019-04-10', 2019041001, '中日', '巨人', 'ロメロ', '左', '中日', '吉川 尚輝', '左', '巨人', 3, 1, 2, 2, 2, 1, 0, 135, 'スライダー', 13.0, 88.4, 'ボール', 5, 1, 21, 'B15');"
"INSERT INTO ballinfo VALUES ('2019-04-10', 2019041001, '中日', '巨人', 'ロメロ', '左', '中日', '吉川 尚輝', '左', '巨人', 3, 1, 2, 2, 3, 2, 0, 150, 'ストレート', 70.5, 50.0, '二ゴロ', 3, 4, 14, 'S6');"
"INSERT INTO ballinfo VALUES ('2019-04-10', 2019041001, '中日', '巨人', 'ロメロ', '左', '中日', '坂本 勇人', '右', '巨人', 3, 1, 3, 3, 1, 0, 0, 130, 'スライダー', 31.5, 88.0, 'ボール', 5, 2, 22, 'B16');"
"INSERT INTO ballinfo VALUES ('2019-04-10', 2019041001, '中日', '巨人', 'ロメロ', '左', '中日', '坂本 勇人', '右', '巨人', 3, 1, 3, 3, 2, 1, 0, 149, 'ストレート', 29.5, 13.2, 'ボール', 1, 2, 2, 'B2');"
"INSERT INTO ballinfo VALUES ('2019-04-10', 2019041001, '中日', '巨人', 'ロメロ', '左', '中日', '坂本 勇人', '右', '巨人', 3, 1, 3, 3, 3, 2, 0, 151, 'ストレート', 34.0, 31.6, '右飛', 2, 2, 7, 'S1');"
"INSERT INTO ballinfo VALUES ('2019-04-10', 2019041001, '中日', '巨人', 'メルセデス', '左', '巨人', '加藤 匠馬', '右', '中日', 3, 2, 1, 1, 1, 0, 0, 122, 'スライダー', 51.0, 75.2, '見逃し', 4, 3, 18, 'S8');"
"INSERT INTO ballinfo VALUES ('2019-04-10', 2019041001, '中日', '巨人', 'メルセデス', '左', '巨人', '加藤 匠馬', '右', '中日', 3, 2, 1, 1, 2, 0, 1, 129, 'スライダー', 73.5, 71.6, '見逃し', 4, 4, 19, 'S9');"
"INSERT INTO ballinfo VALUES ('2019-04-10', 2019041001, '中日', '巨人', 'メルセデス', '左', '巨人', '加藤 匠馬', '右', '中日', 3, 2, 1, 1, 3, 0, 2, 124, 'スライダー', 16.5, 89.2, 'ボール', 5, 1, 21, 'B15');"
"INSERT INTO ballinfo VALUES ('2019-04-10', 2019041001, '中日', '巨人', 'メルセデス', '左', '巨人', '加藤 匠馬', '右', '中日', 3, 2, 1, 1, 4, 1, 2, 140, 'ストレート', 15.5, 28.8, 'ボール', 2, 1, 6, 'B6');"
"INSERT INTO ballinfo VALUES ('2019-04-10', 2019041001, '中日', '巨人', 'メルセデス', '左', '巨人', '加藤 匠馬', '右', '中日', 3, 2, 1, 1, 5, 2, 2, 140, 'ストレート', 49.0, 28.8, 'ファウル', 2, 3, 8, 'S2');"
"INSERT INTO ballinfo VALUES ('2019-04-10', 2019041001, '中日', '巨人', 'メルセデス', '左', '巨人', '加藤 匠馬', '右', '中日', 3, 2, 1, 1, 6, 2, 3, 143, 'ストレート', 29.5, 54.4, 'ファウル', 3, 2, 12, 'S4');"
"INSERT INTO ballinfo VALUES ('2019-04-10', 2019041001, '中日', '巨人', 'メルセデス', '左', '巨人', '加藤 匠馬', '右', '中日', 3, 2, 1, 1, 7, 2, 4, 142, 'ストレート', 34.5, 25.6, '空三振', 2, 2, 7, 'S1');"
"INSERT INTO ballinfo VALUES ('2019-04-10', 2019041001, '中日', '巨人', 'メルセデス', '左', '巨人', 'ロメロ', '右', '中日', 3, 2, 2, 2, 1, 0, 0, 139, 'ストレート', 70.5, 87.6, 'ボール', 5, 4, 24, 'B18');"
"INSERT INTO ballinfo VALUES ('2019-04-10', 2019041001, '中日', '巨人', 'メルセデス', '左', '巨人', 'ロメロ', '右', '中日', 3, 2, 2, 2, 2, 1, 0, 139, 'ストレート', 85.5, 28.8, 'ボール', 2, 5, 10, 'B7');"
"INSERT INTO ballinfo VALUES ('2019-04-10', 2019041001, '中日', '巨人', 'メルセデス', '左', '巨人', 'ロメロ', '右', '中日', 3, 2, 2, 2, 3, 2, 0, 120, 'スライダー', 48.5, 71.2, '空振り', 4, 3, 18, 'S8');"
"INSERT INTO ballinfo VALUES ('2019-04-10', 2019041001, '中日', '巨人', 'メルセデス', '左', '巨人', 'ロメロ', '右', '中日', 3, 2, 2, 2, 4, 2, 1, 141, 'ストレート', 34.5, 50.8, 'ファウル', 3, 2, 12, 'S4');"
"INSERT INTO ballinfo VALUES ('2019-04-10', 2019041001, '中日', '巨人', 'メルセデス', '左', '巨人', 'ロメロ', '右', '中日', 3, 2, 2, 2, 5, 2, 2, 140, 'ストレート', 75.5, 57.2, '見三振', 3, 4, 14, 'S6');"
"INSERT INTO ballinfo VALUES ('2019-04-10', 2019041001, '中日', '巨人', 'メルセデス', '左', '巨人', '京田 陽太', '左', '中日', 3, 2, 3, 3, 1, 0, 0, 139, 'ストレート', 15.0, 29.2, 'ボール', 2, 1, 6, 'B6');"
"INSERT INTO ballinfo VALUES ('2019-04-10', 2019041001, '中日', '巨人', 'メルセデス', '左', '巨人', '京田 陽太', '左', '中日', 3, 2, 3, 3, 2, 1, 0, 122, 'スライダー', 50.5, 68.0, '見逃し', 4, 3, 18, 'S8');"
"INSERT INTO ballinfo VALUES ('2019-04-10', 2019041001, '中日', '巨人', 'メルセデス', '左', '巨人', '京田 陽太', '左', '中日', 3, 2, 3, 3, 3, 1, 1, 141, 'ストレート', 30.0, 54.4, 'ファウル', 3, 2, 12, 'S4');"
"INSERT INTO ballinfo VALUES ('2019-04-10', 2019041001, '中日', '巨人', 'メルセデス', '左', '巨人', '京田 陽太', '左', '中日', 3, 2, 3, 3, 4, 1, 2, 140, 'ストレート', 75.5, 75.6, '見三振', 4, 4, 19, 'S9');"
"INSERT INTO ballinfo VALUES ('2019-04-10', 2019041001, '中日', '巨人', 'ロメロ', '左', '中日', '丸 佳浩', '左', '巨人', 4, 1, 1, 0, 1, 0, 0, 148, 'ストレート', 68.0, 32.4, 'ファウル', 2, 4, 9, 'S3');"
"INSERT INTO ballinfo VALUES ('2019-04-10', 2019041001, '中日', '巨人', 'ロメロ', '左', '中日', '丸 佳浩', '左', '巨人', 4, 1, 1, 0, 2, 0, 1, 133, 'スライダー', 14.5, 88.0, 'ボール', 5, 1, 21, 'B15');"
"INSERT INTO ballinfo VALUES ('2019-04-10', 2019041001, '中日', '巨人', 'ロメロ', '左', '中日', '丸 佳浩', '左', '巨人', 4, 1, 1, 0, 3, 1, 1, 149, 'ストレート', 51.0, 84.8, 'ファウル', 5, 3, 23, 'B17');"
"INSERT INTO ballinfo VALUES ('2019-04-10', 2019041001, '中日', '巨人', 'ロメロ', '左', '中日', '丸 佳浩', '左', '巨人', 4, 1, 1, 0, 4, 1, 2, 153, 'ストレート', 76.0, 24.4, 'ファウル', 2, 4, 9, 'S3');"
"INSERT INTO ballinfo VALUES ('2019-04-10', 2019041001, '中日', '巨人', 'ロメロ', '左', '中日', '丸 佳浩', '左', '巨人', 4, 1, 1, 0, 5, 1, 3, 137, 'スライダー', 12.0, 92.8, 'ボール', 5, 1, 21, 'B15');"
"INSERT INTO ballinfo VALUES ('2019-04-10', 2019041001, '中日', '巨人', 'ロメロ', '左', '中日', '丸 佳浩', '左', '巨人', 4, 1, 1, 0, 6, 2, 3, 153, 'ストレート', 64.5, 37.2, '中安', 2, 4, 9, 'S3');"
"INSERT INTO ballinfo VALUES ('2019-04-10', 2019041001, '中日', '巨人', 'ロメロ', '左', '中日', '岡本 和真', '右', '巨人', 4, 1, 2, 2, 1, 0, 0, 150, 'ストレート', 70.5, 85.2, '遊併打', 5, 4, 24, 'B18');"
"INSERT INTO ballinfo VALUES ('2019-04-10', 2019041001, '中日', '巨人', 'ロメロ', '左', '中日', 'ビヤヌエバ', '右', '巨人', 4, 1, 3, 3, 1, 0, 0, 133, 'スライダー', 51.5, 88.8, '空振り', 5, 3, 23, 'B17');"
"INSERT INTO ballinfo VALUES ('2019-04-10', 2019041001, '中日', '巨人', 'ロメロ', '左', '中日', 'ビヤヌエバ', '右', '巨人', 4, 1, 3, 3, 2, 0, 1, 153, 'ストレート', 31.5, 25.2, 'ファウル', 2, 2, 7, 'S1');"
"INSERT INTO ballinfo VALUES ('2019-04-10', 2019041001, '中日', '巨人', 'ロメロ', '左', '中日', 'ビヤヌエバ', '右', '巨人', 4, 1, 3, 3, 3, 0, 2, 152, 'ストレート', 50.5, 13.2, 'ボール', 1, 3, 3, 'B3');"
"INSERT INTO ballinfo VALUES ('2019-04-10', 2019041001, '中日', '巨人', 'ロメロ', '左', '中日', 'ビヤヌエバ', '右', '巨人', 4, 1, 3, 3, 4, 1, 2, 154, 'ストレート', 86.0, 14.8, 'ボール', 1, 5, 5, 'B5');"
"INSERT INTO ballinfo VALUES ('2019-04-10', 2019041001, '中日', '巨人', 'ロメロ', '左', '中日', 'ビヤヌエバ', '右', '巨人', 4, 1, 3, 3, 5, 2, 2, 155, 'ストレート', 36.0, 52.4, '空三振', 3, 2, 12, 'S4');"
"INSERT INTO ballinfo VALUES ('2019-04-10', 2019041001, '中日', '巨人', 'メルセデス', '左', '巨人', '大島 洋平', '左', '中日', 4, 2, 1, 0, 1, 0, 0, 114, 'カーブ', 34.0, 69.2, '空振り', 4, 2, 17, 'S7');"
"INSERT INTO ballinfo VALUES ('2019-04-10', 2019041001, '中日', '巨人', 'メルセデス', '左', '巨人', '大島 洋平', '左', '中日', 4, 2, 1, 0, 2, 0, 1, 137, 'ストレート', 51.5, 68.8, '二安', 4, 3, 18, 'S8');"
"INSERT INTO ballinfo VALUES ('2019-04-10', 2019041001, '中日', '巨人', 'メルセデス', '左', '巨人', '平田 良介', '右', '中日', 4, 2, 2, 0, 1, 0, 0, 121, 'スライダー', 74.0, 71.6, '見逃し', 4, 4, 19, 'S9');"
"INSERT INTO ballinfo VALUES ('2019-04-10', 2019041001, '中日', '巨人', 'メルセデス', '左', '巨人', '平田 良介', '右', '中日', 4, 2, 2, 0, 2, 0, 1, 140, 'ストレート', 74.5, 66.0, '見逃し', 4, 4, 19, 'S9');"
"INSERT INTO ballinfo VALUES ('2019-04-10', 2019041001, '中日', '巨人', 'メルセデス', '左', '巨人', '平田 良介', '右', '中日', 4, 2, 2, 0, 3, 0, 2, 130, 'スライダー', 72.5, 50.8, 'ファウル', 3, 4, 14, 'S6');"
"INSERT INTO ballinfo VALUES ('2019-04-10', 2019041001, '中日', '巨人', 'メルセデス', '左', '巨人', '平田 良介', '右', '中日', 4, 2, 2, 0, 4, 0, 3, 126, 'スライダー', 69.5, 30.0, '一安', 2, 4, 9, 'S3');"
"INSERT INTO ballinfo VALUES ('2019-04-10', 2019041001, '中日', '巨人', 'メルセデス', '左', '巨人', 'ビシエド', '右', '中日', 4, 2, 3, 1, 1, 0, 0, 136, 'スライダー', 86.5, 49.2, 'ファウル', 3, 5, 15, 'B9');"
"INSERT INTO ballinfo VALUES ('2019-04-10', 2019041001, '中日', '巨人', 'メルセデス', '左', '巨人', 'ビシエド', '右', '中日', 4, 2, 3, 1, 2, 0, 1, 131, 'スライダー', 71.0, 72.0, '二ゴロ', 4, 4, 19, 'S9');"
"INSERT INTO ballinfo VALUES ('2019-04-10', 2019041001, '中日', '巨人', 'メルセデス', '左', '巨人', '福田 永将', '右', '中日', 4, 2, 4, 1, 1, 0, 0, 141, 'ストレート', 51.5, 72.0, '左安', 4, 3, 18, 'S8');"
"INSERT INTO ballinfo VALUES ('2019-04-10', 2019041001, '中日', '巨人', 'メルセデス', '左', '巨人', '高橋 周平', '左', '中日', 4, 2, 5, 3, 1, 0, 0, 123, 'スライダー', 52.0, 87.6, '空振り', 5, 3, 23, 'B17');"
"INSERT INTO ballinfo VALUES ('2019-04-10', 2019041001, '中日', '巨人', 'メルセデス', '左', '巨人', '高橋 周平', '左', '中日', 4, 2, 5, 3, 2, 0, 1, 139, 'ストレート', 72.0, 71.6, 'ファウル', 4, 4, 19, 'S9');"
"INSERT INTO ballinfo VALUES ('2019-04-10', 2019041001, '中日', '巨人', 'メルセデス', '左', '巨人', '高橋 周平', '左', '中日', 4, 2, 5, 3, 3, 0, 2, 124, 'スライダー', 32.0, 52.0, '二併打', 3, 2, 12, 'S4');"
"INSERT INTO ballinfo VALUES ('2019-04-10', 2019041001, '中日', '巨人', 'ロメロ', '左', '中日', 'ゲレーロ', '右', '巨人', 5, 1, 1, 1, 1, 0, 0, 149, 'ストレート', 89.0, 30.0, 'ボール', 2, 5, 10, 'B7');"
"INSERT INTO ballinfo VALUES ('2019-04-10', 2019041001, '中日', '巨人', 'ロメロ', '左', '中日', 'ゲレーロ', '右', '巨人', 5, 1, 1, 1, 2, 1, 0, 148, 'ストレート', 70.0, 13.6, '空振り', 1, 4, 4, 'B4');"
"INSERT INTO ballinfo VALUES ('2019-04-10', 2019041001, '中日', '巨人', 'ロメロ', '左', '中日', 'ゲレーロ', '右', '巨人', 5, 1, 1, 1, 3, 1, 1, 151, 'ストレート', 49.5, 13.2, 'ボール', 1, 3, 3, 'B3');"
"INSERT INTO ballinfo VALUES ('2019-04-10', 2019041001, '中日', '巨人', 'ロメロ', '左', '中日', 'ゲレーロ', '右', '巨人', 5, 1, 1, 1, 4, 2, 1, 150, 'ストレート', 47.0, 32.4, '空振り', 2, 3, 8, 'S2');"
"INSERT INTO ballinfo VALUES ('2019-04-10', 2019041001, '中日', '巨人', 'ロメロ', '左', '中日', 'ゲレーロ', '右', '巨人', 5, 1, 1, 1, 5, 2, 2, 153, 'ストレート', 49.0, 6.8, 'ボール', 1, 3, 3, 'B3');"
"INSERT INTO ballinfo VALUES ('2019-04-10', 2019041001, '中日', '巨人', 'ロメロ', '左', '中日', 'ゲレーロ', '右', '巨人', 5, 1, 1, 1, 6, 3, 2, 153, 'ストレート', 32.0, 51.6, 'ファウル', 3, 2, 12, 'S4');"
"INSERT INTO ballinfo VALUES ('2019-04-10', 2019041001, '中日', '巨人', 'ロメロ', '左', '中日', 'ゲレーロ', '右', '巨人', 5, 1, 1, 1, 7, 3, 3, 152, 'ストレート', 45.0, 17.2, '捕邪飛', 1, 3, 3, 'B3');"
"INSERT INTO ballinfo VALUES ('2019-04-10', 2019041001, '中日', '巨人', 'ロメロ', '左', '中日', '陽 岱鋼', '右', '巨人', 5, 1, 2, 2, 1, 0, 0, 132, 'カットボール', 51.5, 32.0, '見逃し', 2, 3, 8, 'S2');"
"INSERT INTO ballinfo VALUES ('2019-04-10', 2019041001, '中日', '巨人', 'ロメロ', '左', '中日', '陽 岱鋼', '右', '巨人', 5, 1, 2, 2, 2, 0, 1, 152, 'ストレート', 29.5, 12.0, 'ボール', 1, 2, 2, 'B2');"
"INSERT INTO ballinfo VALUES ('2019-04-10', 2019041001, '中日', '巨人', 'ロメロ', '左', '中日', '陽 岱鋼', '右', '巨人', 5, 1, 2, 2, 3, 1, 1, 149, 'ストレート', 92.0, 12.8, 'ボール', 1, 5, 5, 'B5');"
"INSERT INTO ballinfo VALUES ('2019-04-10', 2019041001, '中日', '巨人', 'ロメロ', '左', '中日', '陽 岱鋼', '右', '巨人', 5, 1, 2, 2, 4, 2, 1, 151, 'ストレート', 50.5, 16.0, 'ファウル', 1, 3, 3, 'B3');"
"INSERT INTO ballinfo VALUES ('2019-04-10', 2019041001, '中日', '巨人', 'ロメロ', '左', '中日', '陽 岱鋼', '右', '巨人', 5, 1, 2, 2, 5, 2, 2, 154, 'ストレート', 11.5, 86.4, 'ボール', 5, 1, 21, 'B15');"
"INSERT INTO ballinfo VALUES ('2019-04-10', 2019041001, '中日', '巨人', 'ロメロ', '左', '中日', '陽 岱鋼', '右', '巨人', 5, 1, 2, 2, 6, 3, 2, 152, 'ストレート', 69.0, 16.8, 'ファウル', 1, 4, 4, 'B4');"
"INSERT INTO ballinfo VALUES ('2019-04-10', 2019041001, '中日', '巨人', 'ロメロ', '左', '中日', '陽 岱鋼', '右', '巨人', 5, 1, 2, 2, 7, 3, 3, 151, 'ストレート', 33.0, 49.6, '三ゴロ', 3, 2, 12, 'S4');"
"INSERT INTO ballinfo VALUES ('2019-04-10', 2019041001, '中日', '巨人', 'ロメロ', '左', '中日', '大城 卓三', '左', '巨人', 5, 1, 3, 2, 1, 0, 0, 129, 'スライダー', 51.5, 53.2, '見逃し', 3, 3, 13, 'S5');"
"INSERT INTO ballinfo VALUES ('2019-04-10', 2019041001, '中日', '巨人', 'ロメロ', '左', '中日', '大城 卓三', '左', '巨人', 5, 1, 3, 2, 2, 0, 1, 148, 'ストレート', 27.5, 53.2, '見逃し', 3, 2, 12, 'S4');"
"INSERT INTO ballinfo VALUES ('2019-04-10', 2019041001, '中日', '巨人', 'ロメロ', '左', '中日', '大城 卓三', '左', '巨人', 5, 1, 3, 2, 3, 0, 2, 152, 'ストレート', 47.5, 44.4, '左安', 3, 3, 13, 'S5');"
"INSERT INTO ballinfo VALUES ('2019-04-10', 2019041001, '中日', '巨人', 'ロメロ', '左', '中日', 'メルセデス', '左', '巨人', 5, 1, 4, 3, 1, 0, 0, 149, 'ストレート', 51.5, 31.2, '遊直', 2, 3, 8, 'S2');"
"INSERT INTO ballinfo VALUES ('2019-04-10', 2019041001, '中日', '巨人', 'メルセデス', '左', '巨人', '三ツ俣 大樹', '右', '中日', 5, 2, 1, 0, 1, 0, 0, 118, 'カーブ', 93.0, 14.4, 'ボール', 1, 5, 5, 'B5');"
"INSERT INTO ballinfo VALUES ('2019-04-10', 2019041001, '中日', '巨人', 'メルセデス', '左', '巨人', '三ツ俣 大樹', '右', '中日', 5, 2, 1, 0, 2, 1, 0, 133, 'スライダー', 75.0, 72.4, '見逃し', 4, 4, 19, 'S9');"
"INSERT INTO ballinfo VALUES ('2019-04-10', 2019041001, '中日', '巨人', 'メルセデス', '左', '巨人', '三ツ俣 大樹', '右', '中日', 5, 2, 1, 0, 3, 1, 1, 141, 'ストレート', 12.0, 86.0, 'ボール', 5, 1, 21, 'B15');"
"INSERT INTO ballinfo VALUES ('2019-04-10', 2019041001, '中日', '巨人', 'メルセデス', '左', '巨人', '三ツ俣 大樹', '右', '中日', 5, 2, 1, 0, 4, 2, 1, 122, 'カーブ', 29.0, 87.2, 'ファウル', 5, 2, 22, 'B16');"
"INSERT INTO ballinfo VALUES ('2019-04-10', 2019041001, '中日', '巨人', 'メルセデス', '左', '巨人', '三ツ俣 大樹', '右', '中日', 5, 2, 1, 0, 5, 2, 2, 139, 'ストレート', 70.5, 48.8, 'ファウル', 3, 4, 14, 'S6');"
"INSERT INTO ballinfo VALUES ('2019-04-10', 2019041001, '中日', '巨人', 'メルセデス', '左', '巨人', '三ツ俣 大樹', '右', '中日', 5, 2, 1, 0, 6, 2, 3, 124, 'スライダー', 49.5, 86.0, 'ファウル', 5, 3, 23, 'B17');"
"INSERT INTO ballinfo VALUES ('2019-04-10', 2019041001, '中日', '巨人', 'メルセデス', '左', '巨人', '三ツ俣 大樹', '右', '中日', 5, 2, 1, 0, 7, 2, 4, 132, 'チェンジアップ', 87.5, 87.6, 'ボール', 5, 5, 25, 'B19');"
"INSERT INTO ballinfo VALUES ('2019-04-10', 2019041001, '中日', '巨人', 'メルセデス', '左', '巨人', '三ツ俣 大樹', '右', '中日', 5, 2, 1, 0, 8, 3, 4, 115, 'カーブ', 88.0, 6.8, '四球', 1, 5, 5, 'B5');"
"INSERT INTO ballinfo VALUES ('2019-04-10', 2019041001, '中日', '巨人', 'メルセデス', '左', '巨人', '加藤 匠馬', '右', '中日', 5, 2, 2, 1, 1, 0, 0, 139, 'ストレート', 69.5, 50.0, 'ファウル', 3, 4, 14, 'S6');"
"INSERT INTO ballinfo VALUES ('2019-04-10', 2019041001, '中日', '巨人', 'メルセデス', '左', '巨人', '加藤 匠馬', '右', '中日', 5, 2, 2, 1, 2, 0, 1, 120, 'スライダー', 50.5, 67.6, '三犠打', 4, 3, 18, 'S8');"
"INSERT INTO ballinfo VALUES ('2019-04-10', 2019041001, '中日', '巨人', 'メルセデス', '左', '巨人', 'ロメロ', '右', '中日', 5, 2, 3, 2, 1, 0, 0, 139, 'ストレート', 73.5, 73.2, 'ファウル', 4, 4, 19, 'S9');"
"INSERT INTO ballinfo VALUES ('2019-04-10', 2019041001, '中日', '巨人', 'メルセデス', '左', '巨人', 'ロメロ', '右', '中日', 5, 2, 3, 2, 2, 0, 1, 139, 'ストレート', 32.0, 68.8, 'ファウル', 4, 2, 17, 'S7');"
"INSERT INTO ballinfo VALUES ('2019-04-10', 2019041001, '中日', '巨人', 'メルセデス', '左', '巨人', 'ロメロ', '右', '中日', 5, 2, 3, 2, 3, 0, 2, 130, 'チェンジアップ', 88.5, 50.4, '投ゴロ', 3, 5, 15, 'B9');"
"INSERT INTO ballinfo VALUES ('2019-04-10', 2019041001, '中日', '巨人', 'メルセデス', '左', '巨人', '京田 陽太', '左', '中日', 5, 2, 4, 3, 1, 0, 0, 140, 'ストレート', 71.0, 73.2, '見逃し', 4, 4, 19, 'S9');"
"INSERT INTO ballinfo VALUES ('2019-04-10', 2019041001, '中日', '巨人', 'メルセデス', '左', '巨人', '京田 陽太', '左', '中日', 5, 2, 4, 3, 2, 0, 1, 142, 'ストレート', 65.5, 68.4, '見逃し', 4, 4, 19, 'S9');"
"INSERT INTO ballinfo VALUES ('2019-04-10', 2019041001, '中日', '巨人', 'メルセデス', '左', '巨人', '京田 陽太', '左', '中日', 5, 2, 4, 3, 3, 0, 2, 123, 'スライダー', 16.0, 52.4, 'ボール', 3, 1, 11, 'B8');"
"INSERT INTO ballinfo VALUES ('2019-04-10', 2019041001, '中日', '巨人', 'メルセデス', '左', '巨人', '京田 陽太', '左', '中日', 5, 2, 4, 3, 4, 1, 2, 0, 'ストレート', 75.0, 66.0, '投ゴロ', 4, 4, 19, 'S9');"
"INSERT INTO ballinfo VALUES ('2019-04-10', 2019041001, '中日', '巨人', 'ロメロ', '左', '中日', '吉川 尚輝', '左', '巨人', 6, 1, 1, 1, 1, 0, 0, 146, 'ストレート', 72.5, 48.8, '二ゴロ', 3, 4, 14, 'S6');"
"INSERT INTO ballinfo VALUES ('2019-04-10', 2019041001, '中日', '巨人', 'ロメロ', '左', '中日', '坂本 勇人', '右', '巨人', 6, 1, 2, 1, 1, 0, 0, 128, 'スライダー', 51.0, 52.4, '見逃し', 3, 3, 13, 'S5');"
"INSERT INTO ballinfo VALUES ('2019-04-10', 2019041001, '中日', '巨人', 'ロメロ', '左', '中日', '坂本 勇人', '右', '巨人', 6, 1, 2, 1, 2, 0, 1, 133, 'スライダー', 53.5, 89.6, 'ボール', 5, 3, 23, 'B17');"
"INSERT INTO ballinfo VALUES ('2019-04-10', 2019041001, '中日', '巨人', 'ロメロ', '左', '中日', '坂本 勇人', '右', '巨人', 6, 1, 2, 1, 3, 1, 1, 127, 'スライダー', 50.5, 65.6, '見逃し', 4, 3, 18, 'S8');"
"INSERT INTO ballinfo VALUES ('2019-04-10', 2019041001, '中日', '巨人', 'ロメロ', '左', '中日', '坂本 勇人', '右', '巨人', 6, 1, 2, 1, 4, 1, 2, 149, 'ストレート', 26.5, 29.2, 'ファウル', 2, 2, 7, 'S1');"
"INSERT INTO ballinfo VALUES ('2019-04-10', 2019041001, '中日', '巨人', 'ロメロ', '左', '中日', '坂本 勇人', '右', '巨人', 6, 1, 2, 1, 5, 1, 3, 132, 'スライダー', 75.5, 87.2, 'ボール', 5, 4, 24, 'B18');"
"INSERT INTO ballinfo VALUES ('2019-04-10', 2019041001, '中日', '巨人', 'ロメロ', '左', '中日', '坂本 勇人', '右', '巨人', 6, 1, 2, 1, 6, 2, 3, 152, 'ストレート', 48.5, 17.2, '左安', 1, 3, 3, 'B3');"
"INSERT INTO ballinfo VALUES ('2019-04-10', 2019041001, '中日', '巨人', 'ロメロ', '左', '中日', '丸 佳浩', '左', '巨人', 6, 1, 3, 2, 1, 0, 0, 134, 'カットボール', 48.5, 30.8, 'ファウル', 2, 3, 8, 'S2');"
"INSERT INTO ballinfo VALUES ('2019-04-10', 2019041001, '中日', '巨人', 'ロメロ', '左', '中日', '丸 佳浩', '左', '巨人', 6, 1, 3, 2, 2, 0, 1, 138, 'カットボール', 72.5, 27.6, '空振り', 2, 4, 9, 'S3');"
"INSERT INTO ballinfo VALUES ('2019-04-10', 2019041001, '中日', '巨人', 'ロメロ', '左', '中日', '丸 佳浩', '左', '巨人', 6, 1, 3, 2, 3, 0, 2, 138, 'カットボール', 29.5, 30.8, '見三振', 2, 2, 7, 'S1');"
"INSERT INTO ballinfo VALUES ('2019-04-10', 2019041001, '中日', '巨人', 'ロメロ', '左', '中日', '岡本 和真', '右', '巨人', 6, 1, 4, 2, 1, 0, 0, 150, 'ストレート', 86.5, 29.6, 'ボール', 2, 5, 10, 'B7');"
"INSERT INTO ballinfo VALUES ('2019-04-10', 2019041001, '中日', '巨人', 'ロメロ', '左', '中日', '岡本 和真', '右', '巨人', 6, 1, 4, 2, 2, 1, 0, 150, 'ストレート', 29.5, 29.2, '中２', 2, 2, 7, 'S1');"
"INSERT INTO ballinfo VALUES ('2019-04-10', 2019041001, '中日', '巨人', 'ロメロ', '左', '中日', 'ビヤヌエバ', '右', '巨人', 6, 1, 5, 3, 1, 0, 0, 148, 'ストレート', 92.0, 26.4, 'ボール', 2, 5, 10, 'B7');"
"INSERT INTO ballinfo VALUES ('2019-04-10', 2019041001, '中日', '巨人', 'ロメロ', '左', '中日', 'ビヤヌエバ', '右', '巨人', 6, 1, 5, 3, 2, 1, 0, 141, 'スライダー', 49.5, 88.0, '空振り', 5, 3, 23, 'B17');"
"INSERT INTO ballinfo VALUES ('2019-04-10', 2019041001, '中日', '巨人', 'ロメロ', '左', '中日', 'ビヤヌエバ', '右', '巨人', 6, 1, 5, 3, 3, 1, 1, 153, 'ストレート', 72.0, 69.2, 'ファウル', 4, 4, 19, 'S9');"
"INSERT INTO ballinfo VALUES ('2019-04-10', 2019041001, '中日', '巨人', 'ロメロ', '左', '中日', 'ビヤヌエバ', '右', '巨人', 6, 1, 5, 3, 4, 1, 2, 153, 'ストレート', 52.0, 15.6, '左飛', 1, 3, 3, 'B3');"
"INSERT INTO ballinfo VALUES ('2019-04-10', 2019041001, '中日', '巨人', 'メルセデス', '左', '巨人', '大島 洋平', '左', '中日', 6, 2, 1, 1, 1, 0, 0, 123, 'スライダー', 47.5, 55.6, '二ゴロ', 3, 3, 13, 'S5');"
"INSERT INTO ballinfo VALUES ('2019-04-10', 2019041001, '中日', '巨人', 'メルセデス', '左', '巨人', '平田 良介', '右', '中日', 6, 2, 2, 2, 1, 0, 0, 140, 'ストレート', 30.0, 70.4, '見逃し', 4, 2, 17, 'S7');"
"INSERT INTO ballinfo VALUES ('2019-04-10', 2019041001, '中日', '巨人', 'メルセデス', '左', '巨人', '平田 良介', '右', '中日', 6, 2, 2, 2, 2, 0, 1, 123, 'スライダー', 58.0, 70.4, '中飛', 4, 3, 18, 'S8');"
"INSERT INTO ballinfo VALUES ('2019-04-10', 2019041001, '中日', '巨人', 'メルセデス', '左', '巨人', 'ビシエド', '右', '中日', 6, 2, 3, 2, 1, 0, 0, 139, 'ストレート', 76.5, 76.4, '見逃し', 4, 4, 19, 'S9');"
"INSERT INTO ballinfo VALUES ('2019-04-10', 2019041001, '中日', '巨人', 'メルセデス', '左', '巨人', 'ビシエド', '右', '中日', 6, 2, 3, 2, 2, 0, 1, 131, 'チェンジアップ', 72.5, 88.8, 'ボール', 5, 4, 24, 'B18');"
"INSERT INTO ballinfo VALUES ('2019-04-10', 2019041001, '中日', '巨人', 'メルセデス', '左', '巨人', 'ビシエド', '右', '中日', 6, 2, 3, 2, 3, 1, 1, 130, 'チェンジアップ', 52.5, 89.6, 'ボール', 5, 3, 23, 'B17');"
"INSERT INTO ballinfo VALUES ('2019-04-10', 2019041001, '中日', '巨人', 'メルセデス', '左', '巨人', 'ビシエド', '右', '中日', 6, 2, 3, 2, 4, 2, 1, 139, 'ストレート', 75.0, 83.6, 'ボール', 5, 4, 24, 'B18');"
"INSERT INTO ballinfo VALUES ('2019-04-10', 2019041001, '中日', '巨人', 'メルセデス', '左', '巨人', 'ビシエド', '右', '中日', 6, 2, 3, 2, 5, 3, 1, 139, 'ストレート', 31.5, 71.6, '見逃し', 4, 2, 17, 'S7');"
"INSERT INTO ballinfo VALUES ('2019-04-10', 2019041001, '中日', '巨人', 'メルセデス', '左', '巨人', 'ビシエド', '右', '中日', 6, 2, 3, 2, 6, 3, 2, 140, 'ストレート', 86.5, 70.8, '四球', 4, 5, 20, 'B11');"
"INSERT INTO ballinfo VALUES ('2019-04-10', 2019041001, '中日', '巨人', 'メルセデス', '左', '巨人', '福田 永将', '右', '中日', 6, 2, 4, 2, 1, 0, 0, 140, 'ストレート', 87.0, 88.8, 'ボール', 5, 5, 25, 'B19');"
"INSERT INTO ballinfo VALUES ('2019-04-10', 2019041001, '中日', '巨人', 'メルセデス', '左', '巨人', '福田 永将', '右', '中日', 6, 2, 4, 2, 2, 1, 0, 140, 'ストレート', 34.5, 28.4, '左本', 2, 2, 7, 'S1');"
"INSERT INTO ballinfo VALUES ('2019-04-10', 2019041001, '中日', '巨人', 'メルセデス', '左', '巨人', '高橋 周平', '左', '中日', 6, 2, 5, 3, 1, 0, 0, 142, 'ストレート', 51.0, 16.0, '空振り', 1, 3, 3, 'B3');"
"INSERT INTO ballinfo VALUES ('2019-04-10', 2019041001, '中日', '巨人', 'メルセデス', '左', '巨人', '高橋 周平', '左', '中日', 6, 2, 5, 3, 2, 0, 1, 125, 'スライダー', 51.5, 68.8, '見逃し', 4, 3, 18, 'S8');"
"INSERT INTO ballinfo VALUES ('2019-04-10', 2019041001, '中日', '巨人', 'メルセデス', '左', '巨人', '高橋 周平', '左', '中日', 6, 2, 5, 3, 3, 0, 2, 142, 'ストレート', 16.5, 46.4, 'ボール', 3, 1, 11, 'B8');"
"INSERT INTO ballinfo VALUES ('2019-04-10', 2019041001, '中日', '巨人', 'メルセデス', '左', '巨人', '高橋 周平', '左', '中日', 6, 2, 5, 3, 4, 1, 2, 142, 'ストレート', 48.0, 25.2, 'ファウル', 2, 3, 8, 'S2');"
"INSERT INTO ballinfo VALUES ('2019-04-10', 2019041001, '中日', '巨人', 'メルセデス', '左', '巨人', '高橋 周平', '左', '中日', 6, 2, 5, 3, 5, 1, 3, 125, 'スライダー', 50.0, 75.6, 'ファウル', 4, 3, 18, 'S8');"
"INSERT INTO ballinfo VALUES ('2019-04-10', 2019041001, '中日', '巨人', 'メルセデス', '左', '巨人', '高橋 周平', '左', '中日', 6, 2, 5, 3, 6, 1, 4, 140, 'ストレート', 76.0, 70.8, '見三振', 4, 4, 19, 'S9');"
"INSERT INTO ballinfo VALUES ('2019-04-10', 2019041001, '中日', '巨人', '又吉 克樹', '右', '中日', 'ゲレーロ', '右', '巨人', 7, 1, 1, 1, 1, 0, 0, 133, 'スライダー', 91.0, 87.2, 'ボール', 5, 5, 25, 'B19');"
"INSERT INTO ballinfo VALUES ('2019-04-10', 2019041001, '中日', '巨人', '又吉 克樹', '右', '中日', 'ゲレーロ', '右', '巨人', 7, 1, 1, 1, 2, 1, 0, 149, 'ストレート', 72.5, 13.2, 'ボール', 1, 4, 4, 'B4');"
"INSERT INTO ballinfo VALUES ('2019-04-10', 2019041001, '中日', '巨人', '又吉 克樹', '右', '中日', 'ゲレーロ', '右', '巨人', 7, 1, 1, 1, 3, 2, 0, 150, 'ストレート', 28.5, 29.2, '空振り', 2, 2, 7, 'S1');"
"INSERT INTO ballinfo VALUES ('2019-04-10', 2019041001, '中日', '巨人', '又吉 克樹', '右', '中日', 'ゲレーロ', '右', '巨人', 7, 1, 1, 1, 4, 2, 1, 135, 'スライダー', 73.0, 28.0, '空振り', 2, 4, 9, 'S3');"
"INSERT INTO ballinfo VALUES ('2019-04-10', 2019041001, '中日', '巨人', '又吉 克樹', '右', '中日', 'ゲレーロ', '右', '巨人', 7, 1, 1, 1, 5, 2, 2, 136, 'カットボール', 76.5, 53.2, '空三振', 3, 4, 14, 'S6');"
"INSERT INTO ballinfo VALUES ('2019-04-10', 2019041001, '中日', '巨人', '又吉 克樹', '右', '中日', '亀井 善行', '左', '巨人', 7, 1, 2, 2, 1, 0, 0, 151, 'ストレート', 27.0, 55.6, '見逃し', 3, 2, 12, 'S4');"
"INSERT INTO ballinfo VALUES ('2019-04-10', 2019041001, '中日', '巨人', '又吉 克樹', '右', '中日', '亀井 善行', '左', '巨人', 7, 1, 2, 2, 2, 0, 1, 150, 'ストレート', 13.0, 45.6, 'ボール', 3, 1, 11, 'B8');"
"INSERT INTO ballinfo VALUES ('2019-04-10', 2019041001, '中日', '巨人', '又吉 克樹', '右', '中日', '亀井 善行', '左', '巨人', 7, 1, 2, 2, 3, 1, 1, 150, 'ストレート', 31.5, 27.6, 'ファウル', 2, 2, 7, 'S1');"
"INSERT INTO ballinfo VALUES ('2019-04-10', 2019041001, '中日', '巨人', '又吉 克樹', '右', '中日', '亀井 善行', '左', '巨人', 7, 1, 2, 2, 4, 1, 2, 152, 'ストレート', 71.0, 16.4, 'ファウル', 1, 4, 4, 'B4');"
"INSERT INTO ballinfo VALUES ('2019-04-10', 2019041001, '中日', '巨人', '又吉 克樹', '右', '中日', '亀井 善行', '左', '巨人', 7, 1, 2, 2, 5, 1, 3, 143, 'シュート', 29.5, 46.8, '投ゴロ', 3, 2, 12, 'S4');"
"INSERT INTO ballinfo VALUES ('2019-04-10', 2019041001, '中日', '巨人', '又吉 克樹', '右', '中日', '大城 卓三', '左', '巨人', 7, 1, 3, 3, 1, 0, 0, 149, 'ストレート', 49.5, 14.8, 'ボール', 1, 3, 3, 'B3');"
"INSERT INTO ballinfo VALUES ('2019-04-10', 2019041001, '中日', '巨人', '又吉 克樹', '右', '中日', '大城 卓三', '左', '巨人', 7, 1, 3, 3, 2, 1, 0, 147, 'シュート', 30.5, 31.6, '遊ゴロ', 2, 2, 7, 'S1');"
"INSERT INTO ballinfo VALUES ('2019-04-10', 2019041001, '中日', '巨人', 'メルセデス', '左', '巨人', '三ツ俣 大樹', '右', '中日', 7, 2, 1, 1, 1, 0, 0, 140, 'ストレート', 50.0, 69.2, '見逃し', 4, 3, 18, 'S8');"
"INSERT INTO ballinfo VALUES ('2019-04-10', 2019041001, '中日', '巨人', 'メルセデス', '左', '巨人', '三ツ俣 大樹', '右', '中日', 7, 2, 1, 1, 2, 0, 1, 139, 'ストレート', 73.0, 49.6, '見逃し', 3, 4, 14, 'S6');"
"INSERT INTO ballinfo VALUES ('2019-04-10', 2019041001, '中日', '巨人', 'メルセデス', '左', '巨人', '三ツ俣 大樹', '右', '中日', 7, 2, 1, 1, 3, 0, 2, 140, 'ストレート', 85.5, 30.0, 'ファウル', 2, 5, 10, 'B7');"
"INSERT INTO ballinfo VALUES ('2019-04-10', 2019041001, '中日', '巨人', 'メルセデス', '左', '巨人', '三ツ俣 大樹', '右', '中日', 7, 2, 1, 1, 4, 0, 3, 130, 'チェンジアップ', 87.0, 87.6, 'ボール', 5, 5, 25, 'B19');"
"INSERT INTO ballinfo VALUES ('2019-04-10', 2019041001, '中日', '巨人', 'メルセデス', '左', '巨人', '三ツ俣 大樹', '右', '中日', 7, 2, 1, 1, 5, 1, 3, 141, 'ストレート', 26.5, 47.2, 'ファウル', 3, 2, 12, 'S4');"
"INSERT INTO ballinfo VALUES ('2019-04-10', 2019041001, '中日', '巨人', 'メルセデス', '左', '巨人', '三ツ俣 大樹', '右', '中日', 7, 2, 1, 1, 6, 1, 4, 128, 'スライダー', 50.0, 92.4, 'ボール', 5, 3, 23, 'B17');"
"INSERT INTO ballinfo VALUES ('2019-04-10', 2019041001, '中日', '巨人', 'メルセデス', '左', '巨人', '三ツ俣 大樹', '右', '中日', 7, 2, 1, 1, 7, 2, 4, 140, 'ストレート', 71.0, 71.2, '二ゴロ', 4, 4, 19, 'S9');"
"INSERT INTO ballinfo VALUES ('2019-04-10', 2019041001, '中日', '巨人', 'メルセデス', '左', '巨人', '加藤 匠馬', '右', '中日', 7, 2, 2, 2, 1, 0, 0, 0, 'ストレート', 92.5, 13.2, 'ボール', 1, 5, 5, 'B5');"
"INSERT INTO ballinfo VALUES ('2019-04-10', 2019041001, '中日', '巨人', 'メルセデス', '左', '巨人', '加藤 匠馬', '右', '中日', 7, 2, 2, 2, 2, 1, 0, 143, 'ストレート', 31.5, 28.8, 'ファウル', 2, 2, 7, 'S1');"
"INSERT INTO ballinfo VALUES ('2019-04-10', 2019041001, '中日', '巨人', 'メルセデス', '左', '巨人', '加藤 匠馬', '右', '中日', 7, 2, 2, 2, 3, 1, 1, 144, 'ストレート', 49.5, 72.4, 'ファウル', 4, 3, 18, 'S8');"
"INSERT INTO ballinfo VALUES ('2019-04-10', 2019041001, '中日', '巨人', 'メルセデス', '左', '巨人', '加藤 匠馬', '右', '中日', 7, 2, 2, 2, 4, 1, 2, 145, 'ストレート', 16.0, 69.6, 'ボール', 4, 1, 16, 'B10');"
"INSERT INTO ballinfo VALUES ('2019-04-10', 2019041001, '中日', '巨人', 'メルセデス', '左', '巨人', '加藤 匠馬', '右', '中日', 7, 2, 2, 2, 5, 2, 2, 143, 'ストレート', 71.0, 27.6, 'ファウル', 2, 4, 9, 'S3');"
"INSERT INTO ballinfo VALUES ('2019-04-10', 2019041001, '中日', '巨人', 'メルセデス', '左', '巨人', '加藤 匠馬', '右', '中日', 7, 2, 2, 2, 6, 2, 3, 126, 'スライダー', 71.5, 72.8, '右飛', 4, 4, 19, 'S9');"
"INSERT INTO ballinfo VALUES ('2019-04-10', 2019041001, '中日', '巨人', 'メルセデス', '左', '巨人', '渡辺 勝', '左', '中日', 7, 2, 3, 3, 1, 0, 0, 144, 'ストレート', 35.5, 70.8, '見逃し', 4, 2, 17, 'S7');"
"INSERT INTO ballinfo VALUES ('2019-04-10', 2019041001, '中日', '巨人', 'メルセデス', '左', '巨人', '渡辺 勝', '左', '中日', 7, 2, 3, 3, 2, 0, 1, 128, 'スライダー', 17.0, 68.4, 'ボール', 4, 1, 16, 'B10');"
"INSERT INTO ballinfo VALUES ('2019-04-10', 2019041001, '中日', '巨人', 'メルセデス', '左', '巨人', '渡辺 勝', '左', '中日', 7, 2, 3, 3, 3, 1, 1, 143, 'ストレート', 26.0, 74.4, '見逃し', 4, 2, 17, 'S7');"
"INSERT INTO ballinfo VALUES ('2019-04-10', 2019041001, '中日', '巨人', 'メルセデス', '左', '巨人', '渡辺 勝', '左', '中日', 7, 2, 3, 3, 4, 1, 2, 147, 'ストレート', 48.5, 89.6, 'ボール', 5, 3, 23, 'B17');"
"INSERT INTO ballinfo VALUES ('2019-04-10', 2019041001, '中日', '巨人', 'メルセデス', '左', '巨人', '渡辺 勝', '左', '中日', 7, 2, 3, 3, 5, 2, 2, 127, 'スライダー', 37.0, 63.6, '空三振', 4, 2, 17, 'S7');"
"INSERT INTO ballinfo VALUES ('2019-04-10', 2019041001, '中日', '巨人', '田島 慎二', '右', '中日', '阿部 慎之助', '左', '巨人', 8, 1, 1, 0, 1, 0, 0, 147, 'ストレート', 49.5, 86.0, 'ボール', 5, 3, 23, 'B17');"
"INSERT INTO ballinfo VALUES ('2019-04-10', 2019041001, '中日', '巨人', '田島 慎二', '右', '中日', '阿部 慎之助', '左', '巨人', 8, 1, 1, 0, 2, 1, 0, 146, 'ストレート', 51.5, 68.4, '中安', 4, 3, 18, 'S8');"
"INSERT INTO ballinfo VALUES ('2019-04-10', 2019041001, '中日', '巨人', '田島 慎二', '右', '中日', '吉川 尚輝', '左', '巨人', 8, 1, 2, 1, 1, 0, 0, 144, 'シュート', 35.0, 86.4, 'ボール', 5, 2, 22, 'B16');"
"INSERT INTO ballinfo VALUES ('2019-04-10', 2019041001, '中日', '巨人', '田島 慎二', '右', '中日', '吉川 尚輝', '左', '巨人', 8, 1, 2, 1, 2, 1, 0, 144, 'ストレート', 69.5, 53.2, '遊邪飛', 3, 4, 14, 'S6');"
"INSERT INTO ballinfo VALUES ('2019-04-10', 2019041001, '中日', '巨人', '田島 慎二', '右', '中日', '坂本 勇人', '右', '巨人', 8, 1, 3, 3, 1, 0, 0, 146, 'ストレート', 69.5, 70.4, '遊併打', 4, 4, 19, 'S9');"
"INSERT INTO ballinfo VALUES ('2019-04-10', 2019041001, '中日', '巨人', '中川 皓太', '左', '巨人', '京田 陽太', '左', '中日', 8, 2, 1, 1, 1, 0, 0, 145, 'ストレート', 14.5, 88.8, 'ボール', 5, 1, 21, 'B15');"
"INSERT INTO ballinfo VALUES ('2019-04-10', 2019041001, '中日', '巨人', '中川 皓太', '左', '巨人', '京田 陽太', '左', '中日', 8, 2, 1, 1, 2, 1, 0, 143, 'ストレート', 29.5, 29.6, 'ファウル', 2, 2, 7, 'S1');"
"INSERT INTO ballinfo VALUES ('2019-04-10', 2019041001, '中日', '巨人', '中川 皓太', '左', '巨人', '京田 陽太', '左', '中日', 8, 2, 1, 1, 3, 1, 1, 126, 'スライダー', 49.0, 31.6, '見逃し', 2, 3, 8, 'S2');"
"INSERT INTO ballinfo VALUES ('2019-04-10', 2019041001, '中日', '巨人', '中川 皓太', '左', '巨人', '京田 陽太', '左', '中日', 8, 2, 1, 1, 4, 1, 2, 146, 'ストレート', 31.5, 52.4, 'ファウル', 3, 2, 12, 'S4');"
"INSERT INTO ballinfo VALUES ('2019-04-10', 2019041001, '中日', '巨人', '中川 皓太', '左', '巨人', '京田 陽太', '左', '中日', 8, 2, 1, 1, 5, 1, 3, 126, 'スライダー', 10.0, 93.2, '空三振', 5, 1, 21, 'B15');"
"INSERT INTO ballinfo VALUES ('2019-04-10', 2019041001, '中日', '巨人', '中川 皓太', '左', '巨人', '大島 洋平', '左', '中日', 8, 2, 2, 2, 1, 0, 0, 128, 'スライダー', 46.5, 73.6, '見逃し', 4, 3, 18, 'S8');"
"INSERT INTO ballinfo VALUES ('2019-04-10', 2019041001, '中日', '巨人', '中川 皓太', '左', '巨人', '大島 洋平', '左', '中日', 8, 2, 2, 2, 2, 0, 1, 145, 'ストレート', 13.0, 85.6, 'ボール', 5, 1, 21, 'B15');"
"INSERT INTO ballinfo VALUES ('2019-04-10', 2019041001, '中日', '巨人', '中川 皓太', '左', '巨人', '大島 洋平', '左', '中日', 8, 2, 2, 2, 3, 1, 1, 145, 'ストレート', 26.5, 72.8, '見逃し', 4, 2, 17, 'S7');"
"INSERT INTO ballinfo VALUES ('2019-04-10', 2019041001, '中日', '巨人', '中川 皓太', '左', '巨人', '大島 洋平', '左', '中日', 8, 2, 2, 2, 4, 1, 2, 146, 'ストレート', 70.5, 13.6, '空三振', 1, 4, 4, 'B4');"
"INSERT INTO ballinfo VALUES ('2019-04-10', 2019041001, '中日', '巨人', '中川 皓太', '左', '巨人', '平田 良介', '右', '中日', 8, 2, 3, 2, 1, 0, 0, 129, 'スライダー', 12.5, 90.8, 'ボール', 5, 1, 21, 'B15');"
"INSERT INTO ballinfo VALUES ('2019-04-10', 2019041001, '中日', '巨人', '中川 皓太', '左', '巨人', '平田 良介', '右', '中日', 8, 2, 3, 2, 2, 1, 0, 128, 'スライダー', 50.5, 90.0, 'ボール', 5, 3, 23, 'B17');"
"INSERT INTO ballinfo VALUES ('2019-04-10', 2019041001, '中日', '巨人', '中川 皓太', '左', '巨人', '平田 良介', '右', '中日', 8, 2, 3, 2, 3, 2, 0, 144, 'ストレート', 13.5, 85.2, 'ボール', 5, 1, 21, 'B15');"
"INSERT INTO ballinfo VALUES ('2019-04-10', 2019041001, '中日', '巨人', '中川 皓太', '左', '巨人', '平田 良介', '右', '中日', 8, 2, 3, 2, 4, 3, 0, 144, 'ストレート', 46.0, 28.4, '右安', 2, 3, 8, 'S2');"
"INSERT INTO ballinfo VALUES ('2019-04-10', 2019041001, '中日', '巨人', '中川 皓太', '左', '巨人', 'ビシエド', '右', '中日', 8, 2, 4, 3, 1, 0, 0, 144, 'シュート', 73.5, 72.4, '見逃し', 4, 4, 19, 'S9');"
"INSERT INTO ballinfo VALUES ('2019-04-10', 2019041001, '中日', '巨人', '中川 皓太', '左', '巨人', 'ビシエド', '右', '中日', 8, 2, 4, 3, 2, 0, 1, 144, 'ストレート', 27.5, 52.8, '見逃し', 3, 2, 12, 'S4');"
"INSERT INTO ballinfo VALUES ('2019-04-10', 2019041001, '中日', '巨人', '中川 皓太', '左', '巨人', 'ビシエド', '右', '中日', 8, 2, 4, 3, 3, 0, 2, 129, 'スライダー', 31.5, 99.2, 'ボール', 5, 2, 22, 'B16');"
"INSERT INTO ballinfo VALUES ('2019-04-10', 2019041001, '中日', '巨人', '中川 皓太', '左', '巨人', 'ビシエド', '右', '中日', 8, 2, 4, 3, 4, 1, 2, 128, 'スライダー', 49.5, 89.6, '空三振', 5, 3, 23, 'B17');"
"INSERT INTO ballinfo VALUES ('2019-04-10', 2019041001, '中日', '巨人', '鈴木 博志', '右', '中日', '丸 佳浩', '左', '巨人', 9, 1, 1, 0, 1, 0, 0, 153, 'ストレート', 51.5, 10.4, 'ボール', 1, 3, 3, 'B3');"
"INSERT INTO ballinfo VALUES ('2019-04-10', 2019041001, '中日', '巨人', '鈴木 博志', '右', '中日', '丸 佳浩', '左', '巨人', 9, 1, 1, 0, 2, 1, 0, 143, 'カットボール', 69.5, 14.8, 'ボール', 1, 4, 4, 'B4');"
"INSERT INTO ballinfo VALUES ('2019-04-10', 2019041001, '中日', '巨人', '鈴木 博志', '右', '中日', '丸 佳浩', '左', '巨人', 9, 1, 1, 0, 3, 2, 0, 152, 'ストレート', 51.0, 29.6, 'ファウル', 2, 3, 8, 'S2');"
"INSERT INTO ballinfo VALUES ('2019-04-10', 2019041001, '中日', '巨人', '鈴木 博志', '右', '中日', '丸 佳浩', '左', '巨人', 9, 1, 1, 0, 4, 2, 1, 152, 'ストレート', 75.5, 17.2, 'ボール', 1, 4, 4, 'B4');"
"INSERT INTO ballinfo VALUES ('2019-04-10', 2019041001, '中日', '巨人', '鈴木 博志', '右', '中日', '丸 佳浩', '左', '巨人', 9, 1, 1, 0, 5, 3, 1, 152, 'ストレート', 86.0, 47.6, '四球', 3, 5, 15, 'B9');"
"INSERT INTO ballinfo VALUES ('2019-04-10', 2019041001, '中日', '巨人', '鈴木 博志', '右', '中日', '岡本 和真', '右', '巨人', 9, 1, 2, 1, 1, 0, 0, 144, 'カットボール', 31.5, 88.8, 'ボール', 5, 2, 22, 'B16');"
"INSERT INTO ballinfo VALUES ('2019-04-10', 2019041001, '中日', '巨人', '鈴木 博志', '右', '中日', '岡本 和真', '右', '巨人', 9, 1, 2, 1, 2, 1, 0, 153, 'ストレート', 53.5, 27.2, '中飛', 2, 3, 8, 'S2');"
"INSERT INTO ballinfo VALUES ('2019-04-10', 2019041001, '中日', '巨人', '鈴木 博志', '右', '中日', 'ビヤヌエバ', '右', '巨人', 9, 1, 3, 2, 1, 0, 0, 144, 'カットボール', 54.5, 25.2, '見逃し', 2, 3, 8, 'S2');"
"INSERT INTO ballinfo VALUES ('2019-04-10', 2019041001, '中日', '巨人', '鈴木 博志', '右', '中日', 'ビヤヌエバ', '右', '巨人', 9, 1, 3, 2, 2, 0, 1, 132, 'スライダー', 87.0, 89.2, '空振り', 5, 5, 25, 'B19');"
"INSERT INTO ballinfo VALUES ('2019-04-10', 2019041001, '中日', '巨人', '鈴木 博志', '右', '中日', 'ビヤヌエバ', '右', '巨人', 9, 1, 3, 2, 3, 0, 2, 152, 'ストレート', 34.0, 15.6, 'ボール', 1, 2, 2, 'B2');"
"INSERT INTO ballinfo VALUES ('2019-04-10', 2019041001, '中日', '巨人', '鈴木 博志', '右', '中日', 'ビヤヌエバ', '右', '巨人', 9, 1, 3, 2, 4, 1, 2, 133, 'スライダー', 86.5, 98.8, 'ボール', 5, 5, 25, 'B19');"
"INSERT INTO ballinfo VALUES ('2019-04-10', 2019041001, '中日', '巨人', '鈴木 博志', '右', '中日', 'ビヤヌエバ', '右', '巨人', 9, 1, 3, 2, 5, 2, 2, 131, 'スライダー', 70.0, 54.8, '二飛', 3, 4, 14, 'S6');"
"INSERT INTO ballinfo VALUES ('2019-04-10', 2019041001, '中日', '巨人', '鈴木 博志', '右', '中日', 'ゲレーロ', '右', '巨人', 9, 1, 4, 3, 1, 0, 0, 144, 'カットボール', 86.0, 45.2, 'ボール', 3, 5, 15, 'B9');"
"INSERT INTO ballinfo VALUES ('2019-04-10', 2019041001, '中日', '巨人', '鈴木 博志', '右', '中日', 'ゲレーロ', '右', '巨人', 9, 1, 4, 3, 2, 1, 0, 154, 'ストレート', 72.0, 91.2, 'ボール', 5, 4, 24, 'B18');"
"INSERT INTO ballinfo VALUES ('2019-04-10', 2019041001, '中日', '巨人', '鈴木 博志', '右', '中日', 'ゲレーロ', '右', '巨人', 9, 1, 4, 3, 3, 2, 0, 145, 'カットボール', 52.5, 54.0, 'フライ', 3, 3, 13, 'S5');"
