"INSERT INTO ballinfo VALUES ('2019-04-16', 2019041603, '中日', 'ＤｅＮＡ', '大野 雄大', '左', '中日', '神里 和毅', '左', 'ＤｅＮＡ', 1, 1, 1, 1, 1, 0, 0, 143, 'ストレート', 47.5, 28.4, '見逃し', 2, 3, 8, 'S2');"
"INSERT INTO ballinfo VALUES ('2019-04-16', 2019041603, '中日', 'ＤｅＮＡ', '大野 雄大', '左', '中日', '神里 和毅', '左', 'ＤｅＮＡ', 1, 1, 1, 1, 2, 0, 1, 129, 'スライダー', 29.5, 67.6, '空振り', 4, 2, 17, 'S7');"
"INSERT INTO ballinfo VALUES ('2019-04-16', 2019041603, '中日', 'ＤｅＮＡ', '大野 雄大', '左', '中日', '神里 和毅', '左', 'ＤｅＮＡ', 1, 1, 1, 1, 3, 0, 2, 134, 'スライダー', 13.0, 57.2, 'ボール', 3, 1, 11, 'B8');"
"INSERT INTO ballinfo VALUES ('2019-04-16', 2019041603, '中日', 'ＤｅＮＡ', '大野 雄大', '左', '中日', '神里 和毅', '左', 'ＤｅＮＡ', 1, 1, 1, 1, 4, 1, 2, 139, 'スライダー', 88.5, 54.8, 'ボール', 3, 5, 15, 'B9');"
"INSERT INTO ballinfo VALUES ('2019-04-16', 2019041603, '中日', 'ＤｅＮＡ', '大野 雄大', '左', '中日', '神里 和毅', '左', 'ＤｅＮＡ', 1, 1, 1, 1, 5, 2, 2, 148, 'ストレート', 67.5, 24.0, '空三振', 2, 4, 9, 'S3');"
"INSERT INTO ballinfo VALUES ('2019-04-16', 2019041603, '中日', 'ＤｅＮＡ', '大野 雄大', '左', '中日', '楠本 泰史', '左', 'ＤｅＮＡ', 1, 1, 2, 2, 1, 0, 0, 146, 'ストレート', 28.0, 44.4, '見逃し', 3, 2, 12, 'S4');"
"INSERT INTO ballinfo VALUES ('2019-04-16', 2019041603, '中日', 'ＤｅＮＡ', '大野 雄大', '左', '中日', '楠本 泰史', '左', 'ＤｅＮＡ', 1, 1, 2, 2, 2, 0, 1, 131, 'スライダー', 35.0, 31.6, 'ファウル', 2, 2, 7, 'S1');"
"INSERT INTO ballinfo VALUES ('2019-04-16', 2019041603, '中日', 'ＤｅＮＡ', '大野 雄大', '左', '中日', '楠本 泰史', '左', 'ＤｅＮＡ', 1, 1, 2, 2, 3, 0, 2, 132, 'スライダー', 74.0, 12.4, 'ファウル', 1, 4, 4, 'B4');"
"INSERT INTO ballinfo VALUES ('2019-04-16', 2019041603, '中日', 'ＤｅＮＡ', '大野 雄大', '左', '中日', '楠本 泰史', '左', 'ＤｅＮＡ', 1, 1, 2, 2, 4, 0, 3, 136, 'スライダー', 33.0, 64.0, 'ファウル', 4, 2, 17, 'S7');"
"INSERT INTO ballinfo VALUES ('2019-04-16', 2019041603, '中日', 'ＤｅＮＡ', '大野 雄大', '左', '中日', '楠本 泰史', '左', 'ＤｅＮＡ', 1, 1, 2, 2, 5, 0, 4, 147, 'ストレート', 26.5, 12.8, 'ボール', 1, 2, 2, 'B2');"
"INSERT INTO ballinfo VALUES ('2019-04-16', 2019041603, '中日', 'ＤｅＮＡ', '大野 雄大', '左', '中日', '楠本 泰史', '左', 'ＤｅＮＡ', 1, 1, 2, 2, 6, 1, 4, 134, 'スライダー', 29.0, 55.6, '二ゴロ', 3, 2, 12, 'S4');"
"INSERT INTO ballinfo VALUES ('2019-04-16', 2019041603, '中日', 'ＤｅＮＡ', '大野 雄大', '左', '中日', 'ソト', '右', 'ＤｅＮＡ', 1, 1, 3, 3, 1, 0, 0, 138, 'シュート', 91.5, 64.4, 'ボール', 4, 5, 20, 'B11');"
"INSERT INTO ballinfo VALUES ('2019-04-16', 2019041603, '中日', 'ＤｅＮＡ', '大野 雄大', '左', '中日', 'ソト', '右', 'ＤｅＮＡ', 1, 1, 3, 3, 2, 1, 0, 147, 'ストレート', 31.5, 50.4, '見逃し', 3, 2, 12, 'S4');"
"INSERT INTO ballinfo VALUES ('2019-04-16', 2019041603, '中日', 'ＤｅＮＡ', '大野 雄大', '左', '中日', 'ソト', '右', 'ＤｅＮＡ', 1, 1, 3, 3, 3, 1, 1, 132, 'スライダー', 14.5, 57.2, 'ボール', 3, 1, 11, 'B8');"
"INSERT INTO ballinfo VALUES ('2019-04-16', 2019041603, '中日', 'ＤｅＮＡ', '大野 雄大', '左', '中日', 'ソト', '右', 'ＤｅＮＡ', 1, 1, 3, 3, 4, 2, 1, 0, 'シュート', 76.5, 57.2, '投ゴロ', 3, 4, 14, 'S6');"
"INSERT INTO ballinfo VALUES ('2019-04-16', 2019041603, '中日', 'ＤｅＮＡ', '上茶谷 大河', '右', 'ＤｅＮＡ', '平田 良介', '右', '中日', 1, 2, 1, 1, 1, 0, 0, 141, 'ストレート', 76.0, 56.4, '見逃し', 3, 4, 14, 'S6');"
"INSERT INTO ballinfo VALUES ('2019-04-16', 2019041603, '中日', 'ＤｅＮＡ', '上茶谷 大河', '右', 'ＤｅＮＡ', '平田 良介', '右', '中日', 1, 2, 1, 1, 2, 0, 1, 121, 'スライダー', 55.0, 56.8, '三ゴロ', 3, 3, 13, 'S5');"
"INSERT INTO ballinfo VALUES ('2019-04-16', 2019041603, '中日', 'ＤｅＮＡ', '上茶谷 大河', '右', 'ＤｅＮＡ', '京田 陽太', '左', '中日', 1, 2, 2, 2, 1, 0, 0, 138, 'カットボール', 71.0, 86.4, 'ボール', 5, 4, 24, 'B18');"
"INSERT INTO ballinfo VALUES ('2019-04-16', 2019041603, '中日', 'ＤｅＮＡ', '上茶谷 大河', '右', 'ＤｅＮＡ', '京田 陽太', '左', '中日', 1, 2, 2, 2, 2, 1, 0, 122, 'スライダー', 29.5, 55.6, '見逃し', 3, 2, 12, 'S4');"
"INSERT INTO ballinfo VALUES ('2019-04-16', 2019041603, '中日', 'ＤｅＮＡ', '上茶谷 大河', '右', 'ＤｅＮＡ', '京田 陽太', '左', '中日', 1, 2, 2, 2, 3, 1, 1, 122, 'スライダー', 48.0, 63.2, '一ゴロ', 4, 3, 18, 'S8');"
"INSERT INTO ballinfo VALUES ('2019-04-16', 2019041603, '中日', 'ＤｅＮＡ', '上茶谷 大河', '右', 'ＤｅＮＡ', '大島 洋平', '左', '中日', 1, 2, 3, 2, 1, 0, 0, 143, 'ストレート', 57.0, 56.0, '見逃し', 3, 3, 13, 'S5');"
"INSERT INTO ballinfo VALUES ('2019-04-16', 2019041603, '中日', 'ＤｅＮＡ', '上茶谷 大河', '右', 'ＤｅＮＡ', '大島 洋平', '左', '中日', 1, 2, 3, 2, 2, 0, 1, 130, 'チェンジアップ', 54.0, 83.6, 'ボール', 5, 3, 23, 'B17');"
"INSERT INTO ballinfo VALUES ('2019-04-16', 2019041603, '中日', 'ＤｅＮＡ', '上茶谷 大河', '右', 'ＤｅＮＡ', '大島 洋平', '左', '中日', 1, 2, 3, 2, 3, 1, 1, 132, 'フォーク', 33.0, 57.2, 'ファウル', 3, 2, 12, 'S4');"
"INSERT INTO ballinfo VALUES ('2019-04-16', 2019041603, '中日', 'ＤｅＮＡ', '上茶谷 大河', '右', 'ＤｅＮＡ', '大島 洋平', '左', '中日', 1, 2, 3, 2, 4, 1, 2, 142, 'ストレート', 89.5, 57.2, 'ボール', 3, 5, 15, 'B9');"
"INSERT INTO ballinfo VALUES ('2019-04-16', 2019041603, '中日', 'ＤｅＮＡ', '上茶谷 大河', '右', 'ＤｅＮＡ', '大島 洋平', '左', '中日', 1, 2, 3, 2, 5, 2, 2, 133, 'カットボール', 34.5, 38.4, '左安', 2, 2, 7, 'S1');"
"INSERT INTO ballinfo VALUES ('2019-04-16', 2019041603, '中日', 'ＤｅＮＡ', '上茶谷 大河', '右', 'ＤｅＮＡ', 'ビシエド', '右', '中日', 1, 2, 4, 3, 1, 0, 0, 123, 'スライダー', 89.5, 56.8, 'ボール', 3, 5, 15, 'B9');"
"INSERT INTO ballinfo VALUES ('2019-04-16', 2019041603, '中日', 'ＤｅＮＡ', '上茶谷 大河', '右', 'ＤｅＮＡ', 'ビシエド', '右', '中日', 1, 2, 4, 3, 2, 1, 0, 144, 'ストレート', 34.5, 50.4, '二飛', 3, 2, 12, 'S4');"
"INSERT INTO ballinfo VALUES ('2019-04-16', 2019041603, '中日', 'ＤｅＮＡ', '大野 雄大', '左', '中日', 'ロペス', '右', 'ＤｅＮＡ', 2, 1, 1, 0, 1, 0, 0, 145, 'ストレート', 89.5, 56.8, 'ボール', 3, 5, 15, 'B9');"
"INSERT INTO ballinfo VALUES ('2019-04-16', 2019041603, '中日', 'ＤｅＮＡ', '大野 雄大', '左', '中日', 'ロペス', '右', 'ＤｅＮＡ', 2, 1, 1, 0, 2, 1, 0, 137, 'シュート', 90.5, 25.6, 'ボール', 2, 5, 10, 'B7');"
"INSERT INTO ballinfo VALUES ('2019-04-16', 2019041603, '中日', 'ＤｅＮＡ', '大野 雄大', '左', '中日', 'ロペス', '右', 'ＤｅＮＡ', 2, 1, 1, 0, 3, 2, 0, 135, 'シュート', 14.0, 57.6, 'ボール', 3, 1, 11, 'B8');"
"INSERT INTO ballinfo VALUES ('2019-04-16', 2019041603, '中日', 'ＤｅＮＡ', '大野 雄大', '左', '中日', 'ロペス', '右', 'ＤｅＮＡ', 2, 1, 1, 0, 4, 3, 0, 143, 'ストレート', 12.0, 72.4, '四球', 4, 1, 16, 'B10');"
"INSERT INTO ballinfo VALUES ('2019-04-16', 2019041603, '中日', 'ＤｅＮＡ', '大野 雄大', '左', '中日', '宮崎 敏郎', '右', 'ＤｅＮＡ', 2, 1, 2, 1, 1, 0, 0, 146, 'ストレート', 15.5, 10.0, 'ボール', 1, 1, 1, 'B1');"
"INSERT INTO ballinfo VALUES ('2019-04-16', 2019041603, '中日', 'ＤｅＮＡ', '大野 雄大', '左', '中日', '宮崎 敏郎', '右', 'ＤｅＮＡ', 2, 1, 2, 1, 2, 1, 0, 126, 'スライダー', 56.5, 44.8, 'ファウル', 3, 3, 13, 'S5');"
"INSERT INTO ballinfo VALUES ('2019-04-16', 2019041603, '中日', 'ＤｅＮＡ', '大野 雄大', '左', '中日', '宮崎 敏郎', '右', 'ＤｅＮＡ', 2, 1, 2, 1, 3, 1, 1, 147, 'ストレート', 36.0, 55.6, 'ファウル', 3, 2, 12, 'S4');"
"INSERT INTO ballinfo VALUES ('2019-04-16', 2019041603, '中日', 'ＤｅＮＡ', '大野 雄大', '左', '中日', '宮崎 敏郎', '右', 'ＤｅＮＡ', 2, 1, 2, 1, 4, 1, 2, 132, 'スライダー', 12.5, 71.6, 'ボール', 4, 1, 16, 'B10');"
"INSERT INTO ballinfo VALUES ('2019-04-16', 2019041603, '中日', 'ＤｅＮＡ', '大野 雄大', '左', '中日', '宮崎 敏郎', '右', 'ＤｅＮＡ', 2, 1, 2, 1, 5, 2, 2, 146, 'ストレート', 13.5, 87.2, 'ボール', 5, 1, 21, 'B15');"
"INSERT INTO ballinfo VALUES ('2019-04-16', 2019041603, '中日', 'ＤｅＮＡ', '大野 雄大', '左', '中日', '宮崎 敏郎', '右', 'ＤｅＮＡ', 2, 1, 2, 1, 6, 3, 2, 145, 'ストレート', 35.5, 25.2, '三飛', 2, 2, 7, 'S1');"
"INSERT INTO ballinfo VALUES ('2019-04-16', 2019041603, '中日', 'ＤｅＮＡ', '大野 雄大', '左', '中日', '中井 大介', '右', 'ＤｅＮＡ', 2, 1, 3, 1, 1, 0, 0, 138, 'シュート', 89.5, 57.2, 'ボール', 3, 5, 15, 'B9');"
"INSERT INTO ballinfo VALUES ('2019-04-16', 2019041603, '中日', 'ＤｅＮＡ', '大野 雄大', '左', '中日', '中井 大介', '右', 'ＤｅＮＡ', 2, 1, 3, 1, 2, 1, 0, 146, 'ストレート', 56.5, 12.4, 'ボール', 1, 3, 3, 'B3');"
"INSERT INTO ballinfo VALUES ('2019-04-16', 2019041603, '中日', 'ＤｅＮＡ', '大野 雄大', '左', '中日', '中井 大介', '右', 'ＤｅＮＡ', 2, 1, 3, 1, 3, 2, 0, 147, 'ストレート', 68.0, 44.8, 'ファウル', 3, 4, 14, 'S6');"
"INSERT INTO ballinfo VALUES ('2019-04-16', 2019041603, '中日', 'ＤｅＮＡ', '大野 雄大', '左', '中日', '中井 大介', '右', 'ＤｅＮＡ', 2, 1, 3, 1, 4, 2, 1, 145, 'ストレート', 75.0, 14.8, 'ボール', 1, 4, 4, 'B4');"
"INSERT INTO ballinfo VALUES ('2019-04-16', 2019041603, '中日', 'ＤｅＮＡ', '大野 雄大', '左', '中日', '中井 大介', '右', 'ＤｅＮＡ', 2, 1, 3, 1, 5, 3, 1, 147, 'ストレート', 94.0, 15.2, '四球', 1, 5, 5, 'B5');"
"INSERT INTO ballinfo VALUES ('2019-04-16', 2019041603, '中日', 'ＤｅＮＡ', '大野 雄大', '左', '中日', '伊藤 光', '右', 'ＤｅＮＡ', 2, 1, 4, 2, 1, 0, 0, 148, 'ストレート', 37.0, 45.6, '見逃し', 3, 2, 12, 'S4');"
"INSERT INTO ballinfo VALUES ('2019-04-16', 2019041603, '中日', 'ＤｅＮＡ', '大野 雄大', '左', '中日', '伊藤 光', '右', 'ＤｅＮＡ', 2, 1, 4, 2, 2, 0, 1, 142, 'シュート', 56.5, 76.4, 'ファウル', 4, 3, 18, 'S8');"
"INSERT INTO ballinfo VALUES ('2019-04-16', 2019041603, '中日', 'ＤｅＮＡ', '大野 雄大', '左', '中日', '伊藤 光', '右', 'ＤｅＮＡ', 2, 1, 4, 2, 3, 0, 2, 132, 'シュート', 90.5, 87.2, 'ファウル', 5, 5, 25, 'B19');"
"INSERT INTO ballinfo VALUES ('2019-04-16', 2019041603, '中日', 'ＤｅＮＡ', '大野 雄大', '左', '中日', '伊藤 光', '右', 'ＤｅＮＡ', 2, 1, 4, 2, 4, 0, 3, 149, 'ストレート', 12.0, 67.6, 'ボール', 4, 1, 16, 'B10');"
"INSERT INTO ballinfo VALUES ('2019-04-16', 2019041603, '中日', 'ＤｅＮＡ', '大野 雄大', '左', '中日', '伊藤 光', '右', 'ＤｅＮＡ', 2, 1, 4, 2, 5, 1, 3, 131, 'スライダー', 28.5, 66.0, 'ファウル', 4, 2, 17, 'S7');"
"INSERT INTO ballinfo VALUES ('2019-04-16', 2019041603, '中日', 'ＤｅＮＡ', '大野 雄大', '左', '中日', '伊藤 光', '右', 'ＤｅＮＡ', 2, 1, 4, 2, 6, 1, 4, 149, 'ストレート', 73.5, 31.6, '空三振', 2, 4, 9, 'S3');"
"INSERT INTO ballinfo VALUES ('2019-04-16', 2019041603, '中日', 'ＤｅＮＡ', '大野 雄大', '左', '中日', '大和', '右', 'ＤｅＮＡ', 2, 1, 5, 3, 1, 0, 0, 145, 'ストレート', 75.0, 45.2, '見逃し', 3, 4, 14, 'S6');"
"INSERT INTO ballinfo VALUES ('2019-04-16', 2019041603, '中日', 'ＤｅＮＡ', '大野 雄大', '左', '中日', '大和', '右', 'ＤｅＮＡ', 2, 1, 5, 3, 2, 0, 1, 139, 'シュート', 74.5, 73.2, 'ファウル', 4, 4, 19, 'S9');"
"INSERT INTO ballinfo VALUES ('2019-04-16', 2019041603, '中日', 'ＤｅＮＡ', '大野 雄大', '左', '中日', '大和', '右', 'ＤｅＮＡ', 2, 1, 5, 3, 3, 0, 2, 148, 'ストレート', 76.5, 55.2, '空三振', 3, 4, 14, 'S6');"
"INSERT INTO ballinfo VALUES ('2019-04-16', 2019041603, '中日', 'ＤｅＮＡ', '上茶谷 大河', '右', 'ＤｅＮＡ', '福田 永将', '右', '中日', 2, 2, 1, 1, 1, 0, 0, 123, 'スライダー', 76.0, 56.8, '見逃し', 3, 4, 14, 'S6');"
"INSERT INTO ballinfo VALUES ('2019-04-16', 2019041603, '中日', 'ＤｅＮＡ', '上茶谷 大河', '右', 'ＤｅＮＡ', '福田 永将', '右', '中日', 2, 2, 1, 1, 2, 0, 1, 142, 'ストレート', 33.0, 17.2, 'ボール', 1, 2, 2, 'B2');"
"INSERT INTO ballinfo VALUES ('2019-04-16', 2019041603, '中日', 'ＤｅＮＡ', '上茶谷 大河', '右', 'ＤｅＮＡ', '福田 永将', '右', '中日', 2, 2, 1, 1, 3, 1, 1, 124, 'スライダー', 87.5, 74.8, 'ファウル', 4, 5, 20, 'B11');"
"INSERT INTO ballinfo VALUES ('2019-04-16', 2019041603, '中日', 'ＤｅＮＡ', '上茶谷 大河', '右', 'ＤｅＮＡ', '福田 永将', '右', '中日', 2, 2, 1, 1, 4, 1, 2, 142, 'ストレート', 30.5, 54.0, 'ファウル', 3, 2, 12, 'S4');"
"INSERT INTO ballinfo VALUES ('2019-04-16', 2019041603, '中日', 'ＤｅＮＡ', '上茶谷 大河', '右', 'ＤｅＮＡ', '福田 永将', '右', '中日', 2, 2, 1, 1, 5, 1, 3, 137, 'カットボール', 89.5, 88.8, 'ボール', 5, 5, 25, 'B19');"
"INSERT INTO ballinfo VALUES ('2019-04-16', 2019041603, '中日', 'ＤｅＮＡ', '上茶谷 大河', '右', 'ＤｅＮＡ', '福田 永将', '右', '中日', 2, 2, 1, 1, 6, 2, 3, 139, 'カットボール', 89.5, 67.6, '空三振', 4, 5, 20, 'B11');"
"INSERT INTO ballinfo VALUES ('2019-04-16', 2019041603, '中日', 'ＤｅＮＡ', '上茶谷 大河', '右', 'ＤｅＮＡ', '高橋 周平', '左', '中日', 2, 2, 2, 1, 1, 0, 0, 139, 'カットボール', 56.5, 56.0, '見逃し', 3, 3, 13, 'S5');"
"INSERT INTO ballinfo VALUES ('2019-04-16', 2019041603, '中日', 'ＤｅＮＡ', '上茶谷 大河', '右', 'ＤｅＮＡ', '高橋 周平', '左', '中日', 2, 2, 2, 1, 2, 0, 1, 132, 'フォーク', 49.5, 88.0, 'ボール', 5, 3, 23, 'B17');"
"INSERT INTO ballinfo VALUES ('2019-04-16', 2019041603, '中日', 'ＤｅＮＡ', '上茶谷 大河', '右', 'ＤｅＮＡ', '高橋 周平', '左', '中日', 2, 2, 2, 1, 3, 1, 1, 126, 'スライダー', 89.5, 85.2, '空振り', 5, 5, 25, 'B19');"
"INSERT INTO ballinfo VALUES ('2019-04-16', 2019041603, '中日', 'ＤｅＮＡ', '上茶谷 大河', '右', 'ＤｅＮＡ', '高橋 周平', '左', '中日', 2, 2, 2, 1, 4, 1, 2, 135, 'フォーク', 92.0, 92.4, 'ボール', 5, 5, 25, 'B19');"
"INSERT INTO ballinfo VALUES ('2019-04-16', 2019041603, '中日', 'ＤｅＮＡ', '上茶谷 大河', '右', 'ＤｅＮＡ', '高橋 周平', '左', '中日', 2, 2, 2, 1, 5, 2, 2, 137, 'カットボール', 28.0, 55.6, 'ファウル', 3, 2, 12, 'S4');"
"INSERT INTO ballinfo VALUES ('2019-04-16', 2019041603, '中日', 'ＤｅＮＡ', '上茶谷 大河', '右', 'ＤｅＮＡ', '高橋 周平', '左', '中日', 2, 2, 2, 1, 6, 2, 3, 144, 'ストレート', 56.5, 26.0, 'ファウル', 2, 3, 8, 'S2');"
"INSERT INTO ballinfo VALUES ('2019-04-16', 2019041603, '中日', 'ＤｅＮＡ', '上茶谷 大河', '右', 'ＤｅＮＡ', '高橋 周平', '左', '中日', 2, 2, 2, 1, 7, 2, 4, 124, 'スライダー', 14.0, 36.4, 'ボール', 2, 1, 6, 'B6');"
"INSERT INTO ballinfo VALUES ('2019-04-16', 2019041603, '中日', 'ＤｅＮＡ', '上茶谷 大河', '右', 'ＤｅＮＡ', '高橋 周平', '左', '中日', 2, 2, 2, 1, 8, 3, 4, 135, 'カットボール', 54.5, 36.4, '左安', 2, 3, 8, 'S2');"
"INSERT INTO ballinfo VALUES ('2019-04-16', 2019041603, '中日', 'ＤｅＮＡ', '上茶谷 大河', '右', 'ＤｅＮＡ', '阿部 寿樹', '右', '中日', 2, 2, 3, 1, 1, 0, 0, 141, 'ストレート', 70.5, 14.4, 'ボール', 1, 4, 4, 'B4');"
"INSERT INTO ballinfo VALUES ('2019-04-16', 2019041603, '中日', 'ＤｅＮＡ', '上茶谷 大河', '右', 'ＤｅＮＡ', '阿部 寿樹', '右', '中日', 2, 2, 3, 1, 2, 1, 0, 142, 'ストレート', 77.0, 57.2, '見逃し', 3, 4, 14, 'S6');"
"INSERT INTO ballinfo VALUES ('2019-04-16', 2019041603, '中日', 'ＤｅＮＡ', '上茶谷 大河', '右', 'ＤｅＮＡ', '阿部 寿樹', '右', '中日', 2, 2, 3, 1, 3, 1, 1, 138, 'カットボール', 54.5, 56.8, 'ファウル', 3, 3, 13, 'S5');"
"INSERT INTO ballinfo VALUES ('2019-04-16', 2019041603, '中日', 'ＤｅＮＡ', '上茶谷 大河', '右', 'ＤｅＮＡ', '阿部 寿樹', '右', '中日', 2, 2, 3, 1, 4, 1, 2, 141, 'ストレート', 71.5, 26.4, 'ファウル', 2, 4, 9, 'S3');"
"INSERT INTO ballinfo VALUES ('2019-04-16', 2019041603, '中日', 'ＤｅＮＡ', '上茶谷 大河', '右', 'ＤｅＮＡ', '阿部 寿樹', '右', '中日', 2, 2, 3, 1, 5, 1, 3, 123, 'スライダー', 74.5, 84.0, 'ファウル', 5, 4, 24, 'B18');"
"INSERT INTO ballinfo VALUES ('2019-04-16', 2019041603, '中日', 'ＤｅＮＡ', '上茶谷 大河', '右', 'ＤｅＮＡ', '阿部 寿樹', '右', '中日', 2, 2, 3, 1, 6, 1, 4, 141, 'ストレート', 32.5, 55.6, 'ファウル', 3, 2, 12, 'S4');"
"INSERT INTO ballinfo VALUES ('2019-04-16', 2019041603, '中日', 'ＤｅＮＡ', '上茶谷 大河', '右', 'ＤｅＮＡ', '阿部 寿樹', '右', '中日', 2, 2, 3, 1, 7, 1, 5, 137, 'カットボール', 88.5, 48.4, 'ファウル', 3, 5, 15, 'B9');"
"INSERT INTO ballinfo VALUES ('2019-04-16', 2019041603, '中日', 'ＤｅＮＡ', '上茶谷 大河', '右', 'ＤｅＮＡ', '阿部 寿樹', '右', '中日', 2, 2, 3, 1, 8, 1, 6, 113, 'カーブ', 88.0, 72.4, '投安', 4, 5, 20, 'B11');"
"INSERT INTO ballinfo VALUES ('2019-04-16', 2019041603, '中日', 'ＤｅＮＡ', '上茶谷 大河', '右', 'ＤｅＮＡ', '加藤 匠馬', '右', '中日', 2, 2, 4, 2, 1, 0, 0, 138, 'カットボール', 89.5, 88.0, 'ボール', 5, 5, 25, 'B19');"
"INSERT INTO ballinfo VALUES ('2019-04-16', 2019041603, '中日', 'ＤｅＮＡ', '上茶谷 大河', '右', 'ＤｅＮＡ', '加藤 匠馬', '右', '中日', 2, 2, 4, 2, 2, 1, 0, 143, 'ストレート', 56.0, 68.4, '遊ゴロ', 4, 3, 18, 'S8');"
"INSERT INTO ballinfo VALUES ('2019-04-16', 2019041603, '中日', 'ＤｅＮＡ', '上茶谷 大河', '右', 'ＤｅＮＡ', '大野 雄大', '左', '中日', 2, 2, 5, 3, 1, 0, 0, 145, 'ストレート', 48.5, 54.4, '見逃し', 3, 3, 13, 'S5');"
"INSERT INTO ballinfo VALUES ('2019-04-16', 2019041603, '中日', 'ＤｅＮＡ', '上茶谷 大河', '右', 'ＤｅＮＡ', '大野 雄大', '左', '中日', 2, 2, 5, 3, 2, 0, 1, 145, 'ストレート', 29.5, 74.4, '見逃し', 4, 2, 17, 'S7');"
"INSERT INTO ballinfo VALUES ('2019-04-16', 2019041603, '中日', 'ＤｅＮＡ', '上茶谷 大河', '右', 'ＤｅＮＡ', '大野 雄大', '左', '中日', 2, 2, 5, 3, 3, 0, 2, 138, 'カットボール', 32.5, 67.2, '見三振', 4, 2, 17, 'S7');"
"INSERT INTO ballinfo VALUES ('2019-04-16', 2019041603, '中日', 'ＤｅＮＡ', '大野 雄大', '左', '中日', '上茶谷 大河', '右', 'ＤｅＮＡ', 3, 1, 1, 1, 1, 0, 0, 145, 'ストレート', 77.5, 46.4, '見逃し', 3, 4, 14, 'S6');"
"INSERT INTO ballinfo VALUES ('2019-04-16', 2019041603, '中日', 'ＤｅＮＡ', '大野 雄大', '左', '中日', '上茶谷 大河', '右', 'ＤｅＮＡ', 3, 1, 1, 1, 2, 0, 1, 123, 'スライダー', 88.5, 10.4, 'ボール', 1, 5, 5, 'B5');"
"INSERT INTO ballinfo VALUES ('2019-04-16', 2019041603, '中日', 'ＤｅＮＡ', '大野 雄大', '左', '中日', '上茶谷 大河', '右', 'ＤｅＮＡ', 3, 1, 1, 1, 3, 1, 1, 144, 'ストレート', 68.5, 45.6, '空振り', 3, 4, 14, 'S6');"
"INSERT INTO ballinfo VALUES ('2019-04-16', 2019041603, '中日', 'ＤｅＮＡ', '大野 雄大', '左', '中日', '上茶谷 大河', '右', 'ＤｅＮＡ', 3, 1, 1, 1, 4, 1, 2, 148, 'ストレート', 88.0, 33.2, 'ファウル', 2, 5, 10, 'B7');"
"INSERT INTO ballinfo VALUES ('2019-04-16', 2019041603, '中日', 'ＤｅＮＡ', '大野 雄大', '左', '中日', '上茶谷 大河', '右', 'ＤｅＮＡ', 3, 1, 1, 1, 5, 1, 3, 139, 'シュート', 76.5, 69.2, 'ファウル', 4, 4, 19, 'S9');"
"INSERT INTO ballinfo VALUES ('2019-04-16', 2019041603, '中日', 'ＤｅＮＡ', '大野 雄大', '左', '中日', '上茶谷 大河', '右', 'ＤｅＮＡ', 3, 1, 1, 1, 6, 1, 4, 148, 'ストレート', 72.0, 16.0, 'ファウル', 1, 4, 4, 'B4');"
"INSERT INTO ballinfo VALUES ('2019-04-16', 2019041603, '中日', 'ＤｅＮＡ', '大野 雄大', '左', '中日', '上茶谷 大河', '右', 'ＤｅＮＡ', 3, 1, 1, 1, 7, 1, 5, 147, 'ストレート', 74.0, 57.2, 'ファウル', 3, 4, 14, 'S6');"
"INSERT INTO ballinfo VALUES ('2019-04-16', 2019041603, '中日', 'ＤｅＮＡ', '大野 雄大', '左', '中日', '上茶谷 大河', '右', 'ＤｅＮＡ', 3, 1, 1, 1, 8, 1, 6, 149, 'ストレート', 29.0, 47.2, '見三振', 3, 2, 12, 'S4');"
"INSERT INTO ballinfo VALUES ('2019-04-16', 2019041603, '中日', 'ＤｅＮＡ', '大野 雄大', '左', '中日', '神里 和毅', '左', 'ＤｅＮＡ', 3, 1, 2, 2, 1, 0, 0, 128, 'スライダー', 49.5, 37.2, 'ファウル', 2, 3, 8, 'S2');"
"INSERT INTO ballinfo VALUES ('2019-04-16', 2019041603, '中日', 'ＤｅＮＡ', '大野 雄大', '左', '中日', '神里 和毅', '左', 'ＤｅＮＡ', 3, 1, 2, 2, 2, 0, 1, 146, 'ストレート', 26.5, 86.0, 'ボール', 5, 2, 22, 'B16');"
"INSERT INTO ballinfo VALUES ('2019-04-16', 2019041603, '中日', 'ＤｅＮＡ', '大野 雄大', '左', '中日', '神里 和毅', '左', 'ＤｅＮＡ', 3, 1, 2, 2, 3, 1, 1, 146, 'ストレート', 49.5, 68.4, '投ゴロ', 4, 3, 18, 'S8');"
"INSERT INTO ballinfo VALUES ('2019-04-16', 2019041603, '中日', 'ＤｅＮＡ', '大野 雄大', '左', '中日', '楠本 泰史', '左', 'ＤｅＮＡ', 3, 1, 3, 2, 1, 0, 0, 147, 'ストレート', 49.5, 29.2, 'ファウル', 2, 3, 8, 'S2');"
"INSERT INTO ballinfo VALUES ('2019-04-16', 2019041603, '中日', 'ＤｅＮＡ', '大野 雄大', '左', '中日', '楠本 泰史', '左', 'ＤｅＮＡ', 3, 1, 3, 2, 2, 0, 1, 148, 'ストレート', 52.5, 15.6, 'ボール', 1, 3, 3, 'B3');"
"INSERT INTO ballinfo VALUES ('2019-04-16', 2019041603, '中日', 'ＤｅＮＡ', '大野 雄大', '左', '中日', '楠本 泰史', '左', 'ＤｅＮＡ', 3, 1, 3, 2, 3, 1, 1, 138, 'シュート', 88.5, 54.4, 'ボール', 3, 5, 15, 'B9');"
"INSERT INTO ballinfo VALUES ('2019-04-16', 2019041603, '中日', 'ＤｅＮＡ', '大野 雄大', '左', '中日', '楠本 泰史', '左', 'ＤｅＮＡ', 3, 1, 3, 2, 4, 2, 1, 146, 'ストレート', 50.0, 55.6, 'ファウル', 3, 3, 13, 'S5');"
"INSERT INTO ballinfo VALUES ('2019-04-16', 2019041603, '中日', 'ＤｅＮＡ', '大野 雄大', '左', '中日', '楠本 泰史', '左', 'ＤｅＮＡ', 3, 1, 3, 2, 5, 2, 2, 130, 'スライダー', 53.5, 87.6, 'ボール', 5, 3, 23, 'B17');"
"INSERT INTO ballinfo VALUES ('2019-04-16', 2019041603, '中日', 'ＤｅＮＡ', '大野 雄大', '左', '中日', '楠本 泰史', '左', 'ＤｅＮＡ', 3, 1, 3, 2, 6, 3, 2, 146, 'ストレート', 28.5, 54.0, 'ファウル', 3, 2, 12, 'S4');"
"INSERT INTO ballinfo VALUES ('2019-04-16', 2019041603, '中日', 'ＤｅＮＡ', '大野 雄大', '左', '中日', '楠本 泰史', '左', 'ＤｅＮＡ', 3, 1, 3, 2, 7, 3, 3, 131, 'スライダー', 28.5, 28.8, 'ファウル', 2, 2, 7, 'S1');"
"INSERT INTO ballinfo VALUES ('2019-04-16', 2019041603, '中日', 'ＤｅＮＡ', '大野 雄大', '左', '中日', '楠本 泰史', '左', 'ＤｅＮＡ', 3, 1, 3, 2, 8, 3, 4, 150, 'ストレート', 31.5, 86.4, '四球', 5, 2, 22, 'B16');"
"INSERT INTO ballinfo VALUES ('2019-04-16', 2019041603, '中日', 'ＤｅＮＡ', '大野 雄大', '左', '中日', 'ソト', '右', 'ＤｅＮＡ', 3, 1, 4, 3, 1, 0, 0, 147, 'ストレート', 71.5, 16.0, 'ファウル', 1, 4, 4, 'B4');"
"INSERT INTO ballinfo VALUES ('2019-04-16', 2019041603, '中日', 'ＤｅＮＡ', '大野 雄大', '左', '中日', 'ソト', '右', 'ＤｅＮＡ', 3, 1, 4, 3, 2, 0, 1, 137, 'シュート', 74.5, 84.4, '一ゴロ', 5, 4, 24, 'B18');"
"INSERT INTO ballinfo VALUES ('2019-04-16', 2019041603, '中日', 'ＤｅＮＡ', '上茶谷 大河', '右', 'ＤｅＮＡ', '平田 良介', '右', '中日', 3, 2, 1, 0, 1, 0, 0, 140, 'カットボール', 77.0, 87.2, 'ボール', 5, 4, 24, 'B18');"
"INSERT INTO ballinfo VALUES ('2019-04-16', 2019041603, '中日', 'ＤｅＮＡ', '上茶谷 大河', '右', 'ＤｅＮＡ', '平田 良介', '右', '中日', 3, 2, 1, 0, 2, 1, 0, 140, 'カットボール', 55.5, 66.8, '見逃し', 4, 3, 18, 'S8');"
"INSERT INTO ballinfo VALUES ('2019-04-16', 2019041603, '中日', 'ＤｅＮＡ', '上茶谷 大河', '右', 'ＤｅＮＡ', '平田 良介', '右', '中日', 3, 2, 1, 0, 3, 1, 1, 143, 'ストレート', 51.0, 56.4, 'ファウル', 3, 3, 13, 'S5');"
"INSERT INTO ballinfo VALUES ('2019-04-16', 2019041603, '中日', 'ＤｅＮＡ', '上茶谷 大河', '右', 'ＤｅＮＡ', '平田 良介', '右', '中日', 3, 2, 1, 0, 4, 1, 2, 143, 'ストレート', 27.5, 37.2, 'ファウル', 2, 2, 7, 'S1');"
"INSERT INTO ballinfo VALUES ('2019-04-16', 2019041603, '中日', 'ＤｅＮＡ', '上茶谷 大河', '右', 'ＤｅＮＡ', '平田 良介', '右', '中日', 3, 2, 1, 0, 5, 1, 3, 139, 'カットボール', 76.5, 83.2, 'ファウル', 5, 4, 24, 'B18');"
"INSERT INTO ballinfo VALUES ('2019-04-16', 2019041603, '中日', 'ＤｅＮＡ', '上茶谷 大河', '右', 'ＤｅＮＡ', '平田 良介', '右', '中日', 3, 2, 1, 0, 6, 1, 4, 125, 'スライダー', 47.5, 47.6, '左本', 3, 3, 13, 'S5');"
"INSERT INTO ballinfo VALUES ('2019-04-16', 2019041603, '中日', 'ＤｅＮＡ', '上茶谷 大河', '右', 'ＤｅＮＡ', '京田 陽太', '左', '中日', 3, 2, 2, 0, 1, 0, 0, 126, 'スライダー', 51.5, 84.8, 'ボール', 5, 3, 23, 'B17');"
"INSERT INTO ballinfo VALUES ('2019-04-16', 2019041603, '中日', 'ＤｅＮＡ', '上茶谷 大河', '右', 'ＤｅＮＡ', '京田 陽太', '左', '中日', 3, 2, 2, 0, 2, 1, 0, 135, 'カットボール', 67.5, 57.6, '右安', 3, 4, 14, 'S6');"
"INSERT INTO ballinfo VALUES ('2019-04-16', 2019041603, '中日', 'ＤｅＮＡ', '上茶谷 大河', '右', 'ＤｅＮＡ', '大島 洋平', '左', '中日', 3, 2, 3, 1, 1, 0, 0, 141, 'ストレート', 9.5, 52.4, 'ボール', 3, 1, 11, 'B8');"
"INSERT INTO ballinfo VALUES ('2019-04-16', 2019041603, '中日', 'ＤｅＮＡ', '上茶谷 大河', '右', 'ＤｅＮＡ', '大島 洋平', '左', '中日', 3, 2, 3, 1, 2, 1, 0, 142, 'ストレート', 29.0, 55.6, '見逃し', 3, 2, 12, 'S4');"
"INSERT INTO ballinfo VALUES ('2019-04-16', 2019041603, '中日', 'ＤｅＮＡ', '上茶谷 大河', '右', 'ＤｅＮＡ', '大島 洋平', '左', '中日', 3, 2, 3, 1, 3, 1, 1, 143, 'ストレート', 33.0, 66.8, '一ゴロ', 4, 2, 17, 'S7');"
"INSERT INTO ballinfo VALUES ('2019-04-16', 2019041603, '中日', 'ＤｅＮＡ', '上茶谷 大河', '右', 'ＤｅＮＡ', 'ビシエド', '右', '中日', 3, 2, 4, 1, 1, 0, 0, 142, 'ストレート', 94.5, 69.6, 'ボール', 4, 5, 20, 'B11');"
"INSERT INTO ballinfo VALUES ('2019-04-16', 2019041603, '中日', 'ＤｅＮＡ', '上茶谷 大河', '右', 'ＤｅＮＡ', 'ビシエド', '右', '中日', 3, 2, 4, 1, 2, 1, 0, 137, 'カットボール', 72.5, 87.6, 'ボール', 5, 4, 24, 'B18');"
"INSERT INTO ballinfo VALUES ('2019-04-16', 2019041603, '中日', 'ＤｅＮＡ', '上茶谷 大河', '右', 'ＤｅＮＡ', 'ビシエド', '右', '中日', 3, 2, 4, 1, 3, 2, 0, 125, 'スライダー', 77.5, 83.6, 'ボール', 5, 4, 24, 'B18');"
"INSERT INTO ballinfo VALUES ('2019-04-16', 2019041603, '中日', 'ＤｅＮＡ', '上茶谷 大河', '右', 'ＤｅＮＡ', 'ビシエド', '右', '中日', 3, 2, 4, 1, 4, 3, 0, 141, 'ストレート', 96.0, 49.6, '四球', 3, 5, 15, 'B9');"
"INSERT INTO ballinfo VALUES ('2019-04-16', 2019041603, '中日', 'ＤｅＮＡ', '上茶谷 大河', '右', 'ＤｅＮＡ', '福田 永将', '右', '中日', 3, 2, 5, 2, 1, 0, 0, 135, 'カットボール', 77.5, 50.4, '空振り', 3, 4, 14, 'S6');"
"INSERT INTO ballinfo VALUES ('2019-04-16', 2019041603, '中日', 'ＤｅＮＡ', '上茶谷 大河', '右', 'ＤｅＮＡ', '福田 永将', '右', '中日', 3, 2, 5, 2, 2, 0, 1, 144, 'ストレート', 94.0, 76.0, 'ボール', 4, 5, 20, 'B11');"
"INSERT INTO ballinfo VALUES ('2019-04-16', 2019041603, '中日', 'ＤｅＮＡ', '上茶谷 大河', '右', 'ＤｅＮＡ', '福田 永将', '右', '中日', 3, 2, 5, 2, 3, 1, 1, 138, 'カットボール', 92.0, 89.2, 'ボール', 5, 5, 25, 'B19');"
"INSERT INTO ballinfo VALUES ('2019-04-16', 2019041603, '中日', 'ＤｅＮＡ', '上茶谷 大河', '右', 'ＤｅＮＡ', '福田 永将', '右', '中日', 3, 2, 5, 2, 4, 2, 1, 140, 'カットボール', 88.0, 65.2, '空振り', 4, 5, 20, 'B11');"
"INSERT INTO ballinfo VALUES ('2019-04-16', 2019041603, '中日', 'ＤｅＮＡ', '上茶谷 大河', '右', 'ＤｅＮＡ', '福田 永将', '右', '中日', 3, 2, 5, 2, 5, 2, 2, 137, 'カットボール', 76.5, 85.2, 'ファウル', 5, 4, 24, 'B18');"
"INSERT INTO ballinfo VALUES ('2019-04-16', 2019041603, '中日', 'ＤｅＮＡ', '上茶谷 大河', '右', 'ＤｅＮＡ', '福田 永将', '右', '中日', 3, 2, 5, 2, 6, 2, 3, 144, 'ストレート', 47.0, 56.0, '右犠飛', 3, 3, 13, 'S5');"
"INSERT INTO ballinfo VALUES ('2019-04-16', 2019041603, '中日', 'ＤｅＮＡ', '上茶谷 大河', '右', 'ＤｅＮＡ', '高橋 周平', '左', '中日', 3, 2, 6, 2, 1, 0, 0, 133, 'チェンジアップ', 91.0, 89.2, 'ボール', 5, 5, 25, 'B19');"
"INSERT INTO ballinfo VALUES ('2019-04-16', 2019041603, '中日', 'ＤｅＮＡ', '上茶谷 大河', '右', 'ＤｅＮＡ', '高橋 周平', '左', '中日', 3, 2, 6, 2, 2, 1, 0, 138, 'フォーク', 11.5, 67.6, 'ボール', 4, 1, 16, 'B10');"
"INSERT INTO ballinfo VALUES ('2019-04-16', 2019041603, '中日', 'ＤｅＮＡ', '上茶谷 大河', '右', 'ＤｅＮＡ', '高橋 周平', '左', '中日', 3, 2, 6, 2, 3, 2, 0, 139, 'カットボール', 51.5, 56.8, '中２', 3, 3, 13, 'S5');"
"INSERT INTO ballinfo VALUES ('2019-04-16', 2019041603, '中日', 'ＤｅＮＡ', '上茶谷 大河', '右', 'ＤｅＮＡ', '阿部 寿樹', '右', '中日', 3, 2, 7, 2, 1, 0, 0, 143, 'ストレート', 91.0, 56.0, 'ボール', 3, 5, 15, 'B9');"
"INSERT INTO ballinfo VALUES ('2019-04-16', 2019041603, '中日', 'ＤｅＮＡ', '上茶谷 大河', '右', 'ＤｅＮＡ', '阿部 寿樹', '右', '中日', 3, 2, 7, 2, 2, 1, 0, 142, 'ストレート', 69.5, 73.6, '見逃し', 4, 4, 19, 'S9');"
"INSERT INTO ballinfo VALUES ('2019-04-16', 2019041603, '中日', 'ＤｅＮＡ', '上茶谷 大河', '右', 'ＤｅＮＡ', '阿部 寿樹', '右', '中日', 3, 2, 7, 2, 3, 1, 1, 141, 'ストレート', 75.5, 35.6, '見逃し', 2, 4, 9, 'S3');"
"INSERT INTO ballinfo VALUES ('2019-04-16', 2019041603, '中日', 'ＤｅＮＡ', '上茶谷 大河', '右', 'ＤｅＮＡ', '阿部 寿樹', '右', '中日', 3, 2, 7, 2, 4, 1, 2, 132, 'チェンジアップ', 69.5, 28.4, 'ファウル', 2, 4, 9, 'S3');"
"INSERT INTO ballinfo VALUES ('2019-04-16', 2019041603, '中日', 'ＤｅＮＡ', '上茶谷 大河', '右', 'ＤｅＮＡ', '阿部 寿樹', '右', '中日', 3, 2, 7, 2, 5, 1, 3, 133, 'カットボール', 74.0, 57.2, '右安', 3, 4, 14, 'S6');"
"INSERT INTO ballinfo VALUES ('2019-04-16', 2019041603, '中日', 'ＤｅＮＡ', '上茶谷 大河', '右', 'ＤｅＮＡ', '加藤 匠馬', '右', '中日', 3, 2, 8, 3, 1, 0, 0, 143, 'ストレート', 52.0, 87.6, 'ボール', 5, 3, 23, 'B17');"
"INSERT INTO ballinfo VALUES ('2019-04-16', 2019041603, '中日', 'ＤｅＮＡ', '上茶谷 大河', '右', 'ＤｅＮＡ', '加藤 匠馬', '右', '中日', 3, 2, 8, 3, 2, 1, 0, 142, 'ストレート', 90.5, 78.0, 'ボール', 4, 5, 20, 'B11');"
"INSERT INTO ballinfo VALUES ('2019-04-16', 2019041603, '中日', 'ＤｅＮＡ', '上茶谷 大河', '右', 'ＤｅＮＡ', '加藤 匠馬', '右', '中日', 3, 2, 8, 3, 3, 2, 0, 0, 'ストレート', 69.5, 49.6, '二ゴロ', 3, 4, 14, 'S6');"
"INSERT INTO ballinfo VALUES ('2019-04-16', 2019041603, '中日', 'ＤｅＮＡ', '大野 雄大', '左', '中日', 'ロペス', '右', 'ＤｅＮＡ', 4, 1, 1, 0, 1, 0, 0, 146, 'ストレート', 51.5, 15.2, '中安', 1, 3, 3, 'B3');"
"INSERT INTO ballinfo VALUES ('2019-04-16', 2019041603, '中日', 'ＤｅＮＡ', '大野 雄大', '左', '中日', '宮崎 敏郎', '右', 'ＤｅＮＡ', 4, 1, 2, 1, 1, 0, 0, 133, 'シュート', 52.0, 34.8, 'ファウル', 2, 3, 8, 'S2');"
"INSERT INTO ballinfo VALUES ('2019-04-16', 2019041603, '中日', 'ＤｅＮＡ', '大野 雄大', '左', '中日', '宮崎 敏郎', '右', 'ＤｅＮＡ', 4, 1, 2, 1, 2, 0, 1, 137, 'シュート', 89.5, 54.4, 'ボール', 3, 5, 15, 'B9');"
"INSERT INTO ballinfo VALUES ('2019-04-16', 2019041603, '中日', 'ＤｅＮＡ', '大野 雄大', '左', '中日', '宮崎 敏郎', '右', 'ＤｅＮＡ', 4, 1, 2, 1, 3, 1, 1, 146, 'ストレート', 73.0, 17.2, '右飛', 1, 4, 4, 'B4');"
"INSERT INTO ballinfo VALUES ('2019-04-16', 2019041603, '中日', 'ＤｅＮＡ', '大野 雄大', '左', '中日', '中井 大介', '右', 'ＤｅＮＡ', 4, 1, 3, 2, 1, 0, 0, 136, 'シュート', 51.0, 87.6, 'ボール', 5, 3, 23, 'B17');"
"INSERT INTO ballinfo VALUES ('2019-04-16', 2019041603, '中日', 'ＤｅＮＡ', '大野 雄大', '左', '中日', '中井 大介', '右', 'ＤｅＮＡ', 4, 1, 3, 2, 2, 1, 0, 145, 'ストレート', 11.0, 72.8, 'ボール', 4, 1, 16, 'B10');"
"INSERT INTO ballinfo VALUES ('2019-04-16', 2019041603, '中日', 'ＤｅＮＡ', '大野 雄大', '左', '中日', '中井 大介', '右', 'ＤｅＮＡ', 4, 1, 3, 2, 3, 2, 0, 134, 'シュート', 69.5, 37.2, '見逃し', 2, 4, 9, 'S3');"
"INSERT INTO ballinfo VALUES ('2019-04-16', 2019041603, '中日', 'ＤｅＮＡ', '大野 雄大', '左', '中日', '中井 大介', '右', 'ＤｅＮＡ', 4, 1, 3, 2, 4, 2, 1, 144, 'ストレート', 48.0, 56.0, '空振り', 3, 3, 13, 'S5');"
"INSERT INTO ballinfo VALUES ('2019-04-16', 2019041603, '中日', 'ＤｅＮＡ', '大野 雄大', '左', '中日', '中井 大介', '右', 'ＤｅＮＡ', 4, 1, 3, 2, 5, 2, 2, 147, 'ストレート', 74.5, 55.2, 'ファウル', 3, 4, 14, 'S6');"
"INSERT INTO ballinfo VALUES ('2019-04-16', 2019041603, '中日', 'ＤｅＮＡ', '大野 雄大', '左', '中日', '中井 大介', '右', 'ＤｅＮＡ', 4, 1, 3, 2, 6, 2, 3, 145, 'ストレート', 54.5, 16.0, 'ファウル', 1, 3, 3, 'B3');"
"INSERT INTO ballinfo VALUES ('2019-04-16', 2019041603, '中日', 'ＤｅＮＡ', '大野 雄大', '左', '中日', '中井 大介', '右', 'ＤｅＮＡ', 4, 1, 3, 2, 7, 2, 4, 147, 'ストレート', 72.0, 15.2, '右飛', 1, 4, 4, 'B4');"
"INSERT INTO ballinfo VALUES ('2019-04-16', 2019041603, '中日', 'ＤｅＮＡ', '大野 雄大', '左', '中日', '伊藤 光', '右', 'ＤｅＮＡ', 4, 1, 4, 3, 1, 0, 0, 137, 'シュート', 72.0, 51.6, '二ゴロ', 3, 4, 14, 'S6');"
"INSERT INTO ballinfo VALUES ('2019-04-16', 2019041603, '中日', 'ＤｅＮＡ', '上茶谷 大河', '右', 'ＤｅＮＡ', '大野 雄大', '左', '中日', 4, 2, 1, 1, 1, 0, 0, 141, 'ストレート', 47.0, 26.4, '見逃し', 2, 3, 8, 'S2');"
"INSERT INTO ballinfo VALUES ('2019-04-16', 2019041603, '中日', 'ＤｅＮＡ', '上茶谷 大河', '右', 'ＤｅＮＡ', '大野 雄大', '左', '中日', 4, 2, 1, 1, 2, 0, 1, 130, 'チェンジアップ', 12.0, 86.0, 'ボール', 5, 1, 21, 'B15');"
"INSERT INTO ballinfo VALUES ('2019-04-16', 2019041603, '中日', 'ＤｅＮＡ', '上茶谷 大河', '右', 'ＤｅＮＡ', '大野 雄大', '左', '中日', 4, 2, 1, 1, 3, 1, 1, 142, 'ストレート', 30.0, 55.6, '見逃し', 3, 2, 12, 'S4');"
"INSERT INTO ballinfo VALUES ('2019-04-16', 2019041603, '中日', 'ＤｅＮＡ', '上茶谷 大河', '右', 'ＤｅＮＡ', '大野 雄大', '左', '中日', 4, 2, 1, 1, 4, 1, 2, 129, 'フォーク', 15.0, 32.8, 'ボール', 2, 1, 6, 'B6');"
"INSERT INTO ballinfo VALUES ('2019-04-16', 2019041603, '中日', 'ＤｅＮＡ', '上茶谷 大河', '右', 'ＤｅＮＡ', '大野 雄大', '左', '中日', 4, 2, 1, 1, 5, 2, 2, 143, 'ストレート', 55.0, 76.4, '空三振', 4, 3, 18, 'S8');"
"INSERT INTO ballinfo VALUES ('2019-04-16', 2019041603, '中日', 'ＤｅＮＡ', '上茶谷 大河', '右', 'ＤｅＮＡ', '平田 良介', '右', '中日', 4, 2, 2, 1, 1, 0, 0, 125, 'スライダー', 72.5, 86.4, 'ボール', 5, 4, 24, 'B18');"
"INSERT INTO ballinfo VALUES ('2019-04-16', 2019041603, '中日', 'ＤｅＮＡ', '上茶谷 大河', '右', 'ＤｅＮＡ', '平田 良介', '右', '中日', 4, 2, 2, 1, 2, 1, 0, 141, 'ストレート', 74.0, 54.4, '右安', 3, 4, 14, 'S6');"
"INSERT INTO ballinfo VALUES ('2019-04-16', 2019041603, '中日', 'ＤｅＮＡ', '上茶谷 大河', '右', 'ＤｅＮＡ', '京田 陽太', '左', '中日', 4, 2, 3, 1, 1, 0, 0, 141, 'ストレート', 47.5, 56.0, '見逃し', 3, 3, 13, 'S5');"
"INSERT INTO ballinfo VALUES ('2019-04-16', 2019041603, '中日', 'ＤｅＮＡ', '上茶谷 大河', '右', 'ＤｅＮＡ', '京田 陽太', '左', '中日', 4, 2, 3, 1, 2, 0, 1, 132, 'カットボール', 31.0, 85.2, 'ボール', 5, 2, 22, 'B16');"
"INSERT INTO ballinfo VALUES ('2019-04-16', 2019041603, '中日', 'ＤｅＮＡ', '上茶谷 大河', '右', 'ＤｅＮＡ', '京田 陽太', '左', '中日', 4, 2, 3, 1, 3, 1, 1, 132, 'チェンジアップ', 54.5, 85.6, 'ファウル', 5, 3, 23, 'B17');"
"INSERT INTO ballinfo VALUES ('2019-04-16', 2019041603, '中日', 'ＤｅＮＡ', '上茶谷 大河', '右', 'ＤｅＮＡ', '京田 陽太', '左', '中日', 4, 2, 3, 1, 4, 1, 2, 141, 'ストレート', 27.5, 45.2, 'ファウル', 3, 2, 12, 'S4');"
"INSERT INTO ballinfo VALUES ('2019-04-16', 2019041603, '中日', 'ＤｅＮＡ', '上茶谷 大河', '右', 'ＤｅＮＡ', '京田 陽太', '左', '中日', 4, 2, 3, 1, 5, 1, 3, 139, 'ストレート', 90.0, 71.6, 'ボール', 4, 5, 20, 'B11');"
"INSERT INTO ballinfo VALUES ('2019-04-16', 2019041603, '中日', 'ＤｅＮＡ', '上茶谷 大河', '右', 'ＤｅＮＡ', '京田 陽太', '左', '中日', 4, 2, 3, 1, 6, 2, 3, 132, 'カットボール', 49.0, 70.8, '二安', 4, 3, 18, 'S8');"
"INSERT INTO ballinfo VALUES ('2019-04-16', 2019041603, '中日', 'ＤｅＮＡ', '上茶谷 大河', '右', 'ＤｅＮＡ', '大島 洋平', '左', '中日', 4, 2, 4, 1, 1, 0, 0, 141, 'ストレート', 89.5, 68.8, 'ボール', 4, 5, 20, 'B11');"
"INSERT INTO ballinfo VALUES ('2019-04-16', 2019041603, '中日', 'ＤｅＮＡ', '上茶谷 大河', '右', 'ＤｅＮＡ', '大島 洋平', '左', '中日', 4, 2, 4, 1, 2, 1, 0, 131, 'チェンジアップ', 15.5, 71.2, 'ボール', 4, 1, 16, 'B10');"
"INSERT INTO ballinfo VALUES ('2019-04-16', 2019041603, '中日', 'ＤｅＮＡ', '上茶谷 大河', '右', 'ＤｅＮＡ', '大島 洋平', '左', '中日', 4, 2, 4, 1, 3, 2, 0, 144, 'ストレート', 16.0, 86.4, 'ボール', 5, 1, 21, 'B15');"
"INSERT INTO ballinfo VALUES ('2019-04-16', 2019041603, '中日', 'ＤｅＮＡ', '上茶谷 大河', '右', 'ＤｅＮＡ', '大島 洋平', '左', '中日', 4, 2, 4, 1, 4, 3, 0, 141, 'ストレート', 70.5, 85.2, '四球', 5, 4, 24, 'B18');"
"INSERT INTO ballinfo VALUES ('2019-04-16', 2019041603, '中日', 'ＤｅＮＡ', '上茶谷 大河', '右', 'ＤｅＮＡ', 'ビシエド', '右', '中日', 4, 2, 5, 2, 1, 0, 0, 145, 'ストレート', 33.5, 86.4, 'ボール', 5, 2, 22, 'B16');"
"INSERT INTO ballinfo VALUES ('2019-04-16', 2019041603, '中日', 'ＤｅＮＡ', '上茶谷 大河', '右', 'ＤｅＮＡ', 'ビシエド', '右', '中日', 4, 2, 5, 2, 2, 1, 0, 138, 'カットボール', 75.0, 48.4, '三ゴロ', 3, 4, 14, 'S6');"
"INSERT INTO ballinfo VALUES ('2019-04-16', 2019041603, '中日', 'ＤｅＮＡ', '上茶谷 大河', '右', 'ＤｅＮＡ', '福田 永将', '右', '中日', 4, 2, 6, 3, 1, 0, 0, 144, 'ストレート', 53.0, 85.6, 'ボール', 5, 3, 23, 'B17');"
"INSERT INTO ballinfo VALUES ('2019-04-16', 2019041603, '中日', 'ＤｅＮＡ', '上茶谷 大河', '右', 'ＤｅＮＡ', '福田 永将', '右', '中日', 4, 2, 6, 3, 2, 1, 0, 140, 'カットボール', 51.5, 90.0, 'ボール', 5, 3, 23, 'B17');"
"INSERT INTO ballinfo VALUES ('2019-04-16', 2019041603, '中日', 'ＤｅＮＡ', '上茶谷 大河', '右', 'ＤｅＮＡ', '福田 永将', '右', '中日', 4, 2, 6, 3, 3, 2, 0, 140, 'カットボール', 70.5, 53.2, '一邪飛', 3, 4, 14, 'S6');"
"INSERT INTO ballinfo VALUES ('2019-04-16', 2019041603, '中日', 'ＤｅＮＡ', '大野 雄大', '左', '中日', '大和', '右', 'ＤｅＮＡ', 5, 1, 1, 1, 1, 0, 0, 142, 'ストレート', 75.0, 48.4, '見逃し', 3, 4, 14, 'S6');"
"INSERT INTO ballinfo VALUES ('2019-04-16', 2019041603, '中日', 'ＤｅＮＡ', '大野 雄大', '左', '中日', '大和', '右', 'ＤｅＮＡ', 5, 1, 1, 1, 2, 0, 1, 136, 'シュート', 91.5, 32.8, 'ボール', 2, 5, 10, 'B7');"
"INSERT INTO ballinfo VALUES ('2019-04-16', 2019041603, '中日', 'ＤｅＮＡ', '大野 雄大', '左', '中日', '大和', '右', 'ＤｅＮＡ', 5, 1, 1, 1, 3, 1, 1, 145, 'ストレート', 32.0, 68.0, '左飛', 4, 2, 17, 'S7');"
"INSERT INTO ballinfo VALUES ('2019-04-16', 2019041603, '中日', 'ＤｅＮＡ', '大野 雄大', '左', '中日', '中川 大志', '右', 'ＤｅＮＡ', 5, 1, 2, 2, 1, 0, 0, 146, 'ストレート', 91.0, 10.0, 'ボール', 1, 5, 5, 'B5');"
"INSERT INTO ballinfo VALUES ('2019-04-16', 2019041603, '中日', 'ＤｅＮＡ', '大野 雄大', '左', '中日', '中川 大志', '右', 'ＤｅＮＡ', 5, 1, 2, 2, 2, 1, 0, 0, 'ストレート', 50.0, 15.2, 'ファウル', 1, 3, 3, 'B3');"
"INSERT INTO ballinfo VALUES ('2019-04-16', 2019041603, '中日', 'ＤｅＮＡ', '大野 雄大', '左', '中日', '中川 大志', '右', 'ＤｅＮＡ', 5, 1, 2, 2, 3, 1, 1, 131, 'スライダー', 55.5, 5.6, 'ボール', 1, 3, 3, 'B3');"
"INSERT INTO ballinfo VALUES ('2019-04-16', 2019041603, '中日', 'ＤｅＮＡ', '大野 雄大', '左', '中日', '中川 大志', '右', 'ＤｅＮＡ', 5, 1, 2, 2, 4, 2, 1, 134, 'シュート', 87.5, 58.8, 'ファウル', 3, 5, 15, 'B9');"
"INSERT INTO ballinfo VALUES ('2019-04-16', 2019041603, '中日', 'ＤｅＮＡ', '大野 雄大', '左', '中日', '中川 大志', '右', 'ＤｅＮＡ', 5, 1, 2, 2, 5, 2, 2, 138, 'シュート', 28.5, 86.4, 'ボール', 5, 2, 22, 'B16');"
"INSERT INTO ballinfo VALUES ('2019-04-16', 2019041603, '中日', 'ＤｅＮＡ', '大野 雄大', '左', '中日', '中川 大志', '右', 'ＤｅＮＡ', 5, 1, 2, 2, 6, 3, 2, 143, 'ストレート', 57.0, 45.6, '三ゴロ', 3, 3, 13, 'S5');"
"INSERT INTO ballinfo VALUES ('2019-04-16', 2019041603, '中日', 'ＤｅＮＡ', '大野 雄大', '左', '中日', '神里 和毅', '左', 'ＤｅＮＡ', 5, 1, 3, 3, 1, 0, 0, 146, 'ストレート', 13.0, 32.4, 'ボール', 2, 1, 6, 'B6');"
"INSERT INTO ballinfo VALUES ('2019-04-16', 2019041603, '中日', 'ＤｅＮＡ', '大野 雄大', '左', '中日', '神里 和毅', '左', 'ＤｅＮＡ', 5, 1, 3, 3, 2, 1, 0, 145, 'ストレート', 67.5, 52.0, '一ゴロ', 3, 4, 14, 'S6');"
"INSERT INTO ballinfo VALUES ('2019-04-16', 2019041603, '中日', 'ＤｅＮＡ', '笠井 崇正', '右', 'ＤｅＮＡ', '高橋 周平', '左', '中日', 5, 2, 1, 0, 1, 0, 0, 147, 'ストレート', 31.5, 85.6, 'ボール', 5, 2, 22, 'B16');"
"INSERT INTO ballinfo VALUES ('2019-04-16', 2019041603, '中日', 'ＤｅＮＡ', '笠井 崇正', '右', 'ＤｅＮＡ', '高橋 周平', '左', '中日', 5, 2, 1, 0, 2, 1, 0, 142, 'ストレート', 13.0, 87.6, 'ボール', 5, 1, 21, 'B15');"
"INSERT INTO ballinfo VALUES ('2019-04-16', 2019041603, '中日', 'ＤｅＮＡ', '笠井 崇正', '右', 'ＤｅＮＡ', '高橋 周平', '左', '中日', 5, 2, 1, 0, 3, 2, 0, 142, 'カットボール', 72.5, 84.4, 'ボール', 5, 4, 24, 'B18');"
"INSERT INTO ballinfo VALUES ('2019-04-16', 2019041603, '中日', 'ＤｅＮＡ', '笠井 崇正', '右', 'ＤｅＮＡ', '高橋 周平', '左', '中日', 5, 2, 1, 0, 4, 3, 0, 147, 'ストレート', 10.5, 12.0, '四球', 1, 1, 1, 'B1');"
"INSERT INTO ballinfo VALUES ('2019-04-16', 2019041603, '中日', 'ＤｅＮＡ', '笠井 崇正', '右', 'ＤｅＮＡ', '阿部 寿樹', '右', '中日', 5, 2, 2, 0, 1, 0, 0, 145, 'ストレート', 48.0, 55.2, '右安', 3, 3, 13, 'S5');"
"INSERT INTO ballinfo VALUES ('2019-04-16', 2019041603, '中日', 'ＤｅＮＡ', '笠井 崇正', '右', 'ＤｅＮＡ', '加藤 匠馬', '右', '中日', 5, 2, 3, 0, 1, 0, 0, 135, 'カットボール', 88.5, 56.0, 'ファウル', 3, 5, 15, 'B9');"
"INSERT INTO ballinfo VALUES ('2019-04-16', 2019041603, '中日', 'ＤｅＮＡ', '笠井 崇正', '右', 'ＤｅＮＡ', '加藤 匠馬', '右', '中日', 5, 2, 3, 0, 2, 0, 1, 144, 'ストレート', 13.5, 55.2, 'ボール', 3, 1, 11, 'B8');"
"INSERT INTO ballinfo VALUES ('2019-04-16', 2019041603, '中日', 'ＤｅＮＡ', '笠井 崇正', '右', 'ＤｅＮＡ', '加藤 匠馬', '右', '中日', 5, 2, 3, 0, 3, 1, 1, 146, 'ストレート', 69.5, 25.2, 'ファウル', 2, 4, 9, 'S3');"
"INSERT INTO ballinfo VALUES ('2019-04-16', 2019041603, '中日', 'ＤｅＮＡ', '笠井 崇正', '右', 'ＤｅＮＡ', '加藤 匠馬', '右', '中日', 5, 2, 3, 0, 4, 1, 2, 134, 'カットボール', 16.5, 47.2, 'ファウル', 3, 1, 11, 'B8');"
"INSERT INTO ballinfo VALUES ('2019-04-16', 2019041603, '中日', 'ＤｅＮＡ', '笠井 崇正', '右', 'ＤｅＮＡ', '加藤 匠馬', '右', '中日', 5, 2, 3, 0, 5, 1, 3, 123, 'スライダー', 54.0, 70.0, '右安', 4, 3, 18, 'S8');"
"INSERT INTO ballinfo VALUES ('2019-04-16', 2019041603, '中日', 'ＤｅＮＡ', '笠井 崇正', '右', 'ＤｅＮＡ', '大野 雄大', '左', '中日', 5, 2, 4, 1, 1, 0, 0, 142, 'ストレート', 9.5, 58.8, 'ボール', 3, 1, 11, 'B8');"
"INSERT INTO ballinfo VALUES ('2019-04-16', 2019041603, '中日', 'ＤｅＮＡ', '笠井 崇正', '右', 'ＤｅＮＡ', '大野 雄大', '左', '中日', 5, 2, 4, 1, 2, 1, 0, 144, 'ストレート', 28.0, 74.4, '見逃し', 4, 2, 17, 'S7');"
"INSERT INTO ballinfo VALUES ('2019-04-16', 2019041603, '中日', 'ＤｅＮＡ', '笠井 崇正', '右', 'ＤｅＮＡ', '大野 雄大', '左', '中日', 5, 2, 4, 1, 3, 1, 1, 144, 'ストレート', 29.5, 54.0, '見逃し', 3, 2, 12, 'S4');"
"INSERT INTO ballinfo VALUES ('2019-04-16', 2019041603, '中日', 'ＤｅＮＡ', '笠井 崇正', '右', 'ＤｅＮＡ', '大野 雄大', '左', '中日', 5, 2, 4, 1, 4, 1, 2, 144, 'ストレート', 12.5, 72.8, 'ボール', 4, 1, 16, 'B10');"
"INSERT INTO ballinfo VALUES ('2019-04-16', 2019041603, '中日', 'ＤｅＮＡ', '笠井 崇正', '右', 'ＤｅＮＡ', '大野 雄大', '左', '中日', 5, 2, 4, 1, 5, 2, 2, 138, 'カットボール', 34.5, 35.6, '空三振', 2, 2, 7, 'S1');"
"INSERT INTO ballinfo VALUES ('2019-04-16', 2019041603, '中日', 'ＤｅＮＡ', '笠井 崇正', '右', 'ＤｅＮＡ', '平田 良介', '右', '中日', 5, 2, 5, 2, 1, 0, 0, 136, 'カットボール', 75.5, 65.2, 'ファウル', 4, 4, 19, 'S9');"
"INSERT INTO ballinfo VALUES ('2019-04-16', 2019041603, '中日', 'ＤｅＮＡ', '笠井 崇正', '右', 'ＤｅＮＡ', '平田 良介', '右', '中日', 5, 2, 5, 2, 2, 0, 1, 144, 'ストレート', 14.0, 53.6, 'ボール', 3, 1, 11, 'B8');"
"INSERT INTO ballinfo VALUES ('2019-04-16', 2019041603, '中日', 'ＤｅＮＡ', '笠井 崇正', '右', 'ＤｅＮＡ', '平田 良介', '右', '中日', 5, 2, 5, 2, 3, 1, 1, 144, 'ストレート', 12.0, 74.4, 'ボール', 4, 1, 16, 'B10');"
"INSERT INTO ballinfo VALUES ('2019-04-16', 2019041603, '中日', 'ＤｅＮＡ', '笠井 崇正', '右', 'ＤｅＮＡ', '平田 良介', '右', '中日', 5, 2, 5, 2, 4, 2, 1, 135, 'カットボール', 51.5, 60.0, '三ゴロ', 3, 3, 13, 'S5');"
"INSERT INTO ballinfo VALUES ('2019-04-16', 2019041603, '中日', 'ＤｅＮＡ', '大野 雄大', '左', '中日', '楠本 泰史', '左', 'ＤｅＮＡ', 6, 1, 1, 0, 1, 0, 0, 123, 'スライダー', 56.0, 11.6, 'ボール', 1, 3, 3, 'B3');"
"INSERT INTO ballinfo VALUES ('2019-04-16', 2019041603, '中日', 'ＤｅＮＡ', '大野 雄大', '左', '中日', '楠本 泰史', '左', 'ＤｅＮＡ', 6, 1, 1, 0, 2, 1, 0, 143, 'ストレート', 32.0, 55.6, '中安', 3, 2, 12, 'S4');"
"INSERT INTO ballinfo VALUES ('2019-04-16', 2019041603, '中日', 'ＤｅＮＡ', '大野 雄大', '左', '中日', 'ソト', '右', 'ＤｅＮＡ', 6, 1, 2, 0, 1, 0, 0, 137, 'シュート', 88.5, 47.6, 'ボール', 3, 5, 15, 'B9');"
"INSERT INTO ballinfo VALUES ('2019-04-16', 2019041603, '中日', 'ＤｅＮＡ', '大野 雄大', '左', '中日', 'ソト', '右', 'ＤｅＮＡ', 6, 1, 2, 0, 2, 1, 0, 145, 'ストレート', 50.0, 15.6, '中安', 1, 3, 3, 'B3');"
"INSERT INTO ballinfo VALUES ('2019-04-16', 2019041603, '中日', 'ＤｅＮＡ', '大野 雄大', '左', '中日', 'ロペス', '右', 'ＤｅＮＡ', 6, 1, 3, 1, 1, 0, 0, 124, 'スライダー', 16.5, 35.6, 'ボール', 2, 1, 6, 'B6');"
"INSERT INTO ballinfo VALUES ('2019-04-16', 2019041603, '中日', 'ＤｅＮＡ', '大野 雄大', '左', '中日', 'ロペス', '右', 'ＤｅＮＡ', 6, 1, 3, 1, 2, 1, 0, 123, 'スライダー', 14.5, 86.8, 'ボール', 5, 1, 21, 'B15');"
"INSERT INTO ballinfo VALUES ('2019-04-16', 2019041603, '中日', 'ＤｅＮＡ', '大野 雄大', '左', '中日', 'ロペス', '右', 'ＤｅＮＡ', 6, 1, 3, 1, 3, 2, 0, 136, 'シュート', 73.0, 88.4, 'ボール', 5, 4, 24, 'B18');"
"INSERT INTO ballinfo VALUES ('2019-04-16', 2019041603, '中日', 'ＤｅＮＡ', '大野 雄大', '左', '中日', 'ロペス', '右', 'ＤｅＮＡ', 6, 1, 3, 1, 4, 3, 0, 146, 'ストレート', 53.0, 69.6, '見逃し', 4, 3, 18, 'S8');"
"INSERT INTO ballinfo VALUES ('2019-04-16', 2019041603, '中日', 'ＤｅＮＡ', '大野 雄大', '左', '中日', 'ロペス', '右', 'ＤｅＮＡ', 6, 1, 3, 1, 5, 3, 1, 134, 'シュート', 51.0, 86.4, '空振り', 5, 3, 23, 'B17');"
"INSERT INTO ballinfo VALUES ('2019-04-16', 2019041603, '中日', 'ＤｅＮＡ', '大野 雄大', '左', '中日', 'ロペス', '右', 'ＤｅＮＡ', 6, 1, 3, 1, 6, 3, 2, 137, 'シュート', 48.5, 75.6, '空三振', 4, 3, 18, 'S8');"
"INSERT INTO ballinfo VALUES ('2019-04-16', 2019041603, '中日', 'ＤｅＮＡ', '大野 雄大', '左', '中日', '宮崎 敏郎', '右', 'ＤｅＮＡ', 6, 1, 4, 2, 1, 0, 0, 125, 'スライダー', 57.5, 12.4, 'ボール', 1, 3, 3, 'B3');"
"INSERT INTO ballinfo VALUES ('2019-04-16', 2019041603, '中日', 'ＤｅＮＡ', '大野 雄大', '左', '中日', '宮崎 敏郎', '右', 'ＤｅＮＡ', 6, 1, 4, 2, 2, 1, 0, 147, 'ストレート', 50.0, 55.6, '右飛', 3, 3, 13, 'S5');"
"INSERT INTO ballinfo VALUES ('2019-04-16', 2019041603, '中日', 'ＤｅＮＡ', '大野 雄大', '左', '中日', '中井 大介', '右', 'ＤｅＮＡ', 6, 1, 5, 3, 1, 0, 0, 136, 'シュート', 90.5, 70.8, 'ボール', 4, 5, 20, 'B11');"
"INSERT INTO ballinfo VALUES ('2019-04-16', 2019041603, '中日', 'ＤｅＮＡ', '大野 雄大', '左', '中日', '中井 大介', '右', 'ＤｅＮＡ', 6, 1, 5, 3, 2, 1, 0, 146, 'ストレート', 56.5, 13.6, 'ボール', 1, 3, 3, 'B3');"
"INSERT INTO ballinfo VALUES ('2019-04-16', 2019041603, '中日', 'ＤｅＮＡ', '大野 雄大', '左', '中日', '中井 大介', '右', 'ＤｅＮＡ', 6, 1, 5, 3, 3, 2, 0, 134, 'シュート', 75.5, 55.6, '見逃し', 3, 4, 14, 'S6');"
"INSERT INTO ballinfo VALUES ('2019-04-16', 2019041603, '中日', 'ＤｅＮＡ', '大野 雄大', '左', '中日', '中井 大介', '右', 'ＤｅＮＡ', 6, 1, 5, 3, 4, 2, 1, 147, 'ストレート', 37.0, 55.2, 'ファウル', 3, 2, 12, 'S4');"
"INSERT INTO ballinfo VALUES ('2019-04-16', 2019041603, '中日', 'ＤｅＮＡ', '大野 雄大', '左', '中日', '中井 大介', '右', 'ＤｅＮＡ', 6, 1, 5, 3, 5, 2, 2, 145, 'ストレート', 29.0, 36.4, '見三振', 2, 2, 7, 'S1');"
"INSERT INTO ballinfo VALUES ('2019-04-16', 2019041603, '中日', 'ＤｅＮＡ', '笠井 崇正', '右', 'ＤｅＮＡ', '京田 陽太', '左', '中日', 6, 2, 1, 1, 1, 0, 0, 124, 'スライダー', 36.0, 86.4, 'ボール', 5, 2, 22, 'B16');"
"INSERT INTO ballinfo VALUES ('2019-04-16', 2019041603, '中日', 'ＤｅＮＡ', '笠井 崇正', '右', 'ＤｅＮＡ', '京田 陽太', '左', '中日', 6, 2, 1, 1, 2, 1, 0, 139, 'カットボール', 27.5, 87.6, 'ボール', 5, 2, 22, 'B16');"
"INSERT INTO ballinfo VALUES ('2019-04-16', 2019041603, '中日', 'ＤｅＮＡ', '笠井 崇正', '右', 'ＤｅＮＡ', '京田 陽太', '左', '中日', 6, 2, 1, 1, 3, 2, 0, 137, 'カットボール', 56.5, 44.8, '遊飛', 3, 3, 13, 'S5');"
"INSERT INTO ballinfo VALUES ('2019-04-16', 2019041603, '中日', 'ＤｅＮＡ', '笠井 崇正', '右', 'ＤｅＮＡ', '大島 洋平', '左', '中日', 6, 2, 2, 2, 1, 0, 0, 145, 'ストレート', 30.0, 36.4, '見逃し', 2, 2, 7, 'S1');"
"INSERT INTO ballinfo VALUES ('2019-04-16', 2019041603, '中日', 'ＤｅＮＡ', '笠井 崇正', '右', 'ＤｅＮＡ', '大島 洋平', '左', '中日', 6, 2, 2, 2, 2, 0, 1, 139, 'カットボール', 53.0, 54.0, 'ファウル', 3, 3, 13, 'S5');"
"INSERT INTO ballinfo VALUES ('2019-04-16', 2019041603, '中日', 'ＤｅＮＡ', '笠井 崇正', '右', 'ＤｅＮＡ', '大島 洋平', '左', '中日', 6, 2, 2, 2, 3, 0, 2, 139, 'カットボール', 31.0, 13.6, 'ボール', 1, 2, 2, 'B2');"
"INSERT INTO ballinfo VALUES ('2019-04-16', 2019041603, '中日', 'ＤｅＮＡ', '笠井 崇正', '右', 'ＤｅＮＡ', '大島 洋平', '左', '中日', 6, 2, 2, 2, 4, 1, 2, 121, 'スライダー', 33.5, 46.4, 'ファウル', 3, 2, 12, 'S4');"
"INSERT INTO ballinfo VALUES ('2019-04-16', 2019041603, '中日', 'ＤｅＮＡ', '笠井 崇正', '右', 'ＤｅＮＡ', '大島 洋平', '左', '中日', 6, 2, 2, 2, 5, 1, 3, 145, 'ストレート', 68.5, 46.0, 'ファウル', 3, 4, 14, 'S6');"
"INSERT INTO ballinfo VALUES ('2019-04-16', 2019041603, '中日', 'ＤｅＮＡ', '笠井 崇正', '右', 'ＤｅＮＡ', '大島 洋平', '左', '中日', 6, 2, 2, 2, 6, 1, 4, 138, 'カットボール', 55.0, 43.2, 'ファウル', 3, 3, 13, 'S5');"
"INSERT INTO ballinfo VALUES ('2019-04-16', 2019041603, '中日', 'ＤｅＮＡ', '笠井 崇正', '右', 'ＤｅＮＡ', '大島 洋平', '左', '中日', 6, 2, 2, 2, 7, 1, 5, 140, 'カットボール', 91.0, 32.4, 'ボール', 2, 5, 10, 'B7');"
"INSERT INTO ballinfo VALUES ('2019-04-16', 2019041603, '中日', 'ＤｅＮＡ', '笠井 崇正', '右', 'ＤｅＮＡ', '大島 洋平', '左', '中日', 6, 2, 2, 2, 8, 2, 5, 120, 'スライダー', 15.5, 57.2, 'ボール', 3, 1, 11, 'B8');"
"INSERT INTO ballinfo VALUES ('2019-04-16', 2019041603, '中日', 'ＤｅＮＡ', '笠井 崇正', '右', 'ＤｅＮＡ', '大島 洋平', '左', '中日', 6, 2, 2, 2, 9, 3, 5, 139, 'カットボール', 54.5, 66.4, '投ゴロ', 4, 3, 18, 'S8');"
"INSERT INTO ballinfo VALUES ('2019-04-16', 2019041603, '中日', 'ＤｅＮＡ', '笠井 崇正', '右', 'ＤｅＮＡ', 'ビシエド', '右', '中日', 6, 2, 3, 3, 1, 0, 0, 145, 'ストレート', 32.5, 12.8, 'ボール', 1, 2, 2, 'B2');"
"INSERT INTO ballinfo VALUES ('2019-04-16', 2019041603, '中日', 'ＤｅＮＡ', '笠井 崇正', '右', 'ＤｅＮＡ', 'ビシエド', '右', '中日', 6, 2, 3, 3, 2, 1, 0, 146, 'ストレート', 50.5, 35.2, '遊ゴロ', 2, 3, 8, 'S2');"
"INSERT INTO ballinfo VALUES ('2019-04-16', 2019041603, '中日', 'ＤｅＮＡ', '大野 雄大', '左', '中日', '伊藤 光', '右', 'ＤｅＮＡ', 7, 1, 1, 1, 1, 0, 0, 141, 'ストレート', 55.0, 56.4, '見逃し', 3, 3, 13, 'S5');"
"INSERT INTO ballinfo VALUES ('2019-04-16', 2019041603, '中日', 'ＤｅＮＡ', '大野 雄大', '左', '中日', '伊藤 光', '右', 'ＤｅＮＡ', 7, 1, 1, 1, 2, 0, 1, 125, 'スライダー', 29.5, 64.4, 'ファウル', 4, 2, 17, 'S7');"
"INSERT INTO ballinfo VALUES ('2019-04-16', 2019041603, '中日', 'ＤｅＮＡ', '大野 雄大', '左', '中日', '伊藤 光', '右', 'ＤｅＮＡ', 7, 1, 1, 1, 3, 0, 2, 135, 'シュート', 71.5, 87.6, '空三振', 5, 4, 24, 'B18');"
"INSERT INTO ballinfo VALUES ('2019-04-16', 2019041603, '中日', 'ＤｅＮＡ', '大野 雄大', '左', '中日', '大和', '右', 'ＤｅＮＡ', 7, 1, 2, 1, 1, 0, 0, 144, 'ストレート', 76.5, 17.2, 'ボール', 1, 4, 4, 'B4');"
"INSERT INTO ballinfo VALUES ('2019-04-16', 2019041603, '中日', 'ＤｅＮＡ', '大野 雄大', '左', '中日', '大和', '右', 'ＤｅＮＡ', 7, 1, 2, 1, 2, 1, 0, 123, 'シュート', 89.0, 30.8, 'ボール', 2, 5, 10, 'B7');"
"INSERT INTO ballinfo VALUES ('2019-04-16', 2019041603, '中日', 'ＤｅＮＡ', '大野 雄大', '左', '中日', '大和', '右', 'ＤｅＮＡ', 7, 1, 2, 1, 3, 2, 0, 143, 'ストレート', 69.5, 8.8, 'ボール', 1, 4, 4, 'B4');"
"INSERT INTO ballinfo VALUES ('2019-04-16', 2019041603, '中日', 'ＤｅＮＡ', '大野 雄大', '左', '中日', '大和', '右', 'ＤｅＮＡ', 7, 1, 2, 1, 4, 3, 0, 143, 'ストレート', 75.0, 55.6, '見逃し', 3, 4, 14, 'S6');"
"INSERT INTO ballinfo VALUES ('2019-04-16', 2019041603, '中日', 'ＤｅＮＡ', '大野 雄大', '左', '中日', '大和', '右', 'ＤｅＮＡ', 7, 1, 2, 1, 5, 3, 1, 144, 'ストレート', 74.5, 35.6, 'ファウル', 2, 4, 9, 'S3');"
"INSERT INTO ballinfo VALUES ('2019-04-16', 2019041603, '中日', 'ＤｅＮＡ', '大野 雄大', '左', '中日', '大和', '右', 'ＤｅＮＡ', 7, 1, 2, 1, 6, 3, 2, 147, 'ストレート', 33.0, 66.0, 'ファウル', 4, 2, 17, 'S7');"
"INSERT INTO ballinfo VALUES ('2019-04-16', 2019041603, '中日', 'ＤｅＮＡ', '大野 雄大', '左', '中日', '大和', '右', 'ＤｅＮＡ', 7, 1, 2, 1, 7, 3, 3, 146, 'ストレート', 47.5, 46.4, 'ファウル', 3, 3, 13, 'S5');"
"INSERT INTO ballinfo VALUES ('2019-04-16', 2019041603, '中日', 'ＤｅＮＡ', '大野 雄大', '左', '中日', '大和', '右', 'ＤｅＮＡ', 7, 1, 2, 1, 8, 3, 4, 135, 'シュート', 56.5, 53.6, 'ファウル', 3, 3, 13, 'S5');"
"INSERT INTO ballinfo VALUES ('2019-04-16', 2019041603, '中日', 'ＤｅＮＡ', '大野 雄大', '左', '中日', '大和', '右', 'ＤｅＮＡ', 7, 1, 2, 1, 9, 3, 5, 146, 'ストレート', 89.5, 23.6, '四球', 2, 5, 10, 'B7');"
"INSERT INTO ballinfo VALUES ('2019-04-16', 2019041603, '中日', 'ＤｅＮＡ', '大野 雄大', '左', '中日', '桑原 将志', '右', 'ＤｅＮＡ', 7, 1, 3, 1, 1, 0, 0, 144, 'ストレート', 51.5, 37.6, 'ファウル', 2, 3, 8, 'S2');"
"INSERT INTO ballinfo VALUES ('2019-04-16', 2019041603, '中日', 'ＤｅＮＡ', '大野 雄大', '左', '中日', '桑原 将志', '右', 'ＤｅＮＡ', 7, 1, 3, 1, 2, 0, 1, 136, 'シュート', 56.5, 64.8, 'ファウル', 4, 3, 18, 'S8');"
"INSERT INTO ballinfo VALUES ('2019-04-16', 2019041603, '中日', 'ＤｅＮＡ', '大野 雄大', '左', '中日', '桑原 将志', '右', 'ＤｅＮＡ', 7, 1, 3, 1, 3, 0, 2, 139, 'シュート', 74.0, 87.6, 'ボール', 5, 4, 24, 'B18');"
"INSERT INTO ballinfo VALUES ('2019-04-16', 2019041603, '中日', 'ＤｅＮＡ', '大野 雄大', '左', '中日', '桑原 将志', '右', 'ＤｅＮＡ', 7, 1, 3, 1, 4, 1, 2, 147, 'ストレート', 75.5, 66.0, '左安', 4, 4, 19, 'S9');"
"INSERT INTO ballinfo VALUES ('2019-04-16', 2019041603, '中日', 'ＤｅＮＡ', '大野 雄大', '左', '中日', '神里 和毅', '左', 'ＤｅＮＡ', 7, 1, 4, 2, 1, 0, 0, 144, 'ストレート', 31.5, 34.8, 'ファウル', 2, 2, 7, 'S1');"
"INSERT INTO ballinfo VALUES ('2019-04-16', 2019041603, '中日', 'ＤｅＮＡ', '大野 雄大', '左', '中日', '神里 和毅', '左', 'ＤｅＮＡ', 7, 1, 4, 2, 2, 0, 1, 130, 'スライダー', 11.5, 86.8, 'ボール', 5, 1, 21, 'B15');"
"INSERT INTO ballinfo VALUES ('2019-04-16', 2019041603, '中日', 'ＤｅＮＡ', '大野 雄大', '左', '中日', '神里 和毅', '左', 'ＤｅＮＡ', 7, 1, 4, 2, 3, 1, 1, 124, 'スライダー', 50.0, 86.8, 'ボール', 5, 3, 23, 'B17');"
"INSERT INTO ballinfo VALUES ('2019-04-16', 2019041603, '中日', 'ＤｅＮＡ', '大野 雄大', '左', '中日', '神里 和毅', '左', 'ＤｅＮＡ', 7, 1, 4, 2, 4, 2, 1, 143, 'ストレート', 27.5, 71.2, '見逃し', 4, 2, 17, 'S7');"
"INSERT INTO ballinfo VALUES ('2019-04-16', 2019041603, '中日', 'ＤｅＮＡ', '大野 雄大', '左', '中日', '神里 和毅', '左', 'ＤｅＮＡ', 7, 1, 4, 2, 5, 2, 2, 127, 'スライダー', 36.5, 57.2, 'ファウル', 3, 2, 12, 'S4');"
"INSERT INTO ballinfo VALUES ('2019-04-16', 2019041603, '中日', 'ＤｅＮＡ', '大野 雄大', '左', '中日', '神里 和毅', '左', 'ＤｅＮＡ', 7, 1, 4, 2, 6, 2, 3, 148, 'ストレート', 72.5, 52.4, 'ファウル', 3, 4, 14, 'S6');"
"INSERT INTO ballinfo VALUES ('2019-04-16', 2019041603, '中日', 'ＤｅＮＡ', '大野 雄大', '左', '中日', '神里 和毅', '左', 'ＤｅＮＡ', 7, 1, 4, 2, 7, 2, 4, 136, 'シュート', 54.5, 67.6, '一ゴロ', 4, 3, 18, 'S8');"
"INSERT INTO ballinfo VALUES ('2019-04-16', 2019041603, '中日', 'ＤｅＮＡ', '大野 雄大', '左', '中日', '楠本 泰史', '左', 'ＤｅＮＡ', 7, 1, 5, 2, 1, 0, 0, 133, 'スライダー', 31.5, 54.8, '二安', 3, 2, 12, 'S4');"
"INSERT INTO ballinfo VALUES ('2019-04-16', 2019041603, '中日', 'ＤｅＮＡ', '田島 慎二', '右', '中日', 'ソト', '右', 'ＤｅＮＡ', 7, 1, 6, 3, 1, 0, 0, 127, 'スライダー', 13.0, 54.8, 'ボール', 3, 1, 11, 'B8');"
"INSERT INTO ballinfo VALUES ('2019-04-16', 2019041603, '中日', 'ＤｅＮＡ', '田島 慎二', '右', '中日', 'ソト', '右', 'ＤｅＮＡ', 7, 1, 6, 3, 2, 1, 0, 144, 'ストレート', 76.5, 87.6, 'ボール', 5, 4, 24, 'B18');"
"INSERT INTO ballinfo VALUES ('2019-04-16', 2019041603, '中日', 'ＤｅＮＡ', '田島 慎二', '右', '中日', 'ソト', '右', 'ＤｅＮＡ', 7, 1, 6, 3, 3, 2, 0, 146, 'ストレート', 70.5, 84.0, 'ファウル', 5, 4, 24, 'B18');"
"INSERT INTO ballinfo VALUES ('2019-04-16', 2019041603, '中日', 'ＤｅＮＡ', '田島 慎二', '右', '中日', 'ソト', '右', 'ＤｅＮＡ', 7, 1, 6, 3, 4, 2, 1, 146, 'ストレート', 50.5, 85.6, 'ファウル', 5, 3, 23, 'B17');"
"INSERT INTO ballinfo VALUES ('2019-04-16', 2019041603, '中日', 'ＤｅＮＡ', '田島 慎二', '右', '中日', 'ソト', '右', 'ＤｅＮＡ', 7, 1, 6, 3, 5, 2, 2, 137, 'フォーク', 69.5, 90.8, 'ボール', 5, 4, 24, 'B18');"
"INSERT INTO ballinfo VALUES ('2019-04-16', 2019041603, '中日', 'ＤｅＮＡ', '田島 慎二', '右', '中日', 'ソト', '右', 'ＤｅＮＡ', 7, 1, 6, 3, 6, 3, 2, 146, 'ストレート', 56.5, 44.8, 'ファウル', 3, 3, 13, 'S5');"
"INSERT INTO ballinfo VALUES ('2019-04-16', 2019041603, '中日', 'ＤｅＮＡ', '田島 慎二', '右', '中日', 'ソト', '右', 'ＤｅＮＡ', 7, 1, 6, 3, 7, 3, 3, 138, 'フォーク', 52.0, 64.4, '左飛', 4, 3, 18, 'S8');"
"INSERT INTO ballinfo VALUES ('2019-04-16', 2019041603, '中日', 'ＤｅＮＡ', '藤岡 好明', '右', 'ＤｅＮＡ', '福田 永将', '右', '中日', 7, 2, 1, 1, 1, 0, 0, 126, 'スライダー', 88.0, 89.2, 'ボール', 5, 5, 25, 'B19');"
"INSERT INTO ballinfo VALUES ('2019-04-16', 2019041603, '中日', 'ＤｅＮＡ', '藤岡 好明', '右', 'ＤｅＮＡ', '福田 永将', '右', '中日', 7, 2, 1, 1, 2, 1, 0, 127, 'スライダー', 89.5, 83.6, 'ボール', 5, 5, 25, 'B19');"
"INSERT INTO ballinfo VALUES ('2019-04-16', 2019041603, '中日', 'ＤｅＮＡ', '藤岡 好明', '右', 'ＤｅＮＡ', '福田 永将', '右', '中日', 7, 2, 1, 1, 3, 2, 0, 135, 'カットボール', 84.0, 86.4, 'ボール', 5, 5, 25, 'B19');"
"INSERT INTO ballinfo VALUES ('2019-04-16', 2019041603, '中日', 'ＤｅＮＡ', '藤岡 好明', '右', 'ＤｅＮＡ', '福田 永将', '右', '中日', 7, 2, 1, 1, 4, 3, 0, 135, 'カットボール', 51.5, 72.8, '見逃し', 4, 3, 18, 'S8');"
"INSERT INTO ballinfo VALUES ('2019-04-16', 2019041603, '中日', 'ＤｅＮＡ', '藤岡 好明', '右', 'ＤｅＮＡ', '福田 永将', '右', '中日', 7, 2, 1, 1, 5, 3, 1, 136, 'カットボール', 70.5, 51.2, '二ゴロ', 3, 4, 14, 'S6');"
"INSERT INTO ballinfo VALUES ('2019-04-16', 2019041603, '中日', 'ＤｅＮＡ', '藤岡 好明', '右', 'ＤｅＮＡ', '高橋 周平', '左', '中日', 7, 2, 2, 2, 1, 0, 0, 141, 'シュート', 29.5, 71.6, '見逃し', 4, 2, 17, 'S7');"
"INSERT INTO ballinfo VALUES ('2019-04-16', 2019041603, '中日', 'ＤｅＮＡ', '藤岡 好明', '右', 'ＤｅＮＡ', '高橋 周平', '左', '中日', 7, 2, 2, 2, 2, 0, 1, 117, 'シンカー', 32.0, 66.4, '見逃し', 4, 2, 17, 'S7');"
"INSERT INTO ballinfo VALUES ('2019-04-16', 2019041603, '中日', 'ＤｅＮＡ', '藤岡 好明', '右', 'ＤｅＮＡ', '高橋 周平', '左', '中日', 7, 2, 2, 2, 3, 0, 2, 140, 'ストレート', 70.0, 32.8, 'ファウル', 2, 4, 9, 'S3');"
"INSERT INTO ballinfo VALUES ('2019-04-16', 2019041603, '中日', 'ＤｅＮＡ', '藤岡 好明', '右', 'ＤｅＮＡ', '高橋 周平', '左', '中日', 7, 2, 2, 2, 4, 0, 3, 131, 'シンカー', 36.5, 75.2, 'ファウル', 4, 2, 17, 'S7');"
"INSERT INTO ballinfo VALUES ('2019-04-16', 2019041603, '中日', 'ＤｅＮＡ', '藤岡 好明', '右', 'ＤｅＮＡ', '高橋 周平', '左', '中日', 7, 2, 2, 2, 5, 0, 4, 139, 'ストレート', 31.5, 45.6, 'ファウル', 3, 2, 12, 'S4');"
"INSERT INTO ballinfo VALUES ('2019-04-16', 2019041603, '中日', 'ＤｅＮＡ', '藤岡 好明', '右', 'ＤｅＮＡ', '高橋 周平', '左', '中日', 7, 2, 2, 2, 6, 0, 5, 136, 'カットボール', 14.0, 13.2, 'ボール', 1, 1, 1, 'B1');"
"INSERT INTO ballinfo VALUES ('2019-04-16', 2019041603, '中日', 'ＤｅＮＡ', '藤岡 好明', '右', 'ＤｅＮＡ', '高橋 周平', '左', '中日', 7, 2, 2, 2, 7, 1, 5, 134, 'カットボール', 72.0, 88.8, 'ボール', 5, 4, 24, 'B18');"
"INSERT INTO ballinfo VALUES ('2019-04-16', 2019041603, '中日', 'ＤｅＮＡ', '藤岡 好明', '右', 'ＤｅＮＡ', '高橋 周平', '左', '中日', 7, 2, 2, 2, 8, 2, 5, 131, 'シュート', 29.0, 57.2, '左飛', 3, 2, 12, 'S4');"
"INSERT INTO ballinfo VALUES ('2019-04-16', 2019041603, '中日', 'ＤｅＮＡ', '藤岡 好明', '右', 'ＤｅＮＡ', '阿部 寿樹', '右', '中日', 7, 2, 3, 3, 1, 0, 0, 139, 'シュート', 28.0, 54.0, '見逃し', 3, 2, 12, 'S4');"
"INSERT INTO ballinfo VALUES ('2019-04-16', 2019041603, '中日', 'ＤｅＮＡ', '藤岡 好明', '右', 'ＤｅＮＡ', '阿部 寿樹', '右', '中日', 7, 2, 3, 3, 2, 0, 1, 139, 'シュート', 55.5, 12.4, 'ボール', 1, 3, 3, 'B3');"
"INSERT INTO ballinfo VALUES ('2019-04-16', 2019041603, '中日', 'ＤｅＮＡ', '藤岡 好明', '右', 'ＤｅＮＡ', '阿部 寿樹', '右', '中日', 7, 2, 3, 3, 3, 1, 1, 140, 'シュート', 28.5, 48.8, '三ゴロ', 3, 2, 12, 'S4');"
"INSERT INTO ballinfo VALUES ('2019-04-16', 2019041603, '中日', 'ＤｅＮＡ', 'Ｒ．マルティネス', '右', '中日', 'ロペス', '右', 'ＤｅＮＡ', 8, 1, 1, 1, 1, 0, 0, 155, 'ストレート', 89.0, 53.2, 'ボール', 3, 5, 15, 'B9');"
"INSERT INTO ballinfo VALUES ('2019-04-16', 2019041603, '中日', 'ＤｅＮＡ', 'Ｒ．マルティネス', '右', '中日', 'ロペス', '右', 'ＤｅＮＡ', 8, 1, 1, 1, 2, 1, 0, 154, 'ストレート', 74.5, 22.8, '右飛', 2, 4, 9, 'S3');"
"INSERT INTO ballinfo VALUES ('2019-04-16', 2019041603, '中日', 'ＤｅＮＡ', 'Ｒ．マルティネス', '右', '中日', '宮崎 敏郎', '右', 'ＤｅＮＡ', 8, 1, 2, 2, 1, 0, 0, 158, 'ストレート', 52.0, 47.6, '見逃し', 3, 3, 13, 'S5');"
"INSERT INTO ballinfo VALUES ('2019-04-16', 2019041603, '中日', 'ＤｅＮＡ', 'Ｒ．マルティネス', '右', '中日', '宮崎 敏郎', '右', 'ＤｅＮＡ', 8, 1, 2, 2, 2, 0, 1, 138, 'スライダー', 57.0, 66.4, '遊ゴロ', 4, 3, 18, 'S8');"
"INSERT INTO ballinfo VALUES ('2019-04-16', 2019041603, '中日', 'ＤｅＮＡ', 'Ｒ．マルティネス', '右', '中日', '関根 大気', '左', 'ＤｅＮＡ', 8, 1, 3, 3, 1, 0, 0, 158, 'ストレート', 72.0, 85.2, 'ボール', 5, 4, 24, 'B18');"
"INSERT INTO ballinfo VALUES ('2019-04-16', 2019041603, '中日', 'ＤｅＮＡ', 'Ｒ．マルティネス', '右', '中日', '関根 大気', '左', 'ＤｅＮＡ', 8, 1, 3, 3, 2, 1, 0, 157, 'ストレート', 35.5, 35.2, 'ファウル', 2, 2, 7, 'S1');"
"INSERT INTO ballinfo VALUES ('2019-04-16', 2019041603, '中日', 'ＤｅＮＡ', 'Ｒ．マルティネス', '右', '中日', '関根 大気', '左', 'ＤｅＮＡ', 8, 1, 3, 3, 3, 1, 1, 156, 'ストレート', 30.0, 50.8, '左飛', 3, 2, 12, 'S4');"
"INSERT INTO ballinfo VALUES ('2019-04-16', 2019041603, '中日', 'ＤｅＮＡ', '砂田 毅樹', '左', 'ＤｅＮＡ', '加藤 匠馬', '右', '中日', 8, 2, 1, 0, 1, 0, 0, 140, 'ストレート', 14.5, 49.2, 'ボール', 3, 1, 11, 'B8');"
"INSERT INTO ballinfo VALUES ('2019-04-16', 2019041603, '中日', 'ＤｅＮＡ', '砂田 毅樹', '左', 'ＤｅＮＡ', '加藤 匠馬', '右', '中日', 8, 2, 1, 0, 2, 1, 0, 140, 'ストレート', 49.5, 52.4, '右安', 3, 3, 13, 'S5');"
"INSERT INTO ballinfo VALUES ('2019-04-16', 2019041603, '中日', 'ＤｅＮＡ', '砂田 毅樹', '左', 'ＤｅＮＡ', '堂上 直倫', '右', '中日', 8, 2, 2, 1, 1, 0, 0, 125, 'スライダー', 10.5, 83.6, 'ボール', 5, 1, 21, 'B15');"
"INSERT INTO ballinfo VALUES ('2019-04-16', 2019041603, '中日', 'ＤｅＮＡ', '砂田 毅樹', '左', 'ＤｅＮＡ', '堂上 直倫', '右', '中日', 8, 2, 2, 1, 2, 1, 0, 123, 'スライダー', 55.5, 56.4, '二飛', 3, 3, 13, 'S5');"
"INSERT INTO ballinfo VALUES ('2019-04-16', 2019041603, '中日', 'ＤｅＮＡ', '砂田 毅樹', '左', 'ＤｅＮＡ', '平田 良介', '右', '中日', 8, 2, 3, 2, 1, 0, 0, 140, 'ストレート', 47.0, 37.2, 'ファウル', 2, 3, 8, 'S2');"
"INSERT INTO ballinfo VALUES ('2019-04-16', 2019041603, '中日', 'ＤｅＮＡ', '砂田 毅樹', '左', 'ＤｅＮＡ', '平田 良介', '右', '中日', 8, 2, 3, 2, 2, 0, 1, 124, 'スライダー', 57.5, 63.2, 'ファウル', 4, 3, 18, 'S8');"
"INSERT INTO ballinfo VALUES ('2019-04-16', 2019041603, '中日', 'ＤｅＮＡ', '砂田 毅樹', '左', 'ＤｅＮＡ', '平田 良介', '右', '中日', 8, 2, 3, 2, 3, 0, 2, 139, 'ストレート', 68.5, 13.6, 'ファウル', 1, 4, 4, 'B4');"
"INSERT INTO ballinfo VALUES ('2019-04-16', 2019041603, '中日', 'ＤｅＮＡ', '砂田 毅樹', '左', 'ＤｅＮＡ', '平田 良介', '右', '中日', 8, 2, 3, 2, 4, 0, 3, 138, 'ストレート', 94.5, 13.2, 'ボール', 1, 5, 5, 'B5');"
"INSERT INTO ballinfo VALUES ('2019-04-16', 2019041603, '中日', 'ＤｅＮＡ', '砂田 毅樹', '左', 'ＤｅＮＡ', '平田 良介', '右', '中日', 8, 2, 3, 2, 5, 1, 3, 129, 'フォーク', 48.0, 71.6, 'ファウル', 4, 3, 18, 'S8');"
"INSERT INTO ballinfo VALUES ('2019-04-16', 2019041603, '中日', 'ＤｅＮＡ', '砂田 毅樹', '左', 'ＤｅＮＡ', '平田 良介', '右', '中日', 8, 2, 3, 2, 6, 1, 4, 124, 'スライダー', 77.5, 53.6, 'ファウル', 3, 4, 14, 'S6');"
"INSERT INTO ballinfo VALUES ('2019-04-16', 2019041603, '中日', 'ＤｅＮＡ', '砂田 毅樹', '左', 'ＤｅＮＡ', '平田 良介', '右', '中日', 8, 2, 3, 2, 7, 1, 5, 142, 'ストレート', 73.5, 29.2, '一ゴロ', 2, 4, 9, 'S3');"
"INSERT INTO ballinfo VALUES ('2019-04-16', 2019041603, '中日', 'ＤｅＮＡ', '砂田 毅樹', '左', 'ＤｅＮＡ', '京田 陽太', '左', '中日', 8, 2, 4, 2, 1, 0, 0, 122, 'スライダー', 47.0, 65.2, '見逃し', 4, 3, 18, 'S8');"
"INSERT INTO ballinfo VALUES ('2019-04-16', 2019041603, '中日', 'ＤｅＮＡ', '砂田 毅樹', '左', 'ＤｅＮＡ', '京田 陽太', '左', '中日', 8, 2, 4, 2, 2, 0, 1, 123, 'スライダー', 49.0, 57.6, '右安', 3, 3, 13, 'S5');"
"INSERT INTO ballinfo VALUES ('2019-04-16', 2019041603, '中日', 'ＤｅＮＡ', '砂田 毅樹', '左', 'ＤｅＮＡ', '大島 洋平', '左', '中日', 8, 2, 5, 2, 1, 0, 0, 140, 'ストレート', 29.5, 13.2, 'ボール', 1, 2, 2, 'B2');"
"INSERT INTO ballinfo VALUES ('2019-04-16', 2019041603, '中日', 'ＤｅＮＡ', '砂田 毅樹', '左', 'ＤｅＮＡ', '大島 洋平', '左', '中日', 8, 2, 5, 2, 2, 1, 0, 140, 'ストレート', 47.5, 27.2, 'ファウル', 2, 3, 8, 'S2');"
"INSERT INTO ballinfo VALUES ('2019-04-16', 2019041603, '中日', 'ＤｅＮＡ', '砂田 毅樹', '左', 'ＤｅＮＡ', '大島 洋平', '左', '中日', 8, 2, 5, 2, 3, 1, 1, 139, 'ストレート', 89.5, 53.2, 'ボール', 3, 5, 15, 'B9');"
"INSERT INTO ballinfo VALUES ('2019-04-16', 2019041603, '中日', 'ＤｅＮＡ', '砂田 毅樹', '左', 'ＤｅＮＡ', '大島 洋平', '左', '中日', 8, 2, 5, 2, 4, 2, 1, 124, 'スライダー', 36.5, 16.8, 'ボール', 1, 2, 2, 'B2');"
"INSERT INTO ballinfo VALUES ('2019-04-16', 2019041603, '中日', 'ＤｅＮＡ', '砂田 毅樹', '左', 'ＤｅＮＡ', '大島 洋平', '左', '中日', 8, 2, 5, 2, 5, 3, 1, 140, 'ストレート', 54.5, 13.6, '四球', 1, 3, 3, 'B3');"
"INSERT INTO ballinfo VALUES ('2019-04-16', 2019041603, '中日', 'ＤｅＮＡ', '砂田 毅樹', '左', 'ＤｅＮＡ', 'ビシエド', '右', '中日', 8, 2, 6, 3, 1, 0, 0, 126, 'スライダー', 30.0, 86.4, 'ボール', 5, 2, 22, 'B16');"
"INSERT INTO ballinfo VALUES ('2019-04-16', 2019041603, '中日', 'ＤｅＮＡ', '砂田 毅樹', '左', 'ＤｅＮＡ', 'ビシエド', '右', '中日', 8, 2, 6, 3, 2, 1, 0, 124, 'スライダー', 70.0, 26.8, '左飛', 2, 4, 9, 'S3');"
"INSERT INTO ballinfo VALUES ('2019-04-16', 2019041603, '中日', 'ＤｅＮＡ', '祖父江 大輔', '右', '中日', '伊藤 光', '右', 'ＤｅＮＡ', 9, 1, 1, 0, 1, 0, 0, 132, 'スライダー', 34.5, 29.2, '見逃し', 2, 2, 7, 'S1');"
"INSERT INTO ballinfo VALUES ('2019-04-16', 2019041603, '中日', 'ＤｅＮＡ', '祖父江 大輔', '右', '中日', '伊藤 光', '右', 'ＤｅＮＡ', 9, 1, 1, 0, 2, 0, 1, 132, 'スライダー', 30.5, 10.0, 'ボール', 1, 2, 2, 'B2');"
"INSERT INTO ballinfo VALUES ('2019-04-16', 2019041603, '中日', 'ＤｅＮＡ', '祖父江 大輔', '右', '中日', '伊藤 光', '右', 'ＤｅＮＡ', 9, 1, 1, 0, 3, 1, 1, 147, 'ストレート', 67.5, 52.8, '右安', 3, 4, 14, 'S6');"
"INSERT INTO ballinfo VALUES ('2019-04-16', 2019041603, '中日', 'ＤｅＮＡ', '祖父江 大輔', '右', '中日', '大和', '右', 'ＤｅＮＡ', 9, 1, 2, 2, 1, 0, 0, 146, 'ストレート', 27.0, 56.4, '見逃し', 3, 2, 12, 'S4');"
"INSERT INTO ballinfo VALUES ('2019-04-16', 2019041603, '中日', 'ＤｅＮＡ', '祖父江 大輔', '右', '中日', '大和', '右', 'ＤｅＮＡ', 9, 1, 2, 2, 2, 0, 1, 132, 'スライダー', 76.5, 52.8, '空振り', 3, 4, 14, 'S6');"
"INSERT INTO ballinfo VALUES ('2019-04-16', 2019041603, '中日', 'ＤｅＮＡ', '祖父江 大輔', '右', '中日', '大和', '右', 'ＤｅＮＡ', 9, 1, 2, 2, 3, 0, 2, 132, 'スライダー', 90.0, 89.2, 'ボール', 5, 5, 25, 'B19');"
"INSERT INTO ballinfo VALUES ('2019-04-16', 2019041603, '中日', 'ＤｅＮＡ', '祖父江 大輔', '右', '中日', '大和', '右', 'ＤｅＮＡ', 9, 1, 2, 2, 4, 1, 2, 146, 'ストレート', 73.0, 85.6, 'ボール', 5, 4, 24, 'B18');"
"INSERT INTO ballinfo VALUES ('2019-04-16', 2019041603, '中日', 'ＤｅＮＡ', '祖父江 大輔', '右', '中日', '大和', '右', 'ＤｅＮＡ', 9, 1, 2, 2, 5, 2, 2, 129, 'スライダー', 31.0, 43.6, '三併打', 3, 2, 12, 'S4');"
"INSERT INTO ballinfo VALUES ('2019-04-16', 2019041603, '中日', 'ＤｅＮＡ', '祖父江 大輔', '右', '中日', '桑原 将志', '右', 'ＤｅＮＡ', 9, 1, 3, 3, 1, 0, 0, 133, 'スライダー', 73.5, 34.4, '見逃し', 2, 4, 9, 'S3');"
"INSERT INTO ballinfo VALUES ('2019-04-16', 2019041603, '中日', 'ＤｅＮＡ', '祖父江 大輔', '右', '中日', '桑原 将志', '右', 'ＤｅＮＡ', 9, 1, 3, 3, 2, 0, 1, 146, 'ストレート', 49.5, 88.0, 'ボール', 5, 3, 23, 'B17');"
"INSERT INTO ballinfo VALUES ('2019-04-16', 2019041603, '中日', 'ＤｅＮＡ', '祖父江 大輔', '右', '中日', '桑原 将志', '右', 'ＤｅＮＡ', 9, 1, 3, 3, 3, 1, 1, 132, 'スライダー', 71.0, 83.6, 'ファウル', 5, 4, 24, 'B18');"
"INSERT INTO ballinfo VALUES ('2019-04-16', 2019041603, '中日', 'ＤｅＮＡ', '祖父江 大輔', '右', '中日', '桑原 将志', '右', 'ＤｅＮＡ', 9, 1, 3, 3, 4, 1, 2, 134, 'スライダー', 51.5, 45.2, 'フライ', 3, 3, 13, 'S5');"
