"INSERT INTO ballinfo VALUES ('2019-04-16', 2019041604, '楽天', '西武', '辛島 航', '左', '楽天', '金子 侑司', '右', '西武', 1, 1, 1, 1, 1, 0, 0, 134, 'ストレート', 14.5, 86.4, 'ボール', 5, 1, 21, 'B15');"
"INSERT INTO ballinfo VALUES ('2019-04-16', 2019041604, '楽天', '西武', '辛島 航', '左', '楽天', '金子 侑司', '右', '西武', 1, 1, 1, 1, 2, 1, 0, 106, 'カーブ', 74.5, 64.0, '見逃し', 4, 4, 19, 'S9');"
"INSERT INTO ballinfo VALUES ('2019-04-16', 2019041604, '楽天', '西武', '辛島 航', '左', '楽天', '金子 侑司', '右', '西武', 1, 1, 1, 1, 3, 1, 1, 107, 'カーブ', 36.5, 34.8, '三ゴロ', 2, 2, 7, 'S1');"
"INSERT INTO ballinfo VALUES ('2019-04-16', 2019041604, '楽天', '西武', '辛島 航', '左', '楽天', '秋山 翔吾', '左', '西武', 1, 1, 2, 1, 1, 0, 0, 134, 'ストレート', 47.0, 63.6, '見逃し', 4, 3, 18, 'S8');"
"INSERT INTO ballinfo VALUES ('2019-04-16', 2019041604, '楽天', '西武', '辛島 航', '左', '楽天', '秋山 翔吾', '左', '西武', 1, 1, 2, 1, 2, 0, 1, 135, 'ストレート', 76.5, 13.6, 'ボール', 1, 4, 4, 'B4');"
"INSERT INTO ballinfo VALUES ('2019-04-16', 2019041604, '楽天', '西武', '辛島 航', '左', '楽天', '秋山 翔吾', '左', '西武', 1, 1, 2, 1, 3, 1, 1, 133, 'ストレート', 74.5, 33.6, '右２', 2, 4, 9, 'S3');"
"INSERT INTO ballinfo VALUES ('2019-04-16', 2019041604, '楽天', '西武', '辛島 航', '左', '楽天', '外崎 修汰', '右', '西武', 1, 1, 3, 2, 1, 0, 0, 132, 'ストレート', 46.0, 10.4, 'ボール', 1, 3, 3, 'B3');"
"INSERT INTO ballinfo VALUES ('2019-04-16', 2019041604, '楽天', '西武', '辛島 航', '左', '楽天', '外崎 修汰', '右', '西武', 1, 1, 3, 2, 2, 1, 0, 124, 'スライダー', 52.5, 14.8, '空振り', 1, 3, 3, 'B3');"
"INSERT INTO ballinfo VALUES ('2019-04-16', 2019041604, '楽天', '西武', '辛島 航', '左', '楽天', '外崎 修汰', '右', '西武', 1, 1, 3, 2, 3, 1, 1, 134, 'ストレート', 92.0, 35.6, 'ボール', 2, 5, 10, 'B7');"
"INSERT INTO ballinfo VALUES ('2019-04-16', 2019041604, '楽天', '西武', '辛島 航', '左', '楽天', '外崎 修汰', '右', '西武', 1, 1, 3, 2, 4, 2, 1, 118, 'スライダー', 75.0, 49.2, '中飛', 3, 4, 14, 'S6');"
"INSERT INTO ballinfo VALUES ('2019-04-16', 2019041604, '楽天', '西武', '辛島 航', '左', '楽天', '山川 穂高', '右', '西武', 1, 1, 4, 2, 1, 0, 0, 134, 'ストレート', 91.0, 29.2, 'ボール', 2, 5, 10, 'B7');"
"INSERT INTO ballinfo VALUES ('2019-04-16', 2019041604, '楽天', '西武', '辛島 航', '左', '楽天', '山川 穂高', '右', '西武', 1, 1, 4, 2, 2, 1, 0, 122, 'チェンジアップ', 69.5, 92.4, 'ボール', 5, 4, 24, 'B18');"
"INSERT INTO ballinfo VALUES ('2019-04-16', 2019041604, '楽天', '西武', '辛島 航', '左', '楽天', '山川 穂高', '右', '西武', 1, 1, 4, 2, 3, 2, 0, 0, 'ストレート', 90.5, 70.0, 'ボール', 4, 5, 20, 'B11');"
"INSERT INTO ballinfo VALUES ('2019-04-16', 2019041604, '楽天', '西武', '辛島 航', '左', '楽天', '山川 穂高', '右', '西武', 1, 1, 4, 2, 4, 3, 0, 0, 'ストレート', 97.5, 65.2, '四球', 4, 5, 20, 'B11');"
"INSERT INTO ballinfo VALUES ('2019-04-16', 2019041604, '楽天', '西武', '辛島 航', '左', '楽天', '森 友哉', '左', '西武', 1, 1, 5, 3, 1, 0, 0, 120, 'スライダー', 29.0, 91.6, 'ボール', 5, 2, 22, 'B16');"
"INSERT INTO ballinfo VALUES ('2019-04-16', 2019041604, '楽天', '西武', '辛島 航', '左', '楽天', '森 友哉', '左', '西武', 1, 1, 5, 3, 2, 1, 0, 131, 'ストレート', 35.5, 12.8, 'ボール', 1, 2, 2, 'B2');"
"INSERT INTO ballinfo VALUES ('2019-04-16', 2019041604, '楽天', '西武', '辛島 航', '左', '楽天', '森 友哉', '左', '西武', 1, 1, 5, 3, 3, 2, 0, 117, 'スライダー', 67.5, 35.6, '見逃し', 2, 4, 9, 'S3');"
"INSERT INTO ballinfo VALUES ('2019-04-16', 2019041604, '楽天', '西武', '辛島 航', '左', '楽天', '森 友哉', '左', '西武', 1, 1, 5, 3, 4, 2, 1, 120, 'スライダー', 55.0, 55.6, '空振り', 3, 3, 13, 'S5');"
"INSERT INTO ballinfo VALUES ('2019-04-16', 2019041604, '楽天', '西武', '辛島 航', '左', '楽天', '森 友哉', '左', '西武', 1, 1, 5, 3, 5, 2, 2, 134, 'ストレート', 30.0, 74.4, '見三振', 4, 2, 17, 'S7');"
"INSERT INTO ballinfo VALUES ('2019-04-16', 2019041604, '楽天', '西武', 'ニール', '右', '西武', '田中 和基', '左', '楽天', 1, 2, 1, 1, 1, 0, 0, 142, 'シュート', 54.5, 86.0, 'ボール', 5, 3, 23, 'B17');"
"INSERT INTO ballinfo VALUES ('2019-04-16', 2019041604, '楽天', '西武', 'ニール', '右', '西武', '田中 和基', '左', '楽天', 1, 2, 1, 1, 2, 1, 0, 139, 'シュート', 51.5, 34.8, 'ファウル', 2, 3, 8, 'S2');"
"INSERT INTO ballinfo VALUES ('2019-04-16', 2019041604, '楽天', '西武', 'ニール', '右', '西武', '田中 和基', '左', '楽天', 1, 2, 1, 1, 3, 1, 1, 134, 'スライダー', 69.5, 14.0, 'ボール', 1, 4, 4, 'B4');"
"INSERT INTO ballinfo VALUES ('2019-04-16', 2019041604, '楽天', '西武', 'ニール', '右', '西武', '田中 和基', '左', '楽天', 1, 2, 1, 1, 4, 2, 1, 141, 'シュート', 67.5, 56.4, '見逃し', 3, 4, 14, 'S6');"
"INSERT INTO ballinfo VALUES ('2019-04-16', 2019041604, '楽天', '西武', 'ニール', '右', '西武', '田中 和基', '左', '楽天', 1, 2, 1, 1, 5, 2, 2, 145, 'シュート', 15.5, 47.2, 'ファウル', 3, 1, 11, 'B8');"
"INSERT INTO ballinfo VALUES ('2019-04-16', 2019041604, '楽天', '西武', 'ニール', '右', '西武', '田中 和基', '左', '楽天', 1, 2, 1, 1, 6, 2, 3, 124, 'カーブ', 76.5, 65.2, '空三振', 4, 4, 19, 'S9');"
"INSERT INTO ballinfo VALUES ('2019-04-16', 2019041604, '楽天', '西武', 'ニール', '右', '西武', '茂木 栄五郎', '左', '楽天', 1, 2, 2, 1, 1, 0, 0, 135, 'シュート', 88.5, 35.6, 'ボール', 2, 5, 10, 'B7');"
"INSERT INTO ballinfo VALUES ('2019-04-16', 2019041604, '楽天', '西武', 'ニール', '右', '西武', '茂木 栄五郎', '左', '楽天', 1, 2, 2, 1, 2, 1, 0, 141, 'シュート', 89.5, 30.4, 'ボール', 2, 5, 10, 'B7');"
"INSERT INTO ballinfo VALUES ('2019-04-16', 2019041604, '楽天', '西武', 'ニール', '右', '西武', '茂木 栄五郎', '左', '楽天', 1, 2, 2, 1, 3, 2, 0, 143, 'シュート', 48.0, 66.4, '見逃し', 4, 3, 18, 'S8');"
"INSERT INTO ballinfo VALUES ('2019-04-16', 2019041604, '楽天', '西武', 'ニール', '右', '西武', '茂木 栄五郎', '左', '楽天', 1, 2, 2, 1, 4, 2, 1, 137, 'シュート', 91.0, 85.2, 'ボール', 5, 5, 25, 'B19');"
"INSERT INTO ballinfo VALUES ('2019-04-16', 2019041604, '楽天', '西武', 'ニール', '右', '西武', '茂木 栄五郎', '左', '楽天', 1, 2, 2, 1, 5, 3, 1, 143, 'シュート', 50.0, 54.0, '中２', 3, 3, 13, 'S5');"
"INSERT INTO ballinfo VALUES ('2019-04-16', 2019041604, '楽天', '西武', 'ニール', '右', '西武', '浅村 栄斗', '右', '楽天', 1, 2, 3, 2, 1, 0, 0, 137, 'スライダー', 70.0, 52.8, '三ゴロ', 3, 4, 14, 'S6');"
"INSERT INTO ballinfo VALUES ('2019-04-16', 2019041604, '楽天', '西武', 'ニール', '右', '西武', '島内 宏明', '左', '楽天', 1, 2, 4, 2, 1, 0, 0, 142, 'シュート', 74.5, 17.2, 'ボール', 1, 4, 4, 'B4');"
"INSERT INTO ballinfo VALUES ('2019-04-16', 2019041604, '楽天', '西武', 'ニール', '右', '西武', '島内 宏明', '左', '楽天', 1, 2, 4, 2, 2, 1, 0, 141, 'シュート', 94.0, 27.6, 'ボール', 2, 5, 10, 'B7');"
"INSERT INTO ballinfo VALUES ('2019-04-16', 2019041604, '楽天', '西武', 'ニール', '右', '西武', '島内 宏明', '左', '楽天', 1, 2, 4, 2, 3, 2, 0, 140, 'シュート', 70.5, 86.8, 'ボール', 5, 4, 24, 'B18');"
"INSERT INTO ballinfo VALUES ('2019-04-16', 2019041604, '楽天', '西武', 'ニール', '右', '西武', '島内 宏明', '左', '楽天', 1, 2, 4, 2, 4, 3, 0, 143, 'シュート', 50.5, 64.8, '見逃し', 4, 3, 18, 'S8');"
"INSERT INTO ballinfo VALUES ('2019-04-16', 2019041604, '楽天', '西武', 'ニール', '右', '西武', '島内 宏明', '左', '楽天', 1, 2, 4, 2, 5, 3, 1, 144, 'シュート', 33.0, 71.2, '見逃し', 4, 2, 17, 'S7');"
"INSERT INTO ballinfo VALUES ('2019-04-16', 2019041604, '楽天', '西武', 'ニール', '右', '西武', '島内 宏明', '左', '楽天', 1, 2, 4, 2, 6, 3, 2, 143, 'シュート', 72.5, 32.8, 'ファウル', 2, 4, 9, 'S3');"
"INSERT INTO ballinfo VALUES ('2019-04-16', 2019041604, '楽天', '西武', 'ニール', '右', '西武', '島内 宏明', '左', '楽天', 1, 2, 4, 2, 7, 3, 3, 142, 'シュート', 86.0, 26.0, '四球', 2, 5, 10, 'B7');"
"INSERT INTO ballinfo VALUES ('2019-04-16', 2019041604, '楽天', '西武', 'ニール', '右', '西武', 'ウィーラー', '右', '楽天', 1, 2, 5, 3, 1, 0, 0, 142, 'シュート', 77.0, 54.8, '見逃し', 3, 4, 14, 'S6');"
"INSERT INTO ballinfo VALUES ('2019-04-16', 2019041604, '楽天', '西武', 'ニール', '右', '西武', 'ウィーラー', '右', '楽天', 1, 2, 5, 3, 2, 0, 1, 137, 'スライダー', 94.0, 72.8, 'ボール', 4, 5, 20, 'B11');"
"INSERT INTO ballinfo VALUES ('2019-04-16', 2019041604, '楽天', '西武', 'ニール', '右', '西武', 'ウィーラー', '右', '楽天', 1, 2, 5, 3, 3, 1, 1, 145, 'シュート', 38.5, 28.0, 'ファウル', 2, 2, 7, 'S1');"
"INSERT INTO ballinfo VALUES ('2019-04-16', 2019041604, '楽天', '西武', 'ニール', '右', '西武', 'ウィーラー', '右', '楽天', 1, 2, 5, 3, 4, 1, 2, 142, 'シュート', 91.5, 31.6, 'ボール', 2, 5, 10, 'B7');"
"INSERT INTO ballinfo VALUES ('2019-04-16', 2019041604, '楽天', '西武', 'ニール', '右', '西武', 'ウィーラー', '右', '楽天', 1, 2, 5, 3, 5, 2, 2, 143, 'シュート', 31.0, 52.4, '三ゴロ', 3, 2, 12, 'S4');"
"INSERT INTO ballinfo VALUES ('2019-04-16', 2019041604, '楽天', '西武', '辛島 航', '左', '楽天', '栗山 巧', '左', '西武', 2, 1, 1, 1, 1, 0, 0, 135, 'ストレート', 74.5, 54.4, '見逃し', 3, 4, 14, 'S6');"
"INSERT INTO ballinfo VALUES ('2019-04-16', 2019041604, '楽天', '西武', '辛島 航', '左', '楽天', '栗山 巧', '左', '西武', 2, 1, 1, 1, 2, 0, 1, 120, 'スライダー', 17.0, 90.8, 'ボール', 5, 1, 21, 'B15');"
"INSERT INTO ballinfo VALUES ('2019-04-16', 2019041604, '楽天', '西武', '辛島 航', '左', '楽天', '栗山 巧', '左', '西武', 2, 1, 1, 1, 3, 1, 1, 108, 'カーブ', 34.5, 68.0, '空振り', 4, 2, 17, 'S7');"
"INSERT INTO ballinfo VALUES ('2019-04-16', 2019041604, '楽天', '西武', '辛島 航', '左', '楽天', '栗山 巧', '左', '西武', 2, 1, 1, 1, 4, 1, 2, 119, 'スライダー', 48.0, 31.6, '左飛', 2, 3, 8, 'S2');"
"INSERT INTO ballinfo VALUES ('2019-04-16', 2019041604, '楽天', '西武', '辛島 航', '左', '楽天', '中村 剛也', '右', '西武', 2, 1, 2, 2, 1, 0, 0, 133, 'ストレート', 27.0, 84.8, 'ボール', 5, 2, 22, 'B16');"
"INSERT INTO ballinfo VALUES ('2019-04-16', 2019041604, '楽天', '西武', '辛島 航', '左', '楽天', '中村 剛也', '右', '西武', 2, 1, 2, 2, 2, 1, 0, 132, 'ストレート', 30.0, 28.8, '見逃し', 2, 2, 7, 'S1');"
"INSERT INTO ballinfo VALUES ('2019-04-16', 2019041604, '楽天', '西武', '辛島 航', '左', '楽天', '中村 剛也', '右', '西武', 2, 1, 2, 2, 3, 1, 1, 124, 'スライダー', 9.5, 74.8, 'ボール', 4, 1, 16, 'B10');"
"INSERT INTO ballinfo VALUES ('2019-04-16', 2019041604, '楽天', '西武', '辛島 航', '左', '楽天', '中村 剛也', '右', '西武', 2, 1, 2, 2, 4, 2, 1, 123, 'スライダー', 16.5, 34.8, 'ファウル', 2, 1, 6, 'B6');"
"INSERT INTO ballinfo VALUES ('2019-04-16', 2019041604, '楽天', '西武', '辛島 航', '左', '楽天', '中村 剛也', '右', '西武', 2, 1, 2, 2, 5, 2, 2, 134, 'ストレート', 76.5, 32.4, 'ファウル', 2, 4, 9, 'S3');"
"INSERT INTO ballinfo VALUES ('2019-04-16', 2019041604, '楽天', '西武', '辛島 航', '左', '楽天', '中村 剛也', '右', '西武', 2, 1, 2, 2, 6, 2, 3, 121, 'チェンジアップ', 90.0, 52.4, 'ボール', 3, 5, 15, 'B9');"
"INSERT INTO ballinfo VALUES ('2019-04-16', 2019041604, '楽天', '西武', '辛島 航', '左', '楽天', '中村 剛也', '右', '西武', 2, 1, 2, 2, 7, 3, 3, 119, 'チェンジアップ', 54.5, 45.6, '遊ゴロ', 3, 3, 13, 'S5');"
"INSERT INTO ballinfo VALUES ('2019-04-16', 2019041604, '楽天', '西武', '辛島 航', '左', '楽天', '木村 文紀', '右', '西武', 2, 1, 3, 3, 1, 0, 0, 131, 'ストレート', 50.0, 64.8, '見逃し', 4, 3, 18, 'S8');"
"INSERT INTO ballinfo VALUES ('2019-04-16', 2019041604, '楽天', '西武', '辛島 航', '左', '楽天', '木村 文紀', '右', '西武', 2, 1, 3, 3, 2, 0, 1, 131, 'ストレート', 27.5, 64.8, '空振り', 4, 2, 17, 'S7');"
"INSERT INTO ballinfo VALUES ('2019-04-16', 2019041604, '楽天', '西武', '辛島 航', '左', '楽天', '木村 文紀', '右', '西武', 2, 1, 3, 3, 3, 0, 2, 132, 'ストレート', 30.5, 33.6, 'ファウル', 2, 2, 7, 'S1');"
"INSERT INTO ballinfo VALUES ('2019-04-16', 2019041604, '楽天', '西武', '辛島 航', '左', '楽天', '木村 文紀', '右', '西武', 2, 1, 3, 3, 4, 0, 3, 121, 'チェンジアップ', 89.5, 85.6, 'ボール', 5, 5, 25, 'B19');"
"INSERT INTO ballinfo VALUES ('2019-04-16', 2019041604, '楽天', '西武', '辛島 航', '左', '楽天', '木村 文紀', '右', '西武', 2, 1, 3, 3, 5, 1, 3, 121, 'チェンジアップ', 70.5, 86.0, 'ボール', 5, 4, 24, 'B18');"
"INSERT INTO ballinfo VALUES ('2019-04-16', 2019041604, '楽天', '西武', '辛島 航', '左', '楽天', '木村 文紀', '右', '西武', 2, 1, 3, 3, 6, 2, 3, 105, 'カーブ', 91.5, 57.2, 'ボール', 3, 5, 15, 'B9');"
"INSERT INTO ballinfo VALUES ('2019-04-16', 2019041604, '楽天', '西武', '辛島 航', '左', '楽天', '木村 文紀', '右', '西武', 2, 1, 3, 3, 7, 3, 3, 131, 'ストレート', 49.5, 35.2, 'ファウル', 2, 3, 8, 'S2');"
"INSERT INTO ballinfo VALUES ('2019-04-16', 2019041604, '楽天', '西武', '辛島 航', '左', '楽天', '木村 文紀', '右', '西武', 2, 1, 3, 3, 8, 3, 4, 123, 'スライダー', 13.0, 70.4, '空三振', 4, 1, 16, 'B10');"
"INSERT INTO ballinfo VALUES ('2019-04-16', 2019041604, '楽天', '西武', 'ニール', '右', '西武', '銀次', '左', '楽天', 2, 2, 1, 1, 1, 0, 0, 142, 'シュート', 54.5, 73.2, '見逃し', 4, 3, 18, 'S8');"
"INSERT INTO ballinfo VALUES ('2019-04-16', 2019041604, '楽天', '西武', 'ニール', '右', '西武', '銀次', '左', '楽天', 2, 2, 1, 1, 2, 0, 1, 133, 'チェンジアップ', 16.0, 45.2, 'ファウル', 3, 1, 11, 'B8');"
"INSERT INTO ballinfo VALUES ('2019-04-16', 2019041604, '楽天', '西武', 'ニール', '右', '西武', '銀次', '左', '楽天', 2, 2, 1, 1, 3, 0, 2, 144, 'シュート', 14.0, 56.0, 'ボール', 3, 1, 11, 'B8');"
"INSERT INTO ballinfo VALUES ('2019-04-16', 2019041604, '楽天', '西武', 'ニール', '右', '西武', '銀次', '左', '楽天', 2, 2, 1, 1, 4, 1, 2, 142, 'シュート', 57.5, 54.4, 'ファウル', 3, 3, 13, 'S5');"
"INSERT INTO ballinfo VALUES ('2019-04-16', 2019041604, '楽天', '西武', 'ニール', '右', '西武', '銀次', '左', '楽天', 2, 2, 1, 1, 5, 1, 3, 142, 'シュート', 75.5, 35.2, 'ファウル', 2, 4, 9, 'S3');"
"INSERT INTO ballinfo VALUES ('2019-04-16', 2019041604, '楽天', '西武', 'ニール', '右', '西武', '銀次', '左', '楽天', 2, 2, 1, 1, 6, 1, 4, 136, 'シュート', 93.5, 91.6, 'ボール', 5, 5, 25, 'B19');"
"INSERT INTO ballinfo VALUES ('2019-04-16', 2019041604, '楽天', '西武', 'ニール', '右', '西武', '銀次', '左', '楽天', 2, 2, 1, 1, 7, 2, 4, 144, 'シュート', 12.5, 14.0, 'ボール', 1, 1, 1, 'B1');"
"INSERT INTO ballinfo VALUES ('2019-04-16', 2019041604, '楽天', '西武', 'ニール', '右', '西武', '銀次', '左', '楽天', 2, 2, 1, 1, 8, 3, 4, 141, 'シュート', 56.5, 17.2, '中飛', 1, 3, 3, 'B3');"
"INSERT INTO ballinfo VALUES ('2019-04-16', 2019041604, '楽天', '西武', 'ニール', '右', '西武', 'ブラッシュ', '右', '楽天', 2, 2, 2, 2, 1, 0, 0, 143, 'シュート', 32.5, 13.2, 'ボール', 1, 2, 2, 'B2');"
"INSERT INTO ballinfo VALUES ('2019-04-16', 2019041604, '楽天', '西武', 'ニール', '右', '西武', 'ブラッシュ', '右', '楽天', 2, 2, 2, 2, 2, 1, 0, 141, 'シュート', 50.0, 54.8, '中飛', 3, 3, 13, 'S5');"
"INSERT INTO ballinfo VALUES ('2019-04-16', 2019041604, '楽天', '西武', 'ニール', '右', '西武', '藤田 一也', '左', '楽天', 2, 2, 3, 2, 1, 0, 0, 142, 'シュート', 29.5, 53.6, '見逃し', 3, 2, 12, 'S4');"
"INSERT INTO ballinfo VALUES ('2019-04-16', 2019041604, '楽天', '西武', 'ニール', '右', '西武', '藤田 一也', '左', '楽天', 2, 2, 3, 2, 2, 0, 1, 143, 'シュート', 29.0, 44.0, '見逃し', 3, 2, 12, 'S4');"
"INSERT INTO ballinfo VALUES ('2019-04-16', 2019041604, '楽天', '西武', 'ニール', '右', '西武', '藤田 一也', '左', '楽天', 2, 2, 3, 2, 3, 0, 2, 133, 'チェンジアップ', 69.5, 54.0, '左安', 3, 4, 14, 'S6');"
"INSERT INTO ballinfo VALUES ('2019-04-16', 2019041604, '楽天', '西武', 'ニール', '右', '西武', '嶋 基宏', '右', '楽天', 2, 2, 4, 3, 1, 0, 0, 141, 'シュート', 73.0, 45.2, '見逃し', 3, 4, 14, 'S6');"
"INSERT INTO ballinfo VALUES ('2019-04-16', 2019041604, '楽天', '西武', 'ニール', '右', '西武', '嶋 基宏', '右', '楽天', 2, 2, 4, 3, 2, 0, 1, 141, 'シュート', 90.5, 85.6, 'ボール', 5, 5, 25, 'B19');"
"INSERT INTO ballinfo VALUES ('2019-04-16', 2019041604, '楽天', '西武', 'ニール', '右', '西武', '嶋 基宏', '右', '楽天', 2, 2, 4, 3, 3, 1, 1, 142, 'シュート', 74.5, 33.6, '見逃し', 2, 4, 9, 'S3');"
"INSERT INTO ballinfo VALUES ('2019-04-16', 2019041604, '楽天', '西武', 'ニール', '右', '西武', '嶋 基宏', '右', '楽天', 2, 2, 4, 3, 4, 1, 2, 142, 'シュート', 91.0, 52.8, 'ボール', 3, 5, 15, 'B9');"
"INSERT INTO ballinfo VALUES ('2019-04-16', 2019041604, '楽天', '西武', 'ニール', '右', '西武', '嶋 基宏', '右', '楽天', 2, 2, 4, 3, 5, 2, 2, 141, 'シュート', 87.5, 67.6, 'ボール', 4, 5, 20, 'B11');"
"INSERT INTO ballinfo VALUES ('2019-04-16', 2019041604, '楽天', '西武', 'ニール', '右', '西武', '嶋 基宏', '右', '楽天', 2, 2, 4, 3, 6, 3, 2, 143, 'シュート', 38.0, 15.6, 'ファウル', 1, 2, 2, 'B2');"
"INSERT INTO ballinfo VALUES ('2019-04-16', 2019041604, '楽天', '西武', 'ニール', '右', '西武', '嶋 基宏', '右', '楽天', 2, 2, 4, 3, 7, 3, 3, 141, 'シュート', 75.5, 55.2, '三ゴロ', 3, 4, 14, 'S6');"
"INSERT INTO ballinfo VALUES ('2019-04-16', 2019041604, '楽天', '西武', '辛島 航', '左', '楽天', '熊代 聖人', '右', '西武', 3, 1, 1, 1, 1, 0, 0, 131, 'ストレート', 76.0, 71.6, '見逃し', 4, 4, 19, 'S9');"
"INSERT INTO ballinfo VALUES ('2019-04-16', 2019041604, '楽天', '西武', '辛島 航', '左', '楽天', '熊代 聖人', '右', '西武', 3, 1, 1, 1, 2, 0, 1, 117, 'チェンジアップ', 77.5, 34.4, '右飛', 2, 4, 9, 'S3');"
"INSERT INTO ballinfo VALUES ('2019-04-16', 2019041604, '楽天', '西武', '辛島 航', '左', '楽天', '金子 侑司', '右', '西武', 3, 1, 2, 2, 1, 0, 0, 131, 'ストレート', 54.5, 55.6, 'ファウル', 3, 3, 13, 'S5');"
"INSERT INTO ballinfo VALUES ('2019-04-16', 2019041604, '楽天', '西武', '辛島 航', '左', '楽天', '金子 侑司', '右', '西武', 3, 1, 2, 2, 2, 0, 1, 119, 'チェンジアップ', 89.0, 55.6, 'ボール', 3, 5, 15, 'B9');"
"INSERT INTO ballinfo VALUES ('2019-04-16', 2019041604, '楽天', '西武', '辛島 航', '左', '楽天', '金子 侑司', '右', '西武', 3, 1, 2, 2, 3, 1, 1, 119, 'チェンジアップ', 56.0, 34.8, 'ファウル', 2, 3, 8, 'S2');"
"INSERT INTO ballinfo VALUES ('2019-04-16', 2019041604, '楽天', '西武', '辛島 航', '左', '楽天', '金子 侑司', '右', '西武', 3, 1, 2, 2, 4, 1, 2, 119, 'チェンジアップ', 76.5, 33.6, '二ゴロ', 2, 4, 9, 'S3');"
"INSERT INTO ballinfo VALUES ('2019-04-16', 2019041604, '楽天', '西武', '辛島 航', '左', '楽天', '秋山 翔吾', '左', '西武', 3, 1, 3, 2, 1, 0, 0, 132, 'ストレート', 57.5, 13.6, 'ボール', 1, 3, 3, 'B3');"
"INSERT INTO ballinfo VALUES ('2019-04-16', 2019041604, '楽天', '西武', '辛島 航', '左', '楽天', '秋山 翔吾', '左', '西武', 3, 1, 3, 2, 2, 1, 0, 110, 'カーブ', 27.5, 49.2, '見逃し', 3, 2, 12, 'S4');"
"INSERT INTO ballinfo VALUES ('2019-04-16', 2019041604, '楽天', '西武', '辛島 航', '左', '楽天', '秋山 翔吾', '左', '西武', 3, 1, 3, 2, 3, 1, 1, 132, 'ストレート', 70.0, 24.4, '右本', 2, 4, 9, 'S3');"
"INSERT INTO ballinfo VALUES ('2019-04-16', 2019041604, '楽天', '西武', '辛島 航', '左', '楽天', '外崎 修汰', '右', '西武', 3, 1, 4, 3, 1, 0, 0, 98, 'カーブ', 14.0, 86.0, 'ボール', 5, 1, 21, 'B15');"
"INSERT INTO ballinfo VALUES ('2019-04-16', 2019041604, '楽天', '西武', '辛島 航', '左', '楽天', '外崎 修汰', '右', '西武', 3, 1, 4, 3, 2, 1, 0, 121, 'スライダー', 34.5, 35.6, 'ファウル', 2, 2, 7, 'S1');"
"INSERT INTO ballinfo VALUES ('2019-04-16', 2019041604, '楽天', '西武', '辛島 航', '左', '楽天', '外崎 修汰', '右', '西武', 3, 1, 4, 3, 3, 1, 1, 131, 'ストレート', 48.5, 25.2, 'ファウル', 2, 3, 8, 'S2');"
"INSERT INTO ballinfo VALUES ('2019-04-16', 2019041604, '楽天', '西武', '辛島 航', '左', '楽天', '外崎 修汰', '右', '西武', 3, 1, 4, 3, 4, 1, 2, 0, 'カーブ', 75.5, 87.2, '空三振', 5, 4, 24, 'B18');"
"INSERT INTO ballinfo VALUES ('2019-04-16', 2019041604, '楽天', '西武', 'ニール', '右', '西武', '田中 和基', '左', '楽天', 3, 2, 1, 1, 1, 0, 0, 135, 'シュート', 74.5, 45.2, 'ファウル', 3, 4, 14, 'S6');"
"INSERT INTO ballinfo VALUES ('2019-04-16', 2019041604, '楽天', '西武', 'ニール', '右', '西武', '田中 和基', '左', '楽天', 3, 2, 1, 1, 2, 0, 1, 140, 'シュート', 55.0, 11.2, 'ボール', 1, 3, 3, 'B3');"
"INSERT INTO ballinfo VALUES ('2019-04-16', 2019041604, '楽天', '西武', 'ニール', '右', '西武', '田中 和基', '左', '楽天', 3, 2, 1, 1, 3, 1, 1, 142, 'シュート', 35.0, 65.2, 'ファウル', 4, 2, 17, 'S7');"
"INSERT INTO ballinfo VALUES ('2019-04-16', 2019041604, '楽天', '西武', 'ニール', '右', '西武', '田中 和基', '左', '楽天', 3, 2, 1, 1, 4, 1, 2, 141, 'シュート', 69.0, 33.2, '空三振', 2, 4, 9, 'S3');"
"INSERT INTO ballinfo VALUES ('2019-04-16', 2019041604, '楽天', '西武', 'ニール', '右', '西武', '茂木 栄五郎', '左', '楽天', 3, 2, 2, 1, 1, 0, 0, 117, 'カーブ', 75.0, 86.8, 'ボール', 5, 4, 24, 'B18');"
"INSERT INTO ballinfo VALUES ('2019-04-16', 2019041604, '楽天', '西武', 'ニール', '右', '西武', '茂木 栄五郎', '左', '楽天', 3, 2, 2, 1, 2, 1, 0, 140, 'シュート', 46.5, 56.8, '右本', 3, 3, 13, 'S5');"
"INSERT INTO ballinfo VALUES ('2019-04-16', 2019041604, '楽天', '西武', 'ニール', '右', '西武', '浅村 栄斗', '右', '楽天', 3, 2, 3, 1, 1, 0, 0, 140, 'シュート', 86.0, 48.0, 'ボール', 3, 5, 15, 'B9');"
"INSERT INTO ballinfo VALUES ('2019-04-16', 2019041604, '楽天', '西武', 'ニール', '右', '西武', '浅村 栄斗', '右', '楽天', 3, 2, 3, 1, 2, 1, 0, 142, 'シュート', 34.5, 53.2, '中安', 3, 2, 12, 'S4');"
"INSERT INTO ballinfo VALUES ('2019-04-16', 2019041604, '楽天', '西武', 'ニール', '右', '西武', '島内 宏明', '左', '楽天', 3, 2, 4, 2, 1, 0, 0, 142, 'シュート', 48.5, 23.6, '見逃し', 2, 3, 8, 'S2');"
"INSERT INTO ballinfo VALUES ('2019-04-16', 2019041604, '楽天', '西武', 'ニール', '右', '西武', '島内 宏明', '左', '楽天', 3, 2, 4, 2, 2, 0, 1, 142, 'シュート', 28.5, 55.6, '見逃し', 3, 2, 12, 'S4');"
"INSERT INTO ballinfo VALUES ('2019-04-16', 2019041604, '楽天', '西武', 'ニール', '右', '西武', '島内 宏明', '左', '楽天', 3, 2, 4, 2, 3, 0, 2, 141, 'シュート', 53.0, 82.0, '一ゴロ', 5, 3, 23, 'B17');"
"INSERT INTO ballinfo VALUES ('2019-04-16', 2019041604, '楽天', '西武', 'ニール', '右', '西武', 'ウィーラー', '右', '楽天', 3, 2, 5, 2, 1, 0, 0, 134, 'シュート', 91.5, 94.0, 'ボール', 5, 5, 25, 'B19');"
"INSERT INTO ballinfo VALUES ('2019-04-16', 2019041604, '楽天', '西武', 'ニール', '右', '西武', 'ウィーラー', '右', '楽天', 3, 2, 5, 2, 2, 1, 0, 141, 'シュート', 74.5, 66.4, '右２', 4, 4, 19, 'S9');"
"INSERT INTO ballinfo VALUES ('2019-04-16', 2019041604, '楽天', '西武', 'ニール', '右', '西武', '銀次', '左', '楽天', 3, 2, 6, 3, 1, 0, 0, 133, 'チェンジアップ', 14.5, 70.8, 'ボール', 4, 1, 16, 'B10');"
"INSERT INTO ballinfo VALUES ('2019-04-16', 2019041604, '楽天', '西武', 'ニール', '右', '西武', '銀次', '左', '楽天', 3, 2, 6, 3, 2, 1, 0, 142, 'シュート', 28.5, 53.2, '一ゴロ', 3, 2, 12, 'S4');"
"INSERT INTO ballinfo VALUES ('2019-04-16', 2019041604, '楽天', '西武', '辛島 航', '左', '楽天', '山川 穂高', '右', '西武', 4, 1, 1, 0, 1, 0, 0, 131, 'ストレート', 34.5, 65.6, '見逃し', 4, 2, 17, 'S7');"
"INSERT INTO ballinfo VALUES ('2019-04-16', 2019041604, '楽天', '西武', '辛島 航', '左', '楽天', '山川 穂高', '右', '西武', 4, 1, 1, 0, 2, 0, 1, 121, 'スライダー', 14.0, 92.4, 'ボール', 5, 1, 21, 'B15');"
"INSERT INTO ballinfo VALUES ('2019-04-16', 2019041604, '楽天', '西武', '辛島 航', '左', '楽天', '山川 穂高', '右', '西武', 4, 1, 1, 0, 3, 1, 1, 118, 'チェンジアップ', 74.0, 25.2, '右２', 2, 4, 9, 'S3');"
"INSERT INTO ballinfo VALUES ('2019-04-16', 2019041604, '楽天', '西武', '辛島 航', '左', '楽天', '森 友哉', '左', '西武', 4, 1, 2, 0, 1, 0, 0, 116, 'スライダー', 74.5, 17.2, 'ファウル', 1, 4, 4, 'B4');"
"INSERT INTO ballinfo VALUES ('2019-04-16', 2019041604, '楽天', '西武', '辛島 航', '左', '楽天', '森 友哉', '左', '西武', 4, 1, 2, 0, 2, 0, 1, 115, 'スライダー', 48.0, 15.6, '三安', 1, 3, 3, 'B3');"
"INSERT INTO ballinfo VALUES ('2019-04-16', 2019041604, '楽天', '西武', '辛島 航', '左', '楽天', '栗山 巧', '左', '西武', 4, 1, 3, 1, 1, 0, 0, 130, 'ストレート', 14.5, 12.0, 'ボール', 1, 1, 1, 'B1');"
"INSERT INTO ballinfo VALUES ('2019-04-16', 2019041604, '楽天', '西武', '辛島 航', '左', '楽天', '栗山 巧', '左', '西武', 4, 1, 3, 1, 2, 1, 0, 131, 'ストレート', 74.5, 65.2, '見逃し', 4, 4, 19, 'S9');"
"INSERT INTO ballinfo VALUES ('2019-04-16', 2019041604, '楽天', '西武', '辛島 航', '左', '楽天', '栗山 巧', '左', '西武', 4, 1, 3, 1, 3, 1, 1, 131, 'ストレート', 87.5, 30.8, 'ボール', 2, 5, 10, 'B7');"
"INSERT INTO ballinfo VALUES ('2019-04-16', 2019041604, '楽天', '西武', '辛島 航', '左', '楽天', '栗山 巧', '左', '西武', 4, 1, 3, 1, 4, 2, 1, 124, 'スライダー', 56.5, 46.0, 'ファウル', 3, 3, 13, 'S5');"
"INSERT INTO ballinfo VALUES ('2019-04-16', 2019041604, '楽天', '西武', '辛島 航', '左', '楽天', '栗山 巧', '左', '西武', 4, 1, 3, 1, 5, 2, 2, 132, 'ストレート', 95.5, 54.4, 'ボール', 3, 5, 15, 'B9');"
"INSERT INTO ballinfo VALUES ('2019-04-16', 2019041604, '楽天', '西武', '辛島 航', '左', '楽天', '栗山 巧', '左', '西武', 4, 1, 3, 1, 6, 3, 2, 118, 'スライダー', 71.5, 44.8, 'ファウル', 3, 4, 14, 'S6');"
"INSERT INTO ballinfo VALUES ('2019-04-16', 2019041604, '楽天', '西武', '辛島 航', '左', '楽天', '栗山 巧', '左', '西武', 4, 1, 3, 1, 7, 3, 3, 118, 'スライダー', 37.0, 85.2, '三邪飛', 5, 2, 22, 'B16');"
"INSERT INTO ballinfo VALUES ('2019-04-16', 2019041604, '楽天', '西武', '辛島 航', '左', '楽天', '中村 剛也', '右', '西武', 4, 1, 4, 2, 1, 0, 0, 119, 'スライダー', 75.5, 55.2, '三ゴロ', 3, 4, 14, 'S6');"
"INSERT INTO ballinfo VALUES ('2019-04-16', 2019041604, '楽天', '西武', '辛島 航', '左', '楽天', '木村 文紀', '右', '西武', 4, 1, 5, 3, 1, 0, 0, 119, 'チェンジアップ', 54.0, 86.8, 'ボール', 5, 3, 23, 'B17');"
"INSERT INTO ballinfo VALUES ('2019-04-16', 2019041604, '楽天', '西武', '辛島 航', '左', '楽天', '木村 文紀', '右', '西武', 4, 1, 5, 3, 2, 1, 0, 132, 'ストレート', 47.0, 84.4, 'ボール', 5, 3, 23, 'B17');"
"INSERT INTO ballinfo VALUES ('2019-04-16', 2019041604, '楽天', '西武', '辛島 航', '左', '楽天', '木村 文紀', '右', '西武', 4, 1, 5, 3, 3, 2, 0, 132, 'ストレート', 73.0, 55.2, '見逃し', 3, 4, 14, 'S6');"
"INSERT INTO ballinfo VALUES ('2019-04-16', 2019041604, '楽天', '西武', '辛島 航', '左', '楽天', '木村 文紀', '右', '西武', 4, 1, 5, 3, 4, 2, 1, 131, 'ストレート', 36.5, 49.2, 'ファウル', 3, 2, 12, 'S4');"
"INSERT INTO ballinfo VALUES ('2019-04-16', 2019041604, '楽天', '西武', '辛島 航', '左', '楽天', '木村 文紀', '右', '西武', 4, 1, 5, 3, 5, 2, 2, 132, 'ストレート', 74.0, 84.0, '空三振', 5, 4, 24, 'B18');"
"INSERT INTO ballinfo VALUES ('2019-04-16', 2019041604, '楽天', '西武', 'ニール', '右', '西武', 'ブラッシュ', '右', '楽天', 4, 2, 1, 1, 1, 0, 0, 129, 'チェンジアップ', 72.5, 34.8, '見逃し', 2, 4, 9, 'S3');"
"INSERT INTO ballinfo VALUES ('2019-04-16', 2019041604, '楽天', '西武', 'ニール', '右', '西武', 'ブラッシュ', '右', '楽天', 4, 2, 1, 1, 2, 0, 1, 140, 'シュート', 71.0, 87.2, 'ボール', 5, 4, 24, 'B18');"
"INSERT INTO ballinfo VALUES ('2019-04-16', 2019041604, '楽天', '西武', 'ニール', '右', '西武', 'ブラッシュ', '右', '楽天', 4, 2, 1, 1, 3, 1, 1, 139, 'シュート', 69.5, 54.0, '投ゴロ', 3, 4, 14, 'S6');"
"INSERT INTO ballinfo VALUES ('2019-04-16', 2019041604, '楽天', '西武', 'ニール', '右', '西武', '藤田 一也', '左', '楽天', 4, 2, 2, 2, 1, 0, 0, 141, 'シュート', 70.5, 85.6, 'ボール', 5, 4, 24, 'B18');"
"INSERT INTO ballinfo VALUES ('2019-04-16', 2019041604, '楽天', '西武', 'ニール', '右', '西武', '藤田 一也', '左', '楽天', 4, 2, 2, 2, 2, 1, 0, 139, 'シュート', 77.5, 88.8, 'ボール', 5, 4, 24, 'B18');"
"INSERT INTO ballinfo VALUES ('2019-04-16', 2019041604, '楽天', '西武', 'ニール', '右', '西武', '藤田 一也', '左', '楽天', 4, 2, 2, 2, 3, 2, 0, 142, 'シュート', 29.5, 48.4, '見逃し', 3, 2, 12, 'S4');"
"INSERT INTO ballinfo VALUES ('2019-04-16', 2019041604, '楽天', '西武', 'ニール', '右', '西武', '藤田 一也', '左', '楽天', 4, 2, 2, 2, 4, 2, 1, 141, 'シュート', 53.5, 74.8, '見逃し', 4, 3, 18, 'S8');"
"INSERT INTO ballinfo VALUES ('2019-04-16', 2019041604, '楽天', '西武', 'ニール', '右', '西武', '藤田 一也', '左', '楽天', 4, 2, 2, 2, 5, 2, 2, 142, 'シュート', 73.0, 54.8, 'ファウル', 3, 4, 14, 'S6');"
"INSERT INTO ballinfo VALUES ('2019-04-16', 2019041604, '楽天', '西武', 'ニール', '右', '西武', '藤田 一也', '左', '楽天', 4, 2, 2, 2, 6, 2, 3, 145, 'シュート', 9.5, 65.6, 'ボール', 4, 1, 16, 'B10');"
"INSERT INTO ballinfo VALUES ('2019-04-16', 2019041604, '楽天', '西武', 'ニール', '右', '西武', '藤田 一也', '左', '楽天', 4, 2, 2, 2, 7, 3, 3, 143, 'シュート', 49.5, 35.6, '中飛', 2, 3, 8, 'S2');"
"INSERT INTO ballinfo VALUES ('2019-04-16', 2019041604, '楽天', '西武', 'ニール', '右', '西武', '嶋 基宏', '右', '楽天', 4, 2, 3, 3, 1, 0, 0, 143, 'シュート', 90.5, 51.6, 'ボール', 3, 5, 15, 'B9');"
"INSERT INTO ballinfo VALUES ('2019-04-16', 2019041604, '楽天', '西武', 'ニール', '右', '西武', '嶋 基宏', '右', '楽天', 4, 2, 3, 3, 2, 1, 0, 141, 'シュート', 37.5, 53.6, '中飛', 3, 2, 12, 'S4');"
"INSERT INTO ballinfo VALUES ('2019-04-16', 2019041604, '楽天', '西武', '辛島 航', '左', '楽天', '熊代 聖人', '右', '西武', 5, 1, 1, 0, 1, 0, 0, 130, 'ストレート', 77.0, 44.4, '見逃し', 3, 4, 14, 'S6');"
"INSERT INTO ballinfo VALUES ('2019-04-16', 2019041604, '楽天', '西武', '辛島 航', '左', '楽天', '熊代 聖人', '右', '西武', 5, 1, 1, 0, 2, 0, 1, 132, 'ストレート', 88.0, 33.6, 'ボール', 2, 5, 10, 'B7');"
"INSERT INTO ballinfo VALUES ('2019-04-16', 2019041604, '楽天', '西武', '辛島 航', '左', '楽天', '熊代 聖人', '右', '西武', 5, 1, 1, 0, 3, 1, 1, 132, 'ストレート', 69.5, 75.6, '見逃し', 4, 4, 19, 'S9');"
"INSERT INTO ballinfo VALUES ('2019-04-16', 2019041604, '楽天', '西武', '辛島 航', '左', '楽天', '熊代 聖人', '右', '西武', 5, 1, 1, 0, 4, 1, 2, 121, 'チェンジアップ', 71.0, 83.6, '中安', 5, 4, 24, 'B18');"
"INSERT INTO ballinfo VALUES ('2019-04-16', 2019041604, '楽天', '西武', '辛島 航', '左', '楽天', '金子 侑司', '右', '西武', 5, 1, 2, 1, 1, 0, 0, 117, 'スライダー', 76.0, 44.8, '見逃し', 3, 4, 14, 'S6');"
"INSERT INTO ballinfo VALUES ('2019-04-16', 2019041604, '楽天', '西武', '辛島 航', '左', '楽天', '金子 侑司', '右', '西武', 5, 1, 2, 1, 2, 0, 1, 132, 'ストレート', 76.5, 55.2, '見逃し', 3, 4, 14, 'S6');"
"INSERT INTO ballinfo VALUES ('2019-04-16', 2019041604, '楽天', '西武', '辛島 航', '左', '楽天', '金子 侑司', '右', '西武', 5, 1, 2, 1, 3, 0, 2, 116, 'スライダー', 87.5, 64.8, '遊ゴロ', 4, 5, 20, 'B11');"
"INSERT INTO ballinfo VALUES ('2019-04-16', 2019041604, '楽天', '西武', '辛島 航', '左', '楽天', '秋山 翔吾', '左', '西武', 5, 1, 3, 2, 1, 0, 0, 118, 'スライダー', 11.5, 86.4, 'ボール', 5, 1, 21, 'B15');"
"INSERT INTO ballinfo VALUES ('2019-04-16', 2019041604, '楽天', '西武', '辛島 航', '左', '楽天', '秋山 翔吾', '左', '西武', 5, 1, 3, 2, 2, 1, 0, 0, 'スライダー', 12.0, 77.2, 'ボール', 4, 1, 16, 'B10');"
"INSERT INTO ballinfo VALUES ('2019-04-16', 2019041604, '楽天', '西武', '辛島 航', '左', '楽天', '秋山 翔吾', '左', '西武', 5, 1, 3, 2, 3, 2, 0, 115, 'スライダー', 36.5, 35.2, '見逃し', 2, 2, 7, 'S1');"
"INSERT INTO ballinfo VALUES ('2019-04-16', 2019041604, '楽天', '西武', '辛島 航', '左', '楽天', '秋山 翔吾', '左', '西武', 5, 1, 3, 2, 4, 2, 1, 131, 'ストレート', 94.5, 11.6, 'ボール', 1, 5, 5, 'B5');"
"INSERT INTO ballinfo VALUES ('2019-04-16', 2019041604, '楽天', '西武', '辛島 航', '左', '楽天', '秋山 翔吾', '左', '西武', 5, 1, 3, 2, 5, 3, 1, 114, 'スライダー', 68.5, 16.8, 'ファウル', 1, 4, 4, 'B4');"
"INSERT INTO ballinfo VALUES ('2019-04-16', 2019041604, '楽天', '西武', '辛島 航', '左', '楽天', '秋山 翔吾', '左', '西武', 5, 1, 3, 2, 6, 3, 2, 115, 'スライダー', 35.5, 84.0, '空三振', 5, 2, 22, 'B16');"
"INSERT INTO ballinfo VALUES ('2019-04-16', 2019041604, '楽天', '西武', '辛島 航', '左', '楽天', '外崎 修汰', '右', '西武', 5, 1, 4, 2, 1, 0, 0, 130, 'ストレート', 89.5, 26.4, 'ボール', 2, 5, 10, 'B7');"
"INSERT INTO ballinfo VALUES ('2019-04-16', 2019041604, '楽天', '西武', '辛島 航', '左', '楽天', '外崎 修汰', '右', '西武', 5, 1, 4, 2, 2, 1, 0, 130, 'ストレート', 88.0, 11.2, 'ボール', 1, 5, 5, 'B5');"
"INSERT INTO ballinfo VALUES ('2019-04-16', 2019041604, '楽天', '西武', '辛島 航', '左', '楽天', '外崎 修汰', '右', '西武', 5, 1, 4, 2, 3, 2, 0, 129, 'ストレート', 94.5, 16.4, 'ボール', 1, 5, 5, 'B5');"
"INSERT INTO ballinfo VALUES ('2019-04-16', 2019041604, '楽天', '西武', '辛島 航', '左', '楽天', '外崎 修汰', '右', '西武', 5, 1, 4, 2, 4, 3, 0, 129, 'ストレート', 73.5, 65.2, '見逃し', 4, 4, 19, 'S9');"
"INSERT INTO ballinfo VALUES ('2019-04-16', 2019041604, '楽天', '西武', '辛島 航', '左', '楽天', '外崎 修汰', '右', '西武', 5, 1, 4, 2, 5, 3, 1, 115, 'スライダー', 69.5, 85.6, '四球', 5, 4, 24, 'B18');"
"INSERT INTO ballinfo VALUES ('2019-04-16', 2019041604, '楽天', '西武', '辛島 航', '左', '楽天', '山川 穂高', '右', '西武', 5, 1, 5, 2, 1, 0, 0, 131, 'ストレート', 75.5, 35.2, '左２', 2, 4, 9, 'S3');"
"INSERT INTO ballinfo VALUES ('2019-04-16', 2019041604, '楽天', '西武', '辛島 航', '左', '楽天', '森 友哉', '左', '西武', 5, 1, 6, 3, 1, 0, 0, 117, 'スライダー', 34.5, 86.8, '空振り', 5, 2, 22, 'B16');"
"INSERT INTO ballinfo VALUES ('2019-04-16', 2019041604, '楽天', '西武', '辛島 航', '左', '楽天', '森 友哉', '左', '西武', 5, 1, 6, 3, 2, 0, 1, 116, 'スライダー', 9.0, 85.6, '空振り', 5, 1, 21, 'B15');"
"INSERT INTO ballinfo VALUES ('2019-04-16', 2019041604, '楽天', '西武', '辛島 航', '左', '楽天', '森 友哉', '左', '西武', 5, 1, 6, 3, 3, 0, 2, 116, 'スライダー', 13.0, 64.8, 'ボール', 4, 1, 16, 'B10');"
"INSERT INTO ballinfo VALUES ('2019-04-16', 2019041604, '楽天', '西武', '辛島 航', '左', '楽天', '森 友哉', '左', '西武', 5, 1, 6, 3, 4, 1, 2, 115, 'スライダー', 49.5, 56.4, 'ファウル', 3, 3, 13, 'S5');"
"INSERT INTO ballinfo VALUES ('2019-04-16', 2019041604, '楽天', '西武', '辛島 航', '左', '楽天', '森 友哉', '左', '西武', 5, 1, 6, 3, 5, 1, 3, 115, 'スライダー', 35.0, 72.8, '中飛', 4, 2, 17, 'S7');"
"INSERT INTO ballinfo VALUES ('2019-04-16', 2019041604, '楽天', '西武', 'ニール', '右', '西武', '田中 和基', '左', '楽天', 5, 2, 1, 0, 1, 0, 0, 128, 'チェンジアップ', 88.0, 86.8, 'ボール', 5, 5, 25, 'B19');"
"INSERT INTO ballinfo VALUES ('2019-04-16', 2019041604, '楽天', '西武', 'ニール', '右', '西武', '田中 和基', '左', '楽天', 5, 2, 1, 0, 2, 1, 0, 139, 'シュート', 69.0, 92.0, 'ボール', 5, 4, 24, 'B18');"
"INSERT INTO ballinfo VALUES ('2019-04-16', 2019041604, '楽天', '西武', 'ニール', '右', '西武', '田中 和基', '左', '楽天', 5, 2, 1, 0, 3, 2, 0, 140, 'シュート', 35.5, 24.4, '見逃し', 2, 2, 7, 'S1');"
"INSERT INTO ballinfo VALUES ('2019-04-16', 2019041604, '楽天', '西武', 'ニール', '右', '西武', '田中 和基', '左', '楽天', 5, 2, 1, 0, 4, 2, 1, 0, 'シュート', 58.0, 56.0, '右安', 3, 3, 13, 'S5');"
"INSERT INTO ballinfo VALUES ('2019-04-16', 2019041604, '楽天', '西武', 'ニール', '右', '西武', '茂木 栄五郎', '左', '楽天', 5, 2, 2, 1, 1, 0, 0, 132, 'チェンジアップ', 36.5, 16.8, '空振り', 1, 2, 2, 'B2');"
"INSERT INTO ballinfo VALUES ('2019-04-16', 2019041604, '楽天', '西武', 'ニール', '右', '西武', '茂木 栄五郎', '左', '楽天', 5, 2, 2, 1, 2, 0, 1, 141, 'シュート', 32.0, 65.2, '見逃し', 4, 2, 17, 'S7');"
"INSERT INTO ballinfo VALUES ('2019-04-16', 2019041604, '楽天', '西武', 'ニール', '右', '西武', '茂木 栄五郎', '左', '楽天', 5, 2, 2, 1, 3, 0, 2, 139, 'シュート', 89.0, 45.6, 'ボール', 3, 5, 15, 'B9');"
"INSERT INTO ballinfo VALUES ('2019-04-16', 2019041604, '楽天', '西武', 'ニール', '右', '西武', '茂木 栄五郎', '左', '楽天', 5, 2, 2, 1, 4, 1, 2, 142, 'シュート', 11.5, 45.6, 'ボール', 3, 1, 11, 'B8');"
"INSERT INTO ballinfo VALUES ('2019-04-16', 2019041604, '楽天', '西武', 'ニール', '右', '西武', '茂木 栄五郎', '左', '楽天', 5, 2, 2, 1, 5, 2, 2, 142, 'シュート', 34.5, 86.8, 'ボール', 5, 2, 22, 'B16');"
"INSERT INTO ballinfo VALUES ('2019-04-16', 2019041604, '楽天', '西武', 'ニール', '右', '西武', '茂木 栄五郎', '左', '楽天', 5, 2, 2, 1, 6, 3, 2, 143, 'シュート', 49.0, 16.0, 'ファウル', 1, 3, 3, 'B3');"
"INSERT INTO ballinfo VALUES ('2019-04-16', 2019041604, '楽天', '西武', 'ニール', '右', '西武', '茂木 栄五郎', '左', '楽天', 5, 2, 2, 1, 7, 3, 3, 143, 'シュート', 30.0, 32.8, 'ファウル', 2, 2, 7, 'S1');"
"INSERT INTO ballinfo VALUES ('2019-04-16', 2019041604, '楽天', '西武', 'ニール', '右', '西武', '茂木 栄五郎', '左', '楽天', 5, 2, 2, 1, 8, 3, 4, 142, 'シュート', 34.5, 38.0, '遊ゴロ', 2, 2, 7, 'S1');"
"INSERT INTO ballinfo VALUES ('2019-04-16', 2019041604, '楽天', '西武', 'ニール', '右', '西武', '浅村 栄斗', '右', '楽天', 5, 2, 3, 1, 1, 0, 0, 141, 'シュート', 30.0, 35.2, '見逃し', 2, 2, 7, 'S1');"
"INSERT INTO ballinfo VALUES ('2019-04-16', 2019041604, '楽天', '西武', 'ニール', '右', '西武', '浅村 栄斗', '右', '楽天', 5, 2, 3, 1, 2, 0, 1, 141, 'シュート', 38.0, 56.4, 'ファウル', 3, 2, 12, 'S4');"
"INSERT INTO ballinfo VALUES ('2019-04-16', 2019041604, '楽天', '西武', 'ニール', '右', '西武', '浅村 栄斗', '右', '楽天', 5, 2, 3, 1, 3, 0, 2, 142, 'シュート', 9.0, 32.4, 'ボール', 2, 1, 6, 'B6');"
"INSERT INTO ballinfo VALUES ('2019-04-16', 2019041604, '楽天', '西武', 'ニール', '右', '西武', '浅村 栄斗', '右', '楽天', 5, 2, 3, 1, 4, 1, 2, 131, 'チェンジアップ', 91.0, 91.6, 'ボール', 5, 5, 25, 'B19');"
"INSERT INTO ballinfo VALUES ('2019-04-16', 2019041604, '楽天', '西武', 'ニール', '右', '西武', '浅村 栄斗', '右', '楽天', 5, 2, 3, 1, 5, 2, 2, 142, 'シュート', 17.0, 25.6, '左安', 2, 1, 6, 'B6');"
"INSERT INTO ballinfo VALUES ('2019-04-16', 2019041604, '楽天', '西武', 'ニール', '右', '西武', '島内 宏明', '左', '楽天', 5, 2, 4, 1, 1, 0, 0, 0, 'チェンジアップ', 67.0, 92.0, 'ボール', 5, 4, 24, 'B18');"
"INSERT INTO ballinfo VALUES ('2019-04-16', 2019041604, '楽天', '西武', 'ニール', '右', '西武', '島内 宏明', '左', '楽天', 5, 2, 4, 1, 2, 1, 0, 140, 'シュート', 52.5, 70.0, 'ファウル', 4, 3, 18, 'S8');"
"INSERT INTO ballinfo VALUES ('2019-04-16', 2019041604, '楽天', '西武', 'ニール', '右', '西武', '島内 宏明', '左', '楽天', 5, 2, 4, 1, 3, 1, 1, 139, 'シュート', 88.5, 93.2, 'ボール', 5, 5, 25, 'B19');"
"INSERT INTO ballinfo VALUES ('2019-04-16', 2019041604, '楽天', '西武', 'ニール', '右', '西武', '島内 宏明', '左', '楽天', 5, 2, 4, 1, 4, 2, 1, 141, 'シュート', 32.5, 16.0, 'ボール', 1, 2, 2, 'B2');"
"INSERT INTO ballinfo VALUES ('2019-04-16', 2019041604, '楽天', '西武', 'ニール', '右', '西武', '島内 宏明', '左', '楽天', 5, 2, 4, 1, 5, 3, 1, 141, 'シュート', 51.5, 44.4, '見逃し', 3, 3, 13, 'S5');"
"INSERT INTO ballinfo VALUES ('2019-04-16', 2019041604, '楽天', '西武', 'ニール', '右', '西武', '島内 宏明', '左', '楽天', 5, 2, 4, 1, 6, 3, 2, 139, 'シュート', 69.5, 36.4, '右安', 2, 4, 9, 'S3');"
"INSERT INTO ballinfo VALUES ('2019-04-16', 2019041604, '楽天', '西武', 'ニール', '右', '西武', 'ウィーラー', '右', '楽天', 5, 2, 5, 3, 1, 0, 0, 140, 'シュート', 88.0, 72.0, 'ボール', 4, 5, 20, 'B11');"
"INSERT INTO ballinfo VALUES ('2019-04-16', 2019041604, '楽天', '西武', 'ニール', '右', '西武', 'ウィーラー', '右', '楽天', 5, 2, 5, 3, 2, 1, 0, 139, 'シュート', 27.5, 34.4, 'ファウル', 2, 2, 7, 'S1');"
"INSERT INTO ballinfo VALUES ('2019-04-16', 2019041604, '楽天', '西武', 'ニール', '右', '西武', 'ウィーラー', '右', '楽天', 5, 2, 5, 3, 3, 1, 1, 134, 'スライダー', 90.0, 65.6, 'ボール', 4, 5, 20, 'B11');"
"INSERT INTO ballinfo VALUES ('2019-04-16', 2019041604, '楽天', '西武', 'ニール', '右', '西武', 'ウィーラー', '右', '楽天', 5, 2, 5, 3, 4, 2, 1, 133, 'スライダー', 89.5, 53.2, '空振り', 3, 5, 15, 'B9');"
"INSERT INTO ballinfo VALUES ('2019-04-16', 2019041604, '楽天', '西武', 'ニール', '右', '西武', 'ウィーラー', '右', '楽天', 5, 2, 5, 3, 5, 2, 2, 139, 'シュート', 52.5, 74.4, '遊併打', 4, 3, 18, 'S8');"
"INSERT INTO ballinfo VALUES ('2019-04-16', 2019041604, '楽天', '西武', '青山 浩二', '右', '楽天', '栗山 巧', '左', '西武', 6, 1, 1, 1, 1, 0, 0, 123, 'スライダー', 71.0, 15.6, 'ボール', 1, 4, 4, 'B4');"
"INSERT INTO ballinfo VALUES ('2019-04-16', 2019041604, '楽天', '西武', '青山 浩二', '右', '楽天', '栗山 巧', '左', '西武', 6, 1, 1, 1, 2, 1, 0, 141, 'ストレート', 29.0, 15.6, '空振り', 1, 2, 2, 'B2');"
"INSERT INTO ballinfo VALUES ('2019-04-16', 2019041604, '楽天', '西武', '青山 浩二', '右', '楽天', '栗山 巧', '左', '西武', 6, 1, 1, 1, 3, 1, 1, 142, 'ストレート', 76.0, 33.2, '見逃し', 2, 4, 9, 'S3');"
"INSERT INTO ballinfo VALUES ('2019-04-16', 2019041604, '楽天', '西武', '青山 浩二', '右', '楽天', '栗山 巧', '左', '西武', 6, 1, 1, 1, 4, 1, 2, 126, 'スライダー', 15.5, 46.8, 'ボール', 3, 1, 11, 'B8');"
"INSERT INTO ballinfo VALUES ('2019-04-16', 2019041604, '楽天', '西武', '青山 浩二', '右', '楽天', '栗山 巧', '左', '西武', 6, 1, 1, 1, 5, 2, 2, 136, 'ストレート', 36.5, 65.2, 'ファウル', 4, 2, 17, 'S7');"
"INSERT INTO ballinfo VALUES ('2019-04-16', 2019041604, '楽天', '西武', '青山 浩二', '右', '楽天', '栗山 巧', '左', '西武', 6, 1, 1, 1, 6, 2, 3, 145, 'ストレート', 68.5, 64.8, 'ファウル', 4, 4, 19, 'S9');"
"INSERT INTO ballinfo VALUES ('2019-04-16', 2019041604, '楽天', '西武', '青山 浩二', '右', '楽天', '栗山 巧', '左', '西武', 6, 1, 1, 1, 7, 2, 4, 143, 'ストレート', 66.5, 11.6, 'ファウル', 1, 4, 4, 'B4');"
"INSERT INTO ballinfo VALUES ('2019-04-16', 2019041604, '楽天', '西武', '青山 浩二', '右', '楽天', '栗山 巧', '左', '西武', 6, 1, 1, 1, 8, 2, 5, 126, 'スライダー', 31.5, 52.8, '二ゴロ', 3, 2, 12, 'S4');"
"INSERT INTO ballinfo VALUES ('2019-04-16', 2019041604, '楽天', '西武', '青山 浩二', '右', '楽天', '中村 剛也', '右', '西武', 6, 1, 2, 1, 1, 0, 0, 146, 'ストレート', 74.5, 85.2, 'ボール', 5, 4, 24, 'B18');"
"INSERT INTO ballinfo VALUES ('2019-04-16', 2019041604, '楽天', '西武', '青山 浩二', '右', '楽天', '中村 剛也', '右', '西武', 6, 1, 2, 1, 2, 1, 0, 142, 'ストレート', 69.5, 51.6, '右本', 3, 4, 14, 'S6');"
"INSERT INTO ballinfo VALUES ('2019-04-16', 2019041604, '楽天', '西武', '青山 浩二', '右', '楽天', '木村 文紀', '右', '西武', 6, 1, 3, 2, 1, 0, 0, 126, 'スライダー', 74.0, 87.6, 'ボール', 5, 4, 24, 'B18');"
"INSERT INTO ballinfo VALUES ('2019-04-16', 2019041604, '楽天', '西武', '青山 浩二', '右', '楽天', '木村 文紀', '右', '西武', 6, 1, 3, 2, 2, 1, 0, 125, 'スライダー', 76.0, 48.8, 'ファウル', 3, 4, 14, 'S6');"
"INSERT INTO ballinfo VALUES ('2019-04-16', 2019041604, '楽天', '西武', '青山 浩二', '右', '楽天', '木村 文紀', '右', '西武', 6, 1, 3, 2, 3, 1, 1, 143, 'ストレート', 13.5, 54.8, 'ボール', 3, 1, 11, 'B8');"
"INSERT INTO ballinfo VALUES ('2019-04-16', 2019041604, '楽天', '西武', '青山 浩二', '右', '楽天', '木村 文紀', '右', '西武', 6, 1, 3, 2, 4, 2, 1, 142, 'ストレート', 66.5, 46.4, '見逃し', 3, 4, 14, 'S6');"
"INSERT INTO ballinfo VALUES ('2019-04-16', 2019041604, '楽天', '西武', '青山 浩二', '右', '楽天', '木村 文紀', '右', '西武', 6, 1, 3, 2, 5, 2, 2, 141, 'ストレート', 68.5, 35.6, '空三振', 2, 4, 9, 'S3');"
"INSERT INTO ballinfo VALUES ('2019-04-16', 2019041604, '楽天', '西武', '青山 浩二', '右', '楽天', '熊代 聖人', '右', '西武', 6, 1, 4, 3, 1, 0, 0, 124, 'スライダー', 75.0, 54.4, '空振り', 3, 4, 14, 'S6');"
"INSERT INTO ballinfo VALUES ('2019-04-16', 2019041604, '楽天', '西武', '青山 浩二', '右', '楽天', '熊代 聖人', '右', '西武', 6, 1, 4, 3, 2, 0, 1, 125, 'スライダー', 76.5, 34.4, '空振り', 2, 4, 9, 'S3');"
"INSERT INTO ballinfo VALUES ('2019-04-16', 2019041604, '楽天', '西武', '青山 浩二', '右', '楽天', '熊代 聖人', '右', '西武', 6, 1, 4, 3, 3, 0, 2, 125, 'スライダー', 76.0, 64.0, '見三振', 4, 4, 19, 'S9');"
"INSERT INTO ballinfo VALUES ('2019-04-16', 2019041604, '楽天', '西武', '齊藤 大将', '左', '西武', '銀次', '左', '楽天', 6, 2, 1, 0, 1, 0, 0, 138, 'ストレート', 71.0, 30.8, 'ファウル', 2, 4, 9, 'S3');"
"INSERT INTO ballinfo VALUES ('2019-04-16', 2019041604, '楽天', '西武', '齊藤 大将', '左', '西武', '銀次', '左', '楽天', 6, 2, 1, 0, 2, 0, 1, 136, 'ストレート', 29.5, 11.6, 'ボール', 1, 2, 2, 'B2');"
"INSERT INTO ballinfo VALUES ('2019-04-16', 2019041604, '楽天', '西武', '齊藤 大将', '左', '西武', '銀次', '左', '楽天', 6, 2, 1, 0, 3, 1, 1, 128, 'スライダー', 47.5, 67.2, '遊失', 4, 3, 18, 'S8');"
"INSERT INTO ballinfo VALUES ('2019-04-16', 2019041604, '楽天', '西武', '齊藤 大将', '左', '西武', 'ブラッシュ', '右', '楽天', 6, 2, 2, 1, 1, 0, 0, 136, 'ストレート', 36.5, 69.2, '空振り', 4, 2, 17, 'S7');"
"INSERT INTO ballinfo VALUES ('2019-04-16', 2019041604, '楽天', '西武', '齊藤 大将', '左', '西武', 'ブラッシュ', '右', '楽天', 6, 2, 2, 1, 2, 0, 1, 129, 'チェンジアップ', 89.5, 51.2, 'ボール', 3, 5, 15, 'B9');"
"INSERT INTO ballinfo VALUES ('2019-04-16', 2019041604, '楽天', '西武', '齊藤 大将', '左', '西武', 'ブラッシュ', '右', '楽天', 6, 2, 2, 1, 3, 1, 1, 125, 'スライダー', 11.5, 67.6, 'ボール', 4, 1, 16, 'B10');"
"INSERT INTO ballinfo VALUES ('2019-04-16', 2019041604, '楽天', '西武', '齊藤 大将', '左', '西武', 'ブラッシュ', '右', '楽天', 6, 2, 2, 1, 4, 2, 1, 135, 'ストレート', 14.5, 90.8, 'ボール', 5, 1, 21, 'B15');"
"INSERT INTO ballinfo VALUES ('2019-04-16', 2019041604, '楽天', '西武', '齊藤 大将', '左', '西武', 'ブラッシュ', '右', '楽天', 6, 2, 2, 1, 5, 3, 1, 136, 'ストレート', 54.5, 72.4, '中飛', 4, 3, 18, 'S8');"
"INSERT INTO ballinfo VALUES ('2019-04-16', 2019041604, '楽天', '西武', '齊藤 大将', '左', '西武', '藤田 一也', '左', '楽天', 6, 2, 3, 2, 1, 0, 0, 127, 'スライダー', 16.0, 91.6, 'ボール', 5, 1, 21, 'B15');"
"INSERT INTO ballinfo VALUES ('2019-04-16', 2019041604, '楽天', '西武', '齊藤 大将', '左', '西武', '藤田 一也', '左', '楽天', 6, 2, 3, 2, 2, 1, 0, 126, 'スライダー', 8.0, 66.4, 'ボール', 4, 1, 16, 'B10');"
"INSERT INTO ballinfo VALUES ('2019-04-16', 2019041604, '楽天', '西武', '齊藤 大将', '左', '西武', '藤田 一也', '左', '楽天', 6, 2, 3, 2, 3, 2, 0, 137, 'ストレート', 34.5, 85.6, 'ボール', 5, 2, 22, 'B16');"
"INSERT INTO ballinfo VALUES ('2019-04-16', 2019041604, '楽天', '西武', '齊藤 大将', '左', '西武', '藤田 一也', '左', '楽天', 6, 2, 3, 2, 4, 3, 0, 136, 'ストレート', 29.0, 54.4, '見逃し', 3, 2, 12, 'S4');"
"INSERT INTO ballinfo VALUES ('2019-04-16', 2019041604, '楽天', '西武', '齊藤 大将', '左', '西武', '藤田 一也', '左', '楽天', 6, 2, 3, 2, 5, 3, 1, 126, 'スライダー', 29.5, 65.6, '見逃し', 4, 2, 17, 'S7');"
"INSERT INTO ballinfo VALUES ('2019-04-16', 2019041604, '楽天', '西武', '齊藤 大将', '左', '西武', '藤田 一也', '左', '楽天', 6, 2, 3, 2, 6, 3, 2, 0, 'スライダー', 9.0, 88.4, '空三振', 5, 1, 21, 'B15');"
"INSERT INTO ballinfo VALUES ('2019-04-16', 2019041604, '楽天', '西武', '齊藤 大将', '左', '西武', '嶋 基宏', '右', '楽天', 6, 2, 4, 3, 1, 0, 0, 137, 'ストレート', 49.5, 53.2, '見逃し', 3, 3, 13, 'S5');"
"INSERT INTO ballinfo VALUES ('2019-04-16', 2019041604, '楽天', '西武', '齊藤 大将', '左', '西武', '嶋 基宏', '右', '楽天', 6, 2, 4, 3, 2, 0, 1, 136, 'ストレート', 71.5, 68.4, '見逃し', 4, 4, 19, 'S9');"
"INSERT INTO ballinfo VALUES ('2019-04-16', 2019041604, '楽天', '西武', '齊藤 大将', '左', '西武', '嶋 基宏', '右', '楽天', 6, 2, 4, 3, 3, 0, 2, 126, 'スライダー', 90.5, 65.6, 'ボール', 4, 5, 20, 'B11');"
"INSERT INTO ballinfo VALUES ('2019-04-16', 2019041604, '楽天', '西武', '齊藤 大将', '左', '西武', '嶋 基宏', '右', '楽天', 6, 2, 4, 3, 4, 1, 2, 125, 'スライダー', 74.5, 63.6, '右安', 4, 4, 19, 'S9');"
"INSERT INTO ballinfo VALUES ('2019-04-16', 2019041604, '楽天', '西武', '宋 家豪', '右', '楽天', '金子 侑司', '左', '西武', 7, 1, 1, 0, 1, 0, 0, 129, 'チェンジアップ', 8.0, 16.0, 'ボール', 1, 1, 1, 'B1');"
"INSERT INTO ballinfo VALUES ('2019-04-16', 2019041604, '楽天', '西武', '宋 家豪', '右', '楽天', '金子 侑司', '左', '西武', 7, 1, 1, 0, 2, 1, 0, 140, 'ストレート', 28.0, 9.2, 'ボール', 1, 2, 2, 'B2');"
"INSERT INTO ballinfo VALUES ('2019-04-16', 2019041604, '楽天', '西武', '宋 家豪', '右', '楽天', '金子 侑司', '左', '西武', 7, 1, 1, 0, 3, 2, 0, 145, 'ストレート', 35.0, 13.2, 'ボール', 1, 2, 2, 'B2');"
"INSERT INTO ballinfo VALUES ('2019-04-16', 2019041604, '楽天', '西武', '宋 家豪', '右', '楽天', '金子 侑司', '左', '西武', 7, 1, 1, 0, 4, 3, 0, 144, 'ストレート', 74.0, 32.0, '見逃し', 2, 4, 9, 'S3');"
"INSERT INTO ballinfo VALUES ('2019-04-16', 2019041604, '楽天', '西武', '宋 家豪', '右', '楽天', '金子 侑司', '左', '西武', 7, 1, 1, 0, 5, 3, 1, 146, 'ストレート', 56.0, 25.2, '見逃し', 2, 3, 8, 'S2');"
"INSERT INTO ballinfo VALUES ('2019-04-16', 2019041604, '楽天', '西武', '宋 家豪', '右', '楽天', '金子 侑司', '左', '西武', 7, 1, 1, 0, 6, 3, 2, 149, 'ストレート', 55.5, 85.2, '四球', 5, 3, 23, 'B17');"
"INSERT INTO ballinfo VALUES ('2019-04-16', 2019041604, '楽天', '西武', '宋 家豪', '右', '楽天', '秋山 翔吾', '左', '西武', 7, 1, 2, 1, 1, 0, 0, 144, 'ストレート', 27.5, 36.0, '見逃し', 2, 2, 7, 'S1');"
"INSERT INTO ballinfo VALUES ('2019-04-16', 2019041604, '楽天', '西武', '宋 家豪', '右', '楽天', '秋山 翔吾', '左', '西武', 7, 1, 2, 1, 2, 0, 1, 0, 'ストレート', 7.5, 12.0, 'ボール', 1, 1, 1, 'B1');"
"INSERT INTO ballinfo VALUES ('2019-04-16', 2019041604, '楽天', '西武', '宋 家豪', '右', '楽天', '秋山 翔吾', '左', '西武', 7, 1, 2, 1, 3, 1, 1, 135, 'チェンジアップ', 15.0, 70.8, 'ボール', 4, 1, 16, 'B10');"
"INSERT INTO ballinfo VALUES ('2019-04-16', 2019041604, '楽天', '西武', '宋 家豪', '右', '楽天', '秋山 翔吾', '左', '西武', 7, 1, 2, 1, 4, 2, 1, 134, 'チェンジアップ', 35.0, 86.0, '空振り', 5, 2, 22, 'B16');"
"INSERT INTO ballinfo VALUES ('2019-04-16', 2019041604, '楽天', '西武', '宋 家豪', '右', '楽天', '秋山 翔吾', '左', '西武', 7, 1, 2, 1, 5, 2, 2, 148, 'ストレート', 90.0, 27.2, 'ボール', 2, 5, 10, 'B7');"
"INSERT INTO ballinfo VALUES ('2019-04-16', 2019041604, '楽天', '西武', '宋 家豪', '右', '楽天', '秋山 翔吾', '左', '西武', 7, 1, 2, 1, 6, 3, 2, 145, 'ストレート', 55.5, 55.6, '空三振', 3, 3, 13, 'S5');"
"INSERT INTO ballinfo VALUES ('2019-04-16', 2019041604, '楽天', '西武', '宋 家豪', '右', '楽天', '外崎 修汰', '右', '西武', 7, 1, 3, 2, 1, 0, 0, 133, 'チェンジアップ', 54.5, 65.6, '中飛', 4, 3, 18, 'S8');"
"INSERT INTO ballinfo VALUES ('2019-04-16', 2019041604, '楽天', '西武', '宋 家豪', '右', '楽天', '山川 穂高', '右', '西武', 7, 1, 4, 3, 1, 0, 0, 147, 'シュート', 13.0, 26.4, 'ボール', 2, 1, 6, 'B6');"
"INSERT INTO ballinfo VALUES ('2019-04-16', 2019041604, '楽天', '西武', '宋 家豪', '右', '楽天', '山川 穂高', '右', '西武', 7, 1, 4, 3, 2, 1, 0, 147, 'ストレート', 49.5, 92.8, 'ボール', 5, 3, 23, 'B17');"
"INSERT INTO ballinfo VALUES ('2019-04-16', 2019041604, '楽天', '西武', '宋 家豪', '右', '楽天', '山川 穂高', '右', '西武', 7, 1, 4, 3, 3, 2, 0, 138, 'チェンジアップ', 76.5, 55.6, 'ファウル', 3, 4, 14, 'S6');"
"INSERT INTO ballinfo VALUES ('2019-04-16', 2019041604, '楽天', '西武', '宋 家豪', '右', '楽天', '山川 穂高', '右', '西武', 7, 1, 4, 3, 4, 2, 1, 148, 'ストレート', 48.0, 45.6, '二飛', 3, 3, 13, 'S5');"
"INSERT INTO ballinfo VALUES ('2019-04-16', 2019041604, '楽天', '西武', '平井 克典', '右', '西武', '田中 和基', '左', '楽天', 7, 2, 1, 1, 1, 0, 0, 146, 'ストレート', 32.0, 52.4, '見逃し', 3, 2, 12, 'S4');"
"INSERT INTO ballinfo VALUES ('2019-04-16', 2019041604, '楽天', '西武', '平井 克典', '右', '西武', '田中 和基', '左', '楽天', 7, 2, 1, 1, 2, 0, 1, 127, 'スライダー', 36.5, 25.2, '見逃し', 2, 2, 7, 'S1');"
"INSERT INTO ballinfo VALUES ('2019-04-16', 2019041604, '楽天', '西武', '平井 克典', '右', '西武', '田中 和基', '左', '楽天', 7, 2, 1, 1, 3, 0, 2, 144, 'ストレート', 15.0, 16.0, '空三振', 1, 1, 1, 'B1');"
"INSERT INTO ballinfo VALUES ('2019-04-16', 2019041604, '楽天', '西武', '平井 克典', '右', '西武', '茂木 栄五郎', '左', '楽天', 7, 2, 2, 2, 1, 0, 0, 143, 'ストレート', 36.0, 46.0, '見逃し', 3, 2, 12, 'S4');"
"INSERT INTO ballinfo VALUES ('2019-04-16', 2019041604, '楽天', '西武', '平井 克典', '右', '西武', '茂木 栄五郎', '左', '楽天', 7, 2, 2, 2, 2, 0, 1, 145, 'ストレート', 55.5, 66.0, 'ファウル', 4, 3, 18, 'S8');"
"INSERT INTO ballinfo VALUES ('2019-04-16', 2019041604, '楽天', '西武', '平井 克典', '右', '西武', '茂木 栄五郎', '左', '楽天', 7, 2, 2, 2, 3, 0, 2, 139, 'フォーク', 49.5, 93.2, 'ボール', 5, 3, 23, 'B17');"
"INSERT INTO ballinfo VALUES ('2019-04-16', 2019041604, '楽天', '西武', '平井 克典', '右', '西武', '茂木 栄五郎', '左', '楽天', 7, 2, 2, 2, 4, 1, 2, 131, 'スライダー', 15.0, 31.2, 'ボール', 2, 1, 6, 'B6');"
"INSERT INTO ballinfo VALUES ('2019-04-16', 2019041604, '楽天', '西武', '平井 克典', '右', '西武', '茂木 栄五郎', '左', '楽天', 7, 2, 2, 2, 5, 2, 2, 137, 'フォーク', 16.5, 72.4, 'ボール', 4, 1, 16, 'B10');"
"INSERT INTO ballinfo VALUES ('2019-04-16', 2019041604, '楽天', '西武', '平井 克典', '右', '西武', '茂木 栄五郎', '左', '楽天', 7, 2, 2, 2, 6, 3, 2, 0, 'ストレート', 52.0, 55.6, '二ゴロ', 3, 3, 13, 'S5');"
"INSERT INTO ballinfo VALUES ('2019-04-16', 2019041604, '楽天', '西武', '平井 克典', '右', '西武', '浅村 栄斗', '右', '楽天', 7, 2, 3, 3, 1, 0, 0, 146, 'ストレート', 33.0, 73.2, '見逃し', 4, 2, 17, 'S7');"
"INSERT INTO ballinfo VALUES ('2019-04-16', 2019041604, '楽天', '西武', '平井 克典', '右', '西武', '浅村 栄斗', '右', '楽天', 7, 2, 3, 3, 2, 0, 1, 143, 'ストレート', 56.5, 36.4, 'ファウル', 2, 3, 8, 'S2');"
"INSERT INTO ballinfo VALUES ('2019-04-16', 2019041604, '楽天', '西武', '平井 克典', '右', '西武', '浅村 栄斗', '右', '楽天', 7, 2, 3, 3, 3, 0, 2, 144, 'ストレート', 75.5, 35.2, '見三振', 2, 4, 9, 'S3');"
"INSERT INTO ballinfo VALUES ('2019-04-16', 2019041604, '楽天', '西武', 'ハーマン', '右', '楽天', '森 友哉', '左', '西武', 8, 1, 1, 0, 1, 0, 0, 123, 'カーブ', 56.0, 64.4, 'ファウル', 4, 3, 18, 'S8');"
"INSERT INTO ballinfo VALUES ('2019-04-16', 2019041604, '楽天', '西武', 'ハーマン', '右', '楽天', '森 友哉', '左', '西武', 8, 1, 1, 0, 2, 0, 1, 128, 'カーブ', 87.0, 93.2, 'ボール', 5, 5, 25, 'B19');"
"INSERT INTO ballinfo VALUES ('2019-04-16', 2019041604, '楽天', '西武', 'ハーマン', '右', '楽天', '森 友哉', '左', '西武', 8, 1, 1, 0, 3, 1, 1, 146, 'ストレート', 37.5, 17.2, 'ファウル', 1, 2, 2, 'B2');"
"INSERT INTO ballinfo VALUES ('2019-04-16', 2019041604, '楽天', '西武', 'ハーマン', '右', '楽天', '森 友哉', '左', '西武', 8, 1, 1, 0, 4, 1, 2, 141, 'ストレート', 33.0, 34.4, 'ファウル', 2, 2, 7, 'S1');"
"INSERT INTO ballinfo VALUES ('2019-04-16', 2019041604, '楽天', '西武', 'ハーマン', '右', '楽天', '森 友哉', '左', '西武', 8, 1, 1, 0, 5, 1, 3, 126, 'カーブ', 34.5, 67.6, 'ファウル', 4, 2, 17, 'S7');"
"INSERT INTO ballinfo VALUES ('2019-04-16', 2019041604, '楽天', '西武', 'ハーマン', '右', '楽天', '森 友哉', '左', '西武', 8, 1, 1, 0, 6, 1, 4, 129, 'カーブ', 15.0, 87.6, 'ボール', 5, 1, 21, 'B15');"
"INSERT INTO ballinfo VALUES ('2019-04-16', 2019041604, '楽天', '西武', 'ハーマン', '右', '楽天', '森 友哉', '左', '西武', 8, 1, 1, 0, 7, 2, 4, 148, 'ストレート', 56.0, 86.0, 'ボール', 5, 3, 23, 'B17');"
"INSERT INTO ballinfo VALUES ('2019-04-16', 2019041604, '楽天', '西武', 'ハーマン', '右', '楽天', '森 友哉', '左', '西武', 8, 1, 1, 0, 8, 3, 4, 144, 'ストレート', 57.0, 36.0, 'ファウル', 2, 3, 8, 'S2');"
"INSERT INTO ballinfo VALUES ('2019-04-16', 2019041604, '楽天', '西武', 'ハーマン', '右', '楽天', '森 友哉', '左', '西武', 8, 1, 1, 0, 9, 3, 5, 138, 'チェンジアップ', 34.5, 26.8, 'ファウル', 2, 2, 7, 'S1');"
"INSERT INTO ballinfo VALUES ('2019-04-16', 2019041604, '楽天', '西武', 'ハーマン', '右', '楽天', '森 友哉', '左', '西武', 8, 1, 1, 0, 10, 3, 6, 146, 'ストレート', 76.0, 56.4, 'ファウル', 3, 4, 14, 'S6');"
"INSERT INTO ballinfo VALUES ('2019-04-16', 2019041604, '楽天', '西武', 'ハーマン', '右', '楽天', '森 友哉', '左', '西武', 8, 1, 1, 0, 11, 3, 7, 123, 'カーブ', 76.5, 94.0, '四球', 5, 4, 24, 'B18');"
"INSERT INTO ballinfo VALUES ('2019-04-16', 2019041604, '楽天', '西武', 'ハーマン', '右', '楽天', '栗山 巧', '左', '西武', 8, 1, 2, 1, 1, 0, 0, 128, 'カーブ', 75.0, 91.6, 'ボール', 5, 4, 24, 'B18');"
"INSERT INTO ballinfo VALUES ('2019-04-16', 2019041604, '楽天', '西武', 'ハーマン', '右', '楽天', '栗山 巧', '左', '西武', 8, 1, 2, 1, 2, 1, 0, 147, 'ストレート', 73.0, 15.2, '空振り', 1, 4, 4, 'B4');"
"INSERT INTO ballinfo VALUES ('2019-04-16', 2019041604, '楽天', '西武', 'ハーマン', '右', '楽天', '栗山 巧', '左', '西武', 8, 1, 2, 1, 3, 1, 1, 146, 'ストレート', 36.5, 14.0, '空振り', 1, 2, 2, 'B2');"
"INSERT INTO ballinfo VALUES ('2019-04-16', 2019041604, '楽天', '西武', 'ハーマン', '右', '楽天', '栗山 巧', '左', '西武', 8, 1, 2, 1, 4, 1, 2, 141, 'ストレート', 36.5, 35.2, 'ファウル', 2, 2, 7, 'S1');"
"INSERT INTO ballinfo VALUES ('2019-04-16', 2019041604, '楽天', '西武', 'ハーマン', '右', '楽天', '栗山 巧', '左', '西武', 8, 1, 2, 1, 5, 1, 3, 127, 'カーブ', 46.5, 53.6, '見三振', 3, 3, 13, 'S5');"
"INSERT INTO ballinfo VALUES ('2019-04-16', 2019041604, '楽天', '西武', 'ハーマン', '右', '楽天', '中村 剛也', '右', '西武', 8, 1, 3, 2, 1, 0, 0, 146, 'ストレート', 75.5, 55.6, '遊ゴロ', 3, 4, 14, 'S6');"
"INSERT INTO ballinfo VALUES ('2019-04-16', 2019041604, '楽天', '西武', 'ハーマン', '右', '楽天', 'メヒア', '右', '西武', 8, 1, 4, 3, 1, 0, 0, 125, 'カーブ', 53.5, 57.2, '三ゴロ', 3, 3, 13, 'S5');"
"INSERT INTO ballinfo VALUES ('2019-04-16', 2019041604, '楽天', '西武', '平井 克典', '右', '西武', '島内 宏明', '左', '楽天', 8, 2, 1, 1, 1, 0, 0, 136, 'カットボール', 73.0, 43.6, 'ファウル', 3, 4, 14, 'S6');"
"INSERT INTO ballinfo VALUES ('2019-04-16', 2019041604, '楽天', '西武', '平井 克典', '右', '西武', '島内 宏明', '左', '楽天', 8, 2, 1, 1, 2, 0, 1, 143, 'ストレート', 28.0, 64.4, 'ファウル', 4, 2, 17, 'S7');"
"INSERT INTO ballinfo VALUES ('2019-04-16', 2019041604, '楽天', '西武', '平井 克典', '右', '西武', '島内 宏明', '左', '楽天', 8, 2, 1, 1, 3, 0, 2, 143, 'ストレート', 69.5, 30.4, '一ゴロ', 2, 4, 9, 'S3');"
"INSERT INTO ballinfo VALUES ('2019-04-16', 2019041604, '楽天', '西武', '平井 克典', '右', '西武', 'ウィーラー', '右', '楽天', 8, 2, 2, 2, 1, 0, 0, 128, 'スライダー', 50.0, 44.0, '見逃し', 3, 3, 13, 'S5');"
"INSERT INTO ballinfo VALUES ('2019-04-16', 2019041604, '楽天', '西武', '平井 克典', '右', '西武', 'ウィーラー', '右', '楽天', 8, 2, 2, 2, 2, 0, 1, 132, 'フォーク', 66.0, 92.0, 'ボール', 5, 4, 24, 'B18');"
"INSERT INTO ballinfo VALUES ('2019-04-16', 2019041604, '楽天', '西武', '平井 克典', '右', '西武', 'ウィーラー', '右', '楽天', 8, 2, 2, 2, 3, 1, 1, 136, 'スライダー', 71.5, 56.0, 'ファウル', 3, 4, 14, 'S6');"
"INSERT INTO ballinfo VALUES ('2019-04-16', 2019041604, '楽天', '西武', '平井 克典', '右', '西武', 'ウィーラー', '右', '楽天', 8, 2, 2, 2, 4, 1, 2, 130, 'スライダー', 33.0, 66.8, '遊飛', 4, 2, 17, 'S7');"
"INSERT INTO ballinfo VALUES ('2019-04-16', 2019041604, '楽天', '西武', '平井 克典', '右', '西武', '銀次', '左', '楽天', 8, 2, 3, 3, 1, 0, 0, 146, 'ストレート', 30.5, 54.0, '見逃し', 3, 2, 12, 'S4');"
"INSERT INTO ballinfo VALUES ('2019-04-16', 2019041604, '楽天', '西武', '平井 克典', '右', '西武', '銀次', '左', '楽天', 8, 2, 3, 3, 2, 0, 1, 135, 'カットボール', 67.5, 53.2, 'ファウル', 3, 4, 14, 'S6');"
"INSERT INTO ballinfo VALUES ('2019-04-16', 2019041604, '楽天', '西武', '平井 克典', '右', '西武', '銀次', '左', '楽天', 8, 2, 3, 3, 3, 0, 2, 137, 'ストレート', 16.0, 44.0, 'ファウル', 3, 1, 11, 'B8');"
"INSERT INTO ballinfo VALUES ('2019-04-16', 2019041604, '楽天', '西武', '平井 克典', '右', '西武', '銀次', '左', '楽天', 8, 2, 3, 3, 4, 0, 3, 0, 'フォーク', 33.0, 86.0, 'ファウル', 5, 2, 22, 'B16');"
"INSERT INTO ballinfo VALUES ('2019-04-16', 2019041604, '楽天', '西武', '平井 克典', '右', '西武', '銀次', '左', '楽天', 8, 2, 3, 3, 5, 0, 4, 142, 'ストレート', 35.0, 13.2, 'ボール', 1, 2, 2, 'B2');"
"INSERT INTO ballinfo VALUES ('2019-04-16', 2019041604, '楽天', '西武', '平井 克典', '右', '西武', '銀次', '左', '楽天', 8, 2, 3, 3, 6, 1, 4, 135, 'カットボール', 56.0, 53.6, '遊直', 3, 3, 13, 'S5');"
"INSERT INTO ballinfo VALUES ('2019-04-16', 2019041604, '楽天', '西武', '松井 裕樹', '左', '楽天', '永江 恭平', '左', '西武', 9, 1, 1, 1, 1, 0, 0, 135, 'ストレート', 35.5, 85.2, 'ボール', 5, 2, 22, 'B16');"
"INSERT INTO ballinfo VALUES ('2019-04-16', 2019041604, '楽天', '西武', '松井 裕樹', '左', '楽天', '永江 恭平', '左', '西武', 9, 1, 1, 1, 2, 1, 0, 147, 'ストレート', 67.5, 11.6, '空振り', 1, 4, 4, 'B4');"
"INSERT INTO ballinfo VALUES ('2019-04-16', 2019041604, '楽天', '西武', '松井 裕樹', '左', '楽天', '永江 恭平', '左', '西武', 9, 1, 1, 1, 3, 1, 1, 132, 'スライダー', 16.0, 71.6, 'ボール', 4, 1, 16, 'B10');"
"INSERT INTO ballinfo VALUES ('2019-04-16', 2019041604, '楽天', '西武', '松井 裕樹', '左', '楽天', '永江 恭平', '左', '西武', 9, 1, 1, 1, 4, 2, 1, 147, 'ストレート', 27.5, 51.2, '見逃し', 3, 2, 12, 'S4');"
"INSERT INTO ballinfo VALUES ('2019-04-16', 2019041604, '楽天', '西武', '松井 裕樹', '左', '楽天', '永江 恭平', '左', '西武', 9, 1, 1, 1, 5, 2, 2, 148, 'ストレート', 88.0, 67.6, 'ボール', 4, 5, 20, 'B11');"
"INSERT INTO ballinfo VALUES ('2019-04-16', 2019041604, '楽天', '西武', '松井 裕樹', '左', '楽天', '永江 恭平', '左', '西武', 9, 1, 1, 1, 6, 3, 2, 138, 'スライダー', 27.5, 37.2, '見三振', 2, 2, 7, 'S1');"
"INSERT INTO ballinfo VALUES ('2019-04-16', 2019041604, '楽天', '西武', '松井 裕樹', '左', '楽天', '金子 侑司', '右', '西武', 9, 1, 2, 2, 1, 0, 0, 149, 'ストレート', 71.0, 28.4, '空振り', 2, 4, 9, 'S3');"
"INSERT INTO ballinfo VALUES ('2019-04-16', 2019041604, '楽天', '西武', '松井 裕樹', '左', '楽天', '金子 侑司', '右', '西武', 9, 1, 2, 2, 2, 0, 1, 150, 'ストレート', 89.5, 6.8, 'ボール', 1, 5, 5, 'B5');"
"INSERT INTO ballinfo VALUES ('2019-04-16', 2019041604, '楽天', '西武', '松井 裕樹', '左', '楽天', '金子 侑司', '右', '西武', 9, 1, 2, 2, 3, 1, 1, 146, 'ストレート', 69.0, 49.2, '空振り', 3, 4, 14, 'S6');"
"INSERT INTO ballinfo VALUES ('2019-04-16', 2019041604, '楽天', '西武', '松井 裕樹', '左', '楽天', '金子 侑司', '右', '西武', 9, 1, 2, 2, 4, 1, 2, 148, 'ストレート', 91.5, 31.2, 'ボール', 2, 5, 10, 'B7');"
"INSERT INTO ballinfo VALUES ('2019-04-16', 2019041604, '楽天', '西武', '松井 裕樹', '左', '楽天', '金子 侑司', '右', '西武', 9, 1, 2, 2, 5, 2, 2, 129, 'スライダー', 76.0, 55.2, 'ファウル', 3, 4, 14, 'S6');"
"INSERT INTO ballinfo VALUES ('2019-04-16', 2019041604, '楽天', '西武', '松井 裕樹', '左', '楽天', '金子 侑司', '右', '西武', 9, 1, 2, 2, 6, 2, 3, 143, 'ストレート', 49.5, 86.0, 'ボール', 5, 3, 23, 'B17');"
"INSERT INTO ballinfo VALUES ('2019-04-16', 2019041604, '楽天', '西武', '松井 裕樹', '左', '楽天', '金子 侑司', '右', '西武', 9, 1, 2, 2, 7, 3, 3, 148, 'ストレート', 66.5, 23.6, 'ファウル', 2, 4, 9, 'S3');"
"INSERT INTO ballinfo VALUES ('2019-04-16', 2019041604, '楽天', '西武', '松井 裕樹', '左', '楽天', '金子 侑司', '右', '西武', 9, 1, 2, 2, 8, 3, 4, 148, 'ストレート', 37.0, 26.0, 'ファウル', 2, 2, 7, 'S1');"
"INSERT INTO ballinfo VALUES ('2019-04-16', 2019041604, '楽天', '西武', '松井 裕樹', '左', '楽天', '金子 侑司', '右', '西武', 9, 1, 2, 2, 9, 3, 5, 131, 'チェンジアップ', 28.5, 56.0, '見三振', 3, 2, 12, 'S4');"
"INSERT INTO ballinfo VALUES ('2019-04-16', 2019041604, '楽天', '西武', '松井 裕樹', '左', '楽天', '秋山 翔吾', '左', '西武', 9, 1, 3, 2, 1, 0, 0, 146, 'ストレート', 35.5, 15.2, 'ボール', 1, 2, 2, 'B2');"
"INSERT INTO ballinfo VALUES ('2019-04-16', 2019041604, '楽天', '西武', '松井 裕樹', '左', '楽天', '秋山 翔吾', '左', '西武', 9, 1, 3, 2, 2, 1, 0, 142, 'ストレート', 69.5, 85.6, 'ボール', 5, 4, 24, 'B18');"
"INSERT INTO ballinfo VALUES ('2019-04-16', 2019041604, '楽天', '西武', '松井 裕樹', '左', '楽天', '秋山 翔吾', '左', '西武', 9, 1, 3, 2, 3, 2, 0, 146, 'ストレート', 27.0, 14.0, 'ボール', 1, 2, 2, 'B2');"
"INSERT INTO ballinfo VALUES ('2019-04-16', 2019041604, '楽天', '西武', '松井 裕樹', '左', '楽天', '秋山 翔吾', '左', '西武', 9, 1, 3, 2, 4, 3, 0, 147, 'ストレート', 27.0, 57.2, '見逃し', 3, 2, 12, 'S4');"
"INSERT INTO ballinfo VALUES ('2019-04-16', 2019041604, '楽天', '西武', '松井 裕樹', '左', '楽天', '秋山 翔吾', '左', '西武', 9, 1, 3, 2, 5, 3, 1, 132, 'スライダー', 14.5, 85.2, '空振り', 5, 1, 21, 'B15');"
"INSERT INTO ballinfo VALUES ('2019-04-16', 2019041604, '楽天', '西武', '松井 裕樹', '左', '楽天', '秋山 翔吾', '左', '西武', 9, 1, 3, 2, 6, 3, 2, 134, 'カーブ', 14.0, 90.8, 'ファウル', 5, 1, 21, 'B15');"
"INSERT INTO ballinfo VALUES ('2019-04-16', 2019041604, '楽天', '西武', '松井 裕樹', '左', '楽天', '秋山 翔吾', '左', '西武', 9, 1, 3, 2, 7, 3, 3, 146, 'ストレート', 14.5, 11.6, '四球', 1, 1, 1, 'B1');"
"INSERT INTO ballinfo VALUES ('2019-04-16', 2019041604, '楽天', '西武', '松井 裕樹', '左', '楽天', '外崎 修汰', '右', '西武', 9, 1, 4, 2, 1, 0, 0, 131, 'チェンジアップ', 74.5, 86.4, 'ボール', 5, 4, 24, 'B18');"
"INSERT INTO ballinfo VALUES ('2019-04-16', 2019041604, '楽天', '西武', '松井 裕樹', '左', '楽天', '外崎 修汰', '右', '西武', 9, 1, 4, 2, 2, 1, 0, 132, 'チェンジアップ', 75.5, 64.8, '見逃し', 4, 4, 19, 'S9');"
"INSERT INTO ballinfo VALUES ('2019-04-16', 2019041604, '楽天', '西武', '松井 裕樹', '左', '楽天', '外崎 修汰', '右', '西武', 9, 1, 4, 2, 3, 1, 1, 141, 'ストレート', 89.0, 75.2, 'ボール', 4, 5, 20, 'B11');"
"INSERT INTO ballinfo VALUES ('2019-04-16', 2019041604, '楽天', '西武', '松井 裕樹', '左', '楽天', '外崎 修汰', '右', '西武', 9, 1, 4, 2, 4, 2, 1, 132, 'チェンジアップ', 87.5, 53.2, 'ボール', 3, 5, 15, 'B9');"
"INSERT INTO ballinfo VALUES ('2019-04-16', 2019041604, '楽天', '西武', '松井 裕樹', '左', '楽天', '外崎 修汰', '右', '西武', 9, 1, 4, 2, 5, 3, 1, 132, 'スライダー', 26.0, 93.2, '四球', 5, 2, 22, 'B16');"
"INSERT INTO ballinfo VALUES ('2019-04-16', 2019041604, '楽天', '西武', '松井 裕樹', '左', '楽天', '山川 穂高', '右', '西武', 9, 1, 5, 3, 1, 0, 0, 145, 'ストレート', 69.0, 30.0, '空振り', 2, 4, 9, 'S3');"
"INSERT INTO ballinfo VALUES ('2019-04-16', 2019041604, '楽天', '西武', '松井 裕樹', '左', '楽天', '山川 穂高', '右', '西武', 9, 1, 5, 3, 2, 0, 1, 132, 'チェンジアップ', 90.5, 92.8, 'ボール', 5, 5, 25, 'B19');"
"INSERT INTO ballinfo VALUES ('2019-04-16', 2019041604, '楽天', '西武', '松井 裕樹', '左', '楽天', '山川 穂高', '右', '西武', 9, 1, 5, 3, 3, 1, 1, 131, 'チェンジアップ', 76.5, 74.4, '中飛', 4, 4, 19, 'S9');"
"INSERT INTO ballinfo VALUES ('2019-04-16', 2019041604, '楽天', '西武', '増田 達至', '右', '西武', 'ブラッシュ', '右', '楽天', 9, 2, 1, 1, 1, 0, 0, 147, 'ストレート', 49.5, 26.4, '見逃し', 2, 3, 8, 'S2');"
"INSERT INTO ballinfo VALUES ('2019-04-16', 2019041604, '楽天', '西武', '増田 達至', '右', '西武', 'ブラッシュ', '右', '楽天', 9, 2, 1, 1, 2, 0, 1, 138, 'スライダー', 77.0, 66.0, '遊ゴロ', 4, 4, 19, 'S9');"
"INSERT INTO ballinfo VALUES ('2019-04-16', 2019041604, '楽天', '西武', '増田 達至', '右', '西武', '藤田 一也', '左', '楽天', 9, 2, 2, 2, 1, 0, 0, 124, 'カーブ', 75.5, 45.2, '見逃し', 3, 4, 14, 'S6');"
"INSERT INTO ballinfo VALUES ('2019-04-16', 2019041604, '楽天', '西武', '増田 達至', '右', '西武', '藤田 一也', '左', '楽天', 9, 2, 2, 2, 2, 0, 1, 150, 'ストレート', 15.5, 33.6, 'ボール', 2, 1, 6, 'B6');"
"INSERT INTO ballinfo VALUES ('2019-04-16', 2019041604, '楽天', '西武', '増田 達至', '右', '西武', '藤田 一也', '左', '楽天', 9, 2, 2, 2, 3, 1, 1, 149, 'ストレート', 14.5, 45.2, 'ボール', 3, 1, 11, 'B8');"
"INSERT INTO ballinfo VALUES ('2019-04-16', 2019041604, '楽天', '西武', '増田 達至', '右', '西武', '藤田 一也', '左', '楽天', 9, 2, 2, 2, 4, 2, 1, 148, 'ストレート', 56.0, 56.0, '見逃し', 3, 3, 13, 'S5');"
"INSERT INTO ballinfo VALUES ('2019-04-16', 2019041604, '楽天', '西武', '増田 達至', '右', '西武', '藤田 一也', '左', '楽天', 9, 2, 2, 2, 5, 2, 2, 149, 'ストレート', 47.0, 25.2, 'ファウル', 2, 3, 8, 'S2');"
"INSERT INTO ballinfo VALUES ('2019-04-16', 2019041604, '楽天', '西武', '増田 達至', '右', '西武', '藤田 一也', '左', '楽天', 9, 2, 2, 2, 6, 2, 3, 148, 'ストレート', 69.0, 35.6, 'ファウル', 2, 4, 9, 'S3');"
"INSERT INTO ballinfo VALUES ('2019-04-16', 2019041604, '楽天', '西武', '増田 達至', '右', '西武', '藤田 一也', '左', '楽天', 9, 2, 2, 2, 7, 2, 4, 149, 'ストレート', 76.5, 36.8, 'ファウル', 2, 4, 9, 'S3');"
"INSERT INTO ballinfo VALUES ('2019-04-16', 2019041604, '楽天', '西武', '増田 達至', '右', '西武', '藤田 一也', '左', '楽天', 9, 2, 2, 2, 8, 2, 5, 0, 'ストレート', 29.5, 69.2, '三直', 4, 2, 17, 'S7');"
"INSERT INTO ballinfo VALUES ('2019-04-16', 2019041604, '楽天', '西武', '増田 達至', '右', '西武', '嶋 基宏', '右', '楽天', 9, 2, 3, 2, 1, 0, 0, 126, 'カーブ', 74.0, 35.2, '見逃し', 2, 4, 9, 'S3');"
"INSERT INTO ballinfo VALUES ('2019-04-16', 2019041604, '楽天', '西武', '増田 達至', '右', '西武', '嶋 基宏', '右', '楽天', 9, 2, 3, 2, 2, 0, 1, 149, 'ストレート', 30.0, 55.6, '見逃し', 3, 2, 12, 'S4');"
"INSERT INTO ballinfo VALUES ('2019-04-16', 2019041604, '楽天', '西武', '増田 達至', '右', '西武', '嶋 基宏', '右', '楽天', 9, 2, 3, 2, 3, 0, 2, 136, 'スライダー', 91.5, 70.4, 'ボール', 4, 5, 20, 'B11');"
"INSERT INTO ballinfo VALUES ('2019-04-16', 2019041604, '楽天', '西武', '増田 達至', '右', '西武', '嶋 基宏', '右', '楽天', 9, 2, 3, 2, 4, 1, 2, 148, 'ストレート', 67.5, 44.0, 'ファウル', 3, 4, 14, 'S6');"
"INSERT INTO ballinfo VALUES ('2019-04-16', 2019041604, '楽天', '西武', '増田 達至', '右', '西武', '嶋 基宏', '右', '楽天', 9, 2, 3, 2, 5, 1, 3, 124, 'カーブ', 74.0, 85.2, 'ファウル', 5, 4, 24, 'B18');"
"INSERT INTO ballinfo VALUES ('2019-04-16', 2019041604, '楽天', '西武', '増田 達至', '右', '西武', '嶋 基宏', '右', '楽天', 9, 2, 3, 2, 6, 1, 4, 148, 'ストレート', 36.0, 49.2, 'ファウル', 3, 2, 12, 'S4');"
"INSERT INTO ballinfo VALUES ('2019-04-16', 2019041604, '楽天', '西武', '増田 達至', '右', '西武', '嶋 基宏', '右', '楽天', 9, 2, 3, 2, 7, 1, 5, 149, 'ストレート', 14.0, 12.0, 'ボール', 1, 1, 1, 'B1');"
"INSERT INTO ballinfo VALUES ('2019-04-16', 2019041604, '楽天', '西武', '増田 達至', '右', '西武', '嶋 基宏', '右', '楽天', 9, 2, 3, 2, 8, 2, 5, 147, 'ストレート', 55.0, 69.2, 'ファウル', 4, 3, 18, 'S8');"
"INSERT INTO ballinfo VALUES ('2019-04-16', 2019041604, '楽天', '西武', '増田 達至', '右', '西武', '嶋 基宏', '右', '楽天', 9, 2, 3, 2, 9, 2, 6, 147, 'ストレート', 92.0, 15.2, 'ボール', 1, 5, 5, 'B5');"
"INSERT INTO ballinfo VALUES ('2019-04-16', 2019041604, '楽天', '西武', '増田 達至', '右', '西武', '嶋 基宏', '右', '楽天', 9, 2, 3, 2, 10, 3, 6, 146, 'ストレート', 88.0, 34.8, 'ファウル', 2, 5, 10, 'B7');"
"INSERT INTO ballinfo VALUES ('2019-04-16', 2019041604, '楽天', '西武', '増田 達至', '右', '西武', '嶋 基宏', '右', '楽天', 9, 2, 3, 2, 11, 3, 7, 0, 'ストレート', 9.5, 16.4, '四球', 1, 1, 1, 'B1');"
"INSERT INTO ballinfo VALUES ('2019-04-16', 2019041604, '楽天', '西武', '増田 達至', '右', '西武', '田中 和基', '左', '楽天', 9, 2, 4, 3, 1, 0, 0, 148, 'ストレート', 11.0, 33.2, 'ボール', 2, 1, 6, 'B6');"
"INSERT INTO ballinfo VALUES ('2019-04-16', 2019041604, '楽天', '西武', '増田 達至', '右', '西武', '田中 和基', '左', '楽天', 9, 2, 4, 3, 2, 1, 0, 145, 'ストレート', 57.0, 56.8, '空振り', 3, 3, 13, 'S5');"
"INSERT INTO ballinfo VALUES ('2019-04-16', 2019041604, '楽天', '西武', '増田 達至', '右', '西武', '田中 和基', '左', '楽天', 9, 2, 4, 3, 3, 1, 1, 145, 'ストレート', 50.0, 16.0, '空振り', 1, 3, 3, 'B3');"
"INSERT INTO ballinfo VALUES ('2019-04-16', 2019041604, '楽天', '西武', '増田 達至', '右', '西武', '田中 和基', '左', '楽天', 9, 2, 4, 3, 4, 1, 2, 144, 'ストレート', 73.5, 35.6, 'ファウル', 2, 4, 9, 'S3');"
"INSERT INTO ballinfo VALUES ('2019-04-16', 2019041604, '楽天', '西武', '増田 達至', '右', '西武', '田中 和基', '左', '楽天', 9, 2, 4, 3, 5, 1, 3, 133, 'スライダー', 93.0, 85.2, 'ボール', 5, 5, 25, 'B19');"
"INSERT INTO ballinfo VALUES ('2019-04-16', 2019041604, '楽天', '西武', '増田 達至', '右', '西武', '田中 和基', '左', '楽天', 9, 2, 4, 3, 6, 2, 3, 136, 'スライダー', 48.5, 53.2, '空三振', 3, 3, 13, 'S5');"
"INSERT INTO ballinfo VALUES ('2019-04-16', 2019041604, '楽天', '西武', '高梨 雄平', '左', '楽天', '森 友哉', '左', '西武', 10, 1, 1, 1, 1, 0, 0, 139, 'ストレート', 46.0, 33.2, 'ファウル', 2, 3, 8, 'S2');"
"INSERT INTO ballinfo VALUES ('2019-04-16', 2019041604, '楽天', '西武', '高梨 雄平', '左', '楽天', '森 友哉', '左', '西武', 10, 1, 1, 1, 2, 0, 1, 123, 'スライダー', 10.5, 85.6, 'ボール', 5, 1, 21, 'B15');"
"INSERT INTO ballinfo VALUES ('2019-04-16', 2019041604, '楽天', '西武', '高梨 雄平', '左', '楽天', '森 友哉', '左', '西武', 10, 1, 1, 1, 3, 1, 1, 136, 'ストレート', 29.0, 43.6, '見逃し', 3, 2, 12, 'S4');"
"INSERT INTO ballinfo VALUES ('2019-04-16', 2019041604, '楽天', '西武', '高梨 雄平', '左', '楽天', '森 友哉', '左', '西武', 10, 1, 1, 1, 4, 1, 2, 135, 'ストレート', 27.5, 11.6, 'ボール', 1, 2, 2, 'B2');"
"INSERT INTO ballinfo VALUES ('2019-04-16', 2019041604, '楽天', '西武', '高梨 雄平', '左', '楽天', '森 友哉', '左', '西武', 10, 1, 1, 1, 5, 2, 2, 125, 'スライダー', 16.5, 90.0, '空三振', 5, 1, 21, 'B15');"
"INSERT INTO ballinfo VALUES ('2019-04-16', 2019041604, '楽天', '西武', '高梨 雄平', '左', '楽天', '栗山 巧', '左', '西武', 10, 1, 2, 2, 1, 0, 0, 138, 'ストレート', 28.5, 34.0, '見逃し', 2, 2, 7, 'S1');"
"INSERT INTO ballinfo VALUES ('2019-04-16', 2019041604, '楽天', '西武', '高梨 雄平', '左', '楽天', '栗山 巧', '左', '西武', 10, 1, 2, 2, 2, 0, 1, 136, 'ストレート', 12.5, 44.8, 'ボール', 3, 1, 11, 'B8');"
"INSERT INTO ballinfo VALUES ('2019-04-16', 2019041604, '楽天', '西武', '高梨 雄平', '左', '楽天', '栗山 巧', '左', '西武', 10, 1, 2, 2, 3, 1, 1, 138, 'ストレート', 51.0, 71.2, '投ゴロ', 4, 3, 18, 'S8');"
"INSERT INTO ballinfo VALUES ('2019-04-16', 2019041604, '楽天', '西武', '高梨 雄平', '左', '楽天', '中村 剛也', '右', '西武', 10, 1, 3, 2, 1, 0, 0, 126, 'スライダー', 29.5, 66.0, '見逃し', 4, 2, 17, 'S7');"
"INSERT INTO ballinfo VALUES ('2019-04-16', 2019041604, '楽天', '西武', '高梨 雄平', '左', '楽天', '中村 剛也', '右', '西武', 10, 1, 3, 2, 2, 0, 1, 137, 'ストレート', 15.0, 66.4, 'ボール', 4, 1, 16, 'B10');"
"INSERT INTO ballinfo VALUES ('2019-04-16', 2019041604, '楽天', '西武', '高梨 雄平', '左', '楽天', '中村 剛也', '右', '西武', 10, 1, 3, 2, 3, 1, 1, 134, 'ストレート', 46.5, 87.2, 'ボール', 5, 3, 23, 'B17');"
"INSERT INTO ballinfo VALUES ('2019-04-16', 2019041604, '楽天', '西武', '高梨 雄平', '左', '楽天', '中村 剛也', '右', '西武', 10, 1, 3, 2, 4, 2, 1, 140, 'シュート', 90.0, 71.6, 'ボール', 4, 5, 20, 'B11');"
"INSERT INTO ballinfo VALUES ('2019-04-16', 2019041604, '楽天', '西武', '高梨 雄平', '左', '楽天', '中村 剛也', '右', '西武', 10, 1, 3, 2, 5, 3, 1, 130, 'スライダー', 89.5, 87.6, '四球', 5, 5, 25, 'B19');"
"INSERT INTO ballinfo VALUES ('2019-04-16', 2019041604, '楽天', '西武', '高梨 雄平', '左', '楽天', '愛斗', '右', '西武', 10, 1, 4, 3, 1, 0, 0, 123, 'スライダー', 13.0, 67.2, 'ボール', 4, 1, 16, 'B10');"
"INSERT INTO ballinfo VALUES ('2019-04-16', 2019041604, '楽天', '西武', '高梨 雄平', '左', '楽天', '愛斗', '右', '西武', 10, 1, 4, 3, 2, 1, 0, 136, 'スライダー', 95.0, 66.4, 'ボール', 4, 5, 20, 'B11');"
"INSERT INTO ballinfo VALUES ('2019-04-16', 2019041604, '楽天', '西武', '高梨 雄平', '左', '楽天', '愛斗', '右', '西武', 10, 1, 4, 3, 3, 2, 0, 122, 'スライダー', 56.5, 64.4, '見逃し', 4, 3, 18, 'S8');"
"INSERT INTO ballinfo VALUES ('2019-04-16', 2019041604, '楽天', '西武', '高梨 雄平', '左', '楽天', '愛斗', '右', '西武', 10, 1, 4, 3, 4, 2, 1, 138, 'シュート', 87.0, 65.6, 'ファウル', 4, 5, 20, 'B11');"
"INSERT INTO ballinfo VALUES ('2019-04-16', 2019041604, '楽天', '西武', '高梨 雄平', '左', '楽天', '愛斗', '右', '西武', 10, 1, 4, 3, 5, 2, 2, 137, 'シュート', 71.5, 85.2, 'ファウル', 5, 4, 24, 'B18');"
"INSERT INTO ballinfo VALUES ('2019-04-16', 2019041604, '楽天', '西武', '高梨 雄平', '左', '楽天', '愛斗', '右', '西武', 10, 1, 4, 3, 6, 2, 3, 131, 'スライダー', 89.0, 53.6, 'ファウル', 3, 5, 15, 'B9');"
"INSERT INTO ballinfo VALUES ('2019-04-16', 2019041604, '楽天', '西武', '高梨 雄平', '左', '楽天', '愛斗', '右', '西武', 10, 1, 4, 3, 7, 2, 4, 122, 'スライダー', 28.0, 54.4, '空三振', 3, 2, 12, 'S4');"
"INSERT INTO ballinfo VALUES ('2019-04-16', 2019041604, '楽天', '西武', 'マーティン', '右', '西武', '茂木 栄五郎', '左', '楽天', 10, 2, 1, 0, 1, 0, 0, 152, 'ストレート', 35.5, 34.8, '見逃し', 2, 2, 7, 'S1');"
"INSERT INTO ballinfo VALUES ('2019-04-16', 2019041604, '楽天', '西武', 'マーティン', '右', '西武', '茂木 栄五郎', '左', '楽天', 10, 2, 1, 0, 2, 0, 1, 135, 'チェンジアップ', 35.0, 92.0, 'ボール', 5, 2, 22, 'B16');"
"INSERT INTO ballinfo VALUES ('2019-04-16', 2019041604, '楽天', '西武', 'マーティン', '右', '西武', '茂木 栄五郎', '左', '楽天', 10, 2, 1, 0, 3, 1, 1, 136, 'チェンジアップ', 53.5, 56.4, '右安', 3, 3, 13, 'S5');"
"INSERT INTO ballinfo VALUES ('2019-04-16', 2019041604, '楽天', '西武', 'マーティン', '右', '西武', '浅村 栄斗', '右', '楽天', 10, 2, 2, 0, 1, 0, 0, 149, 'ストレート', 8.0, 45.2, 'ボール', 3, 1, 11, 'B8');"
"INSERT INTO ballinfo VALUES ('2019-04-16', 2019041604, '楽天', '西武', 'マーティン', '右', '西武', '浅村 栄斗', '右', '楽天', 10, 2, 2, 0, 2, 1, 0, 134, 'チェンジアップ', 28.0, 14.0, 'ボール', 1, 2, 2, 'B2');"
"INSERT INTO ballinfo VALUES ('2019-04-16', 2019041604, '楽天', '西武', 'マーティン', '右', '西武', '浅村 栄斗', '右', '楽天', 10, 2, 2, 0, 3, 2, 0, 144, 'ストレート', 30.0, 46.4, '空振り', 3, 2, 12, 'S4');"
"INSERT INTO ballinfo VALUES ('2019-04-16', 2019041604, '楽天', '西武', 'マーティン', '右', '西武', '浅村 栄斗', '右', '楽天', 10, 2, 2, 0, 4, 2, 1, 150, 'ストレート', 49.5, 53.2, 'ファウル', 3, 3, 13, 'S5');"
"INSERT INTO ballinfo VALUES ('2019-04-16', 2019041604, '楽天', '西武', 'マーティン', '右', '西武', '浅村 栄斗', '右', '楽天', 10, 2, 2, 0, 5, 2, 2, 152, 'ストレート', 35.5, 11.2, 'ボール', 1, 2, 2, 'B2');"
"INSERT INTO ballinfo VALUES ('2019-04-16', 2019041604, '楽天', '西武', 'マーティン', '右', '西武', '浅村 栄斗', '右', '楽天', 10, 2, 2, 0, 6, 3, 2, 152, 'ストレート', 14.5, 5.2, '四球', 1, 1, 1, 'B1');"
"INSERT INTO ballinfo VALUES ('2019-04-16', 2019041604, '楽天', '西武', 'マーティン', '右', '西武', '島内 宏明', '左', '楽天', 10, 2, 3, 0, 1, 0, 0, 148, 'ストレート', 32.5, 11.2, 'ボール', 1, 2, 2, 'B2');"
"INSERT INTO ballinfo VALUES ('2019-04-16', 2019041604, '楽天', '西武', 'マーティン', '右', '西武', '島内 宏明', '左', '楽天', 10, 2, 3, 0, 2, 1, 0, 145, 'ストレート', 100.0, 12.4, '死球', 1, 5, 5, 'B5');"
"INSERT INTO ballinfo VALUES ('2019-04-16', 2019041604, '楽天', '西武', '小川 龍也', '左', '西武', 'ウィーラー', '右', '楽天', 10, 2, 4, 1, 1, 0, 0, 123, 'スライダー', 89.5, 50.0, 'ファウル', 3, 5, 15, 'B9');"
"INSERT INTO ballinfo VALUES ('2019-04-16', 2019041604, '楽天', '西武', '小川 龍也', '左', '西武', 'ウィーラー', '右', '楽天', 10, 2, 4, 1, 2, 0, 1, 129, 'スライダー', 89.5, 15.2, 'ファウル', 1, 5, 5, 'B5');"
"INSERT INTO ballinfo VALUES ('2019-04-16', 2019041604, '楽天', '西武', '小川 龍也', '左', '西武', 'ウィーラー', '右', '楽天', 10, 2, 4, 1, 3, 0, 2, 125, 'スライダー', 73.0, 72.4, '犠飛', 4, 4, 19, 'S9');"
