"INSERT INTO ballinfo VALUES ('2019-04-13', 2019041305, '楽天', 'ソフトバンク', '美馬 学', '右', '楽天', '牧原 大成', '左', 'ソフトバンク', 1, 1, 1, 0, 1, 0, 0, 142, 'シュート', 31.5, 53.2, '中安', 3, 2, 12, 'S4');"
"INSERT INTO ballinfo VALUES ('2019-04-13', 2019041305, '楽天', 'ソフトバンク', '美馬 学', '右', '楽天', '今宮 健太', '右', 'ソフトバンク', 1, 1, 2, 1, 1, 0, 0, 143, 'ストレート', 75.0, 55.6, '見逃し', 3, 4, 14, 'S6');"
"INSERT INTO ballinfo VALUES ('2019-04-13', 2019041305, '楽天', 'ソフトバンク', '美馬 学', '右', '楽天', '今宮 健太', '右', 'ソフトバンク', 1, 1, 2, 1, 2, 0, 1, 136, 'スライダー', 54.5, 84.4, 'ファウル', 5, 3, 23, 'B17');"
"INSERT INTO ballinfo VALUES ('2019-04-13', 2019041305, '楽天', 'ソフトバンク', '美馬 学', '右', '楽天', '今宮 健太', '右', 'ソフトバンク', 1, 1, 2, 1, 3, 0, 2, 141, 'ストレート', 51.0, 74.8, '中飛', 4, 3, 18, 'S8');"
"INSERT INTO ballinfo VALUES ('2019-04-13', 2019041305, '楽天', 'ソフトバンク', '美馬 学', '右', '楽天', '内川 聖一', '右', 'ソフトバンク', 1, 1, 3, 2, 1, 0, 0, 138, 'シュート', 37.0, 84.8, 'ボール', 5, 2, 22, 'B16');"
"INSERT INTO ballinfo VALUES ('2019-04-13', 2019041305, '楽天', 'ソフトバンク', '美馬 学', '右', '楽天', '内川 聖一', '右', 'ソフトバンク', 1, 1, 3, 2, 2, 1, 0, 142, 'ストレート', 35.5, 56.0, 'ファウル', 3, 2, 12, 'S4');"
"INSERT INTO ballinfo VALUES ('2019-04-13', 2019041305, '楽天', 'ソフトバンク', '美馬 学', '右', '楽天', '内川 聖一', '右', 'ソフトバンク', 1, 1, 3, 2, 3, 1, 1, 125, 'カーブ', 46.5, 76.8, '見逃し', 4, 3, 18, 'S8');"
"INSERT INTO ballinfo VALUES ('2019-04-13', 2019041305, '楽天', 'ソフトバンク', '美馬 学', '右', '楽天', '内川 聖一', '右', 'ソフトバンク', 1, 1, 3, 2, 4, 1, 2, 131, 'フォーク', 86.5, 86.0, 'ボール', 5, 5, 25, 'B19');"
"INSERT INTO ballinfo VALUES ('2019-04-13', 2019041305, '楽天', 'ソフトバンク', '美馬 学', '右', '楽天', '内川 聖一', '右', 'ソフトバンク', 1, 1, 3, 2, 5, 2, 2, 129, 'スライダー', 54.0, 56.0, '三ゴロ', 3, 3, 13, 'S5');"
"INSERT INTO ballinfo VALUES ('2019-04-13', 2019041305, '楽天', 'ソフトバンク', '美馬 学', '右', '楽天', 'デスパイネ', '右', 'ソフトバンク', 1, 1, 4, 3, 1, 0, 0, 143, 'ストレート', 86.5, 85.2, 'ボール', 5, 5, 25, 'B19');"
"INSERT INTO ballinfo VALUES ('2019-04-13', 2019041305, '楽天', 'ソフトバンク', '美馬 学', '右', '楽天', 'デスパイネ', '右', 'ソフトバンク', 1, 1, 4, 3, 2, 1, 0, 140, 'ストレート', 16.5, 55.2, 'ボール', 3, 1, 11, 'B8');"
"INSERT INTO ballinfo VALUES ('2019-04-13', 2019041305, '楽天', 'ソフトバンク', '美馬 学', '右', '楽天', 'デスパイネ', '右', 'ソフトバンク', 1, 1, 4, 3, 3, 2, 0, 126, 'スライダー', 55.0, 56.0, '見逃し', 3, 3, 13, 'S5');"
"INSERT INTO ballinfo VALUES ('2019-04-13', 2019041305, '楽天', 'ソフトバンク', '美馬 学', '右', '楽天', 'デスパイネ', '右', 'ソフトバンク', 1, 1, 4, 3, 4, 2, 1, 138, 'フォーク', 67.0, 83.6, 'ボール', 5, 4, 24, 'B18');"
"INSERT INTO ballinfo VALUES ('2019-04-13', 2019041305, '楽天', 'ソフトバンク', '美馬 学', '右', '楽天', 'デスパイネ', '右', 'ソフトバンク', 1, 1, 4, 3, 5, 3, 1, 127, 'スライダー', 36.5, 56.0, '見逃し', 3, 2, 12, 'S4');"
"INSERT INTO ballinfo VALUES ('2019-04-13', 2019041305, '楽天', 'ソフトバンク', '美馬 学', '右', '楽天', 'デスパイネ', '右', 'ソフトバンク', 1, 1, 4, 3, 6, 3, 2, 131, 'スライダー', 87.0, 56.8, '空三振', 3, 5, 15, 'B9');"
"INSERT INTO ballinfo VALUES ('2019-04-13', 2019041305, '楽天', 'ソフトバンク', 'ミランダ', '左', 'ソフトバンク', '田中 和基', '右', '楽天', 1, 2, 1, 1, 1, 0, 0, 141, 'ストレート', 56.5, 36.0, '中飛', 2, 3, 8, 'S2');"
"INSERT INTO ballinfo VALUES ('2019-04-13', 2019041305, '楽天', 'ソフトバンク', 'ミランダ', '左', 'ソフトバンク', '茂木 栄五郎', '左', '楽天', 1, 2, 2, 1, 1, 0, 0, 141, 'ストレート', 73.0, 84.8, 'ボール', 5, 4, 24, 'B18');"
"INSERT INTO ballinfo VALUES ('2019-04-13', 2019041305, '楽天', 'ソフトバンク', 'ミランダ', '左', 'ソフトバンク', '茂木 栄五郎', '左', '楽天', 1, 2, 2, 1, 2, 1, 0, 141, 'ストレート', 36.5, 84.0, 'ボール', 5, 2, 22, 'B16');"
"INSERT INTO ballinfo VALUES ('2019-04-13', 2019041305, '楽天', 'ソフトバンク', 'ミランダ', '左', 'ソフトバンク', '茂木 栄五郎', '左', '楽天', 1, 2, 2, 1, 3, 2, 0, 141, 'ストレート', 46.5, 56.8, '見逃し', 3, 3, 13, 'S5');"
"INSERT INTO ballinfo VALUES ('2019-04-13', 2019041305, '楽天', 'ソフトバンク', 'ミランダ', '左', 'ソフトバンク', '茂木 栄五郎', '左', '楽天', 1, 2, 2, 1, 4, 2, 1, 143, 'ストレート', 34.5, 17.2, '空振り', 1, 2, 2, 'B2');"
"INSERT INTO ballinfo VALUES ('2019-04-13', 2019041305, '楽天', 'ソフトバンク', 'ミランダ', '左', 'ソフトバンク', '茂木 栄五郎', '左', '楽天', 1, 2, 2, 1, 5, 2, 2, 144, 'ストレート', 48.0, 35.6, 'ファウル', 2, 3, 8, 'S2');"
"INSERT INTO ballinfo VALUES ('2019-04-13', 2019041305, '楽天', 'ソフトバンク', 'ミランダ', '左', 'ソフトバンク', '茂木 栄五郎', '左', '楽天', 1, 2, 2, 1, 6, 2, 3, 145, 'ストレート', 49.5, 48.4, '中安', 3, 3, 13, 'S5');"
"INSERT INTO ballinfo VALUES ('2019-04-13', 2019041305, '楽天', 'ソフトバンク', 'ミランダ', '左', 'ソフトバンク', '浅村 栄斗', '右', '楽天', 1, 2, 3, 2, 1, 0, 0, 142, 'ストレート', 36.5, 56.8, 'ファウル', 3, 2, 12, 'S4');"
"INSERT INTO ballinfo VALUES ('2019-04-13', 2019041305, '楽天', 'ソフトバンク', 'ミランダ', '左', 'ソフトバンク', '浅村 栄斗', '右', '楽天', 1, 2, 3, 2, 2, 0, 1, 141, 'ストレート', 55.0, 17.2, 'ボール', 1, 3, 3, 'B3');"
"INSERT INTO ballinfo VALUES ('2019-04-13', 2019041305, '楽天', 'ソフトバンク', 'ミランダ', '左', 'ソフトバンク', '浅村 栄斗', '右', '楽天', 1, 2, 3, 2, 3, 1, 1, 129, 'フォーク', 35.5, 84.8, 'ボール', 5, 2, 22, 'B16');"
"INSERT INTO ballinfo VALUES ('2019-04-13', 2019041305, '楽天', 'ソフトバンク', 'ミランダ', '左', 'ソフトバンク', '浅村 栄斗', '右', '楽天', 1, 2, 3, 2, 4, 2, 1, 142, 'ストレート', 75.0, 17.2, 'ボール', 1, 4, 4, 'B4');"
"INSERT INTO ballinfo VALUES ('2019-04-13', 2019041305, '楽天', 'ソフトバンク', 'ミランダ', '左', 'ソフトバンク', '浅村 栄斗', '右', '楽天', 1, 2, 3, 2, 5, 3, 1, 140, 'ストレート', 36.0, 47.2, '中飛', 3, 2, 12, 'S4');"
"INSERT INTO ballinfo VALUES ('2019-04-13', 2019041305, '楽天', 'ソフトバンク', 'ミランダ', '左', 'ソフトバンク', '島内 宏明', '左', '楽天', 1, 2, 4, 3, 1, 0, 0, 141, 'ストレート', 35.5, 55.6, 'ファウル', 3, 2, 12, 'S4');"
"INSERT INTO ballinfo VALUES ('2019-04-13', 2019041305, '楽天', 'ソフトバンク', 'ミランダ', '左', 'ソフトバンク', '島内 宏明', '左', '楽天', 1, 2, 4, 3, 2, 0, 1, 141, 'ストレート', 35.5, 36.0, 'ファウル', 2, 2, 7, 'S1');"
"INSERT INTO ballinfo VALUES ('2019-04-13', 2019041305, '楽天', 'ソフトバンク', 'ミランダ', '左', 'ソフトバンク', '島内 宏明', '左', '楽天', 1, 2, 4, 3, 3, 0, 2, 143, 'ストレート', 14.5, 17.2, 'ボール', 1, 1, 1, 'B1');"
"INSERT INTO ballinfo VALUES ('2019-04-13', 2019041305, '楽天', 'ソフトバンク', 'ミランダ', '左', 'ソフトバンク', '島内 宏明', '左', '楽天', 1, 2, 4, 3, 4, 1, 2, 126, 'チェンジアップ', 28.5, 85.2, 'ボール', 5, 2, 22, 'B16');"
"INSERT INTO ballinfo VALUES ('2019-04-13', 2019041305, '楽天', 'ソフトバンク', 'ミランダ', '左', 'ソフトバンク', '島内 宏明', '左', '楽天', 1, 2, 4, 3, 5, 2, 2, 128, 'チェンジアップ', 88.0, 14.8, 'ボール', 1, 5, 5, 'B5');"
"INSERT INTO ballinfo VALUES ('2019-04-13', 2019041305, '楽天', 'ソフトバンク', 'ミランダ', '左', 'ソフトバンク', '島内 宏明', '左', '楽天', 1, 2, 4, 3, 6, 3, 2, 141, 'ストレート', 34.5, 85.2, '投ゴロ', 5, 2, 22, 'B16');"
"INSERT INTO ballinfo VALUES ('2019-04-13', 2019041305, '楽天', 'ソフトバンク', '美馬 学', '右', '楽天', '上林 誠知', '左', 'ソフトバンク', 2, 1, 1, 1, 1, 0, 0, 132, 'スライダー', 54.5, 34.4, '見逃し', 2, 3, 8, 'S2');"
"INSERT INTO ballinfo VALUES ('2019-04-13', 2019041305, '楽天', 'ソフトバンク', '美馬 学', '右', '楽天', '上林 誠知', '左', 'ソフトバンク', 2, 1, 1, 1, 2, 0, 1, 141, 'ストレート', 53.0, 27.6, '三飛', 2, 3, 8, 'S2');"
"INSERT INTO ballinfo VALUES ('2019-04-13', 2019041305, '楽天', 'ソフトバンク', '美馬 学', '右', '楽天', '松田 宣浩', '右', 'ソフトバンク', 2, 1, 2, 2, 1, 0, 0, 140, 'ストレート', 34.5, 53.6, '遊ゴロ', 3, 2, 12, 'S4');"
"INSERT INTO ballinfo VALUES ('2019-04-13', 2019041305, '楽天', 'ソフトバンク', '美馬 学', '右', '楽天', '福田 秀平', '左', 'ソフトバンク', 2, 1, 3, 3, 1, 0, 0, 132, 'スライダー', 66.0, 17.2, 'ボール', 1, 4, 4, 'B4');"
"INSERT INTO ballinfo VALUES ('2019-04-13', 2019041305, '楽天', 'ソフトバンク', '美馬 学', '右', '楽天', '福田 秀平', '左', 'ソフトバンク', 2, 1, 3, 3, 2, 1, 0, 135, 'チェンジアップ', 34.5, 84.0, '左２', 5, 2, 22, 'B16');"
"INSERT INTO ballinfo VALUES ('2019-04-13', 2019041305, '楽天', 'ソフトバンク', 'ミランダ', '左', 'ソフトバンク', 'ウィーラー', '右', '楽天', 2, 2, 1, 1, 1, 0, 0, 141, 'ストレート', 55.0, 36.0, '見逃し', 2, 3, 8, 'S2');"
"INSERT INTO ballinfo VALUES ('2019-04-13', 2019041305, '楽天', 'ソフトバンク', 'ミランダ', '左', 'ソフトバンク', 'ウィーラー', '右', '楽天', 2, 2, 1, 1, 2, 0, 1, 126, 'チェンジアップ', 75.5, 55.6, '見逃し', 3, 4, 14, 'S6');"
"INSERT INTO ballinfo VALUES ('2019-04-13', 2019041305, '楽天', 'ソフトバンク', 'ミランダ', '左', 'ソフトバンク', 'ウィーラー', '右', '楽天', 2, 2, 1, 1, 3, 0, 2, 143, 'ストレート', 35.0, 65.6, '空三振', 4, 2, 17, 'S7');"
"INSERT INTO ballinfo VALUES ('2019-04-13', 2019041305, '楽天', 'ソフトバンク', 'ミランダ', '左', 'ソフトバンク', '銀次', '左', '楽天', 2, 2, 2, 2, 1, 0, 0, 130, 'フォーク', 73.5, 16.0, 'ボール', 1, 4, 4, 'B4');"
"INSERT INTO ballinfo VALUES ('2019-04-13', 2019041305, '楽天', 'ソフトバンク', 'ミランダ', '左', 'ソフトバンク', '銀次', '左', '楽天', 2, 2, 2, 2, 2, 1, 0, 143, 'ストレート', 34.5, 46.0, '遊ゴロ', 3, 2, 12, 'S4');"
"INSERT INTO ballinfo VALUES ('2019-04-13', 2019041305, '楽天', 'ソフトバンク', 'ミランダ', '左', 'ソフトバンク', 'ブラッシュ', '右', '楽天', 2, 2, 3, 3, 1, 0, 0, 142, 'ストレート', 55.0, 85.2, 'ボール', 5, 3, 23, 'B17');"
"INSERT INTO ballinfo VALUES ('2019-04-13', 2019041305, '楽天', 'ソフトバンク', 'ミランダ', '左', 'ソフトバンク', 'ブラッシュ', '右', '楽天', 2, 2, 3, 3, 2, 1, 0, 142, 'ストレート', 75.5, 84.8, 'ボール', 5, 4, 24, 'B18');"
"INSERT INTO ballinfo VALUES ('2019-04-13', 2019041305, '楽天', 'ソフトバンク', 'ミランダ', '左', 'ソフトバンク', 'ブラッシュ', '右', '楽天', 2, 2, 3, 3, 3, 2, 0, 142, 'ストレート', 76.0, 75.6, '見逃し', 4, 4, 19, 'S9');"
"INSERT INTO ballinfo VALUES ('2019-04-13', 2019041305, '楽天', 'ソフトバンク', 'ミランダ', '左', 'ソフトバンク', 'ブラッシュ', '右', '楽天', 2, 2, 3, 3, 4, 2, 1, 122, 'チェンジアップ', 15.5, 75.6, 'ボール', 4, 1, 16, 'B10');"
"INSERT INTO ballinfo VALUES ('2019-04-13', 2019041305, '楽天', 'ソフトバンク', 'ミランダ', '左', 'ソフトバンク', 'ブラッシュ', '右', '楽天', 2, 2, 3, 3, 5, 3, 1, 143, 'ストレート', 75.0, 34.0, '空振り', 2, 4, 9, 'S3');"
"INSERT INTO ballinfo VALUES ('2019-04-13', 2019041305, '楽天', 'ソフトバンク', 'ミランダ', '左', 'ソフトバンク', 'ブラッシュ', '右', '楽天', 2, 2, 3, 3, 6, 3, 2, 143, 'ストレート', 53.0, 33.6, '二邪飛', 2, 3, 8, 'S2');"
"INSERT INTO ballinfo VALUES ('2019-04-13', 2019041305, '楽天', 'ソフトバンク', '美馬 学', '右', '楽天', '甲斐 拓也', '右', 'ソフトバンク', 3, 1, 1, 1, 1, 0, 0, 141, 'ストレート', 75.5, 44.8, '見逃し', 3, 4, 14, 'S6');"
"INSERT INTO ballinfo VALUES ('2019-04-13', 2019041305, '楽天', 'ソフトバンク', '美馬 学', '右', '楽天', '甲斐 拓也', '右', 'ソフトバンク', 3, 1, 1, 1, 2, 0, 1, 126, 'カーブ', 67.5, 85.2, 'ボール', 5, 4, 24, 'B18');"
"INSERT INTO ballinfo VALUES ('2019-04-13', 2019041305, '楽天', 'ソフトバンク', '美馬 学', '右', '楽天', '甲斐 拓也', '右', 'ソフトバンク', 3, 1, 1, 1, 3, 1, 1, 141, 'ストレート', 55.0, 56.0, 'ファウル', 3, 3, 13, 'S5');"
"INSERT INTO ballinfo VALUES ('2019-04-13', 2019041305, '楽天', 'ソフトバンク', '美馬 学', '右', '楽天', '甲斐 拓也', '右', 'ソフトバンク', 3, 1, 1, 1, 4, 1, 2, 133, 'スライダー', 16.5, 36.8, 'ボール', 2, 1, 6, 'B6');"
"INSERT INTO ballinfo VALUES ('2019-04-13', 2019041305, '楽天', 'ソフトバンク', '美馬 学', '右', '楽天', '甲斐 拓也', '右', 'ソフトバンク', 3, 1, 1, 1, 5, 2, 2, 128, 'スライダー', 74.5, 54.8, '空三振', 3, 4, 14, 'S6');"
"INSERT INTO ballinfo VALUES ('2019-04-13', 2019041305, '楽天', 'ソフトバンク', '美馬 学', '右', '楽天', '高田 知季', '左', 'ソフトバンク', 3, 1, 2, 2, 1, 0, 0, 142, 'ストレート', 74.5, 84.0, 'ボール', 5, 4, 24, 'B18');"
"INSERT INTO ballinfo VALUES ('2019-04-13', 2019041305, '楽天', 'ソフトバンク', '美馬 学', '右', '楽天', '高田 知季', '左', 'ソフトバンク', 3, 1, 2, 2, 2, 1, 0, 133, 'チェンジアップ', 55.0, 84.8, '空振り', 5, 3, 23, 'B17');"
"INSERT INTO ballinfo VALUES ('2019-04-13', 2019041305, '楽天', 'ソフトバンク', '美馬 学', '右', '楽天', '高田 知季', '左', 'ソフトバンク', 3, 1, 2, 2, 3, 1, 1, 132, 'チェンジアップ', 36.5, 56.0, 'ファウル', 3, 2, 12, 'S4');"
"INSERT INTO ballinfo VALUES ('2019-04-13', 2019041305, '楽天', 'ソフトバンク', '美馬 学', '右', '楽天', '高田 知季', '左', 'ソフトバンク', 3, 1, 2, 2, 4, 1, 2, 144, 'ストレート', 48.0, 44.4, '左邪飛', 3, 3, 13, 'S5');"
"INSERT INTO ballinfo VALUES ('2019-04-13', 2019041305, '楽天', 'ソフトバンク', '美馬 学', '右', '楽天', '牧原 大成', '左', 'ソフトバンク', 3, 1, 3, 3, 1, 0, 0, 144, 'シュート', 56.0, 76.4, 'ファウル', 4, 3, 18, 'S8');"
"INSERT INTO ballinfo VALUES ('2019-04-13', 2019041305, '楽天', 'ソフトバンク', '美馬 学', '右', '楽天', '牧原 大成', '左', 'ソフトバンク', 3, 1, 3, 3, 2, 0, 1, 123, 'カーブ', 34.5, 16.4, 'ボール', 1, 2, 2, 'B2');"
"INSERT INTO ballinfo VALUES ('2019-04-13', 2019041305, '楽天', 'ソフトバンク', '美馬 学', '右', '楽天', '牧原 大成', '左', 'ソフトバンク', 3, 1, 3, 3, 3, 1, 1, 133, 'チェンジアップ', 73.5, 73.6, '空振り', 4, 4, 19, 'S9');"
"INSERT INTO ballinfo VALUES ('2019-04-13', 2019041305, '楽天', 'ソフトバンク', '美馬 学', '右', '楽天', '牧原 大成', '左', 'ソフトバンク', 3, 1, 3, 3, 4, 1, 2, 135, 'チェンジアップ', 32.5, 54.4, '遊ゴロ', 3, 2, 12, 'S4');"
"INSERT INTO ballinfo VALUES ('2019-04-13', 2019041305, '楽天', 'ソフトバンク', 'ミランダ', '左', 'ソフトバンク', '足立 祐一', '右', '楽天', 3, 2, 1, 1, 1, 0, 0, 141, 'ストレート', 88.0, 17.2, 'ボール', 1, 5, 5, 'B5');"
"INSERT INTO ballinfo VALUES ('2019-04-13', 2019041305, '楽天', 'ソフトバンク', 'ミランダ', '左', 'ソフトバンク', '足立 祐一', '右', '楽天', 3, 2, 1, 1, 2, 1, 0, 140, 'ストレート', 75.5, 55.6, '空振り', 3, 4, 14, 'S6');"
"INSERT INTO ballinfo VALUES ('2019-04-13', 2019041305, '楽天', 'ソフトバンク', 'ミランダ', '左', 'ソフトバンク', '足立 祐一', '右', '楽天', 3, 2, 1, 1, 3, 1, 1, 128, 'チェンジアップ', 75.5, 48.8, '空振り', 3, 4, 14, 'S6');"
"INSERT INTO ballinfo VALUES ('2019-04-13', 2019041305, '楽天', 'ソフトバンク', 'ミランダ', '左', 'ソフトバンク', '足立 祐一', '右', '楽天', 3, 2, 1, 1, 4, 1, 2, 142, 'ストレート', 56.5, 36.0, 'ファウル', 2, 3, 8, 'S2');"
"INSERT INTO ballinfo VALUES ('2019-04-13', 2019041305, '楽天', 'ソフトバンク', 'ミランダ', '左', 'ソフトバンク', '足立 祐一', '右', '楽天', 3, 2, 1, 1, 5, 1, 3, 144, 'ストレート', 76.5, 75.6, 'ファウル', 4, 4, 19, 'S9');"
"INSERT INTO ballinfo VALUES ('2019-04-13', 2019041305, '楽天', 'ソフトバンク', 'ミランダ', '左', 'ソフトバンク', '足立 祐一', '右', '楽天', 3, 2, 1, 1, 6, 1, 4, 126, 'フォーク', 68.0, 34.0, 'ファウル', 2, 4, 9, 'S3');"
"INSERT INTO ballinfo VALUES ('2019-04-13', 2019041305, '楽天', 'ソフトバンク', 'ミランダ', '左', 'ソフトバンク', '足立 祐一', '右', '楽天', 3, 2, 1, 1, 7, 1, 5, 127, 'チェンジアップ', 69.5, 25.2, 'ファウル', 2, 4, 9, 'S3');"
"INSERT INTO ballinfo VALUES ('2019-04-13', 2019041305, '楽天', 'ソフトバンク', 'ミランダ', '左', 'ソフトバンク', '足立 祐一', '右', '楽天', 3, 2, 1, 1, 8, 1, 6, 144, 'ストレート', 75.5, 16.4, '空三振', 1, 4, 4, 'B4');"
"INSERT INTO ballinfo VALUES ('2019-04-13', 2019041305, '楽天', 'ソフトバンク', 'ミランダ', '左', 'ソフトバンク', 'オコエ 瑠偉', '右', '楽天', 3, 2, 2, 1, 1, 0, 0, 114, 'カーブ', 16.5, 86.0, 'ボール', 5, 1, 21, 'B15');"
"INSERT INTO ballinfo VALUES ('2019-04-13', 2019041305, '楽天', 'ソフトバンク', 'ミランダ', '左', 'ソフトバンク', 'オコエ 瑠偉', '右', '楽天', 3, 2, 2, 1, 2, 1, 0, 143, 'ストレート', 87.5, 36.8, 'ボール', 2, 5, 10, 'B7');"
"INSERT INTO ballinfo VALUES ('2019-04-13', 2019041305, '楽天', 'ソフトバンク', 'ミランダ', '左', 'ソフトバンク', 'オコエ 瑠偉', '右', '楽天', 3, 2, 2, 1, 3, 2, 0, 141, 'ストレート', 76.5, 36.4, 'ファウル', 2, 4, 9, 'S3');"
"INSERT INTO ballinfo VALUES ('2019-04-13', 2019041305, '楽天', 'ソフトバンク', 'ミランダ', '左', 'ソフトバンク', 'オコエ 瑠偉', '右', '楽天', 3, 2, 2, 1, 4, 2, 1, 143, 'ストレート', 74.5, 17.2, 'ボール', 1, 4, 4, 'B4');"
"INSERT INTO ballinfo VALUES ('2019-04-13', 2019041305, '楽天', 'ソフトバンク', 'ミランダ', '左', 'ソフトバンク', 'オコエ 瑠偉', '右', '楽天', 3, 2, 2, 1, 5, 3, 1, 141, 'ストレート', 36.0, 76.4, '見逃し', 4, 2, 17, 'S7');"
"INSERT INTO ballinfo VALUES ('2019-04-13', 2019041305, '楽天', 'ソフトバンク', 'ミランダ', '左', 'ソフトバンク', 'オコエ 瑠偉', '右', '楽天', 3, 2, 2, 1, 6, 3, 2, 143, 'ストレート', 15.5, 55.6, '四球', 3, 1, 11, 'B8');"
"INSERT INTO ballinfo VALUES ('2019-04-13', 2019041305, '楽天', 'ソフトバンク', 'ミランダ', '左', 'ソフトバンク', '田中 和基', '右', '楽天', 3, 2, 3, 2, 1, 0, 0, 130, 'フォーク', 71.0, 31.6, '投犠打', 2, 4, 9, 'S3');"
"INSERT INTO ballinfo VALUES ('2019-04-13', 2019041305, '楽天', 'ソフトバンク', 'ミランダ', '左', 'ソフトバンク', '茂木 栄五郎', '左', '楽天', 3, 2, 4, 3, 1, 0, 0, 123, 'スライダー', 36.5, 76.4, '見逃し', 4, 2, 17, 'S7');"
"INSERT INTO ballinfo VALUES ('2019-04-13', 2019041305, '楽天', 'ソフトバンク', 'ミランダ', '左', 'ソフトバンク', '茂木 栄五郎', '左', '楽天', 3, 2, 4, 3, 2, 0, 1, 142, 'ストレート', 15.5, 55.6, 'ボール', 3, 1, 11, 'B8');"
"INSERT INTO ballinfo VALUES ('2019-04-13', 2019041305, '楽天', 'ソフトバンク', 'ミランダ', '左', 'ソフトバンク', '茂木 栄五郎', '左', '楽天', 3, 2, 4, 3, 3, 1, 1, 143, 'ストレート', 69.0, 34.0, 'ファウル', 2, 4, 9, 'S3');"
"INSERT INTO ballinfo VALUES ('2019-04-13', 2019041305, '楽天', 'ソフトバンク', 'ミランダ', '左', 'ソフトバンク', '茂木 栄五郎', '左', '楽天', 3, 2, 4, 3, 4, 1, 2, 128, 'チェンジアップ', 51.5, 73.2, '二ゴロ', 4, 3, 18, 'S8');"
"INSERT INTO ballinfo VALUES ('2019-04-13', 2019041305, '楽天', 'ソフトバンク', '美馬 学', '右', '楽天', '今宮 健太', '右', 'ソフトバンク', 4, 1, 1, 1, 1, 0, 0, 125, 'スライダー', 34.5, 16.8, 'ボール', 1, 2, 2, 'B2');"
"INSERT INTO ballinfo VALUES ('2019-04-13', 2019041305, '楽天', 'ソフトバンク', '美馬 学', '右', '楽天', '今宮 健太', '右', 'ソフトバンク', 4, 1, 1, 1, 2, 1, 0, 127, 'スライダー', 55.5, 56.8, '見逃し', 3, 3, 13, 'S5');"
"INSERT INTO ballinfo VALUES ('2019-04-13', 2019041305, '楽天', 'ソフトバンク', '美馬 学', '右', '楽天', '今宮 健太', '右', 'ソフトバンク', 4, 1, 1, 1, 3, 1, 1, 142, 'シュート', 36.5, 54.8, '遊ゴロ', 3, 2, 12, 'S4');"
"INSERT INTO ballinfo VALUES ('2019-04-13', 2019041305, '楽天', 'ソフトバンク', '美馬 学', '右', '楽天', '内川 聖一', '右', 'ソフトバンク', 4, 1, 2, 2, 1, 0, 0, 142, 'ストレート', 56.0, 36.4, '見逃し', 2, 3, 8, 'S2');"
"INSERT INTO ballinfo VALUES ('2019-04-13', 2019041305, '楽天', 'ソフトバンク', '美馬 学', '右', '楽天', '内川 聖一', '右', 'ソフトバンク', 4, 1, 2, 2, 2, 0, 1, 142, 'ストレート', 75.5, 37.2, '遊ゴロ', 2, 4, 9, 'S3');"
"INSERT INTO ballinfo VALUES ('2019-04-13', 2019041305, '楽天', 'ソフトバンク', '美馬 学', '右', '楽天', 'デスパイネ', '右', 'ソフトバンク', 4, 1, 3, 3, 1, 0, 0, 136, 'フォーク', 12.0, 16.0, 'ボール', 1, 1, 1, 'B1');"
"INSERT INTO ballinfo VALUES ('2019-04-13', 2019041305, '楽天', 'ソフトバンク', '美馬 学', '右', '楽天', 'デスパイネ', '右', 'ソフトバンク', 4, 1, 3, 3, 2, 1, 0, 125, 'カーブ', 35.0, 56.8, '見逃し', 3, 2, 12, 'S4');"
"INSERT INTO ballinfo VALUES ('2019-04-13', 2019041305, '楽天', 'ソフトバンク', '美馬 学', '右', '楽天', 'デスパイネ', '右', 'ソフトバンク', 4, 1, 3, 3, 3, 1, 1, 143, 'ストレート', 55.5, 55.6, '見逃し', 3, 3, 13, 'S5');"
"INSERT INTO ballinfo VALUES ('2019-04-13', 2019041305, '楽天', 'ソフトバンク', '美馬 学', '右', '楽天', 'デスパイネ', '右', 'ソフトバンク', 4, 1, 3, 3, 4, 1, 2, 144, 'ストレート', 55.0, 84.0, 'ボール', 5, 3, 23, 'B17');"
"INSERT INTO ballinfo VALUES ('2019-04-13', 2019041305, '楽天', 'ソフトバンク', '美馬 学', '右', '楽天', 'デスパイネ', '右', 'ソフトバンク', 4, 1, 3, 3, 5, 2, 2, 136, 'フォーク', 14.5, 85.2, 'ボール', 5, 1, 21, 'B15');"
"INSERT INTO ballinfo VALUES ('2019-04-13', 2019041305, '楽天', 'ソフトバンク', '美馬 学', '右', '楽天', 'デスパイネ', '右', 'ソフトバンク', 4, 1, 3, 3, 6, 3, 2, 134, 'フォーク', 47.5, 90.0, '空三振', 5, 3, 23, 'B17');"
"INSERT INTO ballinfo VALUES ('2019-04-13', 2019041305, '楽天', 'ソフトバンク', 'ミランダ', '左', 'ソフトバンク', '浅村 栄斗', '右', '楽天', 4, 2, 1, 0, 1, 0, 0, 127, 'チェンジアップ', 74.5, 56.0, '見逃し', 3, 4, 14, 'S6');"
"INSERT INTO ballinfo VALUES ('2019-04-13', 2019041305, '楽天', 'ソフトバンク', 'ミランダ', '左', 'ソフトバンク', '浅村 栄斗', '右', '楽天', 4, 2, 1, 0, 2, 0, 1, 142, 'ストレート', 17.0, 37.2, 'ボール', 2, 1, 6, 'B6');"
"INSERT INTO ballinfo VALUES ('2019-04-13', 2019041305, '楽天', 'ソフトバンク', 'ミランダ', '左', 'ソフトバンク', '浅村 栄斗', '右', '楽天', 4, 2, 1, 0, 3, 1, 1, 141, 'ストレート', 86.0, 56.8, 'ボール', 3, 5, 15, 'B9');"
"INSERT INTO ballinfo VALUES ('2019-04-13', 2019041305, '楽天', 'ソフトバンク', 'ミランダ', '左', 'ソフトバンク', '浅村 栄斗', '右', '楽天', 4, 2, 1, 0, 4, 2, 1, 140, 'ストレート', 54.5, 84.8, 'ボール', 5, 3, 23, 'B17');"
"INSERT INTO ballinfo VALUES ('2019-04-13', 2019041305, '楽天', 'ソフトバンク', 'ミランダ', '左', 'ソフトバンク', '浅村 栄斗', '右', '楽天', 4, 2, 1, 0, 5, 3, 1, 139, 'ストレート', 76.5, 35.6, 'ファウル', 2, 4, 9, 'S3');"
"INSERT INTO ballinfo VALUES ('2019-04-13', 2019041305, '楽天', 'ソフトバンク', 'ミランダ', '左', 'ソフトバンク', '浅村 栄斗', '右', '楽天', 4, 2, 1, 0, 6, 3, 2, 144, 'ストレート', 90.0, 14.0, '四球', 1, 5, 5, 'B5');"
"INSERT INTO ballinfo VALUES ('2019-04-13', 2019041305, '楽天', 'ソフトバンク', 'ミランダ', '左', 'ソフトバンク', '島内 宏明', '左', '楽天', 4, 2, 2, 1, 1, 0, 0, 120, 'スライダー', 16.0, 86.0, 'ボール', 5, 1, 21, 'B15');"
"INSERT INTO ballinfo VALUES ('2019-04-13', 2019041305, '楽天', 'ソフトバンク', 'ミランダ', '左', 'ソフトバンク', '島内 宏明', '左', '楽天', 4, 2, 2, 1, 2, 1, 0, 140, 'ストレート', 36.0, 84.4, 'ボール', 5, 2, 22, 'B16');"
"INSERT INTO ballinfo VALUES ('2019-04-13', 2019041305, '楽天', 'ソフトバンク', 'ミランダ', '左', 'ソフトバンク', '島内 宏明', '左', '楽天', 4, 2, 2, 1, 3, 2, 0, 140, 'ストレート', 55.5, 76.8, 'ファウル', 4, 3, 18, 'S8');"
"INSERT INTO ballinfo VALUES ('2019-04-13', 2019041305, '楽天', 'ソフトバンク', 'ミランダ', '左', 'ソフトバンク', '島内 宏明', '左', '楽天', 4, 2, 2, 1, 4, 2, 1, 127, 'チェンジアップ', 56.5, 67.6, '遊ゴロ', 4, 3, 18, 'S8');"
"INSERT INTO ballinfo VALUES ('2019-04-13', 2019041305, '楽天', 'ソフトバンク', 'ミランダ', '左', 'ソフトバンク', 'ウィーラー', '右', '楽天', 4, 2, 3, 2, 1, 0, 0, 141, 'ストレート', 55.0, 85.2, 'ボール', 5, 3, 23, 'B17');"
"INSERT INTO ballinfo VALUES ('2019-04-13', 2019041305, '楽天', 'ソフトバンク', 'ミランダ', '左', 'ソフトバンク', 'ウィーラー', '右', '楽天', 4, 2, 3, 2, 2, 1, 0, 127, 'チェンジアップ', 55.5, 56.0, '見逃し', 3, 3, 13, 'S5');"
"INSERT INTO ballinfo VALUES ('2019-04-13', 2019041305, '楽天', 'ソフトバンク', 'ミランダ', '左', 'ソフトバンク', 'ウィーラー', '右', '楽天', 4, 2, 3, 2, 3, 1, 1, 122, 'フォーク', 76.5, 57.2, 'ファウル', 3, 4, 14, 'S6');"
"INSERT INTO ballinfo VALUES ('2019-04-13', 2019041305, '楽天', 'ソフトバンク', 'ミランダ', '左', 'ソフトバンク', 'ウィーラー', '右', '楽天', 4, 2, 3, 2, 4, 1, 2, 144, 'ストレート', 87.0, 35.6, 'ファウル', 2, 5, 10, 'B7');"
"INSERT INTO ballinfo VALUES ('2019-04-13', 2019041305, '楽天', 'ソフトバンク', 'ミランダ', '左', 'ソフトバンク', 'ウィーラー', '右', '楽天', 4, 2, 3, 2, 5, 1, 3, 144, 'ストレート', 75.0, 65.2, 'ファウル', 4, 4, 19, 'S9');"
"INSERT INTO ballinfo VALUES ('2019-04-13', 2019041305, '楽天', 'ソフトバンク', 'ミランダ', '左', 'ソフトバンク', 'ウィーラー', '右', '楽天', 4, 2, 3, 2, 6, 1, 4, 142, 'ストレート', 35.0, 45.2, '見三振', 3, 2, 12, 'S4');"
"INSERT INTO ballinfo VALUES ('2019-04-13', 2019041305, '楽天', 'ソフトバンク', 'ミランダ', '左', 'ソフトバンク', '銀次', '左', '楽天', 4, 2, 4, 3, 1, 0, 0, 141, 'ストレート', 36.0, 77.2, '見逃し', 4, 2, 17, 'S7');"
"INSERT INTO ballinfo VALUES ('2019-04-13', 2019041305, '楽天', 'ソフトバンク', 'ミランダ', '左', 'ソフトバンク', '銀次', '左', '楽天', 4, 2, 4, 3, 2, 0, 1, 142, 'ストレート', 53.0, 33.2, '右飛', 2, 3, 8, 'S2');"
"INSERT INTO ballinfo VALUES ('2019-04-13', 2019041305, '楽天', 'ソフトバンク', '美馬 学', '右', '楽天', '上林 誠知', '左', 'ソフトバンク', 5, 1, 1, 1, 1, 0, 0, 123, 'カーブ', 35.5, 36.0, '見逃し', 2, 2, 7, 'S1');"
"INSERT INTO ballinfo VALUES ('2019-04-13', 2019041305, '楽天', 'ソフトバンク', '美馬 学', '右', '楽天', '上林 誠知', '左', 'ソフトバンク', 5, 1, 1, 1, 2, 0, 1, 140, 'シュート', 17.5, 56.0, 'ボール', 3, 1, 11, 'B8');"
"INSERT INTO ballinfo VALUES ('2019-04-13', 2019041305, '楽天', 'ソフトバンク', '美馬 学', '右', '楽天', '上林 誠知', '左', 'ソフトバンク', 5, 1, 1, 1, 3, 1, 1, 140, 'ストレート', 35.0, 51.6, '右飛', 3, 2, 12, 'S4');"
"INSERT INTO ballinfo VALUES ('2019-04-13', 2019041305, '楽天', 'ソフトバンク', '美馬 学', '右', '楽天', '松田 宣浩', '右', 'ソフトバンク', 5, 1, 2, 2, 1, 0, 0, 143, 'ストレート', 75.0, 84.8, 'ボール', 5, 4, 24, 'B18');"
"INSERT INTO ballinfo VALUES ('2019-04-13', 2019041305, '楽天', 'ソフトバンク', '美馬 学', '右', '楽天', '松田 宣浩', '右', 'ソフトバンク', 5, 1, 2, 2, 2, 1, 0, 143, 'ストレート', 35.0, 73.2, '右飛', 4, 2, 17, 'S7');"
"INSERT INTO ballinfo VALUES ('2019-04-13', 2019041305, '楽天', 'ソフトバンク', '美馬 学', '右', '楽天', '福田 秀平', '左', 'ソフトバンク', 5, 1, 3, 2, 1, 0, 0, 132, 'チェンジアップ', 28.5, 54.8, '右安', 3, 2, 12, 'S4');"
"INSERT INTO ballinfo VALUES ('2019-04-13', 2019041305, '楽天', 'ソフトバンク', '美馬 学', '右', '楽天', '甲斐 拓也', '右', 'ソフトバンク', 5, 1, 4, 2, 1, 0, 0, 140, 'ストレート', 54.5, 75.2, '中安', 4, 3, 18, 'S8');"
"INSERT INTO ballinfo VALUES ('2019-04-13', 2019041305, '楽天', 'ソフトバンク', '美馬 学', '右', '楽天', '高田 知季', '左', 'ソフトバンク', 5, 1, 5, 3, 1, 0, 0, 125, 'カーブ', 74.5, 85.2, 'ボール', 5, 4, 24, 'B18');"
"INSERT INTO ballinfo VALUES ('2019-04-13', 2019041305, '楽天', 'ソフトバンク', '美馬 学', '右', '楽天', '高田 知季', '左', 'ソフトバンク', 5, 1, 5, 3, 2, 1, 0, 126, 'スライダー', 33.5, 73.6, '遊ゴロ', 4, 2, 17, 'S7');"
"INSERT INTO ballinfo VALUES ('2019-04-13', 2019041305, '楽天', 'ソフトバンク', 'ミランダ', '左', 'ソフトバンク', 'ブラッシュ', '右', '楽天', 5, 2, 1, 1, 1, 0, 0, 138, 'ストレート', 86.5, 56.0, 'ボール', 3, 5, 15, 'B9');"
"INSERT INTO ballinfo VALUES ('2019-04-13', 2019041305, '楽天', 'ソフトバンク', 'ミランダ', '左', 'ソフトバンク', 'ブラッシュ', '右', '楽天', 5, 2, 1, 1, 2, 1, 0, 139, 'ストレート', 36.5, 56.0, 'ファウル', 3, 2, 12, 'S4');"
"INSERT INTO ballinfo VALUES ('2019-04-13', 2019041305, '楽天', 'ソフトバンク', 'ミランダ', '左', 'ソフトバンク', 'ブラッシュ', '右', '楽天', 5, 2, 1, 1, 3, 1, 1, 139, 'ストレート', 36.0, 45.6, '見逃し', 3, 2, 12, 'S4');"
"INSERT INTO ballinfo VALUES ('2019-04-13', 2019041305, '楽天', 'ソフトバンク', 'ミランダ', '左', 'ソフトバンク', 'ブラッシュ', '右', '楽天', 5, 2, 1, 1, 4, 1, 2, 123, 'チェンジアップ', 76.0, 17.2, 'ボール', 1, 4, 4, 'B4');"
"INSERT INTO ballinfo VALUES ('2019-04-13', 2019041305, '楽天', 'ソフトバンク', 'ミランダ', '左', 'ソフトバンク', 'ブラッシュ', '右', '楽天', 5, 2, 1, 1, 5, 2, 2, 142, 'ストレート', 49.5, 66.8, '中飛', 4, 3, 18, 'S8');"
"INSERT INTO ballinfo VALUES ('2019-04-13', 2019041305, '楽天', 'ソフトバンク', 'ミランダ', '左', 'ソフトバンク', '足立 祐一', '右', '楽天', 5, 2, 2, 2, 1, 0, 0, 127, 'フォーク', 75.5, 76.0, '空振り', 4, 4, 19, 'S9');"
"INSERT INTO ballinfo VALUES ('2019-04-13', 2019041305, '楽天', 'ソフトバンク', 'ミランダ', '左', 'ソフトバンク', '足立 祐一', '右', '楽天', 5, 2, 2, 2, 2, 0, 1, 121, 'フォーク', 36.5, 85.2, 'ボール', 5, 2, 22, 'B16');"
"INSERT INTO ballinfo VALUES ('2019-04-13', 2019041305, '楽天', 'ソフトバンク', 'ミランダ', '左', 'ソフトバンク', '足立 祐一', '右', '楽天', 5, 2, 2, 2, 3, 1, 1, 141, 'ストレート', 53.0, 55.6, '右飛', 3, 3, 13, 'S5');"
"INSERT INTO ballinfo VALUES ('2019-04-13', 2019041305, '楽天', 'ソフトバンク', 'ミランダ', '左', 'ソフトバンク', 'オコエ 瑠偉', '右', '楽天', 5, 2, 3, 3, 1, 0, 0, 140, 'ストレート', 75.5, 83.6, 'ボール', 5, 4, 24, 'B18');"
"INSERT INTO ballinfo VALUES ('2019-04-13', 2019041305, '楽天', 'ソフトバンク', 'ミランダ', '左', 'ソフトバンク', 'オコエ 瑠偉', '右', '楽天', 5, 2, 3, 3, 2, 1, 0, 141, 'ストレート', 56.5, 36.0, 'ファウル', 2, 3, 8, 'S2');"
"INSERT INTO ballinfo VALUES ('2019-04-13', 2019041305, '楽天', 'ソフトバンク', 'ミランダ', '左', 'ソフトバンク', 'オコエ 瑠偉', '右', '楽天', 5, 2, 3, 3, 3, 1, 1, 142, 'ストレート', 54.5, 84.0, 'ボール', 5, 3, 23, 'B17');"
"INSERT INTO ballinfo VALUES ('2019-04-13', 2019041305, '楽天', 'ソフトバンク', 'ミランダ', '左', 'ソフトバンク', 'オコエ 瑠偉', '右', '楽天', 5, 2, 3, 3, 4, 2, 1, 129, 'チェンジアップ', 75.5, 35.6, 'ファウル', 2, 4, 9, 'S3');"
"INSERT INTO ballinfo VALUES ('2019-04-13', 2019041305, '楽天', 'ソフトバンク', 'ミランダ', '左', 'ソフトバンク', 'オコエ 瑠偉', '右', '楽天', 5, 2, 3, 3, 5, 2, 2, 0, 'ストレート', 56.5, 29.2, 'ファウル', 2, 3, 8, 'S2');"
"INSERT INTO ballinfo VALUES ('2019-04-13', 2019041305, '楽天', 'ソフトバンク', 'ミランダ', '左', 'ソフトバンク', 'オコエ 瑠偉', '右', '楽天', 5, 2, 3, 3, 6, 2, 3, 127, 'チェンジアップ', 47.0, 33.2, '左飛', 2, 3, 8, 'S2');"
"INSERT INTO ballinfo VALUES ('2019-04-13', 2019041305, '楽天', 'ソフトバンク', '美馬 学', '右', '楽天', '牧原 大成', '左', 'ソフトバンク', 6, 1, 1, 1, 1, 0, 0, 140, 'ストレート', 34.5, 35.6, '投ゴロ', 2, 2, 7, 'S1');"
"INSERT INTO ballinfo VALUES ('2019-04-13', 2019041305, '楽天', 'ソフトバンク', '美馬 学', '右', '楽天', '今宮 健太', '右', 'ソフトバンク', 6, 1, 2, 2, 1, 0, 0, 123, 'カーブ', 34.5, 17.6, 'ボール', 1, 2, 2, 'B2');"
"INSERT INTO ballinfo VALUES ('2019-04-13', 2019041305, '楽天', 'ソフトバンク', '美馬 学', '右', '楽天', '今宮 健太', '右', 'ソフトバンク', 6, 1, 2, 2, 2, 1, 0, 124, 'カーブ', 36.5, 37.2, '見逃し', 2, 2, 7, 'S1');"
"INSERT INTO ballinfo VALUES ('2019-04-13', 2019041305, '楽天', 'ソフトバンク', '美馬 学', '右', '楽天', '今宮 健太', '右', 'ソフトバンク', 6, 1, 2, 2, 3, 1, 1, 137, 'ストレート', 54.0, 55.2, '中飛', 3, 3, 13, 'S5');"
"INSERT INTO ballinfo VALUES ('2019-04-13', 2019041305, '楽天', 'ソフトバンク', '美馬 学', '右', '楽天', '内川 聖一', '右', 'ソフトバンク', 6, 1, 3, 3, 1, 0, 0, 144, 'ストレート', 32.0, 14.0, 'ボール', 1, 2, 2, 'B2');"
"INSERT INTO ballinfo VALUES ('2019-04-13', 2019041305, '楽天', 'ソフトバンク', '美馬 学', '右', '楽天', '内川 聖一', '右', 'ソフトバンク', 6, 1, 3, 3, 2, 1, 0, 134, 'スライダー', 55.0, 36.4, 'ファウル', 2, 3, 8, 'S2');"
"INSERT INTO ballinfo VALUES ('2019-04-13', 2019041305, '楽天', 'ソフトバンク', '美馬 学', '右', '楽天', '内川 聖一', '右', 'ソフトバンク', 6, 1, 3, 3, 3, 1, 1, 131, 'スライダー', 54.5, 27.6, '一飛', 2, 3, 8, 'S2');"
"INSERT INTO ballinfo VALUES ('2019-04-13', 2019041305, '楽天', 'ソフトバンク', 'ミランダ', '左', 'ソフトバンク', '田中 和基', '右', '楽天', 6, 2, 1, 1, 1, 0, 0, 120, 'フォーク', 76.5, 83.6, 'ボール', 5, 4, 24, 'B18');"
"INSERT INTO ballinfo VALUES ('2019-04-13', 2019041305, '楽天', 'ソフトバンク', 'ミランダ', '左', 'ソフトバンク', '田中 和基', '右', '楽天', 6, 2, 1, 1, 2, 1, 0, 138, 'ストレート', 69.5, 34.8, '一飛', 2, 4, 9, 'S3');"
"INSERT INTO ballinfo VALUES ('2019-04-13', 2019041305, '楽天', 'ソフトバンク', 'ミランダ', '左', 'ソフトバンク', '茂木 栄五郎', '左', '楽天', 6, 2, 2, 2, 1, 0, 0, 127, 'チェンジアップ', 35.5, 84.0, 'ボール', 5, 2, 22, 'B16');"
"INSERT INTO ballinfo VALUES ('2019-04-13', 2019041305, '楽天', 'ソフトバンク', 'ミランダ', '左', 'ソフトバンク', '茂木 栄五郎', '左', '楽天', 6, 2, 2, 2, 2, 1, 0, 140, 'ストレート', 35.5, 36.4, '見逃し', 2, 2, 7, 'S1');"
"INSERT INTO ballinfo VALUES ('2019-04-13', 2019041305, '楽天', 'ソフトバンク', 'ミランダ', '左', 'ソフトバンク', '茂木 栄五郎', '左', '楽天', 6, 2, 2, 2, 3, 1, 1, 127, 'スライダー', 75.5, 16.4, 'ボール', 1, 4, 4, 'B4');"
"INSERT INTO ballinfo VALUES ('2019-04-13', 2019041305, '楽天', 'ソフトバンク', 'ミランダ', '左', 'ソフトバンク', '茂木 栄五郎', '左', '楽天', 6, 2, 2, 2, 4, 2, 1, 138, 'ストレート', 48.0, 33.6, '遊飛', 2, 3, 8, 'S2');"
"INSERT INTO ballinfo VALUES ('2019-04-13', 2019041305, '楽天', 'ソフトバンク', 'ミランダ', '左', 'ソフトバンク', '浅村 栄斗', '右', '楽天', 6, 2, 3, 3, 1, 0, 0, 139, 'ストレート', 69.5, 55.6, '右飛', 3, 4, 14, 'S6');"
"INSERT INTO ballinfo VALUES ('2019-04-13', 2019041305, '楽天', 'ソフトバンク', '美馬 学', '右', '楽天', 'デスパイネ', '右', 'ソフトバンク', 7, 1, 1, 1, 1, 0, 0, 135, 'スライダー', 54.5, 55.6, 'ファウル', 3, 3, 13, 'S5');"
"INSERT INTO ballinfo VALUES ('2019-04-13', 2019041305, '楽天', 'ソフトバンク', '美馬 学', '右', '楽天', 'デスパイネ', '右', 'ソフトバンク', 7, 1, 1, 1, 2, 0, 1, 129, 'フォーク', 87.5, 84.4, 'ボール', 5, 5, 25, 'B19');"
"INSERT INTO ballinfo VALUES ('2019-04-13', 2019041305, '楽天', 'ソフトバンク', '美馬 学', '右', '楽天', 'デスパイネ', '右', 'ソフトバンク', 7, 1, 1, 1, 3, 1, 1, 135, 'スライダー', 45.5, 56.0, '空振り', 3, 3, 13, 'S5');"
"INSERT INTO ballinfo VALUES ('2019-04-13', 2019041305, '楽天', 'ソフトバンク', '美馬 学', '右', '楽天', 'デスパイネ', '右', 'ソフトバンク', 7, 1, 1, 1, 4, 1, 2, 135, 'フォーク', 67.0, 84.0, 'ファウル', 5, 4, 24, 'B18');"
"INSERT INTO ballinfo VALUES ('2019-04-13', 2019041305, '楽天', 'ソフトバンク', '美馬 学', '右', '楽天', 'デスパイネ', '右', 'ソフトバンク', 7, 1, 1, 1, 5, 1, 3, 127, 'カーブ', 51.0, 85.2, '三ゴロ', 5, 3, 23, 'B17');"
"INSERT INTO ballinfo VALUES ('2019-04-13', 2019041305, '楽天', 'ソフトバンク', '美馬 学', '右', '楽天', '上林 誠知', '左', 'ソフトバンク', 7, 1, 2, 2, 1, 0, 0, 123, 'カーブ', 36.5, 57.2, '見逃し', 3, 2, 12, 'S4');"
"INSERT INTO ballinfo VALUES ('2019-04-13', 2019041305, '楽天', 'ソフトバンク', '美馬 学', '右', '楽天', '上林 誠知', '左', 'ソフトバンク', 7, 1, 2, 2, 2, 0, 1, 139, 'ストレート', 48.5, 16.0, 'ボール', 1, 3, 3, 'B3');"
"INSERT INTO ballinfo VALUES ('2019-04-13', 2019041305, '楽天', 'ソフトバンク', '美馬 学', '右', '楽天', '上林 誠知', '左', 'ソフトバンク', 7, 1, 2, 2, 3, 1, 1, 139, 'シュート', 36.5, 49.2, '右飛', 3, 2, 12, 'S4');"
"INSERT INTO ballinfo VALUES ('2019-04-13', 2019041305, '楽天', 'ソフトバンク', '美馬 学', '右', '楽天', '松田 宣浩', '右', 'ソフトバンク', 7, 1, 3, 3, 1, 0, 0, 144, 'ストレート', 55.0, 56.0, 'ファウル', 3, 3, 13, 'S5');"
"INSERT INTO ballinfo VALUES ('2019-04-13', 2019041305, '楽天', 'ソフトバンク', '美馬 学', '右', '楽天', '松田 宣浩', '右', 'ソフトバンク', 7, 1, 3, 3, 2, 0, 1, 143, 'ストレート', 75.0, 85.2, 'ボール', 5, 4, 24, 'B18');"
"INSERT INTO ballinfo VALUES ('2019-04-13', 2019041305, '楽天', 'ソフトバンク', '美馬 学', '右', '楽天', '松田 宣浩', '右', 'ソフトバンク', 7, 1, 3, 3, 3, 1, 1, 129, 'スライダー', 46.5, 44.8, '中飛', 3, 3, 13, 'S5');"
"INSERT INTO ballinfo VALUES ('2019-04-13', 2019041305, '楽天', 'ソフトバンク', 'ミランダ', '左', 'ソフトバンク', '島内 宏明', '左', '楽天', 7, 2, 1, 1, 1, 0, 0, 136, 'ストレート', 55.5, 35.6, '見逃し', 2, 3, 8, 'S2');"
"INSERT INTO ballinfo VALUES ('2019-04-13', 2019041305, '楽天', 'ソフトバンク', 'ミランダ', '左', 'ソフトバンク', '島内 宏明', '左', '楽天', 7, 2, 1, 1, 2, 0, 1, 118, 'スライダー', 29.0, 66.8, '見逃し', 4, 2, 17, 'S7');"
"INSERT INTO ballinfo VALUES ('2019-04-13', 2019041305, '楽天', 'ソフトバンク', 'ミランダ', '左', 'ソフトバンク', '島内 宏明', '左', '楽天', 7, 2, 1, 1, 3, 0, 2, 122, 'フォーク', 15.5, 75.2, 'ファウル', 4, 1, 16, 'B10');"
"INSERT INTO ballinfo VALUES ('2019-04-13', 2019041305, '楽天', 'ソフトバンク', 'ミランダ', '左', 'ソフトバンク', '島内 宏明', '左', '楽天', 7, 2, 1, 1, 4, 0, 3, 140, 'ストレート', 46.5, 36.4, 'ファウル', 2, 3, 8, 'S2');"
"INSERT INTO ballinfo VALUES ('2019-04-13', 2019041305, '楽天', 'ソフトバンク', 'ミランダ', '左', 'ソフトバンク', '島内 宏明', '左', '楽天', 7, 2, 1, 1, 5, 0, 4, 121, 'フォーク', 74.0, 16.8, 'ボール', 1, 4, 4, 'B4');"
"INSERT INTO ballinfo VALUES ('2019-04-13', 2019041305, '楽天', 'ソフトバンク', 'ミランダ', '左', 'ソフトバンク', '島内 宏明', '左', '楽天', 7, 2, 1, 1, 6, 1, 4, 140, 'ストレート', 15.5, 37.2, 'ファウル', 2, 1, 6, 'B6');"
"INSERT INTO ballinfo VALUES ('2019-04-13', 2019041305, '楽天', 'ソフトバンク', 'ミランダ', '左', 'ソフトバンク', '島内 宏明', '左', '楽天', 7, 2, 1, 1, 7, 1, 5, 142, 'ストレート', 75.5, 55.6, 'ファウル', 3, 4, 14, 'S6');"
"INSERT INTO ballinfo VALUES ('2019-04-13', 2019041305, '楽天', 'ソフトバンク', 'ミランダ', '左', 'ソフトバンク', '島内 宏明', '左', '楽天', 7, 2, 1, 1, 8, 1, 6, 142, 'ストレート', 55.5, 76.0, 'ファウル', 4, 3, 18, 'S8');"
"INSERT INTO ballinfo VALUES ('2019-04-13', 2019041305, '楽天', 'ソフトバンク', 'ミランダ', '左', 'ソフトバンク', '島内 宏明', '左', '楽天', 7, 2, 1, 1, 9, 1, 7, 121, 'フォーク', 66.5, 83.6, 'ボール', 5, 4, 24, 'B18');"
"INSERT INTO ballinfo VALUES ('2019-04-13', 2019041305, '楽天', 'ソフトバンク', 'ミランダ', '左', 'ソフトバンク', '島内 宏明', '左', '楽天', 7, 2, 1, 1, 10, 2, 7, 141, 'ストレート', 34.0, 55.2, '遊ゴロ', 3, 2, 12, 'S4');"
"INSERT INTO ballinfo VALUES ('2019-04-13', 2019041305, '楽天', 'ソフトバンク', 'ミランダ', '左', 'ソフトバンク', 'ウィーラー', '右', '楽天', 7, 2, 2, 1, 1, 0, 0, 121, 'チェンジアップ', 76.0, 85.2, 'ボール', 5, 4, 24, 'B18');"
"INSERT INTO ballinfo VALUES ('2019-04-13', 2019041305, '楽天', 'ソフトバンク', 'ミランダ', '左', 'ソフトバンク', 'ウィーラー', '右', '楽天', 7, 2, 2, 1, 2, 1, 0, 137, 'ストレート', 67.5, 85.2, 'ボール', 5, 4, 24, 'B18');"
"INSERT INTO ballinfo VALUES ('2019-04-13', 2019041305, '楽天', 'ソフトバンク', 'ミランダ', '左', 'ソフトバンク', 'ウィーラー', '右', '楽天', 7, 2, 2, 1, 3, 2, 0, 138, 'ストレート', 55.0, 84.4, 'ボール', 5, 3, 23, 'B17');"
"INSERT INTO ballinfo VALUES ('2019-04-13', 2019041305, '楽天', 'ソフトバンク', 'ミランダ', '左', 'ソフトバンク', 'ウィーラー', '右', '楽天', 7, 2, 2, 1, 4, 3, 0, 138, 'ストレート', 75.5, 55.6, '見逃し', 3, 4, 14, 'S6');"
"INSERT INTO ballinfo VALUES ('2019-04-13', 2019041305, '楽天', 'ソフトバンク', 'ミランダ', '左', 'ソフトバンク', 'ウィーラー', '右', '楽天', 7, 2, 2, 1, 5, 3, 1, 140, 'ストレート', 56.0, 76.4, 'ファウル', 4, 3, 18, 'S8');"
"INSERT INTO ballinfo VALUES ('2019-04-13', 2019041305, '楽天', 'ソフトバンク', 'ミランダ', '左', 'ソフトバンク', 'ウィーラー', '右', '楽天', 7, 2, 2, 1, 6, 3, 2, 141, 'ストレート', 56.5, 70.0, 'ファウル', 4, 3, 18, 'S8');"
"INSERT INTO ballinfo VALUES ('2019-04-13', 2019041305, '楽天', 'ソフトバンク', 'ミランダ', '左', 'ソフトバンク', 'ウィーラー', '右', '楽天', 7, 2, 2, 1, 7, 3, 3, 141, 'ストレート', 46.0, 16.4, 'ファウル', 1, 3, 3, 'B3');"
"INSERT INTO ballinfo VALUES ('2019-04-13', 2019041305, '楽天', 'ソフトバンク', 'ミランダ', '左', 'ソフトバンク', 'ウィーラー', '右', '楽天', 7, 2, 2, 1, 8, 3, 4, 142, 'ストレート', 74.5, 36.8, 'ファウル', 2, 4, 9, 'S3');"
"INSERT INTO ballinfo VALUES ('2019-04-13', 2019041305, '楽天', 'ソフトバンク', 'ミランダ', '左', 'ソフトバンク', 'ウィーラー', '右', '楽天', 7, 2, 2, 1, 9, 3, 5, 141, 'ストレート', 46.5, 75.6, 'ファウル', 4, 3, 18, 'S8');"
"INSERT INTO ballinfo VALUES ('2019-04-13', 2019041305, '楽天', 'ソフトバンク', 'ミランダ', '左', 'ソフトバンク', 'ウィーラー', '右', '楽天', 7, 2, 2, 1, 10, 3, 6, 142, 'ストレート', 48.0, 64.4, '中安', 4, 3, 18, 'S8');"
"INSERT INTO ballinfo VALUES ('2019-04-13', 2019041305, '楽天', 'ソフトバンク', 'ミランダ', '左', 'ソフトバンク', '銀次', '左', '楽天', 7, 2, 3, 2, 1, 0, 0, 124, 'フォーク', 56.0, 36.4, 'ファウル', 2, 3, 8, 'S2');"
"INSERT INTO ballinfo VALUES ('2019-04-13', 2019041305, '楽天', 'ソフトバンク', 'ミランダ', '左', 'ソフトバンク', '銀次', '左', '楽天', 7, 2, 3, 2, 2, 0, 1, 138, 'ストレート', 16.5, 56.4, 'ボール', 3, 1, 11, 'B8');"
"INSERT INTO ballinfo VALUES ('2019-04-13', 2019041305, '楽天', 'ソフトバンク', 'ミランダ', '左', 'ソフトバンク', '銀次', '左', '楽天', 7, 2, 3, 2, 3, 1, 1, 138, 'ストレート', 76.5, 36.0, 'ファウル', 2, 4, 9, 'S3');"
"INSERT INTO ballinfo VALUES ('2019-04-13', 2019041305, '楽天', 'ソフトバンク', 'ミランダ', '左', 'ソフトバンク', '銀次', '左', '楽天', 7, 2, 3, 2, 4, 1, 2, 118, 'チェンジアップ', 35.0, 85.2, 'ボール', 5, 2, 22, 'B16');"
"INSERT INTO ballinfo VALUES ('2019-04-13', 2019041305, '楽天', 'ソフトバンク', 'ミランダ', '左', 'ソフトバンク', '銀次', '左', '楽天', 7, 2, 3, 2, 5, 2, 2, 138, 'ストレート', 36.0, 35.6, 'ファウル', 2, 2, 7, 'S1');"
"INSERT INTO ballinfo VALUES ('2019-04-13', 2019041305, '楽天', 'ソフトバンク', 'ミランダ', '左', 'ソフトバンク', '銀次', '左', '楽天', 7, 2, 3, 2, 6, 2, 3, 140, 'ストレート', 26.0, 84.8, 'ボール', 5, 2, 22, 'B16');"
"INSERT INTO ballinfo VALUES ('2019-04-13', 2019041305, '楽天', 'ソフトバンク', 'ミランダ', '左', 'ソフトバンク', '銀次', '左', '楽天', 7, 2, 3, 2, 7, 3, 3, 141, 'ストレート', 34.5, 15.2, '左飛', 1, 2, 2, 'B2');"
"INSERT INTO ballinfo VALUES ('2019-04-13', 2019041305, '楽天', 'ソフトバンク', 'ミランダ', '左', 'ソフトバンク', 'ブラッシュ', '右', '楽天', 7, 2, 4, 2, 1, 0, 0, 137, 'ストレート', 14.5, 84.0, 'ボール', 5, 1, 21, 'B15');"
"INSERT INTO ballinfo VALUES ('2019-04-13', 2019041305, '楽天', 'ソフトバンク', 'ミランダ', '左', 'ソフトバンク', 'ブラッシュ', '右', '楽天', 7, 2, 4, 2, 2, 1, 0, 137, 'ストレート', 35.5, 35.6, '見逃し', 2, 2, 7, 'S1');"
"INSERT INTO ballinfo VALUES ('2019-04-13', 2019041305, '楽天', 'ソフトバンク', 'ミランダ', '左', 'ソフトバンク', 'ブラッシュ', '右', '楽天', 7, 2, 4, 2, 3, 1, 1, 138, 'ストレート', 55.5, 84.4, 'ボール', 5, 3, 23, 'B17');"
"INSERT INTO ballinfo VALUES ('2019-04-13', 2019041305, '楽天', 'ソフトバンク', 'ミランダ', '左', 'ソフトバンク', 'ブラッシュ', '右', '楽天', 7, 2, 4, 2, 4, 2, 1, 138, 'ストレート', 75.5, 16.8, 'ボール', 1, 4, 4, 'B4');"
"INSERT INTO ballinfo VALUES ('2019-04-13', 2019041305, '楽天', 'ソフトバンク', 'ミランダ', '左', 'ソフトバンク', 'ブラッシュ', '右', '楽天', 7, 2, 4, 2, 5, 3, 1, 138, 'ストレート', 53.5, 15.6, '四球', 1, 3, 3, 'B3');"
"INSERT INTO ballinfo VALUES ('2019-04-13', 2019041305, '楽天', 'ソフトバンク', 'ミランダ', '左', 'ソフトバンク', '足立 祐一', '右', '楽天', 7, 2, 5, 3, 1, 0, 0, 139, 'ストレート', 76.0, 84.0, 'ボール', 5, 4, 24, 'B18');"
"INSERT INTO ballinfo VALUES ('2019-04-13', 2019041305, '楽天', 'ソフトバンク', 'ミランダ', '左', 'ソフトバンク', '足立 祐一', '右', '楽天', 7, 2, 5, 3, 2, 1, 0, 124, 'チェンジアップ', 87.5, 16.8, 'ボール', 1, 5, 5, 'B5');"
"INSERT INTO ballinfo VALUES ('2019-04-13', 2019041305, '楽天', 'ソフトバンク', 'ミランダ', '左', 'ソフトバンク', '足立 祐一', '右', '楽天', 7, 2, 5, 3, 3, 2, 0, 137, 'ストレート', 55.0, 75.6, '見逃し', 4, 3, 18, 'S8');"
"INSERT INTO ballinfo VALUES ('2019-04-13', 2019041305, '楽天', 'ソフトバンク', 'ミランダ', '左', 'ソフトバンク', '足立 祐一', '右', '楽天', 7, 2, 5, 3, 4, 2, 1, 127, 'チェンジアップ', 68.0, 85.2, '空振り', 5, 4, 24, 'B18');"
"INSERT INTO ballinfo VALUES ('2019-04-13', 2019041305, '楽天', 'ソフトバンク', 'ミランダ', '左', 'ソフトバンク', '足立 祐一', '右', '楽天', 7, 2, 5, 3, 5, 2, 2, 126, 'チェンジアップ', 46.5, 75.6, 'ファウル', 4, 3, 18, 'S8');"
"INSERT INTO ballinfo VALUES ('2019-04-13', 2019041305, '楽天', 'ソフトバンク', 'ミランダ', '左', 'ソフトバンク', '足立 祐一', '右', '楽天', 7, 2, 5, 3, 6, 2, 3, 126, 'フォーク', 69.5, 50.0, '二飛', 3, 4, 14, 'S6');"
"INSERT INTO ballinfo VALUES ('2019-04-13', 2019041305, '楽天', 'ソフトバンク', '美馬 学', '右', '楽天', '福田 秀平', '左', 'ソフトバンク', 8, 1, 1, 0, 1, 0, 0, 128, 'スライダー', 53.0, 17.2, 'ボール', 1, 3, 3, 'B3');"
"INSERT INTO ballinfo VALUES ('2019-04-13', 2019041305, '楽天', 'ソフトバンク', '美馬 学', '右', '楽天', '福田 秀平', '左', 'ソフトバンク', 8, 1, 1, 0, 2, 1, 0, 124, 'カーブ', 35.5, 84.8, 'ボール', 5, 2, 22, 'B16');"
"INSERT INTO ballinfo VALUES ('2019-04-13', 2019041305, '楽天', 'ソフトバンク', '美馬 学', '右', '楽天', '福田 秀平', '左', 'ソフトバンク', 8, 1, 1, 0, 3, 2, 0, 141, 'シュート', 37.5, 56.8, '見逃し', 3, 2, 12, 'S4');"
"INSERT INTO ballinfo VALUES ('2019-04-13', 2019041305, '楽天', 'ソフトバンク', '美馬 学', '右', '楽天', '福田 秀平', '左', 'ソフトバンク', 8, 1, 1, 0, 4, 2, 1, 141, 'シュート', 36.0, 35.2, '見逃し', 2, 2, 7, 'S1');"
"INSERT INTO ballinfo VALUES ('2019-04-13', 2019041305, '楽天', 'ソフトバンク', '美馬 学', '右', '楽天', '福田 秀平', '左', 'ソフトバンク', 8, 1, 1, 0, 5, 2, 2, 126, 'カーブ', 27.5, 56.4, '左安', 3, 2, 12, 'S4');"
"INSERT INTO ballinfo VALUES ('2019-04-13', 2019041305, '楽天', 'ソフトバンク', '美馬 学', '右', '楽天', '甲斐 拓也', '右', 'ソフトバンク', 8, 1, 2, 1, 1, 0, 0, 136, 'スライダー', 51.5, 33.2, '一犠打', 2, 3, 8, 'S2');"
"INSERT INTO ballinfo VALUES ('2019-04-13', 2019041305, '楽天', 'ソフトバンク', '美馬 学', '右', '楽天', '高田 知季', '左', 'ソフトバンク', 8, 1, 3, 2, 1, 0, 0, 144, 'ストレート', 16.0, 36.0, 'ボール', 2, 1, 6, 'B6');"
"INSERT INTO ballinfo VALUES ('2019-04-13', 2019041305, '楽天', 'ソフトバンク', '美馬 学', '右', '楽天', '高田 知季', '左', 'ソフトバンク', 8, 1, 3, 2, 2, 1, 0, 127, 'カーブ', 55.5, 84.8, '空振り', 5, 3, 23, 'B17');"
"INSERT INTO ballinfo VALUES ('2019-04-13', 2019041305, '楽天', 'ソフトバンク', '美馬 学', '右', '楽天', '高田 知季', '左', 'ソフトバンク', 8, 1, 3, 2, 3, 1, 1, 131, 'チェンジアップ', 34.5, 84.8, 'ボール', 5, 2, 22, 'B16');"
"INSERT INTO ballinfo VALUES ('2019-04-13', 2019041305, '楽天', 'ソフトバンク', '美馬 学', '右', '楽天', '高田 知季', '左', 'ソフトバンク', 8, 1, 3, 2, 4, 2, 1, 143, 'シュート', 16.5, 75.6, 'ファウル', 4, 1, 16, 'B10');"
"INSERT INTO ballinfo VALUES ('2019-04-13', 2019041305, '楽天', 'ソフトバンク', '美馬 学', '右', '楽天', '高田 知季', '左', 'ソフトバンク', 8, 1, 3, 2, 5, 2, 2, 134, 'フォーク', 16.5, 55.6, '空三振', 3, 1, 11, 'B8');"
"INSERT INTO ballinfo VALUES ('2019-04-13', 2019041305, '楽天', 'ソフトバンク', '美馬 学', '右', '楽天', '牧原 大成', '左', 'ソフトバンク', 8, 1, 4, 3, 1, 0, 0, 126, 'カーブ', 86.5, 87.2, 'ボール', 5, 5, 25, 'B19');"
"INSERT INTO ballinfo VALUES ('2019-04-13', 2019041305, '楽天', 'ソフトバンク', '美馬 学', '右', '楽天', '牧原 大成', '左', 'ソフトバンク', 8, 1, 4, 3, 2, 1, 0, 140, 'シュート', 48.5, 76.4, '見逃し', 4, 3, 18, 'S8');"
"INSERT INTO ballinfo VALUES ('2019-04-13', 2019041305, '楽天', 'ソフトバンク', '美馬 学', '右', '楽天', '牧原 大成', '左', 'ソフトバンク', 8, 1, 4, 3, 3, 1, 1, 144, 'ストレート', 14.0, 17.2, 'ボール', 1, 1, 1, 'B1');"
"INSERT INTO ballinfo VALUES ('2019-04-13', 2019041305, '楽天', 'ソフトバンク', '美馬 学', '右', '楽天', '牧原 大成', '左', 'ソフトバンク', 8, 1, 4, 3, 4, 2, 1, 134, 'チェンジアップ', 16.0, 76.0, '空振り', 4, 1, 16, 'B10');"
"INSERT INTO ballinfo VALUES ('2019-04-13', 2019041305, '楽天', 'ソフトバンク', '美馬 学', '右', '楽天', '牧原 大成', '左', 'ソフトバンク', 8, 1, 4, 3, 5, 2, 2, 136, 'チェンジアップ', 34.5, 84.4, 'ファウル', 5, 2, 22, 'B16');"
"INSERT INTO ballinfo VALUES ('2019-04-13', 2019041305, '楽天', 'ソフトバンク', '美馬 学', '右', '楽天', '牧原 大成', '左', 'ソフトバンク', 8, 1, 4, 3, 6, 2, 3, 144, 'ストレート', 55.5, 84.4, 'ボール', 5, 3, 23, 'B17');"
"INSERT INTO ballinfo VALUES ('2019-04-13', 2019041305, '楽天', 'ソフトバンク', '美馬 学', '右', '楽天', '牧原 大成', '左', 'ソフトバンク', 8, 1, 4, 3, 7, 3, 3, 0, 'チェンジアップ', 31.0, 90.8, '空三振', 5, 2, 22, 'B16');"
"INSERT INTO ballinfo VALUES ('2019-04-13', 2019041305, '楽天', 'ソフトバンク', '甲斐野 央', '右', 'ソフトバンク', 'オコエ 瑠偉', '右', '楽天', 8, 2, 1, 1, 1, 0, 0, 150, 'ストレート', 86.5, 55.2, 'ボール', 3, 5, 15, 'B9');"
"INSERT INTO ballinfo VALUES ('2019-04-13', 2019041305, '楽天', 'ソフトバンク', '甲斐野 央', '右', 'ソフトバンク', 'オコエ 瑠偉', '右', '楽天', 8, 2, 1, 1, 2, 1, 0, 150, 'ストレート', 69.5, 34.8, 'ファウル', 2, 4, 9, 'S3');"
"INSERT INTO ballinfo VALUES ('2019-04-13', 2019041305, '楽天', 'ソフトバンク', '甲斐野 央', '右', 'ソフトバンク', 'オコエ 瑠偉', '右', '楽天', 8, 2, 1, 1, 3, 1, 1, 152, 'ストレート', 36.5, 56.4, 'ファウル', 3, 2, 12, 'S4');"
"INSERT INTO ballinfo VALUES ('2019-04-13', 2019041305, '楽天', 'ソフトバンク', '甲斐野 央', '右', 'ソフトバンク', 'オコエ 瑠偉', '右', '楽天', 8, 2, 1, 1, 4, 1, 2, 152, 'ストレート', 55.0, 75.2, '見三振', 4, 3, 18, 'S8');"
"INSERT INTO ballinfo VALUES ('2019-04-13', 2019041305, '楽天', 'ソフトバンク', '甲斐野 央', '右', 'ソフトバンク', '田中 和基', '左', '楽天', 8, 2, 2, 2, 1, 0, 0, 133, 'フォーク', 34.5, 74.4, '見逃し', 4, 2, 17, 'S7');"
"INSERT INTO ballinfo VALUES ('2019-04-13', 2019041305, '楽天', 'ソフトバンク', '甲斐野 央', '右', 'ソフトバンク', '田中 和基', '左', '楽天', 8, 2, 2, 2, 2, 0, 1, 153, 'ストレート', 34.5, 53.2, '左飛', 3, 2, 12, 'S4');"
"INSERT INTO ballinfo VALUES ('2019-04-13', 2019041305, '楽天', 'ソフトバンク', '甲斐野 央', '右', 'ソフトバンク', '茂木 栄五郎', '左', '楽天', 8, 2, 3, 2, 1, 0, 0, 153, 'ストレート', 17.0, 77.2, 'ボール', 4, 1, 16, 'B10');"
"INSERT INTO ballinfo VALUES ('2019-04-13', 2019041305, '楽天', 'ソフトバンク', '甲斐野 央', '右', 'ソフトバンク', '茂木 栄五郎', '左', '楽天', 8, 2, 3, 2, 2, 1, 0, 151, 'ストレート', 36.5, 36.0, 'ファウル', 2, 2, 7, 'S1');"
"INSERT INTO ballinfo VALUES ('2019-04-13', 2019041305, '楽天', 'ソフトバンク', '甲斐野 央', '右', 'ソフトバンク', '茂木 栄五郎', '左', '楽天', 8, 2, 3, 2, 3, 1, 1, 150, 'ストレート', 36.5, 56.4, '見逃し', 3, 2, 12, 'S4');"
"INSERT INTO ballinfo VALUES ('2019-04-13', 2019041305, '楽天', 'ソフトバンク', '甲斐野 央', '右', 'ソフトバンク', '茂木 栄五郎', '左', '楽天', 8, 2, 3, 2, 4, 1, 2, 132, 'スライダー', 16.5, 56.4, 'ボール', 3, 1, 11, 'B8');"
"INSERT INTO ballinfo VALUES ('2019-04-13', 2019041305, '楽天', 'ソフトバンク', '甲斐野 央', '右', 'ソフトバンク', '茂木 栄五郎', '左', '楽天', 8, 2, 3, 2, 5, 2, 2, 153, 'ストレート', 35.5, 16.4, 'ファウル', 1, 2, 2, 'B2');"
"INSERT INTO ballinfo VALUES ('2019-04-13', 2019041305, '楽天', 'ソフトバンク', '甲斐野 央', '右', 'ソフトバンク', '茂木 栄五郎', '左', '楽天', 8, 2, 3, 2, 6, 2, 3, 152, 'ストレート', 35.5, 84.8, 'ボール', 5, 2, 22, 'B16');"
"INSERT INTO ballinfo VALUES ('2019-04-13', 2019041305, '楽天', 'ソフトバンク', '甲斐野 央', '右', 'ソフトバンク', '茂木 栄五郎', '左', '楽天', 8, 2, 3, 2, 7, 3, 3, 153, 'ストレート', 54.0, 84.4, '四球', 5, 3, 23, 'B17');"
"INSERT INTO ballinfo VALUES ('2019-04-13', 2019041305, '楽天', 'ソフトバンク', '甲斐野 央', '右', 'ソフトバンク', '浅村 栄斗', '右', '楽天', 8, 2, 4, 2, 1, 0, 0, 151, 'ストレート', 55.0, 84.4, 'ボール', 5, 3, 23, 'B17');"
"INSERT INTO ballinfo VALUES ('2019-04-13', 2019041305, '楽天', 'ソフトバンク', '甲斐野 央', '右', 'ソフトバンク', '浅村 栄斗', '右', '楽天', 8, 2, 4, 2, 2, 1, 0, 135, 'スライダー', 88.0, 74.4, 'ボール', 4, 5, 20, 'B11');"
"INSERT INTO ballinfo VALUES ('2019-04-13', 2019041305, '楽天', 'ソフトバンク', '甲斐野 央', '右', 'ソフトバンク', '浅村 栄斗', '右', '楽天', 8, 2, 4, 2, 3, 2, 0, 151, 'ストレート', 88.0, 67.6, 'ボール', 4, 5, 20, 'B11');"
"INSERT INTO ballinfo VALUES ('2019-04-13', 2019041305, '楽天', 'ソフトバンク', '甲斐野 央', '右', 'ソフトバンク', '浅村 栄斗', '右', '楽天', 8, 2, 4, 2, 4, 3, 0, 151, 'ストレート', 74.0, 16.4, '四球', 1, 4, 4, 'B4');"
"INSERT INTO ballinfo VALUES ('2019-04-13', 2019041305, '楽天', 'ソフトバンク', '甲斐野 央', '右', 'ソフトバンク', '島内 宏明', '左', '楽天', 8, 2, 5, 3, 1, 0, 0, 151, 'ストレート', 37.0, 71.6, '二ゴロ', 4, 2, 17, 'S7');"
"INSERT INTO ballinfo VALUES ('2019-04-13', 2019041305, '楽天', 'ソフトバンク', '松井 裕樹', '左', '楽天', '今宮 健太', '右', 'ソフトバンク', 9, 1, 1, 1, 1, 0, 0, 145, 'ストレート', 34.5, 17.2, 'ボール', 1, 2, 2, 'B2');"
"INSERT INTO ballinfo VALUES ('2019-04-13', 2019041305, '楽天', 'ソフトバンク', '松井 裕樹', '左', '楽天', '今宮 健太', '右', 'ソフトバンク', 9, 1, 1, 1, 2, 1, 0, 144, 'ストレート', 37.0, 56.0, '見逃し', 3, 2, 12, 'S4');"
"INSERT INTO ballinfo VALUES ('2019-04-13', 2019041305, '楽天', 'ソフトバンク', '松井 裕樹', '左', '楽天', '今宮 健太', '右', 'ソフトバンク', 9, 1, 1, 1, 3, 1, 1, 146, 'ストレート', 56.0, 36.4, '空振り', 2, 3, 8, 'S2');"
"INSERT INTO ballinfo VALUES ('2019-04-13', 2019041305, '楽天', 'ソフトバンク', '松井 裕樹', '左', '楽天', '今宮 健太', '右', 'ソフトバンク', 9, 1, 1, 1, 4, 1, 2, 132, 'チェンジアップ', 49.0, 67.6, '右飛', 4, 3, 18, 'S8');"
"INSERT INTO ballinfo VALUES ('2019-04-13', 2019041305, '楽天', 'ソフトバンク', '松井 裕樹', '左', '楽天', '内川 聖一', '右', 'ソフトバンク', 9, 1, 2, 2, 1, 0, 0, 144, 'ストレート', 34.5, 84.4, 'ボール', 5, 2, 22, 'B16');"
"INSERT INTO ballinfo VALUES ('2019-04-13', 2019041305, '楽天', 'ソフトバンク', '松井 裕樹', '左', '楽天', '内川 聖一', '右', 'ソフトバンク', 9, 1, 2, 2, 2, 1, 0, 146, 'ストレート', 36.0, 36.4, 'ファウル', 2, 2, 7, 'S1');"
"INSERT INTO ballinfo VALUES ('2019-04-13', 2019041305, '楽天', 'ソフトバンク', '松井 裕樹', '左', '楽天', '内川 聖一', '右', 'ソフトバンク', 9, 1, 2, 2, 3, 1, 1, 145, 'ストレート', 34.5, 29.2, '一飛', 2, 2, 7, 'S1');"
"INSERT INTO ballinfo VALUES ('2019-04-13', 2019041305, '楽天', 'ソフトバンク', '松井 裕樹', '左', '楽天', 'デスパイネ', '右', 'ソフトバンク', 9, 1, 3, 3, 1, 0, 0, 132, 'スライダー', 37.0, 84.4, 'ボール', 5, 2, 22, 'B16');"
"INSERT INTO ballinfo VALUES ('2019-04-13', 2019041305, '楽天', 'ソフトバンク', '松井 裕樹', '左', '楽天', 'デスパイネ', '右', 'ソフトバンク', 9, 1, 3, 3, 2, 1, 0, 149, 'ストレート', 47.5, 36.0, 'ファウル', 2, 3, 8, 'S2');"
"INSERT INTO ballinfo VALUES ('2019-04-13', 2019041305, '楽天', 'ソフトバンク', '松井 裕樹', '左', '楽天', 'デスパイネ', '右', 'ソフトバンク', 9, 1, 3, 3, 3, 1, 1, 132, 'チェンジアップ', 56.5, 75.2, 'ファウル', 4, 3, 18, 'S8');"
"INSERT INTO ballinfo VALUES ('2019-04-13', 2019041305, '楽天', 'ソフトバンク', '松井 裕樹', '左', '楽天', 'デスパイネ', '右', 'ソフトバンク', 9, 1, 3, 3, 4, 1, 2, 132, 'スライダー', 51.0, 56.4, '遊ゴロ', 3, 3, 13, 'S5');"
"INSERT INTO ballinfo VALUES ('2019-04-13', 2019041305, '楽天', 'ソフトバンク', '加治屋 蓮', '右', 'ソフトバンク', 'ウィーラー', '右', '楽天', 9, 2, 1, 0, 1, 0, 0, 146, 'ストレート', 87.5, 35.6, 'ボール', 2, 5, 10, 'B7');"
"INSERT INTO ballinfo VALUES ('2019-04-13', 2019041305, '楽天', 'ソフトバンク', '加治屋 蓮', '右', 'ソフトバンク', 'ウィーラー', '右', '楽天', 9, 2, 1, 0, 2, 1, 0, 124, 'カーブ', 86.5, 86.0, 'ボール', 5, 5, 25, 'B19');"
"INSERT INTO ballinfo VALUES ('2019-04-13', 2019041305, '楽天', 'ソフトバンク', '加治屋 蓮', '右', 'ソフトバンク', 'ウィーラー', '右', '楽天', 9, 2, 1, 0, 3, 2, 0, 147, 'ストレート', 86.5, 56.0, 'ボール', 3, 5, 15, 'B9');"
"INSERT INTO ballinfo VALUES ('2019-04-13', 2019041305, '楽天', 'ソフトバンク', '加治屋 蓮', '右', 'ソフトバンク', 'ウィーラー', '右', '楽天', 9, 2, 1, 0, 4, 3, 0, 146, 'ストレート', 76.0, 35.6, '見逃し', 2, 4, 9, 'S3');"
"INSERT INTO ballinfo VALUES ('2019-04-13', 2019041305, '楽天', 'ソフトバンク', '加治屋 蓮', '右', 'ソフトバンク', 'ウィーラー', '右', '楽天', 9, 2, 1, 0, 5, 3, 1, 147, 'ストレート', 71.5, 84.8, '四球', 5, 4, 24, 'B18');"
"INSERT INTO ballinfo VALUES ('2019-04-13', 2019041305, '楽天', 'ソフトバンク', '加治屋 蓮', '右', 'ソフトバンク', '銀次', '左', '楽天', 9, 2, 2, 1, 1, 0, 0, 145, 'ストレート', 51.0, 52.8, '投犠打', 3, 3, 13, 'S5');"
"INSERT INTO ballinfo VALUES ('2019-04-13', 2019041305, '楽天', 'ソフトバンク', '加治屋 蓮', '右', 'ソフトバンク', 'ブラッシュ', '右', '楽天', 9, 2, 3, 2, 1, 0, 0, 138, 'フォーク', 55.5, 77.2, '見逃し', 4, 3, 18, 'S8');"
"INSERT INTO ballinfo VALUES ('2019-04-13', 2019041305, '楽天', 'ソフトバンク', '加治屋 蓮', '右', 'ソフトバンク', 'ブラッシュ', '右', '楽天', 9, 2, 3, 2, 2, 0, 1, 144, 'ストレート', 35.0, 55.6, 'ファウル', 3, 2, 12, 'S4');"
"INSERT INTO ballinfo VALUES ('2019-04-13', 2019041305, '楽天', 'ソフトバンク', '加治屋 蓮', '右', 'ソフトバンク', 'ブラッシュ', '右', '楽天', 9, 2, 3, 2, 3, 0, 2, 139, 'フォーク', 77.0, 84.4, 'ボール', 5, 4, 24, 'B18');"
"INSERT INTO ballinfo VALUES ('2019-04-13', 2019041305, '楽天', 'ソフトバンク', '加治屋 蓮', '右', 'ソフトバンク', 'ブラッシュ', '右', '楽天', 9, 2, 3, 2, 4, 1, 2, 146, 'ストレート', 26.5, 56.0, 'ファウル', 3, 2, 12, 'S4');"
"INSERT INTO ballinfo VALUES ('2019-04-13', 2019041305, '楽天', 'ソフトバンク', '加治屋 蓮', '右', 'ソフトバンク', 'ブラッシュ', '右', '楽天', 9, 2, 3, 2, 5, 1, 3, 123, 'カーブ', 87.5, 85.6, '空三振', 5, 5, 25, 'B19');"
"INSERT INTO ballinfo VALUES ('2019-04-13', 2019041305, '楽天', 'ソフトバンク', '加治屋 蓮', '右', 'ソフトバンク', '渡辺 直人', '右', '楽天', 9, 2, 5, 3, 1, 0, 0, 120, 'カーブ', 10.5, 16.8, 'ボール', 1, 1, 1, 'B1');"
"INSERT INTO ballinfo VALUES ('2019-04-13', 2019041305, '楽天', 'ソフトバンク', '加治屋 蓮', '右', 'ソフトバンク', '渡辺 直人', '右', '楽天', 9, 2, 5, 3, 2, 1, 0, 146, 'ストレート', 76.5, 84.8, 'ボール', 5, 4, 24, 'B18');"
"INSERT INTO ballinfo VALUES ('2019-04-13', 2019041305, '楽天', 'ソフトバンク', '加治屋 蓮', '右', 'ソフトバンク', '渡辺 直人', '右', '楽天', 9, 2, 5, 3, 3, 2, 0, 147, 'ストレート', 87.5, 85.6, 'ボール', 5, 5, 25, 'B19');"
"INSERT INTO ballinfo VALUES ('2019-04-13', 2019041305, '楽天', 'ソフトバンク', '加治屋 蓮', '右', 'ソフトバンク', '渡辺 直人', '右', '楽天', 9, 2, 5, 3, 4, 3, 0, 146, 'ストレート', 36.0, 56.4, '見逃し', 3, 2, 12, 'S4');"
"INSERT INTO ballinfo VALUES ('2019-04-13', 2019041305, '楽天', 'ソフトバンク', '加治屋 蓮', '右', 'ソフトバンク', '渡辺 直人', '右', '楽天', 9, 2, 5, 3, 5, 3, 1, 146, 'ストレート', 33.5, 73.2, '遊ゴロ', 4, 2, 17, 'S7');"
"INSERT INTO ballinfo VALUES ('2019-04-13', 2019041305, '楽天', 'ソフトバンク', 'ハーマン', '右', '楽天', '上林 誠知', '左', 'ソフトバンク', 10, 1, 1, 1, 1, 0, 0, 125, 'チェンジアップ', 34.0, 67.6, '一ゴロ', 4, 2, 17, 'S7');"
"INSERT INTO ballinfo VALUES ('2019-04-13', 2019041305, '楽天', 'ソフトバンク', 'ハーマン', '右', '楽天', '松田 宣浩', '右', 'ソフトバンク', 10, 1, 2, 1, 1, 0, 0, 148, 'ストレート', 73.5, 30.4, 'ファウル', 2, 4, 9, 'S3');"
"INSERT INTO ballinfo VALUES ('2019-04-13', 2019041305, '楽天', 'ソフトバンク', 'ハーマン', '右', '楽天', '松田 宣浩', '右', 'ソフトバンク', 10, 1, 2, 1, 2, 0, 1, 138, 'カットボール', 76.0, 17.2, 'ボール', 1, 4, 4, 'B4');"
"INSERT INTO ballinfo VALUES ('2019-04-13', 2019041305, '楽天', 'ソフトバンク', 'ハーマン', '右', '楽天', '松田 宣浩', '右', 'ソフトバンク', 10, 1, 2, 1, 3, 1, 1, 126, 'カーブ', 74.0, 52.4, '中安', 3, 4, 14, 'S6');"
"INSERT INTO ballinfo VALUES ('2019-04-13', 2019041305, '楽天', 'ソフトバンク', 'ハーマン', '右', '楽天', '福田 秀平', '左', 'ソフトバンク', 10, 1, 3, 1, 1, 0, 0, 126, 'カーブ', 16.0, 77.2, 'ボール', 4, 1, 16, 'B10');"
"INSERT INTO ballinfo VALUES ('2019-04-13', 2019041305, '楽天', 'ソフトバンク', 'ハーマン', '右', '楽天', '福田 秀平', '左', 'ソフトバンク', 10, 1, 3, 1, 2, 1, 0, 145, 'ストレート', 14.0, 17.2, 'ボール', 1, 1, 1, 'B1');"
"INSERT INTO ballinfo VALUES ('2019-04-13', 2019041305, '楽天', 'ソフトバンク', 'ハーマン', '右', '楽天', '福田 秀平', '左', 'ソフトバンク', 10, 1, 3, 1, 3, 2, 0, 143, 'ストレート', 30.5, 13.6, 'ボール', 1, 2, 2, 'B2');"
"INSERT INTO ballinfo VALUES ('2019-04-13', 2019041305, '楽天', 'ソフトバンク', 'ハーマン', '右', '楽天', '福田 秀平', '左', 'ソフトバンク', 10, 1, 3, 1, 4, 3, 0, 145, 'ストレート', 56.5, 55.6, 'ファウル', 3, 3, 13, 'S5');"
"INSERT INTO ballinfo VALUES ('2019-04-13', 2019041305, '楽天', 'ソフトバンク', 'ハーマン', '右', '楽天', '福田 秀平', '左', 'ソフトバンク', 10, 1, 3, 1, 5, 3, 1, 144, 'ストレート', 14.5, 31.2, '四球', 2, 1, 6, 'B6');"
"INSERT INTO ballinfo VALUES ('2019-04-13', 2019041305, '楽天', 'ソフトバンク', 'ハーマン', '右', '楽天', '川島 慶三', '右', 'ソフトバンク', 10, 1, 4, 2, 1, 0, 0, 140, 'カットボール', 75.5, 56.8, '見逃し', 3, 4, 14, 'S6');"
"INSERT INTO ballinfo VALUES ('2019-04-13', 2019041305, '楽天', 'ソフトバンク', 'ハーマン', '右', '楽天', '川島 慶三', '右', 'ソフトバンク', 10, 1, 4, 2, 2, 0, 1, 146, 'ストレート', 76.5, 76.0, '見逃し', 4, 4, 19, 'S9');"
"INSERT INTO ballinfo VALUES ('2019-04-13', 2019041305, '楽天', 'ソフトバンク', 'ハーマン', '右', '楽天', '川島 慶三', '右', 'ソフトバンク', 10, 1, 4, 2, 3, 0, 2, 150, 'ストレート', 87.5, 86.4, 'ボール', 5, 5, 25, 'B19');"
"INSERT INTO ballinfo VALUES ('2019-04-13', 2019041305, '楽天', 'ソフトバンク', 'ハーマン', '右', '楽天', '川島 慶三', '右', 'ソフトバンク', 10, 1, 4, 2, 4, 1, 2, 128, 'カーブ', 35.0, 76.4, 'ファウル', 4, 2, 17, 'S7');"
"INSERT INTO ballinfo VALUES ('2019-04-13', 2019041305, '楽天', 'ソフトバンク', 'ハーマン', '右', '楽天', '川島 慶三', '右', 'ソフトバンク', 10, 1, 4, 2, 5, 1, 3, 148, 'ストレート', 87.5, 36.0, 'ファウル', 2, 5, 10, 'B7');"
"INSERT INTO ballinfo VALUES ('2019-04-13', 2019041305, '楽天', 'ソフトバンク', 'ハーマン', '右', '楽天', '川島 慶三', '右', 'ソフトバンク', 10, 1, 4, 2, 6, 1, 4, 140, 'カットボール', 34.5, 36.4, '遊ゴロ', 2, 2, 7, 'S1');"
"INSERT INTO ballinfo VALUES ('2019-04-13', 2019041305, '楽天', 'ソフトバンク', 'ハーマン', '右', '楽天', '栗原 陵矢', '左', 'ソフトバンク', 10, 1, 5, 2, 1, 0, 0, 145, 'ストレート', 34.5, 85.6, '中安', 5, 2, 22, 'B16');"
"INSERT INTO ballinfo VALUES ('2019-04-13', 2019041305, '楽天', 'ソフトバンク', '高梨 雄平', '左', '楽天', '美間 優槻', '右', 'ソフトバンク', 10, 1, 6, 3, 1, 0, 0, 136, 'シュート', 83.0, 36.8, 'ボール', 2, 5, 10, 'B7');"
"INSERT INTO ballinfo VALUES ('2019-04-13', 2019041305, '楽天', 'ソフトバンク', '高梨 雄平', '左', '楽天', '美間 優槻', '右', 'ソフトバンク', 10, 1, 6, 3, 2, 1, 0, 123, 'スライダー', 31.5, 73.2, '捕飛', 4, 2, 17, 'S7');"
"INSERT INTO ballinfo VALUES ('2019-04-13', 2019041305, '楽天', 'ソフトバンク', '森 唯斗', '右', 'ソフトバンク', '田中 和基', '左', '楽天', 10, 2, 1, 0, 1, 0, 0, 148, 'ストレート', 74.5, 87.6, 'ボール', 5, 4, 24, 'B18');"
"INSERT INTO ballinfo VALUES ('2019-04-13', 2019041305, '楽天', 'ソフトバンク', '森 唯斗', '右', 'ソフトバンク', '田中 和基', '左', '楽天', 10, 2, 1, 0, 2, 1, 0, 145, 'ストレート', 90.5, 73.2, 'ボール', 4, 5, 20, 'B11');"
"INSERT INTO ballinfo VALUES ('2019-04-13', 2019041305, '楽天', 'ソフトバンク', '森 唯斗', '右', 'ソフトバンク', '田中 和基', '左', '楽天', 10, 2, 1, 0, 3, 2, 0, 141, 'カットボール', 67.5, 85.2, 'ボール', 5, 4, 24, 'B18');"
"INSERT INTO ballinfo VALUES ('2019-04-13', 2019041305, '楽天', 'ソフトバンク', '森 唯斗', '右', 'ソフトバンク', '田中 和基', '左', '楽天', 10, 2, 1, 0, 4, 3, 0, 145, 'ストレート', 89.0, 66.4, '四球', 4, 5, 20, 'B11');"
"INSERT INTO ballinfo VALUES ('2019-04-13', 2019041305, '楽天', 'ソフトバンク', '森 唯斗', '右', 'ソフトバンク', '茂木 栄五郎', '左', '楽天', 10, 2, 2, 1, 1, 0, 0, 147, 'ストレート', 74.5, 84.8, 'ボール', 5, 4, 24, 'B18');"
"INSERT INTO ballinfo VALUES ('2019-04-13', 2019041305, '楽天', 'ソフトバンク', '森 唯斗', '右', 'ソフトバンク', '茂木 栄五郎', '左', '楽天', 10, 2, 2, 1, 2, 1, 0, 148, 'ストレート', 34.0, 85.6, 'ボール', 5, 2, 22, 'B16');"
"INSERT INTO ballinfo VALUES ('2019-04-13', 2019041305, '楽天', 'ソフトバンク', '森 唯斗', '右', 'ソフトバンク', '茂木 栄五郎', '左', '楽天', 10, 2, 2, 1, 3, 2, 0, 147, 'ストレート', 48.5, 53.2, '捕邪飛', 3, 3, 13, 'S5');"
"INSERT INTO ballinfo VALUES ('2019-04-13', 2019041305, '楽天', 'ソフトバンク', '森 唯斗', '右', 'ソフトバンク', '浅村 栄斗', '右', '楽天', 10, 2, 3, 3, 1, 0, 0, 146, 'ストレート', 75.5, 66.0, '見逃し', 4, 4, 19, 'S9');"
"INSERT INTO ballinfo VALUES ('2019-04-13', 2019041305, '楽天', 'ソフトバンク', '森 唯斗', '右', 'ソフトバンク', '浅村 栄斗', '右', '楽天', 10, 2, 3, 3, 2, 0, 1, 147, 'ストレート', 87.5, 56.0, 'ボール', 3, 5, 15, 'B9');"
"INSERT INTO ballinfo VALUES ('2019-04-13', 2019041305, '楽天', 'ソフトバンク', '森 唯斗', '右', 'ソフトバンク', '浅村 栄斗', '右', '楽天', 10, 2, 3, 3, 3, 1, 1, 144, 'カットボール', 86.5, 50.4, 'ボール', 3, 5, 15, 'B9');"
"INSERT INTO ballinfo VALUES ('2019-04-13', 2019041305, '楽天', 'ソフトバンク', '森 唯斗', '右', 'ソフトバンク', '浅村 栄斗', '右', '楽天', 10, 2, 3, 3, 4, 2, 1, 141, 'カットボール', 66.5, 64.8, '見逃し', 4, 4, 19, 'S9');"
"INSERT INTO ballinfo VALUES ('2019-04-13', 2019041305, '楽天', 'ソフトバンク', '森 唯斗', '右', 'ソフトバンク', '浅村 栄斗', '右', '楽天', 10, 2, 3, 3, 5, 2, 2, 145, 'ストレート', 88.5, 73.6, 'ボール', 4, 5, 20, 'B11');"
"INSERT INTO ballinfo VALUES ('2019-04-13', 2019041305, '楽天', 'ソフトバンク', '森 唯斗', '右', 'ソフトバンク', '浅村 栄斗', '右', '楽天', 10, 2, 3, 3, 6, 3, 2, 144, 'ストレート', 75.0, 72.4, 'ファウル', 4, 4, 19, 'S9');"
"INSERT INTO ballinfo VALUES ('2019-04-13', 2019041305, '楽天', 'ソフトバンク', '森 唯斗', '右', 'ソフトバンク', '浅村 栄斗', '右', '楽天', 10, 2, 3, 3, 7, 3, 3, 147, 'ストレート', 74.5, 53.2, '空振り', 3, 4, 14, 'S6');"
