"INSERT INTO ballinfo VALUES ('2019-04-13', 2019041306, '西武', 'オリックス', '今井 達也', '右', '西武', '西浦 颯大', '左', 'オリックス', 1, 1, 1, 0, 1, 0, 0, 151, 'ストレート', 51.5, 28.0, 'ファウル', 2, 3, 8, 'S2');"
"INSERT INTO ballinfo VALUES ('2019-04-13', 2019041306, '西武', 'オリックス', '今井 達也', '右', '西武', '西浦 颯大', '左', 'オリックス', 1, 1, 1, 0, 2, 0, 1, 145, 'ストレート', 74.0, 14.4, 'ボール', 1, 4, 4, 'B4');"
"INSERT INTO ballinfo VALUES ('2019-04-13', 2019041306, '西武', 'オリックス', '今井 達也', '右', '西武', '西浦 颯大', '左', 'オリックス', 1, 1, 1, 0, 3, 1, 1, 150, 'ストレート', 10.5, 71.2, 'ボール', 4, 1, 16, 'B10');"
"INSERT INTO ballinfo VALUES ('2019-04-13', 2019041306, '西武', 'オリックス', '今井 達也', '右', '西武', '西浦 颯大', '左', 'オリックス', 1, 1, 1, 0, 4, 2, 1, 149, 'ストレート', 11.5, 13.2, 'ボール', 1, 1, 1, 'B1');"
"INSERT INTO ballinfo VALUES ('2019-04-13', 2019041306, '西武', 'オリックス', '今井 達也', '右', '西武', '西浦 颯大', '左', 'オリックス', 1, 1, 1, 0, 5, 3, 1, 150, 'ストレート', 6.0, 25.2, '四球', 2, 1, 6, 'B6');"
"INSERT INTO ballinfo VALUES ('2019-04-13', 2019041306, '西武', 'オリックス', '今井 達也', '右', '西武', '福田 周平', '左', 'オリックス', 1, 1, 2, 0, 1, 0, 0, 127, 'スライダー', 75.0, 13.6, 'ボール', 1, 4, 4, 'B4');"
"INSERT INTO ballinfo VALUES ('2019-04-13', 2019041306, '西武', 'オリックス', '今井 達也', '右', '西武', '福田 周平', '左', 'オリックス', 1, 1, 2, 0, 2, 1, 0, 146, 'ストレート', 26.5, 49.2, '見逃し', 3, 2, 12, 'S4');"
"INSERT INTO ballinfo VALUES ('2019-04-13', 2019041306, '西武', 'オリックス', '今井 達也', '右', '西武', '福田 周平', '左', 'オリックス', 1, 1, 2, 0, 3, 1, 1, 139, 'チェンジアップ', 7.5, 68.8, 'ボール', 4, 1, 16, 'B10');"
"INSERT INTO ballinfo VALUES ('2019-04-13', 2019041306, '西武', 'オリックス', '今井 達也', '右', '西武', '福田 周平', '左', 'オリックス', 1, 1, 2, 0, 4, 2, 1, 138, 'チェンジアップ', 29.5, 56.0, 'ファウル', 3, 2, 12, 'S4');"
"INSERT INTO ballinfo VALUES ('2019-04-13', 2019041306, '西武', 'オリックス', '今井 達也', '右', '西武', '福田 周平', '左', 'オリックス', 1, 1, 2, 0, 5, 2, 2, 131, 'スライダー', 32.5, 86.8, 'ボール', 5, 2, 22, 'B16');"
"INSERT INTO ballinfo VALUES ('2019-04-13', 2019041306, '西武', 'オリックス', '今井 達也', '右', '西武', '福田 周平', '左', 'オリックス', 1, 1, 2, 0, 6, 3, 2, 131, 'スライダー', 54.5, 87.2, '四球', 5, 3, 23, 'B17');"
"INSERT INTO ballinfo VALUES ('2019-04-13', 2019041306, '西武', 'オリックス', '今井 達也', '右', '西武', '吉田 正尚', '左', 'オリックス', 1, 1, 3, 1, 1, 0, 0, 150, 'ストレート', 46.0, 87.6, 'ボール', 5, 3, 23, 'B17');"
"INSERT INTO ballinfo VALUES ('2019-04-13', 2019041306, '西武', 'オリックス', '今井 達也', '右', '西武', '吉田 正尚', '左', 'オリックス', 1, 1, 3, 1, 2, 1, 0, 148, 'ストレート', 28.5, 34.8, '左飛', 2, 2, 7, 'S1');"
"INSERT INTO ballinfo VALUES ('2019-04-13', 2019041306, '西武', 'オリックス', '今井 達也', '右', '西武', '杉本 裕太郎', '右', 'オリックス', 1, 1, 4, 2, 1, 0, 0, 147, 'ストレート', 32.0, 73.6, '右飛', 4, 2, 17, 'S7');"
"INSERT INTO ballinfo VALUES ('2019-04-13', 2019041306, '西武', 'オリックス', '今井 達也', '右', '西武', '西野 真弘', '左', 'オリックス', 1, 1, 5, 2, 1, 0, 0, 141, 'ストレート', 7.5, 16.0, 'ボール', 1, 1, 1, 'B1');"
"INSERT INTO ballinfo VALUES ('2019-04-13', 2019041306, '西武', 'オリックス', '今井 達也', '右', '西武', '西野 真弘', '左', 'オリックス', 1, 1, 5, 2, 2, 1, 0, 101, 'カーブ', 29.0, 5.2, 'ボール', 1, 2, 2, 'B2');"
"INSERT INTO ballinfo VALUES ('2019-04-13', 2019041306, '西武', 'オリックス', '今井 達也', '右', '西武', '西野 真弘', '左', 'オリックス', 1, 1, 5, 2, 3, 2, 0, 146, 'ストレート', 51.5, 87.2, 'ボール', 5, 3, 23, 'B17');"
"INSERT INTO ballinfo VALUES ('2019-04-13', 2019041306, '西武', 'オリックス', '今井 達也', '右', '西武', '西野 真弘', '左', 'オリックス', 1, 1, 5, 2, 4, 3, 0, 141, 'ストレート', 29.5, 55.6, '見逃し', 3, 2, 12, 'S4');"
"INSERT INTO ballinfo VALUES ('2019-04-13', 2019041306, '西武', 'オリックス', '今井 達也', '右', '西武', '西野 真弘', '左', 'オリックス', 1, 1, 5, 2, 5, 3, 1, 128, 'スライダー', 55.0, 26.8, 'ファウル', 2, 3, 8, 'S2');"
"INSERT INTO ballinfo VALUES ('2019-04-13', 2019041306, '西武', 'オリックス', '今井 達也', '右', '西武', '西野 真弘', '左', 'オリックス', 1, 1, 5, 2, 6, 3, 2, 141, 'チェンジアップ', 47.0, 92.8, '四球', 5, 3, 23, 'B17');"
"INSERT INTO ballinfo VALUES ('2019-04-13', 2019041306, '西武', 'オリックス', '今井 達也', '右', '西武', '大城 滉二', '右', 'オリックス', 1, 1, 6, 2, 1, 0, 0, 132, 'スライダー', 71.0, 50.8, 'ファウル', 3, 4, 14, 'S6');"
"INSERT INTO ballinfo VALUES ('2019-04-13', 2019041306, '西武', 'オリックス', '今井 達也', '右', '西武', '大城 滉二', '右', 'オリックス', 1, 1, 6, 2, 2, 0, 1, 132, 'スライダー', 68.5, 70.8, '見逃し', 4, 4, 19, 'S9');"
"INSERT INTO ballinfo VALUES ('2019-04-13', 2019041306, '西武', 'オリックス', '今井 達也', '右', '西武', '大城 滉二', '右', 'オリックス', 1, 1, 6, 2, 3, 0, 2, 147, 'ストレート', 94.5, 12.4, 'ボール', 1, 5, 5, 'B5');"
"INSERT INTO ballinfo VALUES ('2019-04-13', 2019041306, '西武', 'オリックス', '今井 達也', '右', '西武', '大城 滉二', '右', 'オリックス', 1, 1, 6, 2, 4, 1, 2, 0, 'ストレート', 89.5, 89.2, 'ボール', 5, 5, 25, 'B19');"
"INSERT INTO ballinfo VALUES ('2019-04-13', 2019041306, '西武', 'オリックス', '今井 達也', '右', '西武', '大城 滉二', '右', 'オリックス', 1, 1, 6, 2, 5, 2, 2, 147, 'ストレート', 69.5, 32.8, 'ファウル', 2, 4, 9, 'S3');"
"INSERT INTO ballinfo VALUES ('2019-04-13', 2019041306, '西武', 'オリックス', '今井 達也', '右', '西武', '大城 滉二', '右', 'オリックス', 1, 1, 6, 2, 6, 2, 3, 135, 'スライダー', 15.5, 55.6, 'ファウル', 3, 1, 11, 'B8');"
"INSERT INTO ballinfo VALUES ('2019-04-13', 2019041306, '西武', 'オリックス', '今井 達也', '右', '西武', '大城 滉二', '右', 'オリックス', 1, 1, 6, 2, 7, 2, 4, 139, 'ストレート', 94.5, 77.6, 'ボール', 4, 5, 20, 'B11');"
"INSERT INTO ballinfo VALUES ('2019-04-13', 2019041306, '西武', 'オリックス', '今井 達也', '右', '西武', '大城 滉二', '右', 'オリックス', 1, 1, 6, 2, 8, 3, 4, 144, 'ストレート', 53.0, 14.8, '四球', 1, 3, 3, 'B3');"
"INSERT INTO ballinfo VALUES ('2019-04-13', 2019041306, '西武', 'オリックス', '今井 達也', '右', '西武', '頓宮 裕真', '右', 'オリックス', 1, 1, 7, 3, 1, 0, 0, 142, 'ストレート', 74.5, 57.2, '見逃し', 3, 4, 14, 'S6');"
"INSERT INTO ballinfo VALUES ('2019-04-13', 2019041306, '西武', 'オリックス', '今井 達也', '右', '西武', '頓宮 裕真', '右', 'オリックス', 1, 1, 7, 3, 2, 0, 1, 145, 'ストレート', 52.5, 15.2, '空振り', 1, 3, 3, 'B3');"
"INSERT INTO ballinfo VALUES ('2019-04-13', 2019041306, '西武', 'オリックス', '今井 達也', '右', '西武', '頓宮 裕真', '右', 'オリックス', 1, 1, 7, 3, 3, 0, 2, 147, 'ストレート', 16.0, 36.4, 'ファウル', 2, 1, 6, 'B6');"
"INSERT INTO ballinfo VALUES ('2019-04-13', 2019041306, '西武', 'オリックス', '今井 達也', '右', '西武', '頓宮 裕真', '右', 'オリックス', 1, 1, 7, 3, 4, 0, 3, 149, 'ストレート', 48.5, 9.6, 'ボール', 1, 3, 3, 'B3');"
"INSERT INTO ballinfo VALUES ('2019-04-13', 2019041306, '西武', 'オリックス', '今井 達也', '右', '西武', '頓宮 裕真', '右', 'オリックス', 1, 1, 7, 3, 5, 1, 3, 149, 'ストレート', 29.5, 15.2, '空三振', 1, 2, 2, 'B2');"
"INSERT INTO ballinfo VALUES ('2019-04-13', 2019041306, '西武', 'オリックス', '東明 大貴', '右', 'オリックス', '金子 侑司', '左', '西武', 1, 2, 1, 1, 1, 0, 0, 134, 'ストレート', 46.0, 6.4, 'ボール', 1, 3, 3, 'B3');"
"INSERT INTO ballinfo VALUES ('2019-04-13', 2019041306, '西武', 'オリックス', '東明 大貴', '右', 'オリックス', '金子 侑司', '左', '西武', 1, 2, 1, 1, 2, 1, 0, 133, 'ストレート', 49.0, 75.6, '見逃し', 4, 3, 18, 'S8');"
"INSERT INTO ballinfo VALUES ('2019-04-13', 2019041306, '西武', 'オリックス', '東明 大貴', '右', 'オリックス', '金子 侑司', '左', '西武', 1, 2, 1, 1, 3, 1, 1, 134, 'ストレート', 31.5, 64.4, '見逃し', 4, 2, 17, 'S7');"
"INSERT INTO ballinfo VALUES ('2019-04-13', 2019041306, '西武', 'オリックス', '東明 大貴', '右', 'オリックス', '金子 侑司', '左', '西武', 1, 2, 1, 1, 4, 1, 2, 128, 'フォーク', 50.5, 84.4, 'ファウル', 5, 3, 23, 'B17');"
"INSERT INTO ballinfo VALUES ('2019-04-13', 2019041306, '西武', 'オリックス', '東明 大貴', '右', 'オリックス', '金子 侑司', '左', '西武', 1, 2, 1, 1, 5, 1, 3, 126, 'スライダー', 34.5, 49.6, '遊ゴロ', 3, 2, 12, 'S4');"
"INSERT INTO ballinfo VALUES ('2019-04-13', 2019041306, '西武', 'オリックス', '東明 大貴', '右', 'オリックス', '源田 壮亮', '左', '西武', 1, 2, 2, 2, 1, 0, 0, 123, 'スライダー', 15.0, 15.6, 'ボール', 1, 1, 1, 'B1');"
"INSERT INTO ballinfo VALUES ('2019-04-13', 2019041306, '西武', 'オリックス', '東明 大貴', '右', 'オリックス', '源田 壮亮', '左', '西武', 1, 2, 2, 2, 2, 1, 0, 124, 'スライダー', 55.5, 35.6, '二飛', 2, 3, 8, 'S2');"
"INSERT INTO ballinfo VALUES ('2019-04-13', 2019041306, '西武', 'オリックス', '東明 大貴', '右', 'オリックス', '秋山 翔吾', '左', '西武', 1, 2, 3, 3, 1, 0, 0, 139, 'ストレート', 6.5, 48.0, 'ボール', 3, 1, 11, 'B8');"
"INSERT INTO ballinfo VALUES ('2019-04-13', 2019041306, '西武', 'オリックス', '東明 大貴', '右', 'オリックス', '秋山 翔吾', '左', '西武', 1, 2, 3, 3, 2, 1, 0, 136, 'ストレート', 47.0, 37.2, '見逃し', 2, 3, 8, 'S2');"
"INSERT INTO ballinfo VALUES ('2019-04-13', 2019041306, '西武', 'オリックス', '東明 大貴', '右', 'オリックス', '秋山 翔吾', '左', '西武', 1, 2, 3, 3, 3, 1, 1, 122, 'スライダー', 75.5, 28.8, '一ゴロ', 2, 4, 9, 'S3');"
"INSERT INTO ballinfo VALUES ('2019-04-13', 2019041306, '西武', 'オリックス', '今井 達也', '右', '西武', '後藤 駿太', '左', 'オリックス', 2, 1, 1, 0, 1, 0, 0, 147, 'ストレート', 31.5, 53.6, 'ファウル', 3, 2, 12, 'S4');"
"INSERT INTO ballinfo VALUES ('2019-04-13', 2019041306, '西武', 'オリックス', '今井 達也', '右', '西武', '後藤 駿太', '左', 'オリックス', 2, 1, 1, 0, 2, 0, 1, 112, 'カーブ', 50.5, 90.0, 'ボール', 5, 3, 23, 'B17');"
"INSERT INTO ballinfo VALUES ('2019-04-13', 2019041306, '西武', 'オリックス', '今井 達也', '右', '西武', '後藤 駿太', '左', 'オリックス', 2, 1, 1, 0, 3, 1, 1, 129, 'スライダー', 52.5, 85.2, '空振り', 5, 3, 23, 'B17');"
"INSERT INTO ballinfo VALUES ('2019-04-13', 2019041306, '西武', 'オリックス', '今井 達也', '右', '西武', '後藤 駿太', '左', 'オリックス', 2, 1, 1, 0, 4, 1, 2, 148, 'ストレート', 71.5, 86.0, 'ボール', 5, 4, 24, 'B18');"
"INSERT INTO ballinfo VALUES ('2019-04-13', 2019041306, '西武', 'オリックス', '今井 達也', '右', '西武', '後藤 駿太', '左', 'オリックス', 2, 1, 1, 0, 5, 2, 2, 149, 'ストレート', 30.0, 35.6, '中安', 2, 2, 7, 'S1');"
"INSERT INTO ballinfo VALUES ('2019-04-13', 2019041306, '西武', 'オリックス', '今井 達也', '右', '西武', '若月 健矢', '右', 'オリックス', 2, 1, 2, 1, 1, 0, 0, 141, 'ストレート', 53.0, 88.4, 'ボール', 5, 3, 23, 'B17');"
"INSERT INTO ballinfo VALUES ('2019-04-13', 2019041306, '西武', 'オリックス', '今井 達也', '右', '西武', '若月 健矢', '右', 'オリックス', 2, 1, 2, 1, 2, 1, 0, 143, 'ストレート', 76.5, 53.2, 'ファウル', 3, 4, 14, 'S6');"
"INSERT INTO ballinfo VALUES ('2019-04-13', 2019041306, '西武', 'オリックス', '今井 達也', '右', '西武', '若月 健矢', '右', 'オリックス', 2, 1, 2, 1, 3, 1, 1, 140, 'ストレート', 68.0, 65.2, '投犠打', 4, 4, 19, 'S9');"
"INSERT INTO ballinfo VALUES ('2019-04-13', 2019041306, '西武', 'オリックス', '今井 達也', '右', '西武', '西浦 颯大', '左', 'オリックス', 2, 1, 3, 2, 1, 0, 0, 110, 'カーブ', 35.0, 62.8, '一ゴロ', 4, 2, 17, 'S7');"
"INSERT INTO ballinfo VALUES ('2019-04-13', 2019041306, '西武', 'オリックス', '今井 達也', '右', '西武', '福田 周平', '左', 'オリックス', 2, 1, 4, 3, 1, 0, 0, 129, 'スライダー', 57.0, 57.2, '見逃し', 3, 3, 13, 'S5');"
"INSERT INTO ballinfo VALUES ('2019-04-13', 2019041306, '西武', 'オリックス', '今井 達也', '右', '西武', '福田 周平', '左', 'オリックス', 2, 1, 4, 3, 2, 0, 1, 130, 'スライダー', 28.5, 57.2, '一ゴロ', 3, 2, 12, 'S4');"
"INSERT INTO ballinfo VALUES ('2019-04-13', 2019041306, '西武', 'オリックス', '東明 大貴', '右', 'オリックス', '山川 穂高', '右', '西武', 2, 2, 1, 1, 1, 0, 0, 110, 'カーブ', 33.5, 27.6, '見逃し', 2, 2, 7, 'S1');"
"INSERT INTO ballinfo VALUES ('2019-04-13', 2019041306, '西武', 'オリックス', '東明 大貴', '右', 'オリックス', '山川 穂高', '右', '西武', 2, 2, 1, 1, 2, 0, 1, 111, 'カーブ', 33.0, 44.4, 'ファウル', 3, 2, 12, 'S4');"
"INSERT INTO ballinfo VALUES ('2019-04-13', 2019041306, '西武', 'オリックス', '東明 大貴', '右', 'オリックス', '山川 穂高', '右', '西武', 2, 2, 1, 1, 3, 0, 2, 125, 'スライダー', 54.5, 70.8, '捕ゴロ', 4, 3, 18, 'S8');"
"INSERT INTO ballinfo VALUES ('2019-04-13', 2019041306, '西武', 'オリックス', '東明 大貴', '右', 'オリックス', '森 友哉', '左', '西武', 2, 2, 2, 1, 1, 0, 0, 125, 'スライダー', 29.0, 35.6, '見逃し', 2, 2, 7, 'S1');"
"INSERT INTO ballinfo VALUES ('2019-04-13', 2019041306, '西武', 'オリックス', '東明 大貴', '右', 'オリックス', '森 友哉', '左', '西武', 2, 2, 2, 1, 2, 0, 1, 138, 'ストレート', 52.0, 13.2, 'ボール', 1, 3, 3, 'B3');"
"INSERT INTO ballinfo VALUES ('2019-04-13', 2019041306, '西武', 'オリックス', '東明 大貴', '右', 'オリックス', '森 友哉', '左', '西武', 2, 2, 2, 1, 3, 1, 1, 137, 'ストレート', 56.5, 8.4, 'ボール', 1, 3, 3, 'B3');"
"INSERT INTO ballinfo VALUES ('2019-04-13', 2019041306, '西武', 'オリックス', '東明 大貴', '右', 'オリックス', '森 友哉', '左', '西武', 2, 2, 2, 1, 4, 2, 1, 126, 'スライダー', 57.0, 46.0, 'ファウル', 3, 3, 13, 'S5');"
"INSERT INTO ballinfo VALUES ('2019-04-13', 2019041306, '西武', 'オリックス', '東明 大貴', '右', 'オリックス', '森 友哉', '左', '西武', 2, 2, 2, 1, 5, 2, 2, 137, 'ストレート', 48.5, 56.0, 'ファウル', 3, 3, 13, 'S5');"
"INSERT INTO ballinfo VALUES ('2019-04-13', 2019041306, '西武', 'オリックス', '東明 大貴', '右', 'オリックス', '森 友哉', '左', '西武', 2, 2, 2, 1, 6, 2, 3, 110, 'カーブ', 27.0, 47.2, 'ファウル', 3, 2, 12, 'S4');"
"INSERT INTO ballinfo VALUES ('2019-04-13', 2019041306, '西武', 'オリックス', '東明 大貴', '右', 'オリックス', '森 友哉', '左', '西武', 2, 2, 2, 1, 7, 2, 4, 128, 'フォーク', 30.5, 70.4, 'ファウル', 4, 2, 17, 'S7');"
"INSERT INTO ballinfo VALUES ('2019-04-13', 2019041306, '西武', 'オリックス', '東明 大貴', '右', 'オリックス', '森 友哉', '左', '西武', 2, 2, 2, 1, 8, 2, 5, 123, 'スライダー', 52.5, 89.2, 'ボール', 5, 3, 23, 'B17');"
"INSERT INTO ballinfo VALUES ('2019-04-13', 2019041306, '西武', 'オリックス', '東明 大貴', '右', 'オリックス', '森 友哉', '左', '西武', 2, 2, 2, 1, 9, 3, 5, 122, 'スライダー', 33.5, 15.6, '四球', 1, 2, 2, 'B2');"
"INSERT INTO ballinfo VALUES ('2019-04-13', 2019041306, '西武', 'オリックス', '東明 大貴', '右', 'オリックス', '外崎 修汰', '右', '西武', 2, 2, 3, 1, 1, 0, 0, 125, 'スライダー', 34.5, 10.0, 'ボール', 1, 2, 2, 'B2');"
"INSERT INTO ballinfo VALUES ('2019-04-13', 2019041306, '西武', 'オリックス', '東明 大貴', '右', 'オリックス', '外崎 修汰', '右', '西武', 2, 2, 3, 1, 2, 1, 0, 136, 'ストレート', 91.0, 87.6, 'ボール', 5, 5, 25, 'B19');"
"INSERT INTO ballinfo VALUES ('2019-04-13', 2019041306, '西武', 'オリックス', '東明 大貴', '右', 'オリックス', '外崎 修汰', '右', '西武', 2, 2, 3, 1, 3, 2, 0, 132, 'ストレート', 34.5, 57.2, '見逃し', 3, 2, 12, 'S4');"
"INSERT INTO ballinfo VALUES ('2019-04-13', 2019041306, '西武', 'オリックス', '東明 大貴', '右', 'オリックス', '外崎 修汰', '右', '西武', 2, 2, 3, 1, 4, 2, 1, 135, 'ストレート', 74.0, 50.8, 'ファウル', 3, 4, 14, 'S6');"
"INSERT INTO ballinfo VALUES ('2019-04-13', 2019041306, '西武', 'オリックス', '東明 大貴', '右', 'オリックス', '外崎 修汰', '右', '西武', 2, 2, 3, 1, 5, 2, 2, 127, 'スライダー', 90.5, 69.2, 'ボール', 4, 5, 20, 'B11');"
"INSERT INTO ballinfo VALUES ('2019-04-13', 2019041306, '西武', 'オリックス', '東明 大貴', '右', 'オリックス', '外崎 修汰', '右', '西武', 2, 2, 3, 1, 6, 3, 2, 130, 'ストレート', 48.5, 88.8, '四球', 5, 3, 23, 'B17');"
"INSERT INTO ballinfo VALUES ('2019-04-13', 2019041306, '西武', 'オリックス', '東明 大貴', '右', 'オリックス', '栗山 巧', '左', '西武', 2, 2, 4, 2, 1, 0, 0, 127, 'フォーク', 51.0, 74.0, '空振り', 4, 3, 18, 'S8');"
"INSERT INTO ballinfo VALUES ('2019-04-13', 2019041306, '西武', 'オリックス', '東明 大貴', '右', 'オリックス', '栗山 巧', '左', '西武', 2, 2, 4, 2, 2, 0, 1, 128, 'フォーク', 36.0, 57.2, 'ファウル', 3, 2, 12, 'S4');"
"INSERT INTO ballinfo VALUES ('2019-04-13', 2019041306, '西武', 'オリックス', '東明 大貴', '右', 'オリックス', '栗山 巧', '左', '西武', 2, 2, 4, 2, 3, 0, 2, 123, 'フォーク', 15.5, 53.2, 'ボール', 3, 1, 11, 'B8');"
"INSERT INTO ballinfo VALUES ('2019-04-13', 2019041306, '西武', 'オリックス', '東明 大貴', '右', 'オリックス', '栗山 巧', '左', '西武', 2, 2, 4, 2, 4, 1, 2, 136, 'ストレート', 35.5, 65.2, 'ファウル', 4, 2, 17, 'S7');"
"INSERT INTO ballinfo VALUES ('2019-04-13', 2019041306, '西武', 'オリックス', '東明 大貴', '右', 'オリックス', '栗山 巧', '左', '西武', 2, 2, 4, 2, 5, 1, 3, 127, 'フォーク', 46.0, 56.8, '右安', 3, 3, 13, 'S5');"
"INSERT INTO ballinfo VALUES ('2019-04-13', 2019041306, '西武', 'オリックス', '東明 大貴', '右', 'オリックス', '中村 剛也', '右', '西武', 2, 2, 5, 2, 1, 0, 0, 136, 'ストレート', 96.5, 72.8, 'ボール', 4, 5, 20, 'B11');"
"INSERT INTO ballinfo VALUES ('2019-04-13', 2019041306, '西武', 'オリックス', '東明 大貴', '右', 'オリックス', '中村 剛也', '右', '西武', 2, 2, 5, 2, 2, 1, 0, 126, 'スライダー', 75.0, 56.0, '見逃し', 3, 4, 14, 'S6');"
"INSERT INTO ballinfo VALUES ('2019-04-13', 2019041306, '西武', 'オリックス', '東明 大貴', '右', 'オリックス', '中村 剛也', '右', '西武', 2, 2, 5, 2, 3, 1, 1, 137, 'ストレート', 74.0, 86.0, 'ボール', 5, 4, 24, 'B18');"
"INSERT INTO ballinfo VALUES ('2019-04-13', 2019041306, '西武', 'オリックス', '東明 大貴', '右', 'オリックス', '中村 剛也', '右', '西武', 2, 2, 5, 2, 4, 2, 1, 125, 'スライダー', 68.5, 64.4, '空振り', 4, 4, 19, 'S9');"
"INSERT INTO ballinfo VALUES ('2019-04-13', 2019041306, '西武', 'オリックス', '東明 大貴', '右', 'オリックス', '中村 剛也', '右', '西武', 2, 2, 5, 2, 5, 2, 2, 129, 'スライダー', 91.5, 46.0, 'ボール', 3, 5, 15, 'B9');"
"INSERT INTO ballinfo VALUES ('2019-04-13', 2019041306, '西武', 'オリックス', '東明 大貴', '右', 'オリックス', '中村 剛也', '右', '西武', 2, 2, 5, 2, 6, 3, 2, 136, 'ストレート', 55.0, 89.6, '四球', 5, 3, 23, 'B17');"
"INSERT INTO ballinfo VALUES ('2019-04-13', 2019041306, '西武', 'オリックス', '東明 大貴', '右', 'オリックス', '木村 文紀', '右', '西武', 2, 2, 6, 3, 1, 0, 0, 128, 'スライダー', 74.5, 83.6, 'ボール', 5, 4, 24, 'B18');"
"INSERT INTO ballinfo VALUES ('2019-04-13', 2019041306, '西武', 'オリックス', '東明 大貴', '右', 'オリックス', '木村 文紀', '右', '西武', 2, 2, 6, 3, 2, 1, 0, 130, 'ストレート', 47.5, 55.6, '見逃し', 3, 3, 13, 'S5');"
"INSERT INTO ballinfo VALUES ('2019-04-13', 2019041306, '西武', 'オリックス', '東明 大貴', '右', 'オリックス', '木村 文紀', '右', '西武', 2, 2, 6, 3, 3, 1, 1, 0, 'ストレート', 36.5, 86.0, 'ボール', 5, 2, 22, 'B16');"
"INSERT INTO ballinfo VALUES ('2019-04-13', 2019041306, '西武', 'オリックス', '東明 大貴', '右', 'オリックス', '木村 文紀', '右', '西武', 2, 2, 6, 3, 4, 2, 1, 127, 'フォーク', 56.5, 45.2, '遊飛', 3, 3, 13, 'S5');"
"INSERT INTO ballinfo VALUES ('2019-04-13', 2019041306, '西武', 'オリックス', '今井 達也', '右', '西武', '吉田 正尚', '左', 'オリックス', 3, 1, 1, 0, 1, 0, 0, 128, 'スライダー', 87.0, 74.4, 'ボール', 4, 5, 20, 'B11');"
"INSERT INTO ballinfo VALUES ('2019-04-13', 2019041306, '西武', 'オリックス', '今井 達也', '右', '西武', '吉田 正尚', '左', 'オリックス', 3, 1, 1, 0, 2, 1, 0, 135, 'チェンジアップ', 17.0, 56.0, 'ボール', 3, 1, 11, 'B8');"
"INSERT INTO ballinfo VALUES ('2019-04-13', 2019041306, '西武', 'オリックス', '今井 達也', '右', '西武', '吉田 正尚', '左', 'オリックス', 3, 1, 1, 0, 3, 2, 0, 147, 'ストレート', 36.5, 37.2, 'ファウル', 2, 2, 7, 'S1');"
"INSERT INTO ballinfo VALUES ('2019-04-13', 2019041306, '西武', 'オリックス', '今井 達也', '右', '西武', '吉田 正尚', '左', 'オリックス', 3, 1, 1, 0, 4, 2, 1, 136, 'チェンジアップ', 11.5, 15.6, 'ボール', 1, 1, 1, 'B1');"
"INSERT INTO ballinfo VALUES ('2019-04-13', 2019041306, '西武', 'オリックス', '今井 達也', '右', '西武', '吉田 正尚', '左', 'オリックス', 3, 1, 1, 0, 5, 3, 1, 146, 'ストレート', 12.5, 26.8, '四球', 2, 1, 6, 'B6');"
"INSERT INTO ballinfo VALUES ('2019-04-13', 2019041306, '西武', 'オリックス', '今井 達也', '右', '西武', '杉本 裕太郎', '右', 'オリックス', 3, 1, 2, 0, 1, 0, 0, 145, 'ストレート', 49.5, 36.4, '中本', 2, 3, 8, 'S2');"
"INSERT INTO ballinfo VALUES ('2019-04-13', 2019041306, '西武', 'オリックス', '今井 達也', '右', '西武', '西野 真弘', '左', 'オリックス', 3, 1, 3, 1, 1, 0, 0, 146, 'ストレート', 53.0, 66.0, '見逃し', 4, 3, 18, 'S8');"
"INSERT INTO ballinfo VALUES ('2019-04-13', 2019041306, '西武', 'オリックス', '今井 達也', '右', '西武', '西野 真弘', '左', 'オリックス', 3, 1, 3, 1, 2, 0, 1, 131, 'スライダー', 71.5, 86.8, 'ボール', 5, 4, 24, 'B18');"
"INSERT INTO ballinfo VALUES ('2019-04-13', 2019041306, '西武', 'オリックス', '今井 達也', '右', '西武', '西野 真弘', '左', 'オリックス', 3, 1, 3, 1, 3, 1, 1, 148, 'ストレート', 58.0, 55.6, '見逃し', 3, 3, 13, 'S5');"
"INSERT INTO ballinfo VALUES ('2019-04-13', 2019041306, '西武', 'オリックス', '今井 達也', '右', '西武', '西野 真弘', '左', 'オリックス', 3, 1, 3, 1, 4, 1, 2, 149, 'ストレート', 49.5, 45.6, '三ゴロ', 3, 3, 13, 'S5');"
"INSERT INTO ballinfo VALUES ('2019-04-13', 2019041306, '西武', 'オリックス', '今井 達也', '右', '西武', '大城 滉二', '右', 'オリックス', 3, 1, 4, 2, 1, 0, 0, 144, 'ストレート', 73.0, 56.0, '二ゴロ', 3, 4, 14, 'S6');"
"INSERT INTO ballinfo VALUES ('2019-04-13', 2019041306, '西武', 'オリックス', '今井 達也', '右', '西武', '頓宮 裕真', '右', 'オリックス', 3, 1, 5, 3, 1, 0, 0, 107, 'カーブ', 94.5, 93.2, 'ボール', 5, 5, 25, 'B19');"
"INSERT INTO ballinfo VALUES ('2019-04-13', 2019041306, '西武', 'オリックス', '今井 達也', '右', '西武', '頓宮 裕真', '右', 'オリックス', 3, 1, 5, 3, 2, 1, 0, 128, 'スライダー', 47.5, 58.0, '見逃し', 3, 3, 13, 'S5');"
"INSERT INTO ballinfo VALUES ('2019-04-13', 2019041306, '西武', 'オリックス', '今井 達也', '右', '西武', '頓宮 裕真', '右', 'オリックス', 3, 1, 5, 3, 3, 1, 1, 116, 'カーブ', 89.0, 86.4, 'ボール', 5, 5, 25, 'B19');"
"INSERT INTO ballinfo VALUES ('2019-04-13', 2019041306, '西武', 'オリックス', '今井 達也', '右', '西武', '頓宮 裕真', '右', 'オリックス', 3, 1, 5, 3, 4, 2, 1, 130, 'スライダー', 76.5, 68.4, '空振り', 4, 4, 19, 'S9');"
"INSERT INTO ballinfo VALUES ('2019-04-13', 2019041306, '西武', 'オリックス', '今井 達也', '右', '西武', '頓宮 裕真', '右', 'オリックス', 3, 1, 5, 3, 5, 2, 2, 128, 'スライダー', 72.5, 74.0, '三ゴロ', 4, 4, 19, 'S9');"
"INSERT INTO ballinfo VALUES ('2019-04-13', 2019041306, '西武', 'オリックス', '東明 大貴', '右', 'オリックス', '金子 侑司', '左', '西武', 3, 2, 1, 0, 1, 0, 0, 105, 'カーブ', 7.5, 14.4, 'ボール', 1, 1, 1, 'B1');"
"INSERT INTO ballinfo VALUES ('2019-04-13', 2019041306, '西武', 'オリックス', '東明 大貴', '右', 'オリックス', '金子 侑司', '左', '西武', 3, 2, 1, 0, 2, 1, 0, 131, 'ストレート', 32.0, 68.0, 'ファウル', 4, 2, 17, 'S7');"
"INSERT INTO ballinfo VALUES ('2019-04-13', 2019041306, '西武', 'オリックス', '東明 大貴', '右', 'オリックス', '金子 侑司', '左', '西武', 3, 2, 1, 0, 3, 1, 1, 132, 'ストレート', 48.0, 52.0, '空振り', 3, 3, 13, 'S5');"
"INSERT INTO ballinfo VALUES ('2019-04-13', 2019041306, '西武', 'オリックス', '東明 大貴', '右', 'オリックス', '金子 侑司', '左', '西武', 3, 2, 1, 0, 4, 1, 2, 126, 'ストレート', 46.5, 64.4, 'ファウル', 4, 3, 18, 'S8');"
"INSERT INTO ballinfo VALUES ('2019-04-13', 2019041306, '西武', 'オリックス', '東明 大貴', '右', 'オリックス', '金子 侑司', '左', '西武', 3, 2, 1, 0, 5, 1, 3, 125, 'フォーク', 51.0, 85.2, 'ファウル', 5, 3, 23, 'B17');"
"INSERT INTO ballinfo VALUES ('2019-04-13', 2019041306, '西武', 'オリックス', '東明 大貴', '右', 'オリックス', '金子 侑司', '左', '西武', 3, 2, 1, 0, 6, 1, 4, 134, 'ストレート', 48.5, 33.6, '中安', 2, 3, 8, 'S2');"
"INSERT INTO ballinfo VALUES ('2019-04-13', 2019041306, '西武', 'オリックス', '東明 大貴', '右', 'オリックス', '源田 壮亮', '左', '西武', 3, 2, 2, 1, 1, 0, 0, 129, 'ストレート', 34.5, 67.2, '見逃し', 4, 2, 17, 'S7');"
"INSERT INTO ballinfo VALUES ('2019-04-13', 2019041306, '西武', 'オリックス', '東明 大貴', '右', 'オリックス', '源田 壮亮', '左', '西武', 3, 2, 2, 1, 2, 0, 1, 123, 'フォーク', 11.5, 55.6, 'ボール', 3, 1, 11, 'B8');"
"INSERT INTO ballinfo VALUES ('2019-04-13', 2019041306, '西武', 'オリックス', '東明 大貴', '右', 'オリックス', '源田 壮亮', '左', '西武', 3, 2, 2, 1, 3, 1, 1, 135, 'ストレート', 48.5, 28.8, '左飛', 2, 3, 8, 'S2');"
"INSERT INTO ballinfo VALUES ('2019-04-13', 2019041306, '西武', 'オリックス', '東明 大貴', '右', 'オリックス', '秋山 翔吾', '左', '西武', 3, 2, 3, 1, 1, 0, 0, 135, 'ストレート', 11.5, 14.8, 'ボール', 1, 1, 1, 'B1');"
"INSERT INTO ballinfo VALUES ('2019-04-13', 2019041306, '西武', 'オリックス', '東明 大貴', '右', 'オリックス', '秋山 翔吾', '左', '西武', 3, 2, 3, 1, 2, 1, 0, 124, 'スライダー', 30.0, 47.6, '空振り', 3, 2, 12, 'S4');"
"INSERT INTO ballinfo VALUES ('2019-04-13', 2019041306, '西武', 'オリックス', '東明 大貴', '右', 'オリックス', '秋山 翔吾', '左', '西武', 3, 2, 3, 1, 3, 1, 1, 124, 'スライダー', 10.0, 54.4, 'ボール', 3, 1, 11, 'B8');"
"INSERT INTO ballinfo VALUES ('2019-04-13', 2019041306, '西武', 'オリックス', '東明 大貴', '右', 'オリックス', '秋山 翔吾', '左', '西武', 3, 2, 3, 1, 4, 2, 1, 124, 'スライダー', 76.0, 57.6, 'ファウル', 3, 4, 14, 'S6');"
"INSERT INTO ballinfo VALUES ('2019-04-13', 2019041306, '西武', 'オリックス', '東明 大貴', '右', 'オリックス', '秋山 翔吾', '左', '西武', 3, 2, 3, 1, 5, 2, 2, 125, 'フォーク', 15.0, 45.6, 'ボール', 3, 1, 11, 'B8');"
"INSERT INTO ballinfo VALUES ('2019-04-13', 2019041306, '西武', 'オリックス', '東明 大貴', '右', 'オリックス', '秋山 翔吾', '左', '西武', 3, 2, 3, 1, 6, 3, 2, 123, 'フォーク', 51.5, 87.6, '四球', 5, 3, 23, 'B17');"
"INSERT INTO ballinfo VALUES ('2019-04-13', 2019041306, '西武', 'オリックス', '東明 大貴', '右', 'オリックス', '山川 穂高', '右', '西武', 3, 2, 4, 1, 1, 0, 0, 0, 'ストレート', 28.5, 54.0, 'ファウル', 3, 2, 12, 'S4');"
"INSERT INTO ballinfo VALUES ('2019-04-13', 2019041306, '西武', 'オリックス', '東明 大貴', '右', 'オリックス', '山川 穂高', '右', '西武', 3, 2, 4, 1, 2, 0, 1, 127, 'スライダー', 54.5, 36.0, '左２', 2, 3, 8, 'S2');"
"INSERT INTO ballinfo VALUES ('2019-04-13', 2019041306, '西武', 'オリックス', '東明 大貴', '右', 'オリックス', '森 友哉', '左', '西武', 3, 2, 5, 2, 1, 0, 0, 126, 'フォーク', 34.5, 52.8, '左犠飛', 3, 2, 12, 'S4');"
"INSERT INTO ballinfo VALUES ('2019-04-13', 2019041306, '西武', 'オリックス', '東明 大貴', '右', 'オリックス', '外崎 修汰', '右', '西武', 3, 2, 6, 3, 1, 0, 0, 107, 'カーブ', 51.5, 52.4, 'ファウル', 3, 3, 13, 'S5');"
"INSERT INTO ballinfo VALUES ('2019-04-13', 2019041306, '西武', 'オリックス', '東明 大貴', '右', 'オリックス', '外崎 修汰', '右', '西武', 3, 2, 6, 3, 2, 0, 1, 123, 'スライダー', 76.0, 89.2, 'ボール', 5, 4, 24, 'B18');"
"INSERT INTO ballinfo VALUES ('2019-04-13', 2019041306, '西武', 'オリックス', '東明 大貴', '右', 'オリックス', '外崎 修汰', '右', '西武', 3, 2, 6, 3, 3, 1, 1, 135, 'ストレート', 90.0, 88.4, 'ボール', 5, 5, 25, 'B19');"
"INSERT INTO ballinfo VALUES ('2019-04-13', 2019041306, '西武', 'オリックス', '東明 大貴', '右', 'オリックス', '外崎 修汰', '右', '西武', 3, 2, 6, 3, 4, 2, 1, 127, 'フォーク', 69.5, 35.6, '見逃し', 2, 4, 9, 'S3');"
"INSERT INTO ballinfo VALUES ('2019-04-13', 2019041306, '西武', 'オリックス', '東明 大貴', '右', 'オリックス', '外崎 修汰', '右', '西武', 3, 2, 6, 3, 5, 2, 2, 125, 'フォーク', 87.5, 55.6, 'ファウル', 3, 5, 15, 'B9');"
"INSERT INTO ballinfo VALUES ('2019-04-13', 2019041306, '西武', 'オリックス', '東明 大貴', '右', 'オリックス', '外崎 修汰', '右', '西武', 3, 2, 6, 3, 6, 2, 3, 129, 'フォーク', 69.5, 57.2, '空三振', 3, 4, 14, 'S6');"
"INSERT INTO ballinfo VALUES ('2019-04-13', 2019041306, '西武', 'オリックス', '今井 達也', '右', '西武', '後藤 駿太', '左', 'オリックス', 4, 1, 1, 0, 1, 0, 0, 145, 'ストレート', 14.5, 33.6, 'ボール', 2, 1, 6, 'B6');"
"INSERT INTO ballinfo VALUES ('2019-04-13', 2019041306, '西武', 'オリックス', '今井 達也', '右', '西武', '後藤 駿太', '左', 'オリックス', 4, 1, 1, 0, 2, 1, 0, 145, 'ストレート', 11.0, 57.2, 'ボール', 3, 1, 11, 'B8');"
"INSERT INTO ballinfo VALUES ('2019-04-13', 2019041306, '西武', 'オリックス', '今井 達也', '右', '西武', '後藤 駿太', '左', 'オリックス', 4, 1, 1, 0, 3, 2, 0, 146, 'ストレート', 56.5, 56.8, '右２', 3, 3, 13, 'S5');"
"INSERT INTO ballinfo VALUES ('2019-04-13', 2019041306, '西武', 'オリックス', '今井 達也', '右', '西武', '若月 健矢', '右', 'オリックス', 4, 1, 2, 1, 1, 0, 0, 141, 'ストレート', 56.5, 56.8, 'ファウル', 3, 3, 13, 'S5');"
"INSERT INTO ballinfo VALUES ('2019-04-13', 2019041306, '西武', 'オリックス', '今井 達也', '右', '西武', '若月 健矢', '右', 'オリックス', 4, 1, 2, 1, 2, 0, 1, 139, 'ストレート', 32.5, 45.2, '一犠打', 3, 2, 12, 'S4');"
"INSERT INTO ballinfo VALUES ('2019-04-13', 2019041306, '西武', 'オリックス', '今井 達也', '右', '西武', '西浦 颯大', '左', 'オリックス', 4, 1, 3, 2, 1, 0, 0, 140, 'チェンジアップ', 14.5, 87.2, 'ボール', 5, 1, 21, 'B15');"
"INSERT INTO ballinfo VALUES ('2019-04-13', 2019041306, '西武', 'オリックス', '今井 達也', '右', '西武', '西浦 颯大', '左', 'オリックス', 4, 1, 3, 2, 2, 1, 0, 148, 'ストレート', 16.5, 37.2, 'ボール', 2, 1, 6, 'B6');"
"INSERT INTO ballinfo VALUES ('2019-04-13', 2019041306, '西武', 'オリックス', '今井 達也', '右', '西武', '西浦 颯大', '左', 'オリックス', 4, 1, 3, 2, 3, 2, 0, 144, 'ストレート', 11.0, 56.0, 'ボール', 3, 1, 11, 'B8');"
"INSERT INTO ballinfo VALUES ('2019-04-13', 2019041306, '西武', 'オリックス', '今井 達也', '右', '西武', '西浦 颯大', '左', 'オリックス', 4, 1, 3, 2, 4, 3, 0, 146, 'ストレート', 33.5, 55.6, '左犠飛', 3, 2, 12, 'S4');"
"INSERT INTO ballinfo VALUES ('2019-04-13', 2019041306, '西武', 'オリックス', '今井 達也', '右', '西武', '福田 周平', '左', 'オリックス', 4, 1, 4, 3, 1, 0, 0, 146, 'ストレート', 11.5, 29.2, 'ボール', 2, 1, 6, 'B6');"
"INSERT INTO ballinfo VALUES ('2019-04-13', 2019041306, '西武', 'オリックス', '今井 達也', '右', '西武', '福田 周平', '左', 'オリックス', 4, 1, 4, 3, 2, 1, 0, 145, 'ストレート', 8.0, 52.0, 'ボール', 3, 1, 11, 'B8');"
"INSERT INTO ballinfo VALUES ('2019-04-13', 2019041306, '西武', 'オリックス', '今井 達也', '右', '西武', '福田 周平', '左', 'オリックス', 4, 1, 4, 3, 3, 2, 0, 125, 'スライダー', 51.0, 55.6, '見逃し', 3, 3, 13, 'S5');"
"INSERT INTO ballinfo VALUES ('2019-04-13', 2019041306, '西武', 'オリックス', '今井 達也', '右', '西武', '福田 周平', '左', 'オリックス', 4, 1, 4, 3, 4, 2, 1, 128, 'スライダー', 75.0, 69.6, '見逃し', 4, 4, 19, 'S9');"
"INSERT INTO ballinfo VALUES ('2019-04-13', 2019041306, '西武', 'オリックス', '今井 達也', '右', '西武', '福田 周平', '左', 'オリックス', 4, 1, 4, 3, 5, 2, 2, 131, 'スライダー', 50.0, 75.6, '中飛', 4, 3, 18, 'S8');"
"INSERT INTO ballinfo VALUES ('2019-04-13', 2019041306, '西武', 'オリックス', '山崎 福也', '左', 'オリックス', '栗山 巧', '左', '西武', 4, 2, 1, 1, 1, 0, 0, 138, 'ストレート', 48.5, 35.6, '見逃し', 2, 3, 8, 'S2');"
"INSERT INTO ballinfo VALUES ('2019-04-13', 2019041306, '西武', 'オリックス', '山崎 福也', '左', 'オリックス', '栗山 巧', '左', '西武', 4, 2, 1, 1, 2, 0, 1, 140, 'ストレート', 32.0, 86.8, 'ボール', 5, 2, 22, 'B16');"
"INSERT INTO ballinfo VALUES ('2019-04-13', 2019041306, '西武', 'オリックス', '山崎 福也', '左', 'オリックス', '栗山 巧', '左', '西武', 4, 2, 1, 1, 3, 1, 1, 131, 'スライダー', 34.0, 65.6, '中飛', 4, 2, 17, 'S7');"
"INSERT INTO ballinfo VALUES ('2019-04-13', 2019041306, '西武', 'オリックス', '山崎 福也', '左', 'オリックス', '中村 剛也', '右', '西武', 4, 2, 2, 2, 1, 0, 0, 97, 'カーブ', 52.5, 14.8, 'ボール', 1, 3, 3, 'B3');"
"INSERT INTO ballinfo VALUES ('2019-04-13', 2019041306, '西武', 'オリックス', '山崎 福也', '左', 'オリックス', '中村 剛也', '右', '西武', 4, 2, 2, 2, 2, 1, 0, 140, 'ストレート', 55.5, 66.8, '右飛', 4, 3, 18, 'S8');"
"INSERT INTO ballinfo VALUES ('2019-04-13', 2019041306, '西武', 'オリックス', '山崎 福也', '左', 'オリックス', '木村 文紀', '右', '西武', 4, 2, 3, 3, 1, 0, 0, 133, 'ストレート', 75.0, 53.2, '見逃し', 3, 4, 14, 'S6');"
"INSERT INTO ballinfo VALUES ('2019-04-13', 2019041306, '西武', 'オリックス', '山崎 福也', '左', 'オリックス', '木村 文紀', '右', '西武', 4, 2, 3, 3, 2, 0, 1, 133, 'ストレート', 28.5, 56.8, '見逃し', 3, 2, 12, 'S4');"
"INSERT INTO ballinfo VALUES ('2019-04-13', 2019041306, '西武', 'オリックス', '山崎 福也', '左', 'オリックス', '木村 文紀', '右', '西武', 4, 2, 3, 3, 3, 0, 2, 119, 'チェンジアップ', 88.0, 72.4, '空三振', 4, 5, 20, 'B11');"
"INSERT INTO ballinfo VALUES ('2019-04-13', 2019041306, '西武', 'オリックス', '今井 達也', '右', '西武', '吉田 正尚', '左', 'オリックス', 5, 1, 1, 1, 1, 0, 0, 127, 'スライダー', 89.5, 73.2, 'ボール', 4, 5, 20, 'B11');"
"INSERT INTO ballinfo VALUES ('2019-04-13', 2019041306, '西武', 'オリックス', '今井 達也', '右', '西武', '吉田 正尚', '左', 'オリックス', 5, 1, 1, 1, 2, 1, 0, 122, 'スライダー', 72.5, 84.8, 'ボール', 5, 4, 24, 'B18');"
"INSERT INTO ballinfo VALUES ('2019-04-13', 2019041306, '西武', 'オリックス', '今井 達也', '右', '西武', '吉田 正尚', '左', 'オリックス', 5, 1, 1, 1, 3, 2, 0, 124, 'スライダー', 47.0, 28.0, '見逃し', 2, 3, 8, 'S2');"
"INSERT INTO ballinfo VALUES ('2019-04-13', 2019041306, '西武', 'オリックス', '今井 達也', '右', '西武', '吉田 正尚', '左', 'オリックス', 5, 1, 1, 1, 4, 2, 1, 146, 'ストレート', 14.5, 35.6, 'ファウル', 2, 1, 6, 'B6');"
"INSERT INTO ballinfo VALUES ('2019-04-13', 2019041306, '西武', 'オリックス', '今井 達也', '右', '西武', '吉田 正尚', '左', 'オリックス', 5, 1, 1, 1, 5, 2, 2, 107, 'カーブ', 52.0, 76.8, '一ゴロ', 4, 3, 18, 'S8');"
"INSERT INTO ballinfo VALUES ('2019-04-13', 2019041306, '西武', 'オリックス', '今井 達也', '右', '西武', '杉本 裕太郎', '右', 'オリックス', 5, 1, 2, 2, 1, 0, 0, 0, 'カーブ', 69.5, 57.2, '空振り', 3, 4, 14, 'S6');"
"INSERT INTO ballinfo VALUES ('2019-04-13', 2019041306, '西武', 'オリックス', '今井 達也', '右', '西武', '杉本 裕太郎', '右', 'オリックス', 5, 1, 2, 2, 2, 0, 1, 102, 'カーブ', 76.0, 89.2, '投ゴロ', 5, 4, 24, 'B18');"
"INSERT INTO ballinfo VALUES ('2019-04-13', 2019041306, '西武', 'オリックス', '今井 達也', '右', '西武', '西野 真弘', '左', 'オリックス', 5, 1, 3, 3, 1, 0, 0, 125, 'スライダー', 52.5, 54.8, '見逃し', 3, 3, 13, 'S5');"
"INSERT INTO ballinfo VALUES ('2019-04-13', 2019041306, '西武', 'オリックス', '今井 達也', '右', '西武', '西野 真弘', '左', 'オリックス', 5, 1, 3, 3, 2, 0, 1, 148, 'ストレート', 74.0, 71.6, 'ファウル', 4, 4, 19, 'S9');"
"INSERT INTO ballinfo VALUES ('2019-04-13', 2019041306, '西武', 'オリックス', '今井 達也', '右', '西武', '西野 真弘', '左', 'オリックス', 5, 1, 3, 3, 3, 0, 2, 149, 'ストレート', 16.5, 58.0, 'ファウル', 3, 1, 11, 'B8');"
"INSERT INTO ballinfo VALUES ('2019-04-13', 2019041306, '西武', 'オリックス', '今井 達也', '右', '西武', '西野 真弘', '左', 'オリックス', 5, 1, 3, 3, 4, 0, 3, 146, 'ストレート', 49.5, 16.4, 'ファウル', 1, 3, 3, 'B3');"
"INSERT INTO ballinfo VALUES ('2019-04-13', 2019041306, '西武', 'オリックス', '今井 達也', '右', '西武', '西野 真弘', '左', 'オリックス', 5, 1, 3, 3, 5, 0, 4, 140, 'チェンジアップ', 51.0, 85.2, '捕ゴロ', 5, 3, 23, 'B17');"
"INSERT INTO ballinfo VALUES ('2019-04-13', 2019041306, '西武', 'オリックス', '山崎 福也', '左', 'オリックス', '金子 侑司', '右', '西武', 5, 2, 1, 1, 1, 0, 0, 102, 'カーブ', 47.0, 45.2, '三飛', 3, 3, 13, 'S5');"
"INSERT INTO ballinfo VALUES ('2019-04-13', 2019041306, '西武', 'オリックス', '山崎 福也', '左', 'オリックス', '源田 壮亮', '左', '西武', 5, 2, 2, 1, 1, 0, 0, 108, 'カーブ', 10.0, 74.4, 'ボール', 4, 1, 16, 'B10');"
"INSERT INTO ballinfo VALUES ('2019-04-13', 2019041306, '西武', 'オリックス', '山崎 福也', '左', 'オリックス', '源田 壮亮', '左', '西武', 5, 2, 2, 1, 2, 1, 0, 142, 'ストレート', 51.0, 84.8, 'ボール', 5, 3, 23, 'B17');"
"INSERT INTO ballinfo VALUES ('2019-04-13', 2019041306, '西武', 'オリックス', '山崎 福也', '左', 'オリックス', '源田 壮亮', '左', '西武', 5, 2, 2, 1, 3, 2, 0, 138, 'ストレート', 34.0, 68.0, '見逃し', 4, 2, 17, 'S7');"
"INSERT INTO ballinfo VALUES ('2019-04-13', 2019041306, '西武', 'オリックス', '山崎 福也', '左', 'オリックス', '源田 壮亮', '左', '西武', 5, 2, 2, 1, 4, 2, 1, 130, 'スライダー', 26.5, 55.2, '見逃し', 3, 2, 12, 'S4');"
"INSERT INTO ballinfo VALUES ('2019-04-13', 2019041306, '西武', 'オリックス', '山崎 福也', '左', 'オリックス', '源田 壮亮', '左', '西武', 5, 2, 2, 1, 5, 2, 2, 140, 'ストレート', 54.0, 89.6, 'ボール', 5, 3, 23, 'B17');"
"INSERT INTO ballinfo VALUES ('2019-04-13', 2019041306, '西武', 'オリックス', '山崎 福也', '左', 'オリックス', '源田 壮亮', '左', '西武', 5, 2, 2, 1, 6, 3, 2, 138, 'チェンジアップ', 89.5, 32.4, '死球', 2, 5, 10, 'B7');"
"INSERT INTO ballinfo VALUES ('2019-04-13', 2019041306, '西武', 'オリックス', '山崎 福也', '左', 'オリックス', '秋山 翔吾', '左', '西武', 5, 2, 3, 2, 1, 0, 0, 131, 'スライダー', 29.0, 56.8, '見逃し', 3, 2, 12, 'S4');"
"INSERT INTO ballinfo VALUES ('2019-04-13', 2019041306, '西武', 'オリックス', '山崎 福也', '左', 'オリックス', '秋山 翔吾', '左', '西武', 5, 2, 3, 2, 2, 0, 1, 102, 'カーブ', 68.5, 85.6, 'ファウル', 5, 4, 24, 'B18');"
"INSERT INTO ballinfo VALUES ('2019-04-13', 2019041306, '西武', 'オリックス', '山崎 福也', '左', 'オリックス', '秋山 翔吾', '左', '西武', 5, 2, 3, 2, 3, 0, 2, 119, 'カーブ', 54.0, 51.6, 'ファウル', 3, 3, 13, 'S5');"
"INSERT INTO ballinfo VALUES ('2019-04-13', 2019041306, '西武', 'オリックス', '山崎 福也', '左', 'オリックス', '秋山 翔吾', '左', '西武', 5, 2, 3, 2, 4, 0, 3, 141, 'ストレート', 34.5, 46.4, '遊ゴロ', 3, 2, 12, 'S4');"
"INSERT INTO ballinfo VALUES ('2019-04-13', 2019041306, '西武', 'オリックス', '山崎 福也', '左', 'オリックス', '山川 穂高', '右', '西武', 5, 2, 4, 2, 1, 0, 0, 122, 'スライダー', 94.0, 14.4, 'ボール', 1, 5, 5, 'B5');"
"INSERT INTO ballinfo VALUES ('2019-04-13', 2019041306, '西武', 'オリックス', '山崎 福也', '左', 'オリックス', '山川 穂高', '右', '西武', 5, 2, 4, 2, 2, 1, 0, 124, 'チェンジアップ', 49.5, 87.2, 'ボール', 5, 3, 23, 'B17');"
"INSERT INTO ballinfo VALUES ('2019-04-13', 2019041306, '西武', 'オリックス', '山崎 福也', '左', 'オリックス', '山川 穂高', '右', '西武', 5, 2, 4, 2, 3, 2, 0, 106, 'カーブ', 36.0, 14.0, 'ボール', 1, 2, 2, 'B2');"
"INSERT INTO ballinfo VALUES ('2019-04-13', 2019041306, '西武', 'オリックス', '山崎 福也', '左', 'オリックス', '山川 穂高', '右', '西武', 5, 2, 4, 2, 4, 3, 0, 125, 'チェンジアップ', 56.0, 83.6, '四球', 5, 3, 23, 'B17');"
"INSERT INTO ballinfo VALUES ('2019-04-13', 2019041306, '西武', 'オリックス', '山崎 福也', '左', 'オリックス', '森 友哉', '左', '西武', 5, 2, 5, 3, 1, 0, 0, 144, 'ストレート', 32.5, 85.2, 'ボール', 5, 2, 22, 'B16');"
"INSERT INTO ballinfo VALUES ('2019-04-13', 2019041306, '西武', 'オリックス', '山崎 福也', '左', 'オリックス', '森 友哉', '左', '西武', 5, 2, 5, 3, 2, 1, 0, 111, 'カーブ', 26.5, 45.2, '見逃し', 3, 2, 12, 'S4');"
"INSERT INTO ballinfo VALUES ('2019-04-13', 2019041306, '西武', 'オリックス', '山崎 福也', '左', 'オリックス', '森 友哉', '左', '西武', 5, 2, 5, 3, 3, 1, 1, 142, 'ストレート', 16.0, 66.4, 'ボール', 4, 1, 16, 'B10');"
"INSERT INTO ballinfo VALUES ('2019-04-13', 2019041306, '西武', 'オリックス', '山崎 福也', '左', 'オリックス', '森 友哉', '左', '西武', 5, 2, 5, 3, 4, 2, 1, 131, 'スライダー', 14.5, 84.4, 'ボール', 5, 1, 21, 'B15');"
"INSERT INTO ballinfo VALUES ('2019-04-13', 2019041306, '西武', 'オリックス', '山崎 福也', '左', 'オリックス', '森 友哉', '左', '西武', 5, 2, 5, 3, 5, 3, 1, 141, 'ストレート', 49.0, 47.6, '左飛', 3, 3, 13, 'S5');"
"INSERT INTO ballinfo VALUES ('2019-04-13', 2019041306, '西武', 'オリックス', '今井 達也', '右', '西武', '大城 滉二', '右', 'オリックス', 6, 1, 1, 1, 1, 0, 0, 121, 'カーブ', 16.0, 35.6, 'ボール', 2, 1, 6, 'B6');"
"INSERT INTO ballinfo VALUES ('2019-04-13', 2019041306, '西武', 'オリックス', '今井 達也', '右', '西武', '大城 滉二', '右', 'オリックス', 6, 1, 1, 1, 2, 1, 0, 122, 'カーブ', 53.0, 14.8, 'ボール', 1, 3, 3, 'B3');"
"INSERT INTO ballinfo VALUES ('2019-04-13', 2019041306, '西武', 'オリックス', '今井 達也', '右', '西武', '大城 滉二', '右', 'オリックス', 6, 1, 1, 1, 3, 2, 0, 143, 'ストレート', 54.5, 67.6, '見逃し', 4, 3, 18, 'S8');"
"INSERT INTO ballinfo VALUES ('2019-04-13', 2019041306, '西武', 'オリックス', '今井 達也', '右', '西武', '大城 滉二', '右', 'オリックス', 6, 1, 1, 1, 4, 2, 1, 143, 'ストレート', 68.0, 68.0, 'ファウル', 4, 4, 19, 'S9');"
"INSERT INTO ballinfo VALUES ('2019-04-13', 2019041306, '西武', 'オリックス', '今井 達也', '右', '西武', '大城 滉二', '右', 'オリックス', 6, 1, 1, 1, 5, 2, 2, 137, 'ストレート', 54.5, 48.4, '二ゴロ', 3, 3, 13, 'S5');"
"INSERT INTO ballinfo VALUES ('2019-04-13', 2019041306, '西武', 'オリックス', '今井 達也', '右', '西武', '頓宮 裕真', '右', 'オリックス', 6, 1, 2, 2, 1, 0, 0, 124, 'スライダー', 51.5, 56.8, '見逃し', 3, 3, 13, 'S5');"
"INSERT INTO ballinfo VALUES ('2019-04-13', 2019041306, '西武', 'オリックス', '今井 達也', '右', '西武', '頓宮 裕真', '右', 'オリックス', 6, 1, 2, 2, 2, 0, 1, 145, 'ストレート', 29.5, 36.8, '捕邪飛', 2, 2, 7, 'S1');"
"INSERT INTO ballinfo VALUES ('2019-04-13', 2019041306, '西武', 'オリックス', '今井 達也', '右', '西武', '後藤 駿太', '左', 'オリックス', 6, 1, 3, 2, 1, 0, 0, 105, 'カーブ', 47.5, 65.2, 'ファウル', 4, 3, 18, 'S8');"
"INSERT INTO ballinfo VALUES ('2019-04-13', 2019041306, '西武', 'オリックス', '今井 達也', '右', '西武', '後藤 駿太', '左', 'オリックス', 6, 1, 3, 2, 2, 0, 1, 130, 'スライダー', 89.5, 73.2, 'ボール', 4, 5, 20, 'B11');"
"INSERT INTO ballinfo VALUES ('2019-04-13', 2019041306, '西武', 'オリックス', '今井 達也', '右', '西武', '後藤 駿太', '左', 'オリックス', 6, 1, 3, 2, 3, 1, 1, 137, 'チェンジアップ', 32.0, 69.2, 'ファウル', 4, 2, 17, 'S7');"
"INSERT INTO ballinfo VALUES ('2019-04-13', 2019041306, '西武', 'オリックス', '今井 達也', '右', '西武', '後藤 駿太', '左', 'オリックス', 6, 1, 3, 2, 4, 1, 2, 148, 'ストレート', 27.5, 27.2, 'ファウル', 2, 2, 7, 'S1');"
"INSERT INTO ballinfo VALUES ('2019-04-13', 2019041306, '西武', 'オリックス', '今井 達也', '右', '西武', '後藤 駿太', '左', 'オリックス', 6, 1, 3, 2, 5, 1, 3, 128, 'スライダー', 15.0, 36.4, 'ボール', 2, 1, 6, 'B6');"
"INSERT INTO ballinfo VALUES ('2019-04-13', 2019041306, '西武', 'オリックス', '今井 達也', '右', '西武', '後藤 駿太', '左', 'オリックス', 6, 1, 3, 2, 6, 2, 3, 138, 'チェンジアップ', 51.5, 70.8, 'ファウル', 4, 3, 18, 'S8');"
"INSERT INTO ballinfo VALUES ('2019-04-13', 2019041306, '西武', 'オリックス', '今井 達也', '右', '西武', '後藤 駿太', '左', 'オリックス', 6, 1, 3, 2, 7, 2, 4, 147, 'ストレート', 29.0, 53.2, 'ファウル', 3, 2, 12, 'S4');"
"INSERT INTO ballinfo VALUES ('2019-04-13', 2019041306, '西武', 'オリックス', '今井 達也', '右', '西武', '後藤 駿太', '左', 'オリックス', 6, 1, 3, 2, 8, 2, 5, 147, 'ストレート', 90.5, 66.8, 'ボール', 4, 5, 20, 'B11');"
"INSERT INTO ballinfo VALUES ('2019-04-13', 2019041306, '西武', 'オリックス', '今井 達也', '右', '西武', '後藤 駿太', '左', 'オリックス', 6, 1, 3, 2, 9, 3, 5, 127, 'スライダー', 36.0, 15.6, '四球', 1, 2, 2, 'B2');"
"INSERT INTO ballinfo VALUES ('2019-04-13', 2019041306, '西武', 'オリックス', '今井 達也', '右', '西武', '若月 健矢', '右', 'オリックス', 6, 1, 4, 2, 1, 0, 0, 128, 'スライダー', 28.5, 56.8, '見逃し', 3, 2, 12, 'S4');"
"INSERT INTO ballinfo VALUES ('2019-04-13', 2019041306, '西武', 'オリックス', '今井 達也', '右', '西武', '若月 健矢', '右', 'オリックス', 6, 1, 4, 2, 2, 0, 1, 0, 'ストレート', 74.5, 89.6, 'ボール', 5, 4, 24, 'B18');"
"INSERT INTO ballinfo VALUES ('2019-04-13', 2019041306, '西武', 'オリックス', '今井 達也', '右', '西武', '若月 健矢', '右', 'オリックス', 6, 1, 4, 2, 3, 1, 1, 128, 'スライダー', 74.5, 83.2, 'ボール', 5, 4, 24, 'B18');"
"INSERT INTO ballinfo VALUES ('2019-04-13', 2019041306, '西武', 'オリックス', '今井 達也', '右', '西武', '若月 健矢', '右', 'オリックス', 6, 1, 4, 2, 4, 2, 1, 123, 'スライダー', 10.0, 16.4, 'ボール', 1, 1, 1, 'B1');"
"INSERT INTO ballinfo VALUES ('2019-04-13', 2019041306, '西武', 'オリックス', '今井 達也', '右', '西武', '若月 健矢', '右', 'オリックス', 6, 1, 4, 2, 5, 3, 1, 0, 'ストレート', 52.5, 52.0, '中安', 3, 3, 13, 'S5');"
"INSERT INTO ballinfo VALUES ('2019-04-13', 2019041306, '西武', 'オリックス', '今井 達也', '右', '西武', '西浦 颯大', '左', 'オリックス', 6, 1, 5, 2, 1, 0, 0, 125, 'スライダー', 73.5, 85.2, 'ボール', 5, 4, 24, 'B18');"
"INSERT INTO ballinfo VALUES ('2019-04-13', 2019041306, '西武', 'オリックス', '今井 達也', '右', '西武', '西浦 颯大', '左', 'オリックス', 6, 1, 5, 2, 2, 1, 0, 141, 'ストレート', 35.0, 55.2, '右安', 3, 2, 12, 'S4');"
"INSERT INTO ballinfo VALUES ('2019-04-13', 2019041306, '西武', 'オリックス', '野田 昇吾', '左', '西武', '福田 周平', '左', 'オリックス', 6, 1, 6, 2, 1, 0, 0, 124, 'スライダー', 29.5, 15.2, 'ボール', 1, 2, 2, 'B2');"
"INSERT INTO ballinfo VALUES ('2019-04-13', 2019041306, '西武', 'オリックス', '野田 昇吾', '左', '西武', '福田 周平', '左', 'オリックス', 6, 1, 6, 2, 2, 1, 0, 133, 'ストレート', 14.5, 56.8, 'ボール', 3, 1, 11, 'B8');"
"INSERT INTO ballinfo VALUES ('2019-04-13', 2019041306, '西武', 'オリックス', '野田 昇吾', '左', '西武', '福田 周平', '左', 'オリックス', 6, 1, 6, 2, 3, 2, 0, 127, 'スライダー', 74.5, 33.2, 'ファウル', 2, 4, 9, 'S3');"
"INSERT INTO ballinfo VALUES ('2019-04-13', 2019041306, '西武', 'オリックス', '野田 昇吾', '左', '西武', '福田 周平', '左', 'オリックス', 6, 1, 6, 2, 4, 2, 1, 133, 'スライダー', 68.5, 9.2, 'ボール', 1, 4, 4, 'B4');"
"INSERT INTO ballinfo VALUES ('2019-04-13', 2019041306, '西武', 'オリックス', '野田 昇吾', '左', '西武', '福田 周平', '左', 'オリックス', 6, 1, 6, 2, 5, 3, 1, 134, 'ストレート', 29.0, 51.2, '見逃し', 3, 2, 12, 'S4');"
"INSERT INTO ballinfo VALUES ('2019-04-13', 2019041306, '西武', 'オリックス', '野田 昇吾', '左', '西武', '福田 周平', '左', 'オリックス', 6, 1, 6, 2, 6, 3, 2, 133, 'スライダー', 52.5, 30.0, '中安', 2, 3, 8, 'S2');"
"INSERT INTO ballinfo VALUES ('2019-04-13', 2019041306, '西武', 'オリックス', '野田 昇吾', '左', '西武', '吉田 正尚', '左', 'オリックス', 6, 1, 7, 3, 1, 0, 0, 131, 'スライダー', 31.0, 52.8, '遊飛', 3, 2, 12, 'S4');"
"INSERT INTO ballinfo VALUES ('2019-04-13', 2019041306, '西武', 'オリックス', '山崎 福也', '左', 'オリックス', '外崎 修汰', '右', '西武', 6, 2, 1, 1, 1, 0, 0, 123, 'スライダー', 12.0, 32.4, 'ボール', 2, 1, 6, 'B6');"
"INSERT INTO ballinfo VALUES ('2019-04-13', 2019041306, '西武', 'オリックス', '山崎 福也', '左', 'オリックス', '外崎 修汰', '右', '西武', 6, 2, 1, 1, 2, 1, 0, 106, 'カーブ', 14.5, 48.8, 'ボール', 3, 1, 11, 'B8');"
"INSERT INTO ballinfo VALUES ('2019-04-13', 2019041306, '西武', 'オリックス', '山崎 福也', '左', 'オリックス', '外崎 修汰', '右', '西武', 6, 2, 1, 1, 3, 2, 0, 134, 'ストレート', 51.5, 52.8, 'ファウル', 3, 3, 13, 'S5');"
"INSERT INTO ballinfo VALUES ('2019-04-13', 2019041306, '西武', 'オリックス', '山崎 福也', '左', 'オリックス', '外崎 修汰', '右', '西武', 6, 2, 1, 1, 4, 2, 1, 140, 'ストレート', 46.5, 27.6, '二飛', 2, 3, 8, 'S2');"
"INSERT INTO ballinfo VALUES ('2019-04-13', 2019041306, '西武', 'オリックス', '山崎 福也', '左', 'オリックス', '栗山 巧', '左', '西武', 6, 2, 2, 2, 1, 0, 0, 138, 'ストレート', 15.0, 31.2, 'ボール', 2, 1, 6, 'B6');"
"INSERT INTO ballinfo VALUES ('2019-04-13', 2019041306, '西武', 'オリックス', '山崎 福也', '左', 'オリックス', '栗山 巧', '左', '西武', 6, 2, 2, 2, 2, 1, 0, 133, 'ストレート', 12.5, 49.2, 'ファウル', 3, 1, 11, 'B8');"
"INSERT INTO ballinfo VALUES ('2019-04-13', 2019041306, '西武', 'オリックス', '山崎 福也', '左', 'オリックス', '栗山 巧', '左', '西武', 6, 2, 2, 2, 3, 1, 1, 138, 'ストレート', 55.0, 52.4, '投ゴロ', 3, 3, 13, 'S5');"
"INSERT INTO ballinfo VALUES ('2019-04-13', 2019041306, '西武', 'オリックス', '山崎 福也', '左', 'オリックス', '中村 剛也', '右', '西武', 6, 2, 3, 3, 1, 0, 0, 135, 'ストレート', 69.5, 49.2, '見逃し', 3, 4, 14, 'S6');"
"INSERT INTO ballinfo VALUES ('2019-04-13', 2019041306, '西武', 'オリックス', '山崎 福也', '左', 'オリックス', '中村 剛也', '右', '西武', 6, 2, 3, 3, 2, 0, 1, 105, 'カーブ', 72.0, 56.8, '見逃し', 3, 4, 14, 'S6');"
"INSERT INTO ballinfo VALUES ('2019-04-13', 2019041306, '西武', 'オリックス', '山崎 福也', '左', 'オリックス', '中村 剛也', '右', '西武', 6, 2, 3, 3, 3, 0, 2, 117, 'チェンジアップ', 52.0, 56.8, '空三振', 3, 3, 13, 'S5');"
"INSERT INTO ballinfo VALUES ('2019-04-13', 2019041306, '西武', 'オリックス', '田村 伊知郎', '右', '西武', '杉本 裕太郎', '右', 'オリックス', 7, 1, 1, 0, 1, 0, 0, 137, 'ストレート', 29.5, 84.8, 'ボール', 5, 2, 22, 'B16');"
"INSERT INTO ballinfo VALUES ('2019-04-13', 2019041306, '西武', 'オリックス', '田村 伊知郎', '右', '西武', '杉本 裕太郎', '右', 'オリックス', 7, 1, 1, 0, 2, 1, 0, 125, 'カーブ', 89.0, 86.8, 'ボール', 5, 5, 25, 'B19');"
"INSERT INTO ballinfo VALUES ('2019-04-13', 2019041306, '西武', 'オリックス', '田村 伊知郎', '右', '西武', '杉本 裕太郎', '右', 'オリックス', 7, 1, 1, 0, 3, 2, 0, 139, 'ストレート', 51.5, 55.6, '左本', 3, 3, 13, 'S5');"
"INSERT INTO ballinfo VALUES ('2019-04-13', 2019041306, '西武', 'オリックス', '田村 伊知郎', '右', '西武', '西野 真弘', '左', 'オリックス', 7, 1, 2, 0, 1, 0, 0, 139, 'ストレート', 46.5, 32.0, '見逃し', 2, 3, 8, 'S2');"
"INSERT INTO ballinfo VALUES ('2019-04-13', 2019041306, '西武', 'オリックス', '田村 伊知郎', '右', '西武', '西野 真弘', '左', 'オリックス', 7, 1, 2, 0, 2, 0, 1, 138, 'カットボール', 89.5, 56.8, 'ボール', 3, 5, 15, 'B9');"
"INSERT INTO ballinfo VALUES ('2019-04-13', 2019041306, '西武', 'オリックス', '田村 伊知郎', '右', '西武', '西野 真弘', '左', 'オリックス', 7, 1, 2, 0, 3, 1, 1, 142, 'ストレート', 51.0, 87.2, 'ボール', 5, 3, 23, 'B17');"
"INSERT INTO ballinfo VALUES ('2019-04-13', 2019041306, '西武', 'オリックス', '田村 伊知郎', '右', '西武', '西野 真弘', '左', 'オリックス', 7, 1, 2, 0, 4, 2, 1, 139, 'ストレート', 56.5, 92.0, 'ボール', 5, 3, 23, 'B17');"
"INSERT INTO ballinfo VALUES ('2019-04-13', 2019041306, '西武', 'オリックス', '田村 伊知郎', '右', '西武', '西野 真弘', '左', 'オリックス', 7, 1, 2, 0, 5, 3, 1, 142, 'ストレート', 11.5, 27.2, '四球', 2, 1, 6, 'B6');"
"INSERT INTO ballinfo VALUES ('2019-04-13', 2019041306, '西武', 'オリックス', '田村 伊知郎', '右', '西武', '大城 滉二', '右', 'オリックス', 7, 1, 3, 1, 1, 0, 0, 143, 'ストレート', 57.5, 56.4, '投犠打', 3, 3, 13, 'S5');"
"INSERT INTO ballinfo VALUES ('2019-04-13', 2019041306, '西武', 'オリックス', '田村 伊知郎', '右', '西武', '頓宮 裕真', '右', 'オリックス', 7, 1, 4, 2, 1, 0, 0, 138, 'カットボール', 76.5, 53.2, '一ゴロ', 3, 4, 14, 'S6');"
"INSERT INTO ballinfo VALUES ('2019-04-13', 2019041306, '西武', 'オリックス', '田村 伊知郎', '右', '西武', '後藤 駿太', '左', 'オリックス', 7, 1, 5, 2, 1, 0, 0, 125, 'チェンジアップ', 67.0, 85.6, 'ボール', 5, 4, 24, 'B18');"
"INSERT INTO ballinfo VALUES ('2019-04-13', 2019041306, '西武', 'オリックス', '田村 伊知郎', '右', '西武', '後藤 駿太', '左', 'オリックス', 7, 1, 5, 2, 2, 1, 0, 135, 'カットボール', 75.5, 52.0, '見逃し', 3, 4, 14, 'S6');"
"INSERT INTO ballinfo VALUES ('2019-04-13', 2019041306, '西武', 'オリックス', '田村 伊知郎', '右', '西武', '後藤 駿太', '左', 'オリックス', 7, 1, 5, 2, 3, 1, 1, 142, 'ストレート', 35.0, 57.2, '左２', 3, 2, 12, 'S4');"
"INSERT INTO ballinfo VALUES ('2019-04-13', 2019041306, '西武', 'オリックス', '田村 伊知郎', '右', '西武', '若月 健矢', '右', 'オリックス', 7, 1, 6, 3, 1, 0, 0, 135, 'カットボール', 71.5, 66.0, '遊ゴロ', 4, 4, 19, 'S9');"
"INSERT INTO ballinfo VALUES ('2019-04-13', 2019041306, '西武', 'オリックス', '山崎 福也', '左', 'オリックス', '木村 文紀', '右', '西武', 7, 2, 1, 0, 1, 0, 0, 129, 'スライダー', 69.5, 13.2, 'ボール', 1, 4, 4, 'B4');"
"INSERT INTO ballinfo VALUES ('2019-04-13', 2019041306, '西武', 'オリックス', '山崎 福也', '左', 'オリックス', '木村 文紀', '右', '西武', 7, 2, 1, 0, 2, 1, 0, 139, 'ストレート', 34.5, 88.4, 'ボール', 5, 2, 22, 'B16');"
"INSERT INTO ballinfo VALUES ('2019-04-13', 2019041306, '西武', 'オリックス', '山崎 福也', '左', 'オリックス', '木村 文紀', '右', '西武', 7, 2, 1, 0, 3, 2, 0, 139, 'ストレート', 13.5, 49.6, 'ボール', 3, 1, 11, 'B8');"
"INSERT INTO ballinfo VALUES ('2019-04-13', 2019041306, '西武', 'オリックス', '山崎 福也', '左', 'オリックス', '木村 文紀', '右', '西武', 7, 2, 1, 0, 4, 3, 0, 137, 'ストレート', 91.0, 27.2, '四球', 2, 5, 10, 'B7');"
"INSERT INTO ballinfo VALUES ('2019-04-13', 2019041306, '西武', 'オリックス', '山崎 福也', '左', 'オリックス', '金子 侑司', '右', '西武', 7, 2, 2, 1, 1, 0, 0, 105, 'カーブ', 37.0, 57.2, '見逃し', 3, 2, 12, 'S4');"
"INSERT INTO ballinfo VALUES ('2019-04-13', 2019041306, '西武', 'オリックス', '山崎 福也', '左', 'オリックス', '金子 侑司', '右', '西武', 7, 2, 2, 1, 2, 0, 1, 124, 'スライダー', 66.5, 64.4, '見逃し', 4, 4, 19, 'S9');"
"INSERT INTO ballinfo VALUES ('2019-04-13', 2019041306, '西武', 'オリックス', '山崎 福也', '左', 'オリックス', '金子 侑司', '右', '西武', 7, 2, 2, 1, 3, 0, 2, 122, 'チェンジアップ', 75.5, 71.6, '空三振', 4, 4, 19, 'S9');"
"INSERT INTO ballinfo VALUES ('2019-04-13', 2019041306, '西武', 'オリックス', '山崎 福也', '左', 'オリックス', '源田 壮亮', '左', '西武', 7, 2, 3, 2, 1, 0, 0, 136, 'ストレート', 29.0, 66.4, '見逃し', 4, 2, 17, 'S7');"
"INSERT INTO ballinfo VALUES ('2019-04-13', 2019041306, '西武', 'オリックス', '山崎 福也', '左', 'オリックス', '源田 壮亮', '左', '西武', 7, 2, 3, 2, 2, 0, 1, 131, 'スライダー', 54.5, 53.2, 'ファウル', 3, 3, 13, 'S5');"
"INSERT INTO ballinfo VALUES ('2019-04-13', 2019041306, '西武', 'オリックス', '山崎 福也', '左', 'オリックス', '源田 壮亮', '左', '西武', 7, 2, 3, 2, 3, 0, 2, 129, 'チェンジアップ', 12.5, 15.6, 'ボール', 1, 1, 1, 'B1');"
"INSERT INTO ballinfo VALUES ('2019-04-13', 2019041306, '西武', 'オリックス', '山崎 福也', '左', 'オリックス', '源田 壮亮', '左', '西武', 7, 2, 3, 2, 4, 1, 2, 141, 'ストレート', 48.5, 57.6, 'ファウル', 3, 3, 13, 'S5');"
"INSERT INTO ballinfo VALUES ('2019-04-13', 2019041306, '西武', 'オリックス', '山崎 福也', '左', 'オリックス', '源田 壮亮', '左', '西武', 7, 2, 3, 2, 5, 1, 3, 119, 'チェンジアップ', 68.5, 49.2, 'ファウル', 3, 4, 14, 'S6');"
"INSERT INTO ballinfo VALUES ('2019-04-13', 2019041306, '西武', 'オリックス', '山崎 福也', '左', 'オリックス', '源田 壮亮', '左', '西武', 7, 2, 3, 2, 6, 1, 4, 103, 'カーブ', 12.5, 84.8, 'ボール', 5, 1, 21, 'B15');"
"INSERT INTO ballinfo VALUES ('2019-04-13', 2019041306, '西武', 'オリックス', '山崎 福也', '左', 'オリックス', '源田 壮亮', '左', '西武', 7, 2, 3, 2, 7, 2, 4, 136, 'ストレート', 53.5, 25.2, 'ファウル', 2, 3, 8, 'S2');"
"INSERT INTO ballinfo VALUES ('2019-04-13', 2019041306, '西武', 'オリックス', '山崎 福也', '左', 'オリックス', '源田 壮亮', '左', '西武', 7, 2, 3, 2, 8, 2, 5, 102, 'カーブ', 29.0, 58.4, '遊ゴロ', 3, 2, 12, 'S4');"
"INSERT INTO ballinfo VALUES ('2019-04-13', 2019041306, '西武', 'オリックス', '山崎 福也', '左', 'オリックス', '秋山 翔吾', '左', '西武', 7, 2, 4, 3, 1, 0, 0, 136, 'ストレート', 30.0, 15.6, 'ボール', 1, 2, 2, 'B2');"
"INSERT INTO ballinfo VALUES ('2019-04-13', 2019041306, '西武', 'オリックス', '山崎 福也', '左', 'オリックス', '秋山 翔吾', '左', '西武', 7, 2, 4, 3, 2, 1, 0, 132, 'スライダー', 49.5, 53.6, '中飛', 3, 3, 13, 'S5');"
"INSERT INTO ballinfo VALUES ('2019-04-13', 2019041306, '西武', 'オリックス', '佐野 泰雄', '左', '西武', '西浦 颯大', '左', 'オリックス', 8, 1, 1, 1, 1, 0, 0, 140, 'ストレート', 31.0, 37.6, 'ファウル', 2, 2, 7, 'S1');"
"INSERT INTO ballinfo VALUES ('2019-04-13', 2019041306, '西武', 'オリックス', '佐野 泰雄', '左', '西武', '西浦 颯大', '左', 'オリックス', 8, 1, 1, 1, 2, 0, 1, 143, 'ストレート', 45.0, 67.6, 'ファウル', 4, 3, 18, 'S8');"
"INSERT INTO ballinfo VALUES ('2019-04-13', 2019041306, '西武', 'オリックス', '佐野 泰雄', '左', '西武', '西浦 颯大', '左', 'オリックス', 8, 1, 1, 1, 3, 0, 2, 129, 'スライダー', 70.0, 63.6, 'ファウル', 4, 4, 19, 'S9');"
"INSERT INTO ballinfo VALUES ('2019-04-13', 2019041306, '西武', 'オリックス', '佐野 泰雄', '左', '西武', '西浦 颯大', '左', 'オリックス', 8, 1, 1, 1, 4, 0, 3, 143, 'ストレート', 36.5, 84.8, 'ボール', 5, 2, 22, 'B16');"
"INSERT INTO ballinfo VALUES ('2019-04-13', 2019041306, '西武', 'オリックス', '佐野 泰雄', '左', '西武', '西浦 颯大', '左', 'オリックス', 8, 1, 1, 1, 5, 1, 3, 113, 'カーブ', 74.0, 34.0, 'ファウル', 2, 4, 9, 'S3');"
"INSERT INTO ballinfo VALUES ('2019-04-13', 2019041306, '西武', 'オリックス', '佐野 泰雄', '左', '西武', '西浦 颯大', '左', 'オリックス', 8, 1, 1, 1, 6, 1, 4, 109, 'カーブ', 94.0, 9.2, 'ボール', 1, 5, 5, 'B5');"
"INSERT INTO ballinfo VALUES ('2019-04-13', 2019041306, '西武', 'オリックス', '佐野 泰雄', '左', '西武', '西浦 颯大', '左', 'オリックス', 8, 1, 1, 1, 7, 2, 4, 127, 'スライダー', 17.0, 84.4, '二ゴロ', 5, 1, 21, 'B15');"
"INSERT INTO ballinfo VALUES ('2019-04-13', 2019041306, '西武', 'オリックス', '佐野 泰雄', '左', '西武', '福田 周平', '左', 'オリックス', 8, 1, 2, 1, 1, 0, 0, 129, 'スライダー', 14.0, 71.6, 'ボール', 4, 1, 16, 'B10');"
"INSERT INTO ballinfo VALUES ('2019-04-13', 2019041306, '西武', 'オリックス', '佐野 泰雄', '左', '西武', '福田 周平', '左', 'オリックス', 8, 1, 2, 1, 2, 1, 0, 0, 'ストレート', 16.5, 64.4, 'ボール', 4, 1, 16, 'B10');"
"INSERT INTO ballinfo VALUES ('2019-04-13', 2019041306, '西武', 'オリックス', '佐野 泰雄', '左', '西武', '福田 周平', '左', 'オリックス', 8, 1, 2, 1, 3, 2, 0, 133, 'ストレート', 49.0, 86.4, 'ボール', 5, 3, 23, 'B17');"
"INSERT INTO ballinfo VALUES ('2019-04-13', 2019041306, '西武', 'オリックス', '佐野 泰雄', '左', '西武', '福田 周平', '左', 'オリックス', 8, 1, 2, 1, 4, 3, 0, 137, 'ストレート', 57.0, 55.2, '見逃し', 3, 3, 13, 'S5');"
"INSERT INTO ballinfo VALUES ('2019-04-13', 2019041306, '西武', 'オリックス', '佐野 泰雄', '左', '西武', '福田 周平', '左', 'オリックス', 8, 1, 2, 1, 5, 3, 1, 127, 'スライダー', 33.5, 56.8, '見逃し', 3, 2, 12, 'S4');"
"INSERT INTO ballinfo VALUES ('2019-04-13', 2019041306, '西武', 'オリックス', '佐野 泰雄', '左', '西武', '福田 周平', '左', 'オリックス', 8, 1, 2, 1, 6, 3, 2, 129, 'スライダー', 51.0, 74.8, '中安', 4, 3, 18, 'S8');"
"INSERT INTO ballinfo VALUES ('2019-04-13', 2019041306, '西武', 'オリックス', '佐野 泰雄', '左', '西武', '吉田 正尚', '左', 'オリックス', 8, 1, 3, 2, 1, 0, 0, 143, 'ストレート', 30.5, 84.8, 'ボール', 5, 2, 22, 'B16');"
"INSERT INTO ballinfo VALUES ('2019-04-13', 2019041306, '西武', 'オリックス', '佐野 泰雄', '左', '西武', '吉田 正尚', '左', 'オリックス', 8, 1, 3, 2, 2, 1, 0, 126, 'スライダー', 54.5, 36.4, '見逃し', 2, 3, 8, 'S2');"
"INSERT INTO ballinfo VALUES ('2019-04-13', 2019041306, '西武', 'オリックス', '佐野 泰雄', '左', '西武', '吉田 正尚', '左', 'オリックス', 8, 1, 3, 2, 3, 1, 1, 135, 'スライダー', 9.0, 72.4, 'ボール', 4, 1, 16, 'B10');"
"INSERT INTO ballinfo VALUES ('2019-04-13', 2019041306, '西武', 'オリックス', '佐野 泰雄', '左', '西武', '吉田 正尚', '左', 'オリックス', 8, 1, 3, 2, 4, 2, 1, 128, 'スライダー', 28.5, 45.2, '見逃し', 3, 2, 12, 'S4');"
"INSERT INTO ballinfo VALUES ('2019-04-13', 2019041306, '西武', 'オリックス', '佐野 泰雄', '左', '西武', '吉田 正尚', '左', 'オリックス', 8, 1, 3, 2, 5, 2, 2, 131, 'スライダー', 15.5, 87.6, '空三振', 5, 1, 21, 'B15');"
"INSERT INTO ballinfo VALUES ('2019-04-13', 2019041306, '西武', 'オリックス', '佐野 泰雄', '左', '西武', '小島 脩平', '左', 'オリックス', 8, 1, 4, 2, 1, 0, 0, 139, 'ストレート', 53.5, 55.2, 'ファウル', 3, 3, 13, 'S5');"
"INSERT INTO ballinfo VALUES ('2019-04-13', 2019041306, '西武', 'オリックス', '佐野 泰雄', '左', '西武', '小島 脩平', '左', 'オリックス', 8, 1, 4, 2, 2, 0, 1, 141, 'ストレート', 49.5, 45.2, '右２', 3, 3, 13, 'S5');"
"INSERT INTO ballinfo VALUES ('2019-04-13', 2019041306, '西武', 'オリックス', '佐野 泰雄', '左', '西武', '西野 真弘', '左', 'オリックス', 8, 1, 5, 3, 1, 0, 0, 108, 'カーブ', 89.5, 52.0, 'ボール', 3, 5, 15, 'B9');"
"INSERT INTO ballinfo VALUES ('2019-04-13', 2019041306, '西武', 'オリックス', '佐野 泰雄', '左', '西武', '西野 真弘', '左', 'オリックス', 8, 1, 5, 3, 2, 1, 0, 0, 'スライダー', 51.5, 15.6, 'ボール', 1, 3, 3, 'B3');"
"INSERT INTO ballinfo VALUES ('2019-04-13', 2019041306, '西武', 'オリックス', '佐野 泰雄', '左', '西武', '西野 真弘', '左', 'オリックス', 8, 1, 5, 3, 3, 2, 0, 0, 'ストレート', 30.5, 16.0, 'ボール', 1, 2, 2, 'B2');"
"INSERT INTO ballinfo VALUES ('2019-04-13', 2019041306, '西武', 'オリックス', '佐野 泰雄', '左', '西武', '西野 真弘', '左', 'オリックス', 8, 1, 5, 3, 4, 3, 0, 139, 'ストレート', 48.5, 69.6, '見逃し', 4, 3, 18, 'S8');"
"INSERT INTO ballinfo VALUES ('2019-04-13', 2019041306, '西武', 'オリックス', '佐野 泰雄', '左', '西武', '西野 真弘', '左', 'オリックス', 8, 1, 5, 3, 5, 3, 1, 139, 'ストレート', 29.5, 69.6, '見逃し', 4, 2, 17, 'S7');"
"INSERT INTO ballinfo VALUES ('2019-04-13', 2019041306, '西武', 'オリックス', '佐野 泰雄', '左', '西武', '西野 真弘', '左', 'オリックス', 8, 1, 5, 3, 6, 3, 2, 128, 'スライダー', 31.5, 37.2, 'ファウル', 2, 2, 7, 'S1');"
"INSERT INTO ballinfo VALUES ('2019-04-13', 2019041306, '西武', 'オリックス', '佐野 泰雄', '左', '西武', '西野 真弘', '左', 'オリックス', 8, 1, 5, 3, 7, 3, 3, 128, 'スライダー', 56.5, 63.6, '一ゴロ', 4, 3, 18, 'S8');"
"INSERT INTO ballinfo VALUES ('2019-04-13', 2019041306, '西武', 'オリックス', '近藤 大亮', '右', 'オリックス', '山川 穂高', '右', '西武', 8, 2, 1, 1, 1, 0, 0, 149, 'ストレート', 53.5, 57.2, '捕飛', 3, 3, 13, 'S5');"
"INSERT INTO ballinfo VALUES ('2019-04-13', 2019041306, '西武', 'オリックス', '近藤 大亮', '右', 'オリックス', '森 友哉', '左', '西武', 8, 2, 2, 1, 1, 0, 0, 127, 'スライダー', 54.5, 52.0, 'ファウル', 3, 3, 13, 'S5');"
"INSERT INTO ballinfo VALUES ('2019-04-13', 2019041306, '西武', 'オリックス', '近藤 大亮', '右', 'オリックス', '森 友哉', '左', '西武', 8, 2, 2, 1, 2, 0, 1, 134, 'カットボール', 35.5, 15.6, 'ボール', 1, 2, 2, 'B2');"
"INSERT INTO ballinfo VALUES ('2019-04-13', 2019041306, '西武', 'オリックス', '近藤 大亮', '右', 'オリックス', '森 友哉', '左', '西武', 8, 2, 2, 1, 3, 1, 1, 146, 'ストレート', 91.0, 34.4, '空振り', 2, 5, 10, 'B7');"
"INSERT INTO ballinfo VALUES ('2019-04-13', 2019041306, '西武', 'オリックス', '近藤 大亮', '右', 'オリックス', '森 友哉', '左', '西武', 8, 2, 2, 1, 4, 1, 2, 136, 'フォーク', 14.5, 84.0, 'ファウル', 5, 1, 21, 'B15');"
"INSERT INTO ballinfo VALUES ('2019-04-13', 2019041306, '西武', 'オリックス', '近藤 大亮', '右', 'オリックス', '森 友哉', '左', '西武', 8, 2, 2, 1, 5, 1, 3, 147, 'ストレート', 35.5, 56.8, '中安', 3, 2, 12, 'S4');"
"INSERT INTO ballinfo VALUES ('2019-04-13', 2019041306, '西武', 'オリックス', '近藤 大亮', '右', 'オリックス', '外崎 修汰', '右', '西武', 8, 2, 3, 2, 1, 0, 0, 145, 'ストレート', 51.0, 44.0, 'ファウル', 3, 3, 13, 'S5');"
"INSERT INTO ballinfo VALUES ('2019-04-13', 2019041306, '西武', 'オリックス', '近藤 大亮', '右', 'オリックス', '外崎 修汰', '右', '西武', 8, 2, 3, 2, 2, 0, 1, 140, 'カットボール', 55.5, 53.6, '左飛', 3, 3, 13, 'S5');"
"INSERT INTO ballinfo VALUES ('2019-04-13', 2019041306, '西武', 'オリックス', '近藤 大亮', '右', 'オリックス', '栗山 巧', '左', '西武', 8, 2, 4, 2, 1, 0, 0, 142, 'ストレート', 32.5, 51.6, 'ファウル', 3, 2, 12, 'S4');"
"INSERT INTO ballinfo VALUES ('2019-04-13', 2019041306, '西武', 'オリックス', '近藤 大亮', '右', 'オリックス', '栗山 巧', '左', '西武', 8, 2, 4, 2, 2, 0, 1, 139, 'ストレート', 32.5, 17.2, 'ボール', 1, 2, 2, 'B2');"
"INSERT INTO ballinfo VALUES ('2019-04-13', 2019041306, '西武', 'オリックス', '近藤 大亮', '右', 'オリックス', '栗山 巧', '左', '西武', 8, 2, 4, 2, 3, 1, 1, 130, 'フォーク', 36.5, 9.6, 'ボール', 1, 2, 2, 'B2');"
"INSERT INTO ballinfo VALUES ('2019-04-13', 2019041306, '西武', 'オリックス', '近藤 大亮', '右', 'オリックス', '栗山 巧', '左', '西武', 8, 2, 4, 2, 4, 2, 1, 142, 'ストレート', 28.5, 45.2, '見逃し', 3, 2, 12, 'S4');"
"INSERT INTO ballinfo VALUES ('2019-04-13', 2019041306, '西武', 'オリックス', '近藤 大亮', '右', 'オリックス', '栗山 巧', '左', '西武', 8, 2, 4, 2, 5, 2, 2, 131, 'フォーク', 16.0, 68.8, 'ファウル', 4, 1, 16, 'B10');"
"INSERT INTO ballinfo VALUES ('2019-04-13', 2019041306, '西武', 'オリックス', '近藤 大亮', '右', 'オリックス', '栗山 巧', '左', '西武', 8, 2, 4, 2, 6, 2, 3, 144, 'ストレート', 13.0, 15.6, 'ボール', 1, 1, 1, 'B1');"
"INSERT INTO ballinfo VALUES ('2019-04-13', 2019041306, '西武', 'オリックス', '近藤 大亮', '右', 'オリックス', '栗山 巧', '左', '西武', 8, 2, 4, 2, 7, 3, 3, 148, 'ストレート', 47.5, 84.8, '四球', 5, 3, 23, 'B17');"
"INSERT INTO ballinfo VALUES ('2019-04-13', 2019041306, '西武', 'オリックス', '近藤 大亮', '右', 'オリックス', '中村 剛也', '右', '西武', 8, 2, 5, 3, 1, 0, 0, 148, 'ストレート', 56.0, 57.2, 'ファウル', 3, 3, 13, 'S5');"
"INSERT INTO ballinfo VALUES ('2019-04-13', 2019041306, '西武', 'オリックス', '近藤 大亮', '右', 'オリックス', '中村 剛也', '右', '西武', 8, 2, 5, 3, 2, 0, 1, 137, 'フォーク', 56.5, 45.2, 'ファウル', 3, 3, 13, 'S5');"
"INSERT INTO ballinfo VALUES ('2019-04-13', 2019041306, '西武', 'オリックス', '近藤 大亮', '右', 'オリックス', '中村 剛也', '右', '西武', 8, 2, 5, 3, 3, 0, 2, 144, 'ストレート', 90.0, 88.0, 'ボール', 5, 5, 25, 'B19');"
"INSERT INTO ballinfo VALUES ('2019-04-13', 2019041306, '西武', 'オリックス', '近藤 大亮', '右', 'オリックス', '中村 剛也', '右', '西武', 8, 2, 5, 3, 4, 1, 2, 0, 'ストレート', 71.5, 87.6, 'ボール', 5, 4, 24, 'B18');"
"INSERT INTO ballinfo VALUES ('2019-04-13', 2019041306, '西武', 'オリックス', '近藤 大亮', '右', 'オリックス', '中村 剛也', '右', '西武', 8, 2, 5, 3, 5, 2, 2, 135, 'カットボール', 52.5, 13.6, 'ボール', 1, 3, 3, 'B3');"
"INSERT INTO ballinfo VALUES ('2019-04-13', 2019041306, '西武', 'オリックス', '近藤 大亮', '右', 'オリックス', '中村 剛也', '右', '西武', 8, 2, 5, 3, 6, 3, 2, 144, 'ストレート', 54.0, 50.8, 'ファウル', 3, 3, 13, 'S5');"
"INSERT INTO ballinfo VALUES ('2019-04-13', 2019041306, '西武', 'オリックス', '近藤 大亮', '右', 'オリックス', '中村 剛也', '右', '西武', 8, 2, 5, 3, 7, 3, 3, 143, 'ストレート', 31.0, 33.2, '空三振', 2, 2, 7, 'S1');"
"INSERT INTO ballinfo VALUES ('2019-04-13', 2019041306, '西武', 'オリックス', '佐野 泰雄', '左', '西武', '大城 滉二', '右', 'オリックス', 9, 1, 1, 1, 1, 0, 0, 126, 'スライダー', 57.5, 29.2, '見逃し', 2, 3, 8, 'S2');"
"INSERT INTO ballinfo VALUES ('2019-04-13', 2019041306, '西武', 'オリックス', '佐野 泰雄', '左', '西武', '大城 滉二', '右', 'オリックス', 9, 1, 1, 1, 2, 0, 1, 141, 'ストレート', 72.5, 16.0, 'ボール', 1, 4, 4, 'B4');"
"INSERT INTO ballinfo VALUES ('2019-04-13', 2019041306, '西武', 'オリックス', '佐野 泰雄', '左', '西武', '大城 滉二', '右', 'オリックス', 9, 1, 1, 1, 3, 1, 1, 144, 'ストレート', 75.0, 54.0, 'ファウル', 3, 4, 14, 'S6');"
"INSERT INTO ballinfo VALUES ('2019-04-13', 2019041306, '西武', 'オリックス', '佐野 泰雄', '左', '西武', '大城 滉二', '右', 'オリックス', 9, 1, 1, 1, 4, 1, 2, 129, 'スライダー', 49.0, 23.6, '捕邪飛', 2, 3, 8, 'S2');"
"INSERT INTO ballinfo VALUES ('2019-04-13', 2019041306, '西武', 'オリックス', '佐野 泰雄', '左', '西武', '頓宮 裕真', '右', 'オリックス', 9, 1, 2, 2, 1, 0, 0, 128, 'スライダー', 66.5, 55.6, '見逃し', 3, 4, 14, 'S6');"
"INSERT INTO ballinfo VALUES ('2019-04-13', 2019041306, '西武', 'オリックス', '佐野 泰雄', '左', '西武', '頓宮 裕真', '右', 'オリックス', 9, 1, 2, 2, 2, 0, 1, 110, 'カーブ', 94.5, 14.4, 'ボール', 1, 5, 5, 'B5');"
"INSERT INTO ballinfo VALUES ('2019-04-13', 2019041306, '西武', 'オリックス', '佐野 泰雄', '左', '西武', '頓宮 裕真', '右', 'オリックス', 9, 1, 2, 2, 3, 1, 1, 129, 'チェンジアップ', 94.5, 73.2, 'ボール', 4, 5, 20, 'B11');"
"INSERT INTO ballinfo VALUES ('2019-04-13', 2019041306, '西武', 'オリックス', '佐野 泰雄', '左', '西武', '頓宮 裕真', '右', 'オリックス', 9, 1, 2, 2, 4, 2, 1, 141, 'ストレート', 75.5, 45.2, '空振り', 3, 4, 14, 'S6');"
"INSERT INTO ballinfo VALUES ('2019-04-13', 2019041306, '西武', 'オリックス', '佐野 泰雄', '左', '西武', '頓宮 裕真', '右', 'オリックス', 9, 1, 2, 2, 5, 2, 2, 110, 'カーブ', 72.5, 29.6, '見三振', 2, 4, 9, 'S3');"
"INSERT INTO ballinfo VALUES ('2019-04-13', 2019041306, '西武', 'オリックス', '佐野 泰雄', '左', '西武', '後藤 駿太', '左', 'オリックス', 9, 1, 3, 2, 1, 0, 0, 125, 'スライダー', 53.0, 16.8, 'ボール', 1, 3, 3, 'B3');"
"INSERT INTO ballinfo VALUES ('2019-04-13', 2019041306, '西武', 'オリックス', '佐野 泰雄', '左', '西武', '後藤 駿太', '左', 'オリックス', 9, 1, 3, 2, 2, 1, 0, 142, 'ストレート', 37.5, 15.2, '中安', 1, 2, 2, 'B2');"
"INSERT INTO ballinfo VALUES ('2019-04-13', 2019041306, '西武', 'オリックス', '佐野 泰雄', '左', '西武', '若月 健矢', '右', 'オリックス', 9, 1, 4, 2, 1, 0, 0, 0, 'ストレート', 55.0, 33.6, '見逃し', 2, 3, 8, 'S2');"
"INSERT INTO ballinfo VALUES ('2019-04-13', 2019041306, '西武', 'オリックス', '佐野 泰雄', '左', '西武', '若月 健矢', '右', 'オリックス', 9, 1, 4, 2, 2, 0, 1, 131, 'スライダー', 16.5, 71.6, '空振り', 4, 1, 16, 'B10');"
"INSERT INTO ballinfo VALUES ('2019-04-13', 2019041306, '西武', 'オリックス', '佐野 泰雄', '左', '西武', '若月 健矢', '右', 'オリックス', 9, 1, 4, 2, 3, 0, 2, 144, 'ストレート', 90.5, 32.0, 'ボール', 2, 5, 10, 'B7');"
"INSERT INTO ballinfo VALUES ('2019-04-13', 2019041306, '西武', 'オリックス', '佐野 泰雄', '左', '西武', '若月 健矢', '右', 'オリックス', 9, 1, 4, 2, 4, 1, 2, 143, 'ストレート', 92.0, 25.2, 'ボール', 2, 5, 10, 'B7');"
"INSERT INTO ballinfo VALUES ('2019-04-13', 2019041306, '西武', 'オリックス', '佐野 泰雄', '左', '西武', '若月 健矢', '右', 'オリックス', 9, 1, 4, 2, 5, 2, 2, 127, 'スライダー', 36.0, 55.6, '左安', 3, 2, 12, 'S4');"
"INSERT INTO ballinfo VALUES ('2019-04-13', 2019041306, '西武', 'オリックス', '佐野 泰雄', '左', '西武', '西浦 颯大', '左', 'オリックス', 9, 1, 5, 2, 1, 0, 0, 140, 'ストレート', 28.0, 75.6, '見逃し', 4, 2, 17, 'S7');"
"INSERT INTO ballinfo VALUES ('2019-04-13', 2019041306, '西武', 'オリックス', '佐野 泰雄', '左', '西武', '西浦 颯大', '左', 'オリックス', 9, 1, 5, 2, 2, 0, 1, 121, 'スライダー', 15.0, 87.6, '空振り', 5, 1, 21, 'B15');"
"INSERT INTO ballinfo VALUES ('2019-04-13', 2019041306, '西武', 'オリックス', '佐野 泰雄', '左', '西武', '西浦 颯大', '左', 'オリックス', 9, 1, 5, 2, 3, 0, 2, 0, 'スライダー', 27.0, 66.8, '二失', 4, 2, 17, 'S7');"
"INSERT INTO ballinfo VALUES ('2019-04-13', 2019041306, '西武', 'オリックス', '佐野 泰雄', '左', '西武', '福田 周平', '左', 'オリックス', 9, 1, 6, 3, 1, 0, 0, 123, 'スライダー', 27.0, 57.2, '見逃し', 3, 2, 12, 'S4');"
"INSERT INTO ballinfo VALUES ('2019-04-13', 2019041306, '西武', 'オリックス', '佐野 泰雄', '左', '西武', '福田 周平', '左', 'オリックス', 9, 1, 6, 3, 2, 0, 1, 128, 'スライダー', 31.0, 88.8, 'ボール', 5, 2, 22, 'B16');"
"INSERT INTO ballinfo VALUES ('2019-04-13', 2019041306, '西武', 'オリックス', '佐野 泰雄', '左', '西武', '福田 周平', '左', 'オリックス', 9, 1, 6, 3, 3, 1, 1, 125, 'スライダー', 12.5, 88.0, 'ボール', 5, 1, 21, 'B15');"
"INSERT INTO ballinfo VALUES ('2019-04-13', 2019041306, '西武', 'オリックス', '佐野 泰雄', '左', '西武', '福田 周平', '左', 'オリックス', 9, 1, 6, 3, 4, 2, 1, 126, 'スライダー', 17.0, 84.0, 'ボール', 5, 1, 21, 'B15');"
"INSERT INTO ballinfo VALUES ('2019-04-13', 2019041306, '西武', 'オリックス', '佐野 泰雄', '左', '西武', '福田 周平', '左', 'オリックス', 9, 1, 6, 3, 5, 3, 1, 0, 'ストレート', 51.5, 57.2, '投ゴロ', 3, 3, 13, 'S5');"
"INSERT INTO ballinfo VALUES ('2019-04-13', 2019041306, '西武', 'オリックス', '山田 修義', '左', 'オリックス', 'メヒア', '右', '西武', 9, 2, 1, 1, 1, 0, 0, 0, 'ストレート', 53.0, 52.8, 'ファウル', 3, 3, 13, 'S5');"
"INSERT INTO ballinfo VALUES ('2019-04-13', 2019041306, '西武', 'オリックス', '山田 修義', '左', 'オリックス', 'メヒア', '右', '西武', 9, 2, 1, 1, 2, 0, 1, 129, 'スライダー', 51.5, 12.4, 'ボール', 1, 3, 3, 'B3');"
"INSERT INTO ballinfo VALUES ('2019-04-13', 2019041306, '西武', 'オリックス', '山田 修義', '左', 'オリックス', 'メヒア', '右', '西武', 9, 2, 1, 1, 3, 1, 1, 138, 'ストレート', 56.0, 68.8, 'ファウル', 4, 3, 18, 'S8');"
"INSERT INTO ballinfo VALUES ('2019-04-13', 2019041306, '西武', 'オリックス', '山田 修義', '左', 'オリックス', 'メヒア', '右', '西武', 9, 2, 1, 1, 4, 1, 2, 141, 'ストレート', 12.5, 55.6, 'ボール', 3, 1, 11, 'B8');"
"INSERT INTO ballinfo VALUES ('2019-04-13', 2019041306, '西武', 'オリックス', '山田 修義', '左', 'オリックス', 'メヒア', '右', '西武', 9, 2, 1, 1, 5, 2, 2, 136, 'ストレート', 71.5, 35.6, '右飛', 2, 4, 9, 'S3');"
"INSERT INTO ballinfo VALUES ('2019-04-13', 2019041306, '西武', 'オリックス', '山田 修義', '左', 'オリックス', '金子 侑司', '右', '西武', 9, 2, 2, 2, 1, 0, 0, 140, 'ストレート', 72.5, 28.4, 'ファウル', 2, 4, 9, 'S3');"
"INSERT INTO ballinfo VALUES ('2019-04-13', 2019041306, '西武', 'オリックス', '山田 修義', '左', 'オリックス', '金子 侑司', '右', '西武', 9, 2, 2, 2, 2, 0, 1, 131, 'ストレート', 54.5, 51.6, '左飛', 3, 3, 13, 'S5');"
"INSERT INTO ballinfo VALUES ('2019-04-13', 2019041306, '西武', 'オリックス', '山田 修義', '左', 'オリックス', '源田 壮亮', '左', '西武', 9, 2, 3, 3, 1, 0, 0, 133, 'ストレート', 29.0, 88.0, 'ボール', 5, 2, 22, 'B16');"
"INSERT INTO ballinfo VALUES ('2019-04-13', 2019041306, '西武', 'オリックス', '山田 修義', '左', 'オリックス', '源田 壮亮', '左', '西武', 9, 2, 3, 3, 2, 1, 0, 144, 'ストレート', 35.0, 54.4, 'ファウル', 3, 2, 12, 'S4');"
"INSERT INTO ballinfo VALUES ('2019-04-13', 2019041306, '西武', 'オリックス', '山田 修義', '左', 'オリックス', '源田 壮亮', '左', '西武', 9, 2, 3, 3, 3, 1, 1, 105, 'カーブ', 50.5, 14.4, 'ボール', 1, 3, 3, 'B3');"
"INSERT INTO ballinfo VALUES ('2019-04-13', 2019041306, '西武', 'オリックス', '山田 修義', '左', 'オリックス', '源田 壮亮', '左', '西武', 9, 2, 3, 3, 4, 2, 1, 138, 'ストレート', 29.5, 65.2, '見逃し', 4, 2, 17, 'S7');"
"INSERT INTO ballinfo VALUES ('2019-04-13', 2019041306, '西武', 'オリックス', '山田 修義', '左', 'オリックス', '源田 壮亮', '左', '西武', 9, 2, 3, 3, 5, 2, 2, 128, 'スライダー', 29.5, 44.8, 'ゴロ', 3, 2, 12, 'S4');"
