"INSERT INTO ballinfo VALUES ('2019-04-11', 2019041101, '阪神', 'ＤｅＮＡ', '秋山 拓巳', '右', '阪神', '神里 和毅', '左', 'ＤｅＮＡ', 1, 1, 1, 0, 1, 0, 0, 137, 'ストレート', 33.0, 10.8, 'ボール', 1, 2, 2, 'B2');"
"INSERT INTO ballinfo VALUES ('2019-04-11', 2019041101, '阪神', 'ＤｅＮＡ', '秋山 拓巳', '右', '阪神', '神里 和毅', '左', 'ＤｅＮＡ', 1, 1, 1, 0, 2, 1, 0, 135, 'ストレート', 13.5, 48.8, 'ボール', 3, 1, 11, 'B8');"
"INSERT INTO ballinfo VALUES ('2019-04-11', 2019041101, '阪神', 'ＤｅＮＡ', '秋山 拓巳', '右', '阪神', '神里 和毅', '左', 'ＤｅＮＡ', 1, 1, 1, 0, 3, 2, 0, 134, 'ストレート', 74.5, 34.8, '見逃し', 2, 4, 9, 'S3');"
"INSERT INTO ballinfo VALUES ('2019-04-11', 2019041101, '阪神', 'ＤｅＮＡ', '秋山 拓巳', '右', '阪神', '神里 和毅', '左', 'ＤｅＮＡ', 1, 1, 1, 0, 4, 2, 1, 130, 'カットボール', 73.0, 15.2, 'ボール', 1, 4, 4, 'B4');"
"INSERT INTO ballinfo VALUES ('2019-04-11', 2019041101, '阪神', 'ＤｅＮＡ', '秋山 拓巳', '右', '阪神', '神里 和毅', '左', 'ＤｅＮＡ', 1, 1, 1, 0, 5, 3, 1, 130, 'ストレート', 35.0, 34.0, 'ファウル', 2, 2, 7, 'S1');"
"INSERT INTO ballinfo VALUES ('2019-04-11', 2019041101, '阪神', 'ＤｅＮＡ', '秋山 拓巳', '右', '阪神', '神里 和毅', '左', 'ＤｅＮＡ', 1, 1, 1, 0, 6, 3, 2, 0, 'ストレート', 70.5, 84.4, '四球', 5, 4, 24, 'B18');"
"INSERT INTO ballinfo VALUES ('2019-04-11', 2019041101, '阪神', 'ＤｅＮＡ', '秋山 拓巳', '右', '阪神', '桑原 将志', '右', 'ＤｅＮＡ', 1, 1, 2, 1, 1, 0, 0, 104, 'カーブ', 52.5, 49.2, '見逃し', 3, 3, 13, 'S5');"
"INSERT INTO ballinfo VALUES ('2019-04-11', 2019041101, '阪神', 'ＤｅＮＡ', '秋山 拓巳', '右', '阪神', '桑原 将志', '右', 'ＤｅＮＡ', 1, 1, 2, 1, 2, 0, 1, 0, 'ストレート', 31.0, 65.2, '見逃し', 4, 2, 17, 'S7');"
"INSERT INTO ballinfo VALUES ('2019-04-11', 2019041101, '阪神', 'ＤｅＮＡ', '秋山 拓巳', '右', '阪神', '桑原 将志', '右', 'ＤｅＮＡ', 1, 1, 2, 1, 3, 0, 2, 125, 'フォーク', 49.5, 90.4, 'ボール', 5, 3, 23, 'B17');"
"INSERT INTO ballinfo VALUES ('2019-04-11', 2019041101, '阪神', 'ＤｅＮＡ', '秋山 拓巳', '右', '阪神', '桑原 将志', '右', 'ＤｅＮＡ', 1, 1, 2, 1, 4, 1, 2, 129, 'カットボール', 70.5, 89.2, 'ボール', 5, 4, 24, 'B18');"
"INSERT INTO ballinfo VALUES ('2019-04-11', 2019041101, '阪神', 'ＤｅＮＡ', '秋山 拓巳', '右', '阪神', '桑原 将志', '右', 'ＤｅＮＡ', 1, 1, 2, 1, 5, 2, 2, 126, 'カットボール', 73.0, 74.0, '見三振', 4, 4, 19, 'S9');"
"INSERT INTO ballinfo VALUES ('2019-04-11', 2019041101, '阪神', 'ＤｅＮＡ', '秋山 拓巳', '右', '阪神', 'ロペス', '右', 'ＤｅＮＡ', 1, 1, 3, 2, 1, 0, 0, 106, 'カーブ', 53.5, 5.6, 'ボール', 1, 3, 3, 'B3');"
"INSERT INTO ballinfo VALUES ('2019-04-11', 2019041101, '阪神', 'ＤｅＮＡ', '秋山 拓巳', '右', '阪神', 'ロペス', '右', 'ＤｅＮＡ', 1, 1, 3, 2, 2, 1, 0, 129, 'ストレート', 52.5, 29.2, 'ファウル', 2, 3, 8, 'S2');"
"INSERT INTO ballinfo VALUES ('2019-04-11', 2019041101, '阪神', 'ＤｅＮＡ', '秋山 拓巳', '右', '阪神', 'ロペス', '右', 'ＤｅＮＡ', 1, 1, 3, 2, 3, 1, 1, 129, 'フォーク', 51.5, 13.2, '遊ゴロ', 1, 3, 3, 'B3');"
"INSERT INTO ballinfo VALUES ('2019-04-11', 2019041101, '阪神', 'ＤｅＮＡ', '秋山 拓巳', '右', '阪神', '筒香 嘉智', '左', 'ＤｅＮＡ', 1, 1, 4, 3, 1, 0, 0, 132, 'ストレート', 53.0, 9.2, 'ボール', 1, 3, 3, 'B3');"
"INSERT INTO ballinfo VALUES ('2019-04-11', 2019041101, '阪神', 'ＤｅＮＡ', '秋山 拓巳', '右', '阪神', '筒香 嘉智', '左', 'ＤｅＮＡ', 1, 1, 4, 3, 2, 1, 0, 108, 'カーブ', 47.0, 76.0, '見逃し', 4, 3, 18, 'S8');"
"INSERT INTO ballinfo VALUES ('2019-04-11', 2019041101, '阪神', 'ＤｅＮＡ', '秋山 拓巳', '右', '阪神', '筒香 嘉智', '左', 'ＤｅＮＡ', 1, 1, 4, 3, 3, 1, 1, 130, 'ストレート', 15.5, 70.0, 'ボール', 4, 1, 16, 'B10');"
"INSERT INTO ballinfo VALUES ('2019-04-11', 2019041101, '阪神', 'ＤｅＮＡ', '秋山 拓巳', '右', '阪神', '筒香 嘉智', '左', 'ＤｅＮＡ', 1, 1, 4, 3, 4, 2, 1, 126, 'ストレート', 29.5, 32.4, '見逃し', 2, 2, 7, 'S1');"
"INSERT INTO ballinfo VALUES ('2019-04-11', 2019041101, '阪神', 'ＤｅＮＡ', '秋山 拓巳', '右', '阪神', '筒香 嘉智', '左', 'ＤｅＮＡ', 1, 1, 4, 3, 5, 2, 2, 0, 'ストレート', 51.0, 51.6, '左飛', 3, 3, 13, 'S5');"
"INSERT INTO ballinfo VALUES ('2019-04-11', 2019041101, '阪神', 'ＤｅＮＡ', '大貫 晋一', '右', 'ＤｅＮＡ', '鳥谷 敬', '左', '阪神', 1, 2, 1, 1, 1, 0, 0, 0, 'シュート', 34.0, 51.2, '見逃し', 3, 2, 12, 'S4');"
"INSERT INTO ballinfo VALUES ('2019-04-11', 2019041101, '阪神', 'ＤｅＮＡ', '大貫 晋一', '右', 'ＤｅＮＡ', '鳥谷 敬', '左', '阪神', 1, 2, 1, 1, 2, 0, 1, 123, 'フォーク', 11.5, 86.4, 'ボール', 5, 1, 21, 'B15');"
"INSERT INTO ballinfo VALUES ('2019-04-11', 2019041101, '阪神', 'ＤｅＮＡ', '大貫 晋一', '右', 'ＤｅＮＡ', '鳥谷 敬', '左', '阪神', 1, 2, 1, 1, 3, 1, 1, 138, 'フォーク', 51.0, 97.2, 'ボール', 5, 3, 23, 'B17');"
"INSERT INTO ballinfo VALUES ('2019-04-11', 2019041101, '阪神', 'ＤｅＮＡ', '大貫 晋一', '右', 'ＤｅＮＡ', '鳥谷 敬', '左', '阪神', 1, 2, 1, 1, 4, 2, 1, 131, 'フォーク', 53.5, 73.2, '一ゴロ', 4, 3, 18, 'S8');"
"INSERT INTO ballinfo VALUES ('2019-04-11', 2019041101, '阪神', 'ＤｅＮＡ', '大貫 晋一', '右', 'ＤｅＮＡ', '糸原 健斗', '左', '阪神', 1, 2, 2, 1, 1, 0, 0, 0, 'ストレート', 14.5, 52.4, 'ボール', 3, 1, 11, 'B8');"
"INSERT INTO ballinfo VALUES ('2019-04-11', 2019041101, '阪神', 'ＤｅＮＡ', '大貫 晋一', '右', 'ＤｅＮＡ', '糸原 健斗', '左', '阪神', 1, 2, 2, 1, 2, 1, 0, 135, 'ストレート', 48.0, 89.2, 'ボール', 5, 3, 23, 'B17');"
"INSERT INTO ballinfo VALUES ('2019-04-11', 2019041101, '阪神', 'ＤｅＮＡ', '大貫 晋一', '右', 'ＤｅＮＡ', '糸原 健斗', '左', '阪神', 1, 2, 2, 1, 3, 2, 0, 0, 'ストレート', 27.0, 13.2, 'ボール', 1, 2, 2, 'B2');"
"INSERT INTO ballinfo VALUES ('2019-04-11', 2019041101, '阪神', 'ＤｅＮＡ', '大貫 晋一', '右', 'ＤｅＮＡ', '糸原 健斗', '左', '阪神', 1, 2, 2, 1, 4, 3, 0, 133, 'ストレート', 53.5, 53.6, '見逃し', 3, 3, 13, 'S5');"
"INSERT INTO ballinfo VALUES ('2019-04-11', 2019041101, '阪神', 'ＤｅＮＡ', '大貫 晋一', '右', 'ＤｅＮＡ', '糸原 健斗', '左', '阪神', 1, 2, 2, 1, 5, 3, 1, 133, 'ストレート', 10.0, 12.8, '四球', 1, 1, 1, 'B1');"
"INSERT INTO ballinfo VALUES ('2019-04-11', 2019041101, '阪神', 'ＤｅＮＡ', '大貫 晋一', '右', 'ＤｅＮＡ', '糸井 嘉男', '左', '阪神', 1, 2, 3, 1, 1, 0, 0, 0, 'フォーク', 14.0, 89.2, 'ボール', 5, 1, 21, 'B15');"
"INSERT INTO ballinfo VALUES ('2019-04-11', 2019041101, '阪神', 'ＤｅＮＡ', '大貫 晋一', '右', 'ＤｅＮＡ', '糸井 嘉男', '左', '阪神', 1, 2, 3, 1, 2, 1, 0, 132, 'フォーク', 31.0, 87.2, 'ボール', 5, 2, 22, 'B16');"
"INSERT INTO ballinfo VALUES ('2019-04-11', 2019041101, '阪神', 'ＤｅＮＡ', '大貫 晋一', '右', 'ＤｅＮＡ', '糸井 嘉男', '左', '阪神', 1, 2, 3, 1, 3, 2, 0, 0, 'ストレート', 30.5, 92.8, 'ボール', 5, 2, 22, 'B16');"
"INSERT INTO ballinfo VALUES ('2019-04-11', 2019041101, '阪神', 'ＤｅＮＡ', '大貫 晋一', '右', 'ＤｅＮＡ', '糸井 嘉男', '左', '阪神', 1, 2, 3, 1, 4, 3, 0, 136, 'ストレート', 71.0, 66.8, '見逃し', 4, 4, 19, 'S9');"
"INSERT INTO ballinfo VALUES ('2019-04-11', 2019041101, '阪神', 'ＤｅＮＡ', '大貫 晋一', '右', 'ＤｅＮＡ', '糸井 嘉男', '左', '阪神', 1, 2, 3, 1, 5, 3, 1, 138, 'シュート', 35.5, 33.2, '見逃し', 2, 2, 7, 'S1');"
"INSERT INTO ballinfo VALUES ('2019-04-11', 2019041101, '阪神', 'ＤｅＮＡ', '大貫 晋一', '右', 'ＤｅＮＡ', '糸井 嘉男', '左', '阪神', 1, 2, 3, 1, 6, 3, 2, 0, 'フォーク', 32.5, 69.2, '中２', 4, 2, 17, 'S7');"
"INSERT INTO ballinfo VALUES ('2019-04-11', 2019041101, '阪神', 'ＤｅＮＡ', '大貫 晋一', '右', 'ＤｅＮＡ', '大山 悠輔', '右', '阪神', 1, 2, 4, 2, 1, 0, 0, 128, 'スライダー', 92.5, 87.6, 'ボール', 5, 5, 25, 'B19');"
"INSERT INTO ballinfo VALUES ('2019-04-11', 2019041101, '阪神', 'ＤｅＮＡ', '大貫 晋一', '右', 'ＤｅＮＡ', '大山 悠輔', '右', '阪神', 1, 2, 4, 2, 2, 1, 0, 131, 'シュート', 14.5, 87.6, 'ボール', 5, 1, 21, 'B15');"
"INSERT INTO ballinfo VALUES ('2019-04-11', 2019041101, '阪神', 'ＤｅＮＡ', '大貫 晋一', '右', 'ＤｅＮＡ', '大山 悠輔', '右', '阪神', 1, 2, 4, 2, 3, 2, 0, 135, 'シュート', 31.5, 31.6, '三ゴロ', 2, 2, 7, 'S1');"
"INSERT INTO ballinfo VALUES ('2019-04-11', 2019041101, '阪神', 'ＤｅＮＡ', '大貫 晋一', '右', 'ＤｅＮＡ', '福留 孝介', '左', '阪神', 1, 2, 5, 2, 1, 0, 0, 117, 'カーブ', 94.5, 87.6, 'ボール', 5, 5, 25, 'B19');"
"INSERT INTO ballinfo VALUES ('2019-04-11', 2019041101, '阪神', 'ＤｅＮＡ', '大貫 晋一', '右', 'ＤｅＮＡ', '福留 孝介', '左', '阪神', 1, 2, 5, 2, 2, 1, 0, 135, 'シュート', 17.0, 64.8, 'ボール', 4, 1, 16, 'B10');"
"INSERT INTO ballinfo VALUES ('2019-04-11', 2019041101, '阪神', 'ＤｅＮＡ', '大貫 晋一', '右', 'ＤｅＮＡ', '福留 孝介', '左', '阪神', 1, 2, 5, 2, 3, 2, 0, 135, 'フォーク', 13.5, 8.8, 'ボール', 1, 1, 1, 'B1');"
"INSERT INTO ballinfo VALUES ('2019-04-11', 2019041101, '阪神', 'ＤｅＮＡ', '大貫 晋一', '右', 'ＤｅＮＡ', '福留 孝介', '左', '阪神', 1, 2, 5, 2, 4, 3, 0, 0, 'ストレート', 10.0, 17.6, '四球', 1, 1, 1, 'B1');"
"INSERT INTO ballinfo VALUES ('2019-04-11', 2019041101, '阪神', 'ＤｅＮＡ', '大貫 晋一', '右', 'ＤｅＮＡ', '中谷 将大', '右', '阪神', 1, 2, 6, 3, 1, 0, 0, 134, 'シュート', 51.5, 31.2, '二ゴロ', 2, 3, 8, 'S2');"
"INSERT INTO ballinfo VALUES ('2019-04-11', 2019041101, '阪神', 'ＤｅＮＡ', '秋山 拓巳', '右', '阪神', 'ソト', '右', 'ＤｅＮＡ', 2, 1, 1, 1, 1, 0, 0, 0, 'ストレート', 72.5, 29.6, '中飛', 2, 4, 9, 'S3');"
"INSERT INTO ballinfo VALUES ('2019-04-11', 2019041101, '阪神', 'ＤｅＮＡ', '秋山 拓巳', '右', '阪神', '宮崎 敏郎', '右', 'ＤｅＮＡ', 2, 1, 2, 1, 1, 0, 0, 107, 'カーブ', 55.5, 52.4, '見逃し', 3, 3, 13, 'S5');"
"INSERT INTO ballinfo VALUES ('2019-04-11', 2019041101, '阪神', 'ＤｅＮＡ', '秋山 拓巳', '右', '阪神', '宮崎 敏郎', '右', 'ＤｅＮＡ', 2, 1, 2, 1, 2, 0, 1, 111, 'スライダー', 90.5, 89.2, 'ボール', 5, 5, 25, 'B19');"
"INSERT INTO ballinfo VALUES ('2019-04-11', 2019041101, '阪神', 'ＤｅＮＡ', '秋山 拓巳', '右', '阪神', '宮崎 敏郎', '右', 'ＤｅＮＡ', 2, 1, 2, 1, 3, 1, 1, 109, 'カーブ', 74.5, 48.4, '遊安', 3, 4, 14, 'S6');"
"INSERT INTO ballinfo VALUES ('2019-04-11', 2019041101, '阪神', 'ＤｅＮＡ', '秋山 拓巳', '右', '阪神', '大和', '右', 'ＤｅＮＡ', 2, 1, 3, 1, 1, 0, 0, 125, 'カットボール', 51.5, 68.0, '見逃し', 4, 3, 18, 'S8');"
"INSERT INTO ballinfo VALUES ('2019-04-11', 2019041101, '阪神', 'ＤｅＮＡ', '秋山 拓巳', '右', '阪神', '大和', '右', 'ＤｅＮＡ', 2, 1, 3, 1, 2, 0, 1, 125, 'フォーク', 30.0, 87.6, 'ボール', 5, 2, 22, 'B16');"
"INSERT INTO ballinfo VALUES ('2019-04-11', 2019041101, '阪神', 'ＤｅＮＡ', '秋山 拓巳', '右', '阪神', '大和', '右', 'ＤｅＮＡ', 2, 1, 3, 1, 3, 1, 1, 109, 'カーブ', 90.5, 70.0, '中安', 4, 5, 20, 'B11');"
"INSERT INTO ballinfo VALUES ('2019-04-11', 2019041101, '阪神', 'ＤｅＮＡ', '秋山 拓巳', '右', '阪神', '伊藤 光', '右', 'ＤｅＮＡ', 2, 1, 4, 1, 1, 0, 0, 140, 'ストレート', 50.5, 32.4, '右安', 2, 3, 8, 'S2');"
"INSERT INTO ballinfo VALUES ('2019-04-11', 2019041101, '阪神', 'ＤｅＮＡ', '秋山 拓巳', '右', '阪神', '大貫 晋一', '右', 'ＤｅＮＡ', 2, 1, 5, 1, 1, 0, 0, 126, 'カットボール', 95.0, 12.8, 'ボール', 1, 5, 5, 'B5');"
"INSERT INTO ballinfo VALUES ('2019-04-11', 2019041101, '阪神', 'ＤｅＮＡ', '秋山 拓巳', '右', '阪神', '大貫 晋一', '右', 'ＤｅＮＡ', 2, 1, 5, 1, 2, 1, 0, 125, 'カットボール', 71.5, 29.2, '三安', 2, 4, 9, 'S3');"
"INSERT INTO ballinfo VALUES ('2019-04-11', 2019041101, '阪神', 'ＤｅＮＡ', '秋山 拓巳', '右', '阪神', '神里 和毅', '左', 'ＤｅＮＡ', 2, 1, 6, 2, 1, 0, 0, 131, 'フォーク', 52.0, 91.6, 'ボール', 5, 3, 23, 'B17');"
"INSERT INTO ballinfo VALUES ('2019-04-11', 2019041101, '阪神', 'ＤｅＮＡ', '秋山 拓巳', '右', '阪神', '神里 和毅', '左', 'ＤｅＮＡ', 2, 1, 6, 2, 2, 1, 0, 128, 'カットボール', 53.5, 76.4, '見逃し', 4, 3, 18, 'S8');"
"INSERT INTO ballinfo VALUES ('2019-04-11', 2019041101, '阪神', 'ＤｅＮＡ', '秋山 拓巳', '右', '阪神', '神里 和毅', '左', 'ＤｅＮＡ', 2, 1, 6, 2, 3, 1, 1, 129, 'フォーク', 91.0, 88.0, '空振り', 5, 5, 25, 'B19');"
"INSERT INTO ballinfo VALUES ('2019-04-11', 2019041101, '阪神', 'ＤｅＮＡ', '秋山 拓巳', '右', '阪神', '神里 和毅', '左', 'ＤｅＮＡ', 2, 1, 6, 2, 4, 1, 2, 132, 'フォーク', 69.0, 98.0, 'ボール', 5, 4, 24, 'B18');"
"INSERT INTO ballinfo VALUES ('2019-04-11', 2019041101, '阪神', 'ＤｅＮＡ', '秋山 拓巳', '右', '阪神', '神里 和毅', '左', 'ＤｅＮＡ', 2, 1, 6, 2, 5, 2, 2, 129, 'チェンジアップ', 33.0, 27.2, '二ゴロ', 2, 2, 7, 'S1');"
"INSERT INTO ballinfo VALUES ('2019-04-11', 2019041101, '阪神', 'ＤｅＮＡ', '秋山 拓巳', '右', '阪神', '桑原 将志', '右', 'ＤｅＮＡ', 2, 1, 7, 2, 1, 0, 0, 112, 'カーブ', 73.0, 74.0, '見逃し', 4, 4, 19, 'S9');"
"INSERT INTO ballinfo VALUES ('2019-04-11', 2019041101, '阪神', 'ＤｅＮＡ', '秋山 拓巳', '右', '阪神', '桑原 将志', '右', 'ＤｅＮＡ', 2, 1, 7, 2, 2, 0, 1, 129, 'フォーク', 16.5, 87.6, '空振り', 5, 1, 21, 'B15');"
"INSERT INTO ballinfo VALUES ('2019-04-11', 2019041101, '阪神', 'ＤｅＮＡ', '秋山 拓巳', '右', '阪神', '桑原 将志', '右', 'ＤｅＮＡ', 2, 1, 7, 2, 3, 0, 2, 133, 'ストレート', 50.5, 7.2, 'ボール', 1, 3, 3, 'B3');"
"INSERT INTO ballinfo VALUES ('2019-04-11', 2019041101, '阪神', 'ＤｅＮＡ', '秋山 拓巳', '右', '阪神', '桑原 将志', '右', 'ＤｅＮＡ', 2, 1, 7, 2, 4, 1, 2, 136, 'ストレート', 89.5, 87.6, 'ボール', 5, 5, 25, 'B19');"
"INSERT INTO ballinfo VALUES ('2019-04-11', 2019041101, '阪神', 'ＤｅＮＡ', '秋山 拓巳', '右', '阪神', '桑原 将志', '右', 'ＤｅＮＡ', 2, 1, 7, 2, 5, 2, 2, 136, 'ストレート', 89.5, 92.0, 'ボール', 5, 5, 25, 'B19');"
"INSERT INTO ballinfo VALUES ('2019-04-11', 2019041101, '阪神', 'ＤｅＮＡ', '秋山 拓巳', '右', '阪神', '桑原 将志', '右', 'ＤｅＮＡ', 2, 1, 7, 2, 6, 3, 2, 130, 'ストレート', 76.0, 15.6, '四球', 1, 4, 4, 'B4');"
"INSERT INTO ballinfo VALUES ('2019-04-11', 2019041101, '阪神', 'ＤｅＮＡ', '秋山 拓巳', '右', '阪神', 'ロペス', '右', 'ＤｅＮＡ', 2, 1, 8, 3, 1, 0, 0, 0, 'ストレート', 54.0, 14.4, '三邪飛', 1, 3, 3, 'B3');"
"INSERT INTO ballinfo VALUES ('2019-04-11', 2019041101, '阪神', 'ＤｅＮＡ', '大貫 晋一', '右', 'ＤｅＮＡ', 'ナバーロ', '左', '阪神', 2, 2, 1, 1, 1, 0, 0, 134, 'フォーク', 11.5, 87.6, '空振り', 5, 1, 21, 'B15');"
"INSERT INTO ballinfo VALUES ('2019-04-11', 2019041101, '阪神', 'ＤｅＮＡ', '大貫 晋一', '右', 'ＤｅＮＡ', 'ナバーロ', '左', '阪神', 2, 2, 1, 1, 2, 0, 1, 111, 'カーブ', 49.5, 97.6, 'ボール', 5, 3, 23, 'B17');"
"INSERT INTO ballinfo VALUES ('2019-04-11', 2019041101, '阪神', 'ＤｅＮＡ', '大貫 晋一', '右', 'ＤｅＮＡ', 'ナバーロ', '左', '阪神', 2, 2, 1, 1, 3, 1, 1, 133, 'フォーク', 14.5, 31.6, '遊ゴロ', 2, 1, 6, 'B6');"
"INSERT INTO ballinfo VALUES ('2019-04-11', 2019041101, '阪神', 'ＤｅＮＡ', '大貫 晋一', '右', 'ＤｅＮＡ', '梅野 隆太郎', '右', '阪神', 2, 2, 2, 2, 1, 0, 0, 127, 'スライダー', 69.0, 89.6, 'ボール', 5, 4, 24, 'B18');"
"INSERT INTO ballinfo VALUES ('2019-04-11', 2019041101, '阪神', 'ＤｅＮＡ', '大貫 晋一', '右', 'ＤｅＮＡ', '梅野 隆太郎', '右', '阪神', 2, 2, 2, 2, 2, 1, 0, 125, 'スライダー', 53.5, 52.0, 'ファウル', 3, 3, 13, 'S5');"
"INSERT INTO ballinfo VALUES ('2019-04-11', 2019041101, '阪神', 'ＤｅＮＡ', '大貫 晋一', '右', 'ＤｅＮＡ', '梅野 隆太郎', '右', '阪神', 2, 2, 2, 2, 3, 1, 1, 136, 'シュート', 16.0, 55.2, 'ファウル', 3, 1, 11, 'B8');"
"INSERT INTO ballinfo VALUES ('2019-04-11', 2019041101, '阪神', 'ＤｅＮＡ', '大貫 晋一', '右', 'ＤｅＮＡ', '梅野 隆太郎', '右', '阪神', 2, 2, 2, 2, 4, 1, 2, 131, 'シュート', 29.0, 66.0, 'ファウル', 4, 2, 17, 'S7');"
"INSERT INTO ballinfo VALUES ('2019-04-11', 2019041101, '阪神', 'ＤｅＮＡ', '大貫 晋一', '右', 'ＤｅＮＡ', '梅野 隆太郎', '右', '阪神', 2, 2, 2, 2, 5, 1, 3, 112, 'カーブ', 34.5, 84.8, 'ボール', 5, 2, 22, 'B16');"
"INSERT INTO ballinfo VALUES ('2019-04-11', 2019041101, '阪神', 'ＤｅＮＡ', '大貫 晋一', '右', 'ＤｅＮＡ', '梅野 隆太郎', '右', '阪神', 2, 2, 2, 2, 6, 2, 3, 131, 'フォーク', 30.5, 91.2, '空三振', 5, 2, 22, 'B16');"
"INSERT INTO ballinfo VALUES ('2019-04-11', 2019041101, '阪神', 'ＤｅＮＡ', '大貫 晋一', '右', 'ＤｅＮＡ', '秋山 拓巳', '左', '阪神', 2, 2, 3, 2, 1, 0, 0, 131, 'ストレート', 35.0, 13.2, 'ボール', 1, 2, 2, 'B2');"
"INSERT INTO ballinfo VALUES ('2019-04-11', 2019041101, '阪神', 'ＤｅＮＡ', '大貫 晋一', '右', 'ＤｅＮＡ', '秋山 拓巳', '左', '阪神', 2, 2, 3, 2, 2, 1, 0, 133, 'ストレート', 12.0, 4.4, 'ボール', 1, 1, 1, 'B1');"
"INSERT INTO ballinfo VALUES ('2019-04-11', 2019041101, '阪神', 'ＤｅＮＡ', '大貫 晋一', '右', 'ＤｅＮＡ', '秋山 拓巳', '左', '阪神', 2, 2, 3, 2, 3, 2, 0, 0, 'ストレート', 30.5, 17.2, 'ボール', 1, 2, 2, 'B2');"
"INSERT INTO ballinfo VALUES ('2019-04-11', 2019041101, '阪神', 'ＤｅＮＡ', '大貫 晋一', '右', 'ＤｅＮＡ', '秋山 拓巳', '左', '阪神', 2, 2, 3, 2, 4, 3, 0, 135, 'ストレート', 31.0, 26.8, '見逃し', 2, 2, 7, 'S1');"
"INSERT INTO ballinfo VALUES ('2019-04-11', 2019041101, '阪神', 'ＤｅＮＡ', '大貫 晋一', '右', 'ＤｅＮＡ', '秋山 拓巳', '左', '阪神', 2, 2, 3, 2, 5, 3, 1, 135, 'ストレート', 50.5, 32.0, '見逃し', 2, 3, 8, 'S2');"
"INSERT INTO ballinfo VALUES ('2019-04-11', 2019041101, '阪神', 'ＤｅＮＡ', '大貫 晋一', '右', 'ＤｅＮＡ', '秋山 拓巳', '左', '阪神', 2, 2, 3, 2, 6, 3, 2, 0, 'シュート', 31.5, 84.8, '四球', 5, 2, 22, 'B16');"
"INSERT INTO ballinfo VALUES ('2019-04-11', 2019041101, '阪神', 'ＤｅＮＡ', '大貫 晋一', '右', 'ＤｅＮＡ', '鳥谷 敬', '左', '阪神', 2, 2, 4, 3, 1, 0, 0, 125, 'スライダー', 35.0, 66.8, '見逃し', 4, 2, 17, 'S7');"
"INSERT INTO ballinfo VALUES ('2019-04-11', 2019041101, '阪神', 'ＤｅＮＡ', '大貫 晋一', '右', 'ＤｅＮＡ', '鳥谷 敬', '左', '阪神', 2, 2, 4, 3, 2, 0, 1, 135, 'シュート', 16.5, 89.2, 'ボール', 5, 1, 21, 'B15');"
"INSERT INTO ballinfo VALUES ('2019-04-11', 2019041101, '阪神', 'ＤｅＮＡ', '大貫 晋一', '右', 'ＤｅＮＡ', '鳥谷 敬', '左', '阪神', 2, 2, 4, 3, 3, 1, 1, 131, 'シュート', 26.0, 73.2, '見逃し', 4, 2, 17, 'S7');"
"INSERT INTO ballinfo VALUES ('2019-04-11', 2019041101, '阪神', 'ＤｅＮＡ', '大貫 晋一', '右', 'ＤｅＮＡ', '鳥谷 敬', '左', '阪神', 2, 2, 4, 3, 4, 1, 2, 133, 'フォーク', 33.0, 87.6, 'ファウル', 5, 2, 22, 'B16');"
"INSERT INTO ballinfo VALUES ('2019-04-11', 2019041101, '阪神', 'ＤｅＮＡ', '大貫 晋一', '右', 'ＤｅＮＡ', '鳥谷 敬', '左', '阪神', 2, 2, 4, 3, 5, 1, 3, 136, 'ストレート', 14.5, 9.2, 'ボール', 1, 1, 1, 'B1');"
"INSERT INTO ballinfo VALUES ('2019-04-11', 2019041101, '阪神', 'ＤｅＮＡ', '大貫 晋一', '右', 'ＤｅＮＡ', '鳥谷 敬', '左', '阪神', 2, 2, 4, 3, 6, 2, 3, 129, 'フォーク', 15.0, 82.8, '空三振', 5, 1, 21, 'B15');"
"INSERT INTO ballinfo VALUES ('2019-04-11', 2019041101, '阪神', 'ＤｅＮＡ', '秋山 拓巳', '右', '阪神', '筒香 嘉智', '左', 'ＤｅＮＡ', 3, 1, 1, 0, 1, 0, 0, 124, 'カットボール', 15.5, 72.4, 'ボール', 4, 1, 16, 'B10');"
"INSERT INTO ballinfo VALUES ('2019-04-11', 2019041101, '阪神', 'ＤｅＮＡ', '秋山 拓巳', '右', '阪神', '筒香 嘉智', '左', 'ＤｅＮＡ', 3, 1, 1, 0, 2, 1, 0, 134, 'ストレート', 29.5, 26.8, '中安', 2, 2, 7, 'S1');"
"INSERT INTO ballinfo VALUES ('2019-04-11', 2019041101, '阪神', 'ＤｅＮＡ', '秋山 拓巳', '右', '阪神', 'ソト', '右', 'ＤｅＮＡ', 3, 1, 2, 1, 1, 0, 0, 127, 'ストレート', 30.0, 5.2, 'ボール', 1, 2, 2, 'B2');"
"INSERT INTO ballinfo VALUES ('2019-04-11', 2019041101, '阪神', 'ＤｅＮＡ', '秋山 拓巳', '右', '阪神', 'ソト', '右', 'ＤｅＮＡ', 3, 1, 2, 1, 2, 1, 0, 0, 'ストレート', 31.5, 27.6, '見逃し', 2, 2, 7, 'S1');"
"INSERT INTO ballinfo VALUES ('2019-04-11', 2019041101, '阪神', 'ＤｅＮＡ', '秋山 拓巳', '右', '阪神', 'ソト', '右', 'ＤｅＮＡ', 3, 1, 2, 1, 3, 1, 1, 105, 'カーブ', 93.5, 74.0, 'ボール', 4, 5, 20, 'B11');"
"INSERT INTO ballinfo VALUES ('2019-04-11', 2019041101, '阪神', 'ＤｅＮＡ', '秋山 拓巳', '右', '阪神', 'ソト', '右', 'ＤｅＮＡ', 3, 1, 2, 1, 4, 2, 1, 105, 'カーブ', 76.5, 75.6, '見逃し', 4, 4, 19, 'S9');"
"INSERT INTO ballinfo VALUES ('2019-04-11', 2019041101, '阪神', 'ＤｅＮＡ', '秋山 拓巳', '右', '阪神', 'ソト', '右', 'ＤｅＮＡ', 3, 1, 2, 1, 5, 2, 2, 128, 'フォーク', 73.5, 16.4, 'ファウル', 1, 4, 4, 'B4');"
"INSERT INTO ballinfo VALUES ('2019-04-11', 2019041101, '阪神', 'ＤｅＮＡ', '秋山 拓巳', '右', '阪神', 'ソト', '右', 'ＤｅＮＡ', 3, 1, 2, 1, 6, 2, 3, 0, 'ストレート', 13.5, 29.2, 'ボール', 2, 1, 6, 'B6');"
"INSERT INTO ballinfo VALUES ('2019-04-11', 2019041101, '阪神', 'ＤｅＮＡ', '秋山 拓巳', '右', '阪神', 'ソト', '右', 'ＤｅＮＡ', 3, 1, 2, 1, 7, 3, 3, 125, 'カットボール', 54.0, 44.0, '右飛', 3, 3, 13, 'S5');"
"INSERT INTO ballinfo VALUES ('2019-04-11', 2019041101, '阪神', 'ＤｅＮＡ', '秋山 拓巳', '右', '阪神', '宮崎 敏郎', '右', 'ＤｅＮＡ', 3, 1, 3, 3, 1, 0, 0, 120, 'カットボール', 54.5, 35.2, '見逃し', 2, 3, 8, 'S2');"
"INSERT INTO ballinfo VALUES ('2019-04-11', 2019041101, '阪神', 'ＤｅＮＡ', '秋山 拓巳', '右', '阪神', '宮崎 敏郎', '右', 'ＤｅＮＡ', 3, 1, 3, 3, 2, 0, 1, 123, 'カットボール', 90.0, 53.2, 'ボール', 3, 5, 15, 'B9');"
"INSERT INTO ballinfo VALUES ('2019-04-11', 2019041101, '阪神', 'ＤｅＮＡ', '秋山 拓巳', '右', '阪神', '宮崎 敏郎', '右', 'ＤｅＮＡ', 3, 1, 3, 3, 3, 1, 1, 130, 'ストレート', 54.0, 10.8, '三併打', 1, 3, 3, 'B3');"
"INSERT INTO ballinfo VALUES ('2019-04-11', 2019041101, '阪神', 'ＤｅＮＡ', '大貫 晋一', '右', 'ＤｅＮＡ', '糸原 健斗', '左', '阪神', 3, 2, 1, 1, 1, 0, 0, 0, 'ストレート', 14.0, 6.4, 'ボール', 1, 1, 1, 'B1');"
"INSERT INTO ballinfo VALUES ('2019-04-11', 2019041101, '阪神', 'ＤｅＮＡ', '大貫 晋一', '右', 'ＤｅＮＡ', '糸原 健斗', '左', '阪神', 3, 2, 1, 1, 2, 1, 0, 133, 'シュート', 33.5, 89.2, 'ボール', 5, 2, 22, 'B16');"
"INSERT INTO ballinfo VALUES ('2019-04-11', 2019041101, '阪神', 'ＤｅＮＡ', '大貫 晋一', '右', 'ＤｅＮＡ', '糸原 健斗', '左', '阪神', 3, 2, 1, 1, 3, 2, 0, 129, 'シュート', 30.5, 74.8, '見逃し', 4, 2, 17, 'S7');"
"INSERT INTO ballinfo VALUES ('2019-04-11', 2019041101, '阪神', 'ＤｅＮＡ', '大貫 晋一', '右', 'ＤｅＮＡ', '糸原 健斗', '左', '阪神', 3, 2, 1, 1, 4, 2, 1, 0, 'シュート', 29.5, 35.2, '見逃し', 2, 2, 7, 'S1');"
"INSERT INTO ballinfo VALUES ('2019-04-11', 2019041101, '阪神', 'ＤｅＮＡ', '大貫 晋一', '右', 'ＤｅＮＡ', '糸原 健斗', '左', '阪神', 3, 2, 1, 1, 5, 2, 2, 132, 'ストレート', 76.5, 36.4, 'ファウル', 2, 4, 9, 'S3');"
"INSERT INTO ballinfo VALUES ('2019-04-11', 2019041101, '阪神', 'ＤｅＮＡ', '大貫 晋一', '右', 'ＤｅＮＡ', '糸原 健斗', '左', '阪神', 3, 2, 1, 1, 6, 2, 3, 0, 'ストレート', 70.5, 17.2, 'ファウル', 1, 4, 4, 'B4');"
"INSERT INTO ballinfo VALUES ('2019-04-11', 2019041101, '阪神', 'ＤｅＮＡ', '大貫 晋一', '右', 'ＤｅＮＡ', '糸原 健斗', '左', '阪神', 3, 2, 1, 1, 7, 2, 4, 131, 'フォーク', 27.0, 93.2, '空三振', 5, 2, 22, 'B16');"
"INSERT INTO ballinfo VALUES ('2019-04-11', 2019041101, '阪神', 'ＤｅＮＡ', '大貫 晋一', '右', 'ＤｅＮＡ', '糸井 嘉男', '左', '阪神', 3, 2, 2, 2, 1, 0, 0, 131, 'ストレート', 71.5, 43.6, '見逃し', 3, 4, 14, 'S6');"
"INSERT INTO ballinfo VALUES ('2019-04-11', 2019041101, '阪神', 'ＤｅＮＡ', '大貫 晋一', '右', 'ＤｅＮＡ', '糸井 嘉男', '左', '阪神', 3, 2, 2, 2, 2, 0, 1, 127, 'スライダー', 90.5, 87.6, 'ボール', 5, 5, 25, 'B19');"
"INSERT INTO ballinfo VALUES ('2019-04-11', 2019041101, '阪神', 'ＤｅＮＡ', '大貫 晋一', '右', 'ＤｅＮＡ', '糸井 嘉男', '左', '阪神', 3, 2, 2, 2, 3, 1, 1, 132, 'シュート', 13.5, 15.2, 'ボール', 1, 1, 1, 'B1');"
"INSERT INTO ballinfo VALUES ('2019-04-11', 2019041101, '阪神', 'ＤｅＮＡ', '大貫 晋一', '右', 'ＤｅＮＡ', '糸井 嘉男', '左', '阪神', 3, 2, 2, 2, 4, 2, 1, 0, 'シュート', 18.0, 18.4, '左飛', 1, 1, 1, 'B1');"
"INSERT INTO ballinfo VALUES ('2019-04-11', 2019041101, '阪神', 'ＤｅＮＡ', '大貫 晋一', '右', 'ＤｅＮＡ', '大山 悠輔', '右', '阪神', 3, 2, 3, 2, 1, 0, 0, 115, 'カーブ', 73.0, 85.2, 'ボール', 5, 4, 24, 'B18');"
"INSERT INTO ballinfo VALUES ('2019-04-11', 2019041101, '阪神', 'ＤｅＮＡ', '大貫 晋一', '右', 'ＤｅＮＡ', '大山 悠輔', '右', '阪神', 3, 2, 3, 2, 2, 1, 0, 125, 'スライダー', 51.5, 30.8, '見逃し', 2, 3, 8, 'S2');"
"INSERT INTO ballinfo VALUES ('2019-04-11', 2019041101, '阪神', 'ＤｅＮＡ', '大貫 晋一', '右', 'ＤｅＮＡ', '大山 悠輔', '右', '阪神', 3, 2, 3, 2, 3, 1, 1, 129, 'スライダー', 33.0, 85.2, 'ボール', 5, 2, 22, 'B16');"
"INSERT INTO ballinfo VALUES ('2019-04-11', 2019041101, '阪神', 'ＤｅＮＡ', '大貫 晋一', '右', 'ＤｅＮＡ', '大山 悠輔', '右', '阪神', 3, 2, 3, 2, 4, 2, 1, 138, 'シュート', 34.0, 32.4, 'ファウル', 2, 2, 7, 'S1');"
"INSERT INTO ballinfo VALUES ('2019-04-11', 2019041101, '阪神', 'ＤｅＮＡ', '大貫 晋一', '右', 'ＤｅＮＡ', '大山 悠輔', '右', '阪神', 3, 2, 3, 2, 5, 2, 2, 137, 'シュート', 30.0, 36.8, '左本', 2, 2, 7, 'S1');"
"INSERT INTO ballinfo VALUES ('2019-04-11', 2019041101, '阪神', 'ＤｅＮＡ', '大貫 晋一', '右', 'ＤｅＮＡ', '福留 孝介', '左', '阪神', 3, 2, 4, 2, 1, 0, 0, 137, 'シュート', 34.5, 57.2, '見逃し', 3, 2, 12, 'S4');"
"INSERT INTO ballinfo VALUES ('2019-04-11', 2019041101, '阪神', 'ＤｅＮＡ', '大貫 晋一', '右', 'ＤｅＮＡ', '福留 孝介', '左', '阪神', 3, 2, 4, 2, 2, 0, 1, 117, 'カーブ', 34.0, 67.6, 'ファウル', 4, 2, 17, 'S7');"
"INSERT INTO ballinfo VALUES ('2019-04-11', 2019041101, '阪神', 'ＤｅＮＡ', '大貫 晋一', '右', 'ＤｅＮＡ', '福留 孝介', '左', '阪神', 3, 2, 4, 2, 3, 0, 2, 125, 'スライダー', 69.5, 90.4, 'ボール', 5, 4, 24, 'B18');"
"INSERT INTO ballinfo VALUES ('2019-04-11', 2019041101, '阪神', 'ＤｅＮＡ', '大貫 晋一', '右', 'ＤｅＮＡ', '福留 孝介', '左', '阪神', 3, 2, 4, 2, 4, 1, 2, 135, 'フォーク', 31.5, 77.2, '左安', 4, 2, 17, 'S7');"
"INSERT INTO ballinfo VALUES ('2019-04-11', 2019041101, '阪神', 'ＤｅＮＡ', '大貫 晋一', '右', 'ＤｅＮＡ', '中谷 将大', '右', '阪神', 3, 2, 5, 3, 1, 0, 0, 112, 'カーブ', 35.0, 9.6, 'ボール', 1, 2, 2, 'B2');"
"INSERT INTO ballinfo VALUES ('2019-04-11', 2019041101, '阪神', 'ＤｅＮＡ', '大貫 晋一', '右', 'ＤｅＮＡ', '中谷 将大', '右', '阪神', 3, 2, 5, 3, 2, 1, 0, 139, 'シュート', 51.5, 27.2, '見逃し', 2, 3, 8, 'S2');"
"INSERT INTO ballinfo VALUES ('2019-04-11', 2019041101, '阪神', 'ＤｅＮＡ', '大貫 晋一', '右', 'ＤｅＮＡ', '中谷 将大', '右', '阪神', 3, 2, 5, 3, 3, 1, 1, 131, 'シュート', 55.0, 89.2, 'ボール', 5, 3, 23, 'B17');"
"INSERT INTO ballinfo VALUES ('2019-04-11', 2019041101, '阪神', 'ＤｅＮＡ', '大貫 晋一', '右', 'ＤｅＮＡ', '中谷 将大', '右', '阪神', 3, 2, 5, 3, 4, 2, 1, 128, 'スライダー', 91.0, 87.2, '空振り', 5, 5, 25, 'B19');"
"INSERT INTO ballinfo VALUES ('2019-04-11', 2019041101, '阪神', 'ＤｅＮＡ', '大貫 晋一', '右', 'ＤｅＮＡ', '中谷 将大', '右', '阪神', 3, 2, 5, 3, 5, 2, 2, 134, 'シュート', 35.0, 90.8, 'ボール', 5, 2, 22, 'B16');"
"INSERT INTO ballinfo VALUES ('2019-04-11', 2019041101, '阪神', 'ＤｅＮＡ', '大貫 晋一', '右', 'ＤｅＮＡ', '中谷 将大', '右', '阪神', 3, 2, 5, 3, 6, 3, 2, 132, 'シュート', 49.5, 72.0, 'ファウル', 4, 3, 18, 'S8');"
"INSERT INTO ballinfo VALUES ('2019-04-11', 2019041101, '阪神', 'ＤｅＮＡ', '大貫 晋一', '右', 'ＤｅＮＡ', '中谷 将大', '右', '阪神', 3, 2, 5, 3, 7, 3, 3, 138, 'シュート', 14.5, 75.2, '空三振', 4, 1, 16, 'B10');"
"INSERT INTO ballinfo VALUES ('2019-04-11', 2019041101, '阪神', 'ＤｅＮＡ', '秋山 拓巳', '右', '阪神', '大和', '右', 'ＤｅＮＡ', 4, 1, 1, 1, 1, 0, 0, 126, 'ストレート', 52.0, 34.4, '見逃し', 2, 3, 8, 'S2');"
"INSERT INTO ballinfo VALUES ('2019-04-11', 2019041101, '阪神', 'ＤｅＮＡ', '秋山 拓巳', '右', '阪神', '大和', '右', 'ＤｅＮＡ', 4, 1, 1, 1, 2, 0, 1, 126, 'カットボール', 71.0, 69.6, '遊ゴロ', 4, 4, 19, 'S9');"
"INSERT INTO ballinfo VALUES ('2019-04-11', 2019041101, '阪神', 'ＤｅＮＡ', '秋山 拓巳', '右', '阪神', '伊藤 光', '右', 'ＤｅＮＡ', 4, 1, 2, 1, 1, 0, 0, 134, 'ストレート', 48.0, 17.2, 'ボール', 1, 3, 3, 'B3');"
"INSERT INTO ballinfo VALUES ('2019-04-11', 2019041101, '阪神', 'ＤｅＮＡ', '秋山 拓巳', '右', '阪神', '伊藤 光', '右', 'ＤｅＮＡ', 4, 1, 2, 1, 2, 1, 0, 127, 'カットボール', 91.0, 87.6, 'ボール', 5, 5, 25, 'B19');"
"INSERT INTO ballinfo VALUES ('2019-04-11', 2019041101, '阪神', 'ＤｅＮＡ', '秋山 拓巳', '右', '阪神', '伊藤 光', '右', 'ＤｅＮＡ', 4, 1, 2, 1, 3, 2, 0, 134, 'ストレート', 12.0, 29.2, 'ボール', 2, 1, 6, 'B6');"
"INSERT INTO ballinfo VALUES ('2019-04-11', 2019041101, '阪神', 'ＤｅＮＡ', '秋山 拓巳', '右', '阪神', '伊藤 光', '右', 'ＤｅＮＡ', 4, 1, 2, 1, 4, 3, 0, 135, 'ストレート', 54.5, 6.0, '四球', 1, 3, 3, 'B3');"
"INSERT INTO ballinfo VALUES ('2019-04-11', 2019041101, '阪神', 'ＤｅＮＡ', '秋山 拓巳', '右', '阪神', '大貫 晋一', '右', 'ＤｅＮＡ', 4, 1, 3, 2, 1, 0, 0, 130, 'ストレート', 54.0, 52.8, '見逃し', 3, 3, 13, 'S5');"
"INSERT INTO ballinfo VALUES ('2019-04-11', 2019041101, '阪神', 'ＤｅＮＡ', '秋山 拓巳', '右', '阪神', '大貫 晋一', '右', 'ＤｅＮＡ', 4, 1, 3, 2, 2, 0, 1, 125, 'ストレート', 34.5, 48.0, '投犠打', 3, 2, 12, 'S4');"
"INSERT INTO ballinfo VALUES ('2019-04-11', 2019041101, '阪神', 'ＤｅＮＡ', '秋山 拓巳', '右', '阪神', '神里 和毅', '左', 'ＤｅＮＡ', 4, 1, 4, 3, 1, 0, 0, 125, 'カットボール', 71.0, 12.4, 'ファウル', 1, 4, 4, 'B4');"
"INSERT INTO ballinfo VALUES ('2019-04-11', 2019041101, '阪神', 'ＤｅＮＡ', '秋山 拓巳', '右', '阪神', '神里 和毅', '左', 'ＤｅＮＡ', 4, 1, 4, 3, 2, 0, 1, 131, 'ストレート', 73.5, 5.2, 'ボール', 1, 4, 4, 'B4');"
"INSERT INTO ballinfo VALUES ('2019-04-11', 2019041101, '阪神', 'ＤｅＮＡ', '秋山 拓巳', '右', '阪神', '神里 和毅', '左', 'ＤｅＮＡ', 4, 1, 4, 3, 3, 1, 1, 110, 'カーブ', 70.5, 86.4, '空振り', 5, 4, 24, 'B18');"
"INSERT INTO ballinfo VALUES ('2019-04-11', 2019041101, '阪神', 'ＤｅＮＡ', '秋山 拓巳', '右', '阪神', '神里 和毅', '左', 'ＤｅＮＡ', 4, 1, 4, 3, 4, 1, 2, 135, 'ストレート', 76.5, 34.4, '見三振', 2, 4, 9, 'S3');"
"INSERT INTO ballinfo VALUES ('2019-04-11', 2019041101, '阪神', 'ＤｅＮＡ', '大貫 晋一', '右', 'ＤｅＮＡ', 'ナバーロ', '左', '阪神', 4, 2, 1, 0, 1, 0, 0, 139, 'シュート', 31.5, 30.4, '左安', 2, 2, 7, 'S1');"
"INSERT INTO ballinfo VALUES ('2019-04-11', 2019041101, '阪神', 'ＤｅＮＡ', '大貫 晋一', '右', 'ＤｅＮＡ', '梅野 隆太郎', '右', '阪神', 4, 2, 2, 1, 1, 0, 0, 127, 'フォーク', 53.0, 90.0, 'ボール', 5, 3, 23, 'B17');"
"INSERT INTO ballinfo VALUES ('2019-04-11', 2019041101, '阪神', 'ＤｅＮＡ', '大貫 晋一', '右', 'ＤｅＮＡ', '梅野 隆太郎', '右', '阪神', 4, 2, 2, 1, 2, 1, 0, 134, 'シュート', 30.0, 14.4, '三ゴロ', 1, 2, 2, 'B2');"
"INSERT INTO ballinfo VALUES ('2019-04-11', 2019041101, '阪神', 'ＤｅＮＡ', '大貫 晋一', '右', 'ＤｅＮＡ', '秋山 拓巳', '左', '阪神', 4, 2, 3, 2, 1, 0, 0, 127, 'シュート', 17.5, 84.8, 'ボール', 5, 1, 21, 'B15');"
"INSERT INTO ballinfo VALUES ('2019-04-11', 2019041101, '阪神', 'ＤｅＮＡ', '大貫 晋一', '右', 'ＤｅＮＡ', '秋山 拓巳', '左', '阪神', 4, 2, 3, 2, 2, 1, 0, 0, 'シュート', 33.0, 16.0, 'ファウル', 1, 2, 2, 'B2');"
"INSERT INTO ballinfo VALUES ('2019-04-11', 2019041101, '阪神', 'ＤｅＮＡ', '大貫 晋一', '右', 'ＤｅＮＡ', '秋山 拓巳', '左', '阪神', 4, 2, 3, 2, 3, 1, 1, 131, 'フォーク', 7.0, 83.6, '空振り', 5, 1, 21, 'B15');"
"INSERT INTO ballinfo VALUES ('2019-04-11', 2019041101, '阪神', 'ＤｅＮＡ', '大貫 晋一', '右', 'ＤｅＮＡ', '秋山 拓巳', '左', '阪神', 4, 2, 3, 2, 4, 1, 2, 133, 'フォーク', 30.0, 69.2, 'ファウル', 4, 2, 17, 'S7');"
"INSERT INTO ballinfo VALUES ('2019-04-11', 2019041101, '阪神', 'ＤｅＮＡ', '大貫 晋一', '右', 'ＤｅＮＡ', '秋山 拓巳', '左', '阪神', 4, 2, 3, 2, 5, 1, 3, 136, 'ストレート', 55.0, 9.2, '空三振', 1, 3, 3, 'B3');"
"INSERT INTO ballinfo VALUES ('2019-04-11', 2019041101, '阪神', 'ＤｅＮＡ', '大貫 晋一', '右', 'ＤｅＮＡ', '鳥谷 敬', '左', '阪神', 4, 2, 4, 3, 1, 0, 0, 139, 'ストレート', 71.0, 52.4, '見逃し', 3, 4, 14, 'S6');"
"INSERT INTO ballinfo VALUES ('2019-04-11', 2019041101, '阪神', 'ＤｅＮＡ', '大貫 晋一', '右', 'ＤｅＮＡ', '鳥谷 敬', '左', '阪神', 4, 2, 4, 3, 2, 0, 1, 134, 'フォーク', 34.5, 54.0, '空振り', 3, 2, 12, 'S4');"
"INSERT INTO ballinfo VALUES ('2019-04-11', 2019041101, '阪神', 'ＤｅＮＡ', '大貫 晋一', '右', 'ＤｅＮＡ', '鳥谷 敬', '左', '阪神', 4, 2, 4, 3, 3, 0, 2, 134, 'フォーク', 73.0, 89.2, 'ボール', 5, 4, 24, 'B18');"
"INSERT INTO ballinfo VALUES ('2019-04-11', 2019041101, '阪神', 'ＤｅＮＡ', '大貫 晋一', '右', 'ＤｅＮＡ', '鳥谷 敬', '左', '阪神', 4, 2, 4, 3, 4, 1, 2, 134, 'フォーク', 31.5, 13.2, 'ファウル', 1, 2, 2, 'B2');"
"INSERT INTO ballinfo VALUES ('2019-04-11', 2019041101, '阪神', 'ＤｅＮＡ', '大貫 晋一', '右', 'ＤｅＮＡ', '鳥谷 敬', '左', '阪神', 4, 2, 4, 3, 5, 1, 3, 142, 'ストレート', 34.0, 17.6, 'ファウル', 1, 2, 2, 'B2');"
"INSERT INTO ballinfo VALUES ('2019-04-11', 2019041101, '阪神', 'ＤｅＮＡ', '大貫 晋一', '右', 'ＤｅＮＡ', '鳥谷 敬', '左', '阪神', 4, 2, 4, 3, 6, 1, 4, 133, 'スライダー', 25.5, 18.0, 'ファウル', 1, 2, 2, 'B2');"
"INSERT INTO ballinfo VALUES ('2019-04-11', 2019041101, '阪神', 'ＤｅＮＡ', '大貫 晋一', '右', 'ＤｅＮＡ', '鳥谷 敬', '左', '阪神', 4, 2, 4, 3, 7, 1, 5, 114, 'カーブ', 13.0, 8.8, 'ボール', 1, 1, 1, 'B1');"
"INSERT INTO ballinfo VALUES ('2019-04-11', 2019041101, '阪神', 'ＤｅＮＡ', '大貫 晋一', '右', 'ＤｅＮＡ', '鳥谷 敬', '左', '阪神', 4, 2, 4, 3, 8, 2, 5, 131, 'フォーク', 32.5, 74.8, '一ゴロ', 4, 2, 17, 'S7');"
"INSERT INTO ballinfo VALUES ('2019-04-11', 2019041101, '阪神', 'ＤｅＮＡ', '秋山 拓巳', '右', '阪神', '桑原 将志', '右', 'ＤｅＮＡ', 5, 1, 1, 1, 1, 0, 0, 112, 'スライダー', 73.0, 29.2, 'ファウル', 2, 4, 9, 'S3');"
"INSERT INTO ballinfo VALUES ('2019-04-11', 2019041101, '阪神', 'ＤｅＮＡ', '秋山 拓巳', '右', '阪神', '桑原 将志', '右', 'ＤｅＮＡ', 5, 1, 1, 1, 2, 0, 1, 0, 'ストレート', 88.0, 73.2, 'ボール', 4, 5, 20, 'B11');"
"INSERT INTO ballinfo VALUES ('2019-04-11', 2019041101, '阪神', 'ＤｅＮＡ', '秋山 拓巳', '右', '阪神', '桑原 将志', '右', 'ＤｅＮＡ', 5, 1, 1, 1, 3, 1, 1, 110, 'カーブ', 90.5, 35.6, 'ファウル', 2, 5, 10, 'B7');"
"INSERT INTO ballinfo VALUES ('2019-04-11', 2019041101, '阪神', 'ＤｅＮＡ', '秋山 拓巳', '右', '阪神', '桑原 将志', '右', 'ＤｅＮＡ', 5, 1, 1, 1, 4, 1, 2, 127, 'フォーク', 71.0, 91.6, 'ボール', 5, 4, 24, 'B18');"
"INSERT INTO ballinfo VALUES ('2019-04-11', 2019041101, '阪神', 'ＤｅＮＡ', '秋山 拓巳', '右', '阪神', '桑原 将志', '右', 'ＤｅＮＡ', 5, 1, 1, 1, 5, 2, 2, 132, 'ストレート', 47.5, 53.6, 'ファウル', 3, 3, 13, 'S5');"
"INSERT INTO ballinfo VALUES ('2019-04-11', 2019041101, '阪神', 'ＤｅＮＡ', '秋山 拓巳', '右', '阪神', '桑原 将志', '右', 'ＤｅＮＡ', 5, 1, 1, 1, 6, 2, 3, 129, 'ストレート', 57.0, 14.0, 'ファウル', 1, 3, 3, 'B3');"
"INSERT INTO ballinfo VALUES ('2019-04-11', 2019041101, '阪神', 'ＤｅＮＡ', '秋山 拓巳', '右', '阪神', '桑原 将志', '右', 'ＤｅＮＡ', 5, 1, 1, 1, 7, 2, 4, 125, 'カットボール', 89.5, 89.2, 'ボール', 5, 5, 25, 'B19');"
"INSERT INTO ballinfo VALUES ('2019-04-11', 2019041101, '阪神', 'ＤｅＮＡ', '秋山 拓巳', '右', '阪神', '桑原 将志', '右', 'ＤｅＮＡ', 5, 1, 1, 1, 8, 3, 4, 119, 'スライダー', 70.0, 35.6, '中飛', 2, 4, 9, 'S3');"
"INSERT INTO ballinfo VALUES ('2019-04-11', 2019041101, '阪神', 'ＤｅＮＡ', '秋山 拓巳', '右', '阪神', 'ロペス', '右', 'ＤｅＮＡ', 5, 1, 2, 2, 1, 0, 0, 120, 'カットボール', 70.0, 87.6, 'ボール', 5, 4, 24, 'B18');"
"INSERT INTO ballinfo VALUES ('2019-04-11', 2019041101, '阪神', 'ＤｅＮＡ', '秋山 拓巳', '右', '阪神', 'ロペス', '右', 'ＤｅＮＡ', 5, 1, 2, 2, 2, 1, 0, 121, 'カットボール', 73.5, 85.2, 'ボール', 5, 4, 24, 'B18');"
"INSERT INTO ballinfo VALUES ('2019-04-11', 2019041101, '阪神', 'ＤｅＮＡ', '秋山 拓巳', '右', '阪神', 'ロペス', '右', 'ＤｅＮＡ', 5, 1, 2, 2, 3, 2, 0, 106, 'カーブ', 55.0, 49.2, 'ファウル', 3, 3, 13, 'S5');"
"INSERT INTO ballinfo VALUES ('2019-04-11', 2019041101, '阪神', 'ＤｅＮＡ', '秋山 拓巳', '右', '阪神', 'ロペス', '右', 'ＤｅＮＡ', 5, 1, 2, 2, 4, 2, 1, 0, 'ストレート', 74.5, 37.2, '中飛', 2, 4, 9, 'S3');"
"INSERT INTO ballinfo VALUES ('2019-04-11', 2019041101, '阪神', 'ＤｅＮＡ', '秋山 拓巳', '右', '阪神', '筒香 嘉智', '左', 'ＤｅＮＡ', 5, 1, 3, 2, 1, 0, 0, 121, 'フォーク', 28.0, 88.8, 'ボール', 5, 2, 22, 'B16');"
"INSERT INTO ballinfo VALUES ('2019-04-11', 2019041101, '阪神', 'ＤｅＮＡ', '秋山 拓巳', '右', '阪神', '筒香 嘉智', '左', 'ＤｅＮＡ', 5, 1, 3, 2, 2, 1, 0, 129, 'ストレート', 31.0, 9.2, 'ボール', 1, 2, 2, 'B2');"
"INSERT INTO ballinfo VALUES ('2019-04-11', 2019041101, '阪神', 'ＤｅＮＡ', '秋山 拓巳', '右', '阪神', '筒香 嘉智', '左', 'ＤｅＮＡ', 5, 1, 3, 2, 3, 2, 0, 148, 'ストレート', 34.5, 53.6, '左安', 3, 2, 12, 'S4');"
"INSERT INTO ballinfo VALUES ('2019-04-11', 2019041101, '阪神', 'ＤｅＮＡ', '秋山 拓巳', '右', '阪神', 'ソト', '右', 'ＤｅＮＡ', 5, 1, 4, 3, 1, 0, 0, 107, 'カーブ', 69.5, 88.8, 'ボール', 5, 4, 24, 'B18');"
"INSERT INTO ballinfo VALUES ('2019-04-11', 2019041101, '阪神', 'ＤｅＮＡ', '秋山 拓巳', '右', '阪神', 'ソト', '右', 'ＤｅＮＡ', 5, 1, 4, 3, 2, 1, 0, 122, 'フォーク', 33.0, 89.2, '三ゴロ', 5, 2, 22, 'B16');"
"INSERT INTO ballinfo VALUES ('2019-04-11', 2019041101, '阪神', 'ＤｅＮＡ', '大貫 晋一', '右', 'ＤｅＮＡ', '糸原 健斗', '左', '阪神', 5, 2, 1, 1, 1, 0, 0, 131, 'シュート', 12.5, 16.0, 'ボール', 1, 1, 1, 'B1');"
"INSERT INTO ballinfo VALUES ('2019-04-11', 2019041101, '阪神', 'ＤｅＮＡ', '大貫 晋一', '右', 'ＤｅＮＡ', '糸原 健斗', '左', '阪神', 5, 2, 1, 1, 2, 1, 0, 136, 'シュート', 31.0, 87.6, 'ボール', 5, 2, 22, 'B16');"
"INSERT INTO ballinfo VALUES ('2019-04-11', 2019041101, '阪神', 'ＤｅＮＡ', '大貫 晋一', '右', 'ＤｅＮＡ', '糸原 健斗', '左', '阪神', 5, 2, 1, 1, 3, 2, 0, 133, 'シュート', 27.5, 70.0, '見逃し', 4, 2, 17, 'S7');"
"INSERT INTO ballinfo VALUES ('2019-04-11', 2019041101, '阪神', 'ＤｅＮＡ', '大貫 晋一', '右', 'ＤｅＮＡ', '糸原 健斗', '左', '阪神', 5, 2, 1, 1, 4, 2, 1, 135, 'ストレート', 55.0, 48.4, '左飛', 3, 3, 13, 'S5');"
"INSERT INTO ballinfo VALUES ('2019-04-11', 2019041101, '阪神', 'ＤｅＮＡ', '大貫 晋一', '右', 'ＤｅＮＡ', '糸井 嘉男', '左', '阪神', 5, 2, 2, 1, 1, 0, 0, 113, 'カーブ', 33.0, 69.6, '見逃し', 4, 2, 17, 'S7');"
"INSERT INTO ballinfo VALUES ('2019-04-11', 2019041101, '阪神', 'ＤｅＮＡ', '大貫 晋一', '右', 'ＤｅＮＡ', '糸井 嘉男', '左', '阪神', 5, 2, 2, 1, 2, 0, 1, 135, 'フォーク', 52.5, 98.8, 'ボール', 5, 3, 23, 'B17');"
"INSERT INTO ballinfo VALUES ('2019-04-11', 2019041101, '阪神', 'ＤｅＮＡ', '大貫 晋一', '右', 'ＤｅＮＡ', '糸井 嘉男', '左', '阪神', 5, 2, 2, 1, 3, 1, 1, 131, 'シュート', 16.5, 54.4, '投安', 3, 1, 11, 'B8');"
"INSERT INTO ballinfo VALUES ('2019-04-11', 2019041101, '阪神', 'ＤｅＮＡ', '大貫 晋一', '右', 'ＤｅＮＡ', '大山 悠輔', '右', '阪神', 5, 2, 3, 2, 1, 0, 0, 121, 'スライダー', 92.0, 88.0, 'ボール', 5, 5, 25, 'B19');"
"INSERT INTO ballinfo VALUES ('2019-04-11', 2019041101, '阪神', 'ＤｅＮＡ', '大貫 晋一', '右', 'ＤｅＮＡ', '大山 悠輔', '右', '阪神', 5, 2, 3, 2, 2, 1, 0, 137, 'シュート', 13.5, 34.4, '空振り', 2, 1, 6, 'B6');"
"INSERT INTO ballinfo VALUES ('2019-04-11', 2019041101, '阪神', 'ＤｅＮＡ', '大貫 晋一', '右', 'ＤｅＮＡ', '大山 悠輔', '右', '阪神', 5, 2, 3, 2, 3, 1, 1, 133, 'フォーク', 34.0, 32.8, 'ファウル', 2, 2, 7, 'S1');"
"INSERT INTO ballinfo VALUES ('2019-04-11', 2019041101, '阪神', 'ＤｅＮＡ', '大貫 晋一', '右', 'ＤｅＮＡ', '大山 悠輔', '右', '阪神', 5, 2, 3, 2, 4, 1, 2, 131, 'フォーク', 30.0, 10.8, '遊ゴロ', 1, 2, 2, 'B2');"
"INSERT INTO ballinfo VALUES ('2019-04-11', 2019041101, '阪神', 'ＤｅＮＡ', '大貫 晋一', '右', 'ＤｅＮＡ', '福留 孝介', '左', '阪神', 5, 2, 4, 3, 1, 0, 0, 135, 'シュート', 32.0, 11.6, '空振り', 1, 2, 2, 'B2');"
"INSERT INTO ballinfo VALUES ('2019-04-11', 2019041101, '阪神', 'ＤｅＮＡ', '大貫 晋一', '右', 'ＤｅＮＡ', '福留 孝介', '左', '阪神', 5, 2, 4, 3, 2, 0, 1, 121, 'スライダー', 50.5, 31.6, '遊飛', 2, 3, 8, 'S2');"
"INSERT INTO ballinfo VALUES ('2019-04-11', 2019041101, '阪神', 'ＤｅＮＡ', '秋山 拓巳', '右', '阪神', '宮崎 敏郎', '右', 'ＤｅＮＡ', 6, 1, 1, 0, 1, 0, 0, 126, 'フォーク', 50.0, 90.4, 'ボール', 5, 3, 23, 'B17');"
"INSERT INTO ballinfo VALUES ('2019-04-11', 2019041101, '阪神', 'ＤｅＮＡ', '秋山 拓巳', '右', '阪神', '宮崎 敏郎', '右', 'ＤｅＮＡ', 6, 1, 1, 0, 2, 1, 0, 128, 'カットボール', 49.5, 30.4, '右安', 2, 3, 8, 'S2');"
"INSERT INTO ballinfo VALUES ('2019-04-11', 2019041101, '阪神', 'ＤｅＮＡ', '秋山 拓巳', '右', '阪神', '大和', '右', 'ＤｅＮＡ', 6, 1, 2, 1, 1, 0, 0, 135, 'ストレート', 75.0, 74.0, '見逃し', 4, 4, 19, 'S9');"
"INSERT INTO ballinfo VALUES ('2019-04-11', 2019041101, '阪神', 'ＤｅＮＡ', '秋山 拓巳', '右', '阪神', '大和', '右', 'ＤｅＮＡ', 6, 1, 2, 1, 2, 0, 1, 124, 'カットボール', 69.5, 12.0, '一犠打', 1, 4, 4, 'B4');"
"INSERT INTO ballinfo VALUES ('2019-04-11', 2019041101, '阪神', 'ＤｅＮＡ', '秋山 拓巳', '右', '阪神', '伊藤 光', '右', 'ＤｅＮＡ', 6, 1, 3, 1, 1, 0, 0, 0, 'カットボール', 71.5, 73.2, '見逃し', 4, 4, 19, 'S9');"
"INSERT INTO ballinfo VALUES ('2019-04-11', 2019041101, '阪神', 'ＤｅＮＡ', '秋山 拓巳', '右', '阪神', '伊藤 光', '右', 'ＤｅＮＡ', 6, 1, 3, 1, 2, 0, 1, 131, 'ストレート', 53.5, 29.2, 'ファウル', 2, 3, 8, 'S2');"
"INSERT INTO ballinfo VALUES ('2019-04-11', 2019041101, '阪神', 'ＤｅＮＡ', '秋山 拓巳', '右', '阪神', '伊藤 光', '右', 'ＤｅＮＡ', 6, 1, 3, 1, 3, 0, 2, 127, 'フォーク', 88.0, 97.6, 'ボール', 5, 5, 25, 'B19');"
"INSERT INTO ballinfo VALUES ('2019-04-11', 2019041101, '阪神', 'ＤｅＮＡ', '秋山 拓巳', '右', '阪神', '伊藤 光', '右', 'ＤｅＮＡ', 6, 1, 3, 1, 4, 1, 2, 128, 'フォーク', 50.0, 65.6, '左安', 4, 3, 18, 'S8');"
"INSERT INTO ballinfo VALUES ('2019-04-11', 2019041101, '阪神', 'ＤｅＮＡ', '秋山 拓巳', '右', '阪神', '倉本 寿彦', '左', 'ＤｅＮＡ', 6, 1, 4, 2, 1, 0, 0, 122, 'フォーク', 11.5, 88.8, '二直', 5, 1, 21, 'B15');"
"INSERT INTO ballinfo VALUES ('2019-04-11', 2019041101, '阪神', 'ＤｅＮＡ', '秋山 拓巳', '右', '阪神', '神里 和毅', '左', 'ＤｅＮＡ', 6, 1, 5, 2, 1, 0, 0, 131, 'ストレート', 53.0, 32.4, '右本', 2, 3, 8, 'S2');"
"INSERT INTO ballinfo VALUES ('2019-04-11', 2019041101, '阪神', 'ＤｅＮＡ', '秋山 拓巳', '右', '阪神', '桑原 将志', '右', 'ＤｅＮＡ', 6, 1, 6, 3, 1, 0, 0, 113, 'カーブ', 54.0, 50.0, 'ファウル', 3, 3, 13, 'S5');"
"INSERT INTO ballinfo VALUES ('2019-04-11', 2019041101, '阪神', 'ＤｅＮＡ', '秋山 拓巳', '右', '阪神', '桑原 将志', '右', 'ＤｅＮＡ', 6, 1, 6, 3, 2, 0, 1, 107, 'カーブ', 75.0, 67.6, 'ファウル', 4, 4, 19, 'S9');"
"INSERT INTO ballinfo VALUES ('2019-04-11', 2019041101, '阪神', 'ＤｅＮＡ', '秋山 拓巳', '右', '阪神', '桑原 将志', '右', 'ＤｅＮＡ', 6, 1, 6, 3, 3, 0, 2, 125, 'フォーク', 74.0, 86.8, 'ファウル', 5, 4, 24, 'B18');"
"INSERT INTO ballinfo VALUES ('2019-04-11', 2019041101, '阪神', 'ＤｅＮＡ', '秋山 拓巳', '右', '阪神', '桑原 将志', '右', 'ＤｅＮＡ', 6, 1, 6, 3, 4, 0, 3, 122, 'フォーク', 89.5, 85.6, '三ゴロ', 5, 5, 25, 'B19');"
"INSERT INTO ballinfo VALUES ('2019-04-11', 2019041101, '阪神', 'ＤｅＮＡ', '国吉 佑樹', '右', 'ＤｅＮＡ', '中谷 将大', '右', '阪神', 6, 2, 1, 1, 1, 0, 0, 142, 'ストレート', 90.0, 12.0, '三飛', 1, 5, 5, 'B5');"
"INSERT INTO ballinfo VALUES ('2019-04-11', 2019041101, '阪神', 'ＤｅＮＡ', '国吉 佑樹', '右', 'ＤｅＮＡ', 'ナバーロ', '左', '阪神', 6, 2, 2, 2, 1, 0, 0, 146, 'ストレート', 32.0, 12.0, 'ボール', 1, 2, 2, 'B2');"
"INSERT INTO ballinfo VALUES ('2019-04-11', 2019041101, '阪神', 'ＤｅＮＡ', '国吉 佑樹', '右', 'ＤｅＮＡ', 'ナバーロ', '左', '阪神', 6, 2, 2, 2, 2, 1, 0, 135, 'ストレート', 88.5, 97.6, 'ボール', 5, 5, 25, 'B19');"
"INSERT INTO ballinfo VALUES ('2019-04-11', 2019041101, '阪神', 'ＤｅＮＡ', '国吉 佑樹', '右', 'ＤｅＮＡ', 'ナバーロ', '左', '阪神', 6, 2, 2, 2, 3, 2, 0, 140, 'ストレート', 30.0, 51.6, '見逃し', 3, 2, 12, 'S4');"
"INSERT INTO ballinfo VALUES ('2019-04-11', 2019041101, '阪神', 'ＤｅＮＡ', '国吉 佑樹', '右', 'ＤｅＮＡ', 'ナバーロ', '左', '阪神', 6, 2, 2, 2, 4, 2, 1, 0, 'ストレート', 35.0, 45.6, '一ゴロ', 3, 2, 12, 'S4');"
"INSERT INTO ballinfo VALUES ('2019-04-11', 2019041101, '阪神', 'ＤｅＮＡ', '国吉 佑樹', '右', 'ＤｅＮＡ', '梅野 隆太郎', '右', '阪神', 6, 2, 3, 3, 1, 0, 0, 123, 'スライダー', 16.5, 66.0, 'ボール', 4, 1, 16, 'B10');"
"INSERT INTO ballinfo VALUES ('2019-04-11', 2019041101, '阪神', 'ＤｅＮＡ', '国吉 佑樹', '右', 'ＤｅＮＡ', '梅野 隆太郎', '右', '阪神', 6, 2, 3, 3, 2, 1, 0, 141, 'ストレート', 55.0, 15.6, 'ファウル', 1, 3, 3, 'B3');"
"INSERT INTO ballinfo VALUES ('2019-04-11', 2019041101, '阪神', 'ＤｅＮＡ', '国吉 佑樹', '右', 'ＤｅＮＡ', '梅野 隆太郎', '右', '阪神', 6, 2, 3, 3, 3, 1, 1, 144, 'ストレート', 49.0, 28.0, '空振り', 2, 3, 8, 'S2');"
"INSERT INTO ballinfo VALUES ('2019-04-11', 2019041101, '阪神', 'ＤｅＮＡ', '国吉 佑樹', '右', 'ＤｅＮＡ', '梅野 隆太郎', '右', '阪神', 6, 2, 3, 3, 4, 1, 2, 139, 'カットボール', 93.0, 72.0, '空三振', 4, 5, 20, 'B11');"
"INSERT INTO ballinfo VALUES ('2019-04-11', 2019041101, '阪神', 'ＤｅＮＡ', '守屋 功輝', '右', '阪神', 'ロペス', '右', 'ＤｅＮＡ', 7, 1, 1, 1, 1, 0, 0, 126, 'スライダー', 69.5, 89.2, '空振り', 5, 4, 24, 'B18');"
"INSERT INTO ballinfo VALUES ('2019-04-11', 2019041101, '阪神', 'ＤｅＮＡ', '守屋 功輝', '右', '阪神', 'ロペス', '右', 'ＤｅＮＡ', 7, 1, 1, 1, 2, 0, 1, 129, 'スライダー', 95.0, 88.4, 'ボール', 5, 5, 25, 'B19');"
"INSERT INTO ballinfo VALUES ('2019-04-11', 2019041101, '阪神', 'ＤｅＮＡ', '守屋 功輝', '右', '阪神', 'ロペス', '右', 'ＤｅＮＡ', 7, 1, 1, 1, 3, 1, 1, 0, 'ストレート', 30.0, 33.2, 'ファウル', 2, 2, 7, 'S1');"
"INSERT INTO ballinfo VALUES ('2019-04-11', 2019041101, '阪神', 'ＤｅＮＡ', '守屋 功輝', '右', '阪神', 'ロペス', '右', 'ＤｅＮＡ', 7, 1, 1, 1, 4, 1, 2, 128, 'フォーク', 71.0, 92.8, 'ボール', 5, 4, 24, 'B18');"
"INSERT INTO ballinfo VALUES ('2019-04-11', 2019041101, '阪神', 'ＤｅＮＡ', '守屋 功輝', '右', '阪神', 'ロペス', '右', 'ＤｅＮＡ', 7, 1, 1, 1, 5, 2, 2, 127, 'スライダー', 68.5, 74.8, '空三振', 4, 4, 19, 'S9');"
"INSERT INTO ballinfo VALUES ('2019-04-11', 2019041101, '阪神', 'ＤｅＮＡ', '守屋 功輝', '右', '阪神', '筒香 嘉智', '左', 'ＤｅＮＡ', 7, 1, 2, 2, 1, 0, 0, 142, 'ストレート', 13.0, 51.2, 'ボール', 3, 1, 11, 'B8');"
"INSERT INTO ballinfo VALUES ('2019-04-11', 2019041101, '阪神', 'ＤｅＮＡ', '守屋 功輝', '右', '阪神', '筒香 嘉智', '左', 'ＤｅＮＡ', 7, 1, 2, 2, 2, 1, 0, 0, 'ストレート', 31.0, 17.6, 'ボール', 1, 2, 2, 'B2');"
"INSERT INTO ballinfo VALUES ('2019-04-11', 2019041101, '阪神', 'ＤｅＮＡ', '守屋 功輝', '右', '阪神', '筒香 嘉智', '左', 'ＤｅＮＡ', 7, 1, 2, 2, 3, 2, 0, 137, 'ストレート', 35.0, 37.2, '中飛', 2, 2, 7, 'S1');"
"INSERT INTO ballinfo VALUES ('2019-04-11', 2019041101, '阪神', 'ＤｅＮＡ', '守屋 功輝', '右', '阪神', 'ソト', '右', 'ＤｅＮＡ', 7, 1, 3, 3, 1, 0, 0, 129, 'スライダー', 50.5, 52.4, '見逃し', 3, 3, 13, 'S5');"
"INSERT INTO ballinfo VALUES ('2019-04-11', 2019041101, '阪神', 'ＤｅＮＡ', '守屋 功輝', '右', '阪神', 'ソト', '右', 'ＤｅＮＡ', 7, 1, 3, 3, 2, 0, 1, 131, 'スライダー', 93.0, 87.2, 'ボール', 5, 5, 25, 'B19');"
"INSERT INTO ballinfo VALUES ('2019-04-11', 2019041101, '阪神', 'ＤｅＮＡ', '守屋 功輝', '右', '阪神', 'ソト', '右', 'ＤｅＮＡ', 7, 1, 3, 3, 3, 1, 1, 138, 'ストレート', 51.0, 14.4, '遊ゴロ', 1, 3, 3, 'B3');"
"INSERT INTO ballinfo VALUES ('2019-04-11', 2019041101, '阪神', 'ＤｅＮＡ', '国吉 佑樹', '右', 'ＤｅＮＡ', '近本 光司', '左', '阪神', 7, 2, 1, 0, 1, 0, 0, 136, 'ストレート', 32.0, 6.4, 'ボール', 1, 2, 2, 'B2');"
"INSERT INTO ballinfo VALUES ('2019-04-11', 2019041101, '阪神', 'ＤｅＮＡ', '国吉 佑樹', '右', 'ＤｅＮＡ', '近本 光司', '左', '阪神', 7, 2, 1, 0, 2, 1, 0, 143, 'ストレート', 34.0, 51.2, '右本', 3, 2, 12, 'S4');"
"INSERT INTO ballinfo VALUES ('2019-04-11', 2019041101, '阪神', 'ＤｅＮＡ', '国吉 佑樹', '右', 'ＤｅＮＡ', '鳥谷 敬', '左', '阪神', 7, 2, 2, 1, 1, 0, 0, 148, 'ストレート', 30.5, 88.8, 'ボール', 5, 2, 22, 'B16');"
"INSERT INTO ballinfo VALUES ('2019-04-11', 2019041101, '阪神', 'ＤｅＮＡ', '国吉 佑樹', '右', 'ＤｅＮＡ', '鳥谷 敬', '左', '阪神', 7, 2, 2, 1, 2, 1, 0, 125, 'スライダー', 91.0, 88.0, 'ボール', 5, 5, 25, 'B19');"
"INSERT INTO ballinfo VALUES ('2019-04-11', 2019041101, '阪神', 'ＤｅＮＡ', '国吉 佑樹', '右', 'ＤｅＮＡ', '鳥谷 敬', '左', '阪神', 7, 2, 2, 1, 3, 2, 0, 135, 'ストレート', 69.5, 31.6, '見逃し', 2, 4, 9, 'S3');"
"INSERT INTO ballinfo VALUES ('2019-04-11', 2019041101, '阪神', 'ＤｅＮＡ', '国吉 佑樹', '右', 'ＤｅＮＡ', '鳥谷 敬', '左', '阪神', 7, 2, 2, 1, 4, 2, 1, 143, 'ストレート', 36.5, 72.0, '三ゴロ', 4, 2, 17, 'S7');"
"INSERT INTO ballinfo VALUES ('2019-04-11', 2019041101, '阪神', 'ＤｅＮＡ', '国吉 佑樹', '右', 'ＤｅＮＡ', '糸原 健斗', '左', '阪神', 7, 2, 3, 1, 1, 0, 0, 104, 'カーブ', 11.5, 9.2, 'ボール', 1, 1, 1, 'B1');"
"INSERT INTO ballinfo VALUES ('2019-04-11', 2019041101, '阪神', 'ＤｅＮＡ', '国吉 佑樹', '右', 'ＤｅＮＡ', '糸原 健斗', '左', '阪神', 7, 2, 3, 1, 2, 1, 0, 139, 'ストレート', 6.5, 17.2, 'ボール', 1, 1, 1, 'B1');"
"INSERT INTO ballinfo VALUES ('2019-04-11', 2019041101, '阪神', 'ＤｅＮＡ', '国吉 佑樹', '右', 'ＤｅＮＡ', '糸原 健斗', '左', '阪神', 7, 2, 3, 1, 3, 2, 0, 144, 'ストレート', 16.5, 15.2, 'ボール', 1, 1, 1, 'B1');"
"INSERT INTO ballinfo VALUES ('2019-04-11', 2019041101, '阪神', 'ＤｅＮＡ', '国吉 佑樹', '右', 'ＤｅＮＡ', '糸原 健斗', '左', '阪神', 7, 2, 3, 1, 4, 3, 0, 140, 'ストレート', 12.0, 32.4, '四球', 2, 1, 6, 'B6');"
"INSERT INTO ballinfo VALUES ('2019-04-11', 2019041101, '阪神', 'ＤｅＮＡ', '国吉 佑樹', '右', 'ＤｅＮＡ', '糸井 嘉男', '左', '阪神', 7, 2, 4, 2, 1, 0, 0, 125, 'スライダー', 74.5, 33.2, '見逃し', 2, 4, 9, 'S3');"
"INSERT INTO ballinfo VALUES ('2019-04-11', 2019041101, '阪神', 'ＤｅＮＡ', '国吉 佑樹', '右', 'ＤｅＮＡ', '糸井 嘉男', '左', '阪神', 7, 2, 4, 2, 2, 0, 1, 0, 'ストレート', 51.0, 8.4, 'ボール', 1, 3, 3, 'B3');"
"INSERT INTO ballinfo VALUES ('2019-04-11', 2019041101, '阪神', 'ＤｅＮＡ', '国吉 佑樹', '右', 'ＤｅＮＡ', '糸井 嘉男', '左', '阪神', 7, 2, 4, 2, 3, 1, 1, 135, 'ストレート', 35.0, 15.6, 'ボール', 1, 2, 2, 'B2');"
"INSERT INTO ballinfo VALUES ('2019-04-11', 2019041101, '阪神', 'ＤｅＮＡ', '国吉 佑樹', '右', 'ＤｅＮＡ', '糸井 嘉男', '左', '阪神', 7, 2, 4, 2, 4, 2, 1, 0, 'ストレート', 50.5, 83.6, 'ファウル', 5, 3, 23, 'B17');"
"INSERT INTO ballinfo VALUES ('2019-04-11', 2019041101, '阪神', 'ＤｅＮＡ', '国吉 佑樹', '右', 'ＤｅＮＡ', '糸井 嘉男', '左', '阪神', 7, 2, 4, 2, 5, 2, 2, 129, 'スライダー', 72.5, 90.4, '空三振', 5, 4, 24, 'B18');"
"INSERT INTO ballinfo VALUES ('2019-04-11', 2019041101, '阪神', 'ＤｅＮＡ', '国吉 佑樹', '右', 'ＤｅＮＡ', '大山 悠輔', '右', '阪神', 7, 2, 5, 3, 1, 0, 0, 121, 'スライダー', 52.0, 30.4, '見逃し', 2, 3, 8, 'S2');"
"INSERT INTO ballinfo VALUES ('2019-04-11', 2019041101, '阪神', 'ＤｅＮＡ', '国吉 佑樹', '右', 'ＤｅＮＡ', '大山 悠輔', '右', '阪神', 7, 2, 5, 3, 2, 0, 1, 144, 'ストレート', 54.0, 48.8, '捕邪飛', 3, 3, 13, 'S5');"
"INSERT INTO ballinfo VALUES ('2019-04-11', 2019041101, '阪神', 'ＤｅＮＡ', '尾仲 祐哉', '右', '阪神', '宮崎 敏郎', '右', 'ＤｅＮＡ', 8, 1, 1, 1, 1, 0, 0, 125, 'カットボール', 49.5, 52.0, '見逃し', 3, 3, 13, 'S5');"
"INSERT INTO ballinfo VALUES ('2019-04-11', 2019041101, '阪神', 'ＤｅＮＡ', '尾仲 祐哉', '右', '阪神', '宮崎 敏郎', '右', 'ＤｅＮＡ', 8, 1, 1, 1, 2, 0, 1, 0, 'ストレート', 72.0, 66.8, '見逃し', 4, 4, 19, 'S9');"
"INSERT INTO ballinfo VALUES ('2019-04-11', 2019041101, '阪神', 'ＤｅＮＡ', '尾仲 祐哉', '右', '阪神', '宮崎 敏郎', '右', 'ＤｅＮＡ', 8, 1, 1, 1, 3, 0, 2, 129, 'フォーク', 51.5, 92.8, 'ボール', 5, 3, 23, 'B17');"
"INSERT INTO ballinfo VALUES ('2019-04-11', 2019041101, '阪神', 'ＤｅＮＡ', '尾仲 祐哉', '右', '阪神', '宮崎 敏郎', '右', 'ＤｅＮＡ', 8, 1, 1, 1, 4, 1, 2, 129, 'フォーク', 34.5, 85.2, '遊ゴロ', 5, 2, 22, 'B16');"
"INSERT INTO ballinfo VALUES ('2019-04-11', 2019041101, '阪神', 'ＤｅＮＡ', '尾仲 祐哉', '右', '阪神', '大和', '右', 'ＤｅＮＡ', 8, 1, 2, 2, 1, 0, 0, 137, 'ストレート', 88.5, 70.8, 'ボール', 4, 5, 20, 'B11');"
"INSERT INTO ballinfo VALUES ('2019-04-11', 2019041101, '阪神', 'ＤｅＮＡ', '尾仲 祐哉', '右', '阪神', '大和', '右', 'ＤｅＮＡ', 8, 1, 2, 2, 2, 1, 0, 136, 'ストレート', 73.5, 91.2, 'ボール', 5, 4, 24, 'B18');"
"INSERT INTO ballinfo VALUES ('2019-04-11', 2019041101, '阪神', 'ＤｅＮＡ', '尾仲 祐哉', '右', '阪神', '大和', '右', 'ＤｅＮＡ', 8, 1, 2, 2, 3, 2, 0, 136, 'ストレート', 68.5, 31.6, 'ファウル', 2, 4, 9, 'S3');"
"INSERT INTO ballinfo VALUES ('2019-04-11', 2019041101, '阪神', 'ＤｅＮＡ', '尾仲 祐哉', '右', '阪神', '大和', '右', 'ＤｅＮＡ', 8, 1, 2, 2, 4, 2, 1, 135, 'ストレート', 51.5, 35.6, '二ゴロ', 2, 3, 8, 'S2');"
"INSERT INTO ballinfo VALUES ('2019-04-11', 2019041101, '阪神', 'ＤｅＮＡ', '尾仲 祐哉', '右', '阪神', '伊藤 光', '右', 'ＤｅＮＡ', 8, 1, 3, 2, 1, 0, 0, 137, 'ストレート', 87.5, 9.2, 'ボール', 1, 5, 5, 'B5');"
"INSERT INTO ballinfo VALUES ('2019-04-11', 2019041101, '阪神', 'ＤｅＮＡ', '尾仲 祐哉', '右', '阪神', '伊藤 光', '右', 'ＤｅＮＡ', 8, 1, 3, 2, 2, 1, 0, 135, 'ストレート', 69.5, 26.4, '見逃し', 2, 4, 9, 'S3');"
"INSERT INTO ballinfo VALUES ('2019-04-11', 2019041101, '阪神', 'ＤｅＮＡ', '尾仲 祐哉', '右', '阪神', '伊藤 光', '右', 'ＤｅＮＡ', 8, 1, 3, 2, 3, 1, 1, 127, 'カットボール', 90.0, 85.2, 'ボール', 5, 5, 25, 'B19');"
"INSERT INTO ballinfo VALUES ('2019-04-11', 2019041101, '阪神', 'ＤｅＮＡ', '尾仲 祐哉', '右', '阪神', '伊藤 光', '右', 'ＤｅＮＡ', 8, 1, 3, 2, 4, 2, 1, 123, 'スライダー', 14.5, 30.8, 'ボール', 2, 1, 6, 'B6');"
"INSERT INTO ballinfo VALUES ('2019-04-11', 2019041101, '阪神', 'ＤｅＮＡ', '尾仲 祐哉', '右', '阪神', '伊藤 光', '右', 'ＤｅＮＡ', 8, 1, 3, 2, 5, 3, 1, 0, 'ストレート', 56.0, 35.2, 'ファウル', 2, 3, 8, 'S2');"
"INSERT INTO ballinfo VALUES ('2019-04-11', 2019041101, '阪神', 'ＤｅＮＡ', '尾仲 祐哉', '右', '阪神', '伊藤 光', '右', 'ＤｅＮＡ', 8, 1, 3, 2, 6, 3, 2, 123, 'スライダー', 49.5, 28.4, 'ファウル', 2, 3, 8, 'S2');"
"INSERT INTO ballinfo VALUES ('2019-04-11', 2019041101, '阪神', 'ＤｅＮＡ', '尾仲 祐哉', '右', '阪神', '伊藤 光', '右', 'ＤｅＮＡ', 8, 1, 3, 2, 7, 3, 3, 128, 'カットボール', 53.0, 90.8, '四球', 5, 3, 23, 'B17');"
"INSERT INTO ballinfo VALUES ('2019-04-11', 2019041101, '阪神', 'ＤｅＮＡ', '尾仲 祐哉', '右', '阪神', '佐野 恵太', '左', 'ＤｅＮＡ', 8, 1, 4, 3, 1, 0, 0, 127, 'カットボール', 71.5, 86.8, '空振り', 5, 4, 24, 'B18');"
"INSERT INTO ballinfo VALUES ('2019-04-11', 2019041101, '阪神', 'ＤｅＮＡ', '尾仲 祐哉', '右', '阪神', '佐野 恵太', '左', 'ＤｅＮＡ', 8, 1, 4, 3, 2, 0, 1, 126, 'フォーク', 32.5, 87.6, 'ボール', 5, 2, 22, 'B16');"
"INSERT INTO ballinfo VALUES ('2019-04-11', 2019041101, '阪神', 'ＤｅＮＡ', '尾仲 祐哉', '右', '阪神', '佐野 恵太', '左', 'ＤｅＮＡ', 8, 1, 4, 3, 3, 1, 1, 137, 'ストレート', 33.0, 53.6, '見逃し', 3, 2, 12, 'S4');"
"INSERT INTO ballinfo VALUES ('2019-04-11', 2019041101, '阪神', 'ＤｅＮＡ', '尾仲 祐哉', '右', '阪神', '佐野 恵太', '左', 'ＤｅＮＡ', 8, 1, 4, 3, 4, 1, 2, 128, 'フォーク', 8.5, 30.4, 'ボール', 2, 1, 6, 'B6');"
"INSERT INTO ballinfo VALUES ('2019-04-11', 2019041101, '阪神', 'ＤｅＮＡ', '尾仲 祐哉', '右', '阪神', '佐野 恵太', '左', 'ＤｅＮＡ', 8, 1, 4, 3, 5, 2, 2, 131, 'フォーク', 71.0, 98.8, '空三振', 5, 4, 24, 'B18');"
"INSERT INTO ballinfo VALUES ('2019-04-11', 2019041101, '阪神', 'ＤｅＮＡ', 'パットン', '右', 'ＤｅＮＡ', '福留 孝介', '左', '阪神', 8, 2, 1, 0, 1, 0, 0, 0, 'スライダー', 89.5, 85.2, '死球', 5, 5, 25, 'B19');"
"INSERT INTO ballinfo VALUES ('2019-04-11', 2019041101, '阪神', 'ＤｅＮＡ', 'パットン', '右', 'ＤｅＮＡ', '中谷 将大', '右', '阪神', 8, 2, 2, 1, 1, 0, 0, 125, 'スライダー', 73.5, 67.2, '見逃し', 4, 4, 19, 'S9');"
"INSERT INTO ballinfo VALUES ('2019-04-11', 2019041101, '阪神', 'ＤｅＮＡ', 'パットン', '右', 'ＤｅＮＡ', '中谷 将大', '右', '阪神', 8, 2, 2, 1, 2, 0, 1, 0, 'ストレート', 69.0, 48.0, 'ファウル', 3, 4, 14, 'S6');"
"INSERT INTO ballinfo VALUES ('2019-04-11', 2019041101, '阪神', 'ＤｅＮＡ', 'パットン', '右', 'ＤｅＮＡ', '中谷 将大', '右', '阪神', 8, 2, 2, 1, 3, 0, 2, 134, 'スライダー', 96.5, 90.0, 'ボール', 5, 5, 25, 'B19');"
"INSERT INTO ballinfo VALUES ('2019-04-11', 2019041101, '阪神', 'ＤｅＮＡ', 'パットン', '右', 'ＤｅＮＡ', '中谷 将大', '右', '阪神', 8, 2, 2, 1, 4, 1, 2, 135, 'スライダー', 55.0, 90.0, '空三振', 5, 3, 23, 'B17');"
"INSERT INTO ballinfo VALUES ('2019-04-11', 2019041101, '阪神', 'ＤｅＮＡ', 'パットン', '右', 'ＤｅＮＡ', 'ナバーロ', '左', '阪神', 8, 2, 3, 2, 1, 0, 0, 147, 'ストレート', 74.5, 53.6, 'ファウル', 3, 4, 14, 'S6');"
"INSERT INTO ballinfo VALUES ('2019-04-11', 2019041101, '阪神', 'ＤｅＮＡ', 'パットン', '右', 'ＤｅＮＡ', 'ナバーロ', '左', '阪神', 8, 2, 3, 2, 2, 0, 1, 128, 'チェンジアップ', 31.5, 86.4, 'ボール', 5, 2, 22, 'B16');"
"INSERT INTO ballinfo VALUES ('2019-04-11', 2019041101, '阪神', 'ＤｅＮＡ', 'パットン', '右', 'ＤｅＮＡ', 'ナバーロ', '左', '阪神', 8, 2, 3, 2, 3, 1, 1, 129, 'スライダー', 34.5, 89.6, 'ファウル', 5, 2, 22, 'B16');"
"INSERT INTO ballinfo VALUES ('2019-04-11', 2019041101, '阪神', 'ＤｅＮＡ', 'パットン', '右', 'ＤｅＮＡ', 'ナバーロ', '左', '阪神', 8, 2, 3, 2, 4, 1, 2, 0, 'ストレート', 54.0, 28.8, '三飛', 2, 3, 8, 'S2');"
"INSERT INTO ballinfo VALUES ('2019-04-11', 2019041101, '阪神', 'ＤｅＮＡ', 'パットン', '右', 'ＤｅＮＡ', '梅野 隆太郎', '右', '阪神', 8, 2, 4, 2, 1, 0, 0, 129, 'スライダー', 87.5, 90.4, 'ボール', 5, 5, 25, 'B19');"
"INSERT INTO ballinfo VALUES ('2019-04-11', 2019041101, '阪神', 'ＤｅＮＡ', 'パットン', '右', 'ＤｅＮＡ', '梅野 隆太郎', '右', '阪神', 8, 2, 4, 2, 2, 1, 0, 130, 'スライダー', 96.5, 84.4, 'ボール', 5, 5, 25, 'B19');"
"INSERT INTO ballinfo VALUES ('2019-04-11', 2019041101, '阪神', 'ＤｅＮＡ', 'パットン', '右', 'ＤｅＮＡ', '梅野 隆太郎', '右', '阪神', 8, 2, 4, 2, 3, 2, 0, 133, 'スライダー', 95.0, 93.2, 'ボール', 5, 5, 25, 'B19');"
"INSERT INTO ballinfo VALUES ('2019-04-11', 2019041101, '阪神', 'ＤｅＮＡ', 'パットン', '右', 'ＤｅＮＡ', '梅野 隆太郎', '右', '阪神', 8, 2, 4, 2, 4, 3, 0, 131, 'スライダー', 97.5, 88.4, '四球', 5, 5, 25, 'B19');"
"INSERT INTO ballinfo VALUES ('2019-04-11', 2019041101, '阪神', 'ＤｅＮＡ', 'パットン', '右', 'ＤｅＮＡ', '北條 史也', '右', '阪神', 8, 2, 5, 3, 1, 0, 0, 131, 'スライダー', 52.0, 54.0, '見逃し', 3, 3, 13, 'S5');"
"INSERT INTO ballinfo VALUES ('2019-04-11', 2019041101, '阪神', 'ＤｅＮＡ', 'パットン', '右', 'ＤｅＮＡ', '北條 史也', '右', '阪神', 8, 2, 5, 3, 2, 0, 1, 144, 'ストレート', 89.5, 10.0, 'ボール', 1, 5, 5, 'B5');"
"INSERT INTO ballinfo VALUES ('2019-04-11', 2019041101, '阪神', 'ＤｅＮＡ', 'パットン', '右', 'ＤｅＮＡ', '北條 史也', '右', '阪神', 8, 2, 5, 3, 3, 1, 1, 141, 'ストレート', 70.0, 16.8, 'ファウル', 1, 4, 4, 'B4');"
"INSERT INTO ballinfo VALUES ('2019-04-11', 2019041101, '阪神', 'ＤｅＮＡ', 'パットン', '右', 'ＤｅＮＡ', '北條 史也', '右', '阪神', 8, 2, 5, 3, 4, 1, 2, 132, 'スライダー', 90.0, 89.6, 'ボール', 5, 5, 25, 'B19');"
"INSERT INTO ballinfo VALUES ('2019-04-11', 2019041101, '阪神', 'ＤｅＮＡ', 'パットン', '右', 'ＤｅＮＡ', '北條 史也', '右', '阪神', 8, 2, 5, 3, 5, 2, 2, 147, 'ストレート', 75.5, 7.6, 'ボール', 1, 4, 4, 'B4');"
"INSERT INTO ballinfo VALUES ('2019-04-11', 2019041101, '阪神', 'ＤｅＮＡ', 'パットン', '右', 'ＤｅＮＡ', '北條 史也', '右', '阪神', 8, 2, 5, 3, 6, 3, 2, 138, 'ストレート', 71.5, 71.6, '空三振', 4, 4, 19, 'S9');"
"INSERT INTO ballinfo VALUES ('2019-04-11', 2019041101, '阪神', 'ＤｅＮＡ', '島本 浩也', '左', '阪神', '神里 和毅', '左', 'ＤｅＮＡ', 9, 1, 1, 1, 1, 0, 0, 118, 'スライダー', 54.0, 13.6, 'ボール', 1, 3, 3, 'B3');"
"INSERT INTO ballinfo VALUES ('2019-04-11', 2019041101, '阪神', 'ＤｅＮＡ', '島本 浩也', '左', '阪神', '神里 和毅', '左', 'ＤｅＮＡ', 9, 1, 1, 1, 2, 1, 0, 117, 'スライダー', 14.0, 15.6, 'ボール', 1, 1, 1, 'B1');"
"INSERT INTO ballinfo VALUES ('2019-04-11', 2019041101, '阪神', 'ＤｅＮＡ', '島本 浩也', '左', '阪神', '神里 和毅', '左', 'ＤｅＮＡ', 9, 1, 1, 1, 3, 2, 0, 137, 'ストレート', 27.0, 71.6, '見逃し', 4, 2, 17, 'S7');"
"INSERT INTO ballinfo VALUES ('2019-04-11', 2019041101, '阪神', 'ＤｅＮＡ', '島本 浩也', '左', '阪神', '神里 和毅', '左', 'ＤｅＮＡ', 9, 1, 1, 1, 4, 2, 1, 137, 'ストレート', 72.0, 69.2, '中飛', 4, 4, 19, 'S9');"
"INSERT INTO ballinfo VALUES ('2019-04-11', 2019041101, '阪神', 'ＤｅＮＡ', '島本 浩也', '左', '阪神', '桑原 将志', '右', 'ＤｅＮＡ', 9, 1, 2, 2, 1, 0, 0, 140, 'ストレート', 49.5, 74.4, '見逃し', 4, 3, 18, 'S8');"
"INSERT INTO ballinfo VALUES ('2019-04-11', 2019041101, '阪神', 'ＤｅＮＡ', '島本 浩也', '左', '阪神', '桑原 将志', '右', 'ＤｅＮＡ', 9, 1, 2, 2, 2, 0, 1, 121, 'スライダー', 54.5, 91.6, 'ファウル', 5, 3, 23, 'B17');"
"INSERT INTO ballinfo VALUES ('2019-04-11', 2019041101, '阪神', 'ＤｅＮＡ', '島本 浩也', '左', '阪神', '桑原 将志', '右', 'ＤｅＮＡ', 9, 1, 2, 2, 3, 0, 2, 128, 'フォーク', 90.5, 87.6, 'ボール', 5, 5, 25, 'B19');"
"INSERT INTO ballinfo VALUES ('2019-04-11', 2019041101, '阪神', 'ＤｅＮＡ', '島本 浩也', '左', '阪神', '桑原 将志', '右', 'ＤｅＮＡ', 9, 1, 2, 2, 4, 1, 2, 137, 'ストレート', 73.0, 10.0, '空三振', 1, 4, 4, 'B4');"
"INSERT INTO ballinfo VALUES ('2019-04-11', 2019041101, '阪神', 'ＤｅＮＡ', '島本 浩也', '左', '阪神', 'ロペス', '右', 'ＤｅＮＡ', 9, 1, 3, 3, 1, 0, 0, 117, 'スライダー', 11.5, 32.4, 'ボール', 2, 1, 6, 'B6');"
"INSERT INTO ballinfo VALUES ('2019-04-11', 2019041101, '阪神', 'ＤｅＮＡ', '島本 浩也', '左', '阪神', 'ロペス', '右', 'ＤｅＮＡ', 9, 1, 3, 3, 2, 1, 0, 137, 'ストレート', 36.5, 52.0, '右飛', 3, 2, 12, 'S4');"
"INSERT INTO ballinfo VALUES ('2019-04-11', 2019041101, '阪神', 'ＤｅＮＡ', '山崎 康晃', '右', 'ＤｅＮＡ', '鳥谷 敬', '左', '阪神', 9, 2, 1, 1, 1, 0, 0, 135, 'シュート', 13.5, 90.4, 'ボール', 5, 1, 21, 'B15');"
"INSERT INTO ballinfo VALUES ('2019-04-11', 2019041101, '阪神', 'ＤｅＮＡ', '山崎 康晃', '右', 'ＤｅＮＡ', '鳥谷 敬', '左', '阪神', 9, 2, 1, 1, 2, 1, 0, 137, 'ストレート', 29.5, 51.6, '見逃し', 3, 2, 12, 'S4');"
"INSERT INTO ballinfo VALUES ('2019-04-11', 2019041101, '阪神', 'ＤｅＮＡ', '山崎 康晃', '右', 'ＤｅＮＡ', '鳥谷 敬', '左', '阪神', 9, 2, 1, 1, 3, 1, 1, 138, 'ストレート', 10.5, 54.8, 'ボール', 3, 1, 11, 'B8');"
"INSERT INTO ballinfo VALUES ('2019-04-11', 2019041101, '阪神', 'ＤｅＮＡ', '山崎 康晃', '右', 'ＤｅＮＡ', '鳥谷 敬', '左', '阪神', 9, 2, 1, 1, 4, 2, 1, 132, 'シュート', 56.0, 53.6, '見逃し', 3, 3, 13, 'S5');"
"INSERT INTO ballinfo VALUES ('2019-04-11', 2019041101, '阪神', 'ＤｅＮＡ', '山崎 康晃', '右', 'ＤｅＮＡ', '鳥谷 敬', '左', '阪神', 9, 2, 1, 1, 5, 2, 2, 0, 'シュート', 37.0, 56.8, 'ファウル', 3, 2, 12, 'S4');"
"INSERT INTO ballinfo VALUES ('2019-04-11', 2019041101, '阪神', 'ＤｅＮＡ', '山崎 康晃', '右', 'ＤｅＮＡ', '鳥谷 敬', '左', '阪神', 9, 2, 1, 1, 6, 2, 3, 135, 'シュート', 73.5, 51.2, 'ファウル', 3, 4, 14, 'S6');"
"INSERT INTO ballinfo VALUES ('2019-04-11', 2019041101, '阪神', 'ＤｅＮＡ', '山崎 康晃', '右', 'ＤｅＮＡ', '鳥谷 敬', '左', '阪神', 9, 2, 1, 1, 7, 2, 4, 135, 'ストレート', 76.0, 26.4, 'ファウル', 2, 4, 9, 'S3');"
"INSERT INTO ballinfo VALUES ('2019-04-11', 2019041101, '阪神', 'ＤｅＮＡ', '山崎 康晃', '右', 'ＤｅＮＡ', '鳥谷 敬', '左', '阪神', 9, 2, 1, 1, 8, 2, 5, 127, 'シュート', 14.0, 8.4, 'ボール', 1, 1, 1, 'B1');"
"INSERT INTO ballinfo VALUES ('2019-04-11', 2019041101, '阪神', 'ＤｅＮＡ', '山崎 康晃', '右', 'ＤｅＮＡ', '鳥谷 敬', '左', '阪神', 9, 2, 1, 1, 9, 3, 5, 136, 'ストレート', 31.5, 13.6, 'ファウル', 1, 2, 2, 'B2');"
"INSERT INTO ballinfo VALUES ('2019-04-11', 2019041101, '阪神', 'ＤｅＮＡ', '山崎 康晃', '右', 'ＤｅＮＡ', '鳥谷 敬', '左', '阪神', 9, 2, 1, 1, 10, 3, 6, 146, 'ストレート', 53.0, 73.2, '中飛', 4, 3, 18, 'S8');"
"INSERT INTO ballinfo VALUES ('2019-04-11', 2019041101, '阪神', 'ＤｅＮＡ', '山崎 康晃', '右', 'ＤｅＮＡ', '糸原 健斗', '左', '阪神', 9, 2, 2, 2, 1, 0, 0, 142, 'ストレート', 13.0, 53.2, 'ボール', 3, 1, 11, 'B8');"
"INSERT INTO ballinfo VALUES ('2019-04-11', 2019041101, '阪神', 'ＤｅＮＡ', '山崎 康晃', '右', 'ＤｅＮＡ', '糸原 健斗', '左', '阪神', 9, 2, 2, 2, 2, 1, 0, 142, 'ストレート', 47.0, 72.0, '見逃し', 4, 3, 18, 'S8');"
"INSERT INTO ballinfo VALUES ('2019-04-11', 2019041101, '阪神', 'ＤｅＮＡ', '山崎 康晃', '右', 'ＤｅＮＡ', '糸原 健斗', '左', '阪神', 9, 2, 2, 2, 3, 1, 1, 143, 'ストレート', 52.5, 90.8, 'ボール', 5, 3, 23, 'B17');"
"INSERT INTO ballinfo VALUES ('2019-04-11', 2019041101, '阪神', 'ＤｅＮＡ', '山崎 康晃', '右', 'ＤｅＮＡ', '糸原 健斗', '左', '阪神', 9, 2, 2, 2, 4, 2, 1, 137, 'ストレート', 48.5, 31.2, '遊邪飛', 2, 3, 8, 'S2');"
"INSERT INTO ballinfo VALUES ('2019-04-11', 2019041101, '阪神', 'ＤｅＮＡ', '山崎 康晃', '右', 'ＤｅＮＡ', '糸井 嘉男', '左', '阪神', 9, 2, 3, 3, 1, 0, 0, 133, 'シュート', 89.0, 55.2, 'ボール', 3, 5, 15, 'B9');"
"INSERT INTO ballinfo VALUES ('2019-04-11', 2019041101, '阪神', 'ＤｅＮＡ', '山崎 康晃', '右', 'ＤｅＮＡ', '糸井 嘉男', '左', '阪神', 9, 2, 3, 3, 2, 1, 0, 144, 'ストレート', 54.0, 30.4, 'ファウル', 2, 3, 8, 'S2');"
"INSERT INTO ballinfo VALUES ('2019-04-11', 2019041101, '阪神', 'ＤｅＮＡ', '山崎 康晃', '右', 'ＤｅＮＡ', '糸井 嘉男', '左', '阪神', 9, 2, 3, 3, 3, 1, 1, 0, 'ストレート', 73.5, 65.2, 'ファウル', 4, 4, 19, 'S9');"
"INSERT INTO ballinfo VALUES ('2019-04-11', 2019041101, '阪神', 'ＤｅＮＡ', '山崎 康晃', '右', 'ＤｅＮＡ', '糸井 嘉男', '左', '阪神', 9, 2, 3, 3, 4, 1, 2, 139, 'シュート', 32.0, 92.0, 'ゴロ', 5, 2, 22, 'B16');"
