"INSERT INTO ballinfo VALUES ('2019-04-06', 2019040606, 'ソフトバンク', 'ロッテ', 'ミランダ', '左', 'ソフトバンク', '藤原 恭大', '左', 'ロッテ', 1, 1, 1, 1, 1, 0, 0, 144, 'ストレート', 29.5, 33.2, '見逃し', 2, 2, 7, 'S1');"
"INSERT INTO ballinfo VALUES ('2019-04-06', 2019040606, 'ソフトバンク', 'ロッテ', 'ミランダ', '左', 'ソフトバンク', '藤原 恭大', '左', 'ロッテ', 1, 1, 1, 1, 2, 0, 1, 146, 'ストレート', 16.5, 54.4, 'ボール', 3, 1, 11, 'B8');"
"INSERT INTO ballinfo VALUES ('2019-04-06', 2019040606, 'ソフトバンク', 'ロッテ', 'ミランダ', '左', 'ソフトバンク', '藤原 恭大', '左', 'ロッテ', 1, 1, 1, 1, 3, 1, 1, 128, 'フォーク', 32.5, 86.4, '空振り', 5, 2, 22, 'B16');"
"INSERT INTO ballinfo VALUES ('2019-04-06', 2019040606, 'ソフトバンク', 'ロッテ', 'ミランダ', '左', 'ソフトバンク', '藤原 恭大', '左', 'ロッテ', 1, 1, 1, 1, 4, 1, 2, 128, 'フォーク', 51.5, 84.4, '空三振', 5, 3, 23, 'B17');"
"INSERT INTO ballinfo VALUES ('2019-04-06', 2019040606, 'ソフトバンク', 'ロッテ', 'ミランダ', '左', 'ソフトバンク', '加藤 翔平', '右', 'ロッテ', 1, 1, 2, 1, 1, 0, 0, 145, 'ストレート', 56.5, 44.0, '左本', 3, 3, 13, 'S5');"
"INSERT INTO ballinfo VALUES ('2019-04-06', 2019040606, 'ソフトバンク', 'ロッテ', 'ミランダ', '左', 'ソフトバンク', '中村 奨吾', '右', 'ロッテ', 1, 1, 3, 2, 1, 0, 0, 132, 'スライダー', 11.5, 76.8, 'ボール', 4, 1, 16, 'B10');"
"INSERT INTO ballinfo VALUES ('2019-04-06', 2019040606, 'ソフトバンク', 'ロッテ', 'ミランダ', '左', 'ソフトバンク', '中村 奨吾', '右', 'ロッテ', 1, 1, 3, 2, 2, 1, 0, 131, 'チェンジアップ', 50.0, 85.6, 'ボール', 5, 3, 23, 'B17');"
"INSERT INTO ballinfo VALUES ('2019-04-06', 2019040606, 'ソフトバンク', 'ロッテ', 'ミランダ', '左', 'ソフトバンク', '中村 奨吾', '右', 'ロッテ', 1, 1, 3, 2, 3, 2, 0, 125, 'スライダー', 36.5, 56.8, '見逃し', 3, 2, 12, 'S4');"
"INSERT INTO ballinfo VALUES ('2019-04-06', 2019040606, 'ソフトバンク', 'ロッテ', 'ミランダ', '左', 'ソフトバンク', '中村 奨吾', '右', 'ロッテ', 1, 1, 3, 2, 4, 2, 1, 145, 'ストレート', 73.5, 50.8, 'ファウル', 3, 4, 14, 'S6');"
"INSERT INTO ballinfo VALUES ('2019-04-06', 2019040606, 'ソフトバンク', 'ロッテ', 'ミランダ', '左', 'ソフトバンク', '中村 奨吾', '右', 'ロッテ', 1, 1, 3, 2, 5, 2, 2, 131, 'チェンジアップ', 72.5, 17.2, 'ボール', 1, 4, 4, 'B4');"
"INSERT INTO ballinfo VALUES ('2019-04-06', 2019040606, 'ソフトバンク', 'ロッテ', 'ミランダ', '左', 'ソフトバンク', '中村 奨吾', '右', 'ロッテ', 1, 1, 3, 2, 6, 3, 2, 132, 'チェンジアップ', 56.5, 83.6, '空三振', 5, 3, 23, 'B17');"
"INSERT INTO ballinfo VALUES ('2019-04-06', 2019040606, 'ソフトバンク', 'ロッテ', 'ミランダ', '左', 'ソフトバンク', '角中 勝也', '左', 'ロッテ', 1, 1, 4, 2, 1, 0, 0, 147, 'ストレート', 33.5, 83.6, 'ボール', 5, 2, 22, 'B16');"
"INSERT INTO ballinfo VALUES ('2019-04-06', 2019040606, 'ソフトバンク', 'ロッテ', 'ミランダ', '左', 'ソフトバンク', '角中 勝也', '左', 'ロッテ', 1, 1, 4, 2, 2, 1, 0, 132, 'チェンジアップ', 48.5, 86.0, '空振り', 5, 3, 23, 'B17');"
"INSERT INTO ballinfo VALUES ('2019-04-06', 2019040606, 'ソフトバンク', 'ロッテ', 'ミランダ', '左', 'ソフトバンク', '角中 勝也', '左', 'ロッテ', 1, 1, 4, 2, 3, 1, 1, 129, 'チェンジアップ', 28.5, 55.2, '見逃し', 3, 2, 12, 'S4');"
"INSERT INTO ballinfo VALUES ('2019-04-06', 2019040606, 'ソフトバンク', 'ロッテ', 'ミランダ', '左', 'ソフトバンク', '角中 勝也', '左', 'ロッテ', 1, 1, 4, 2, 4, 1, 2, 147, 'ストレート', 53.5, 13.6, 'ボール', 1, 3, 3, 'B3');"
"INSERT INTO ballinfo VALUES ('2019-04-06', 2019040606, 'ソフトバンク', 'ロッテ', 'ミランダ', '左', 'ソフトバンク', '角中 勝也', '左', 'ロッテ', 1, 1, 4, 2, 5, 2, 2, 132, 'チェンジアップ', 14.0, 70.0, 'ボール', 4, 1, 16, 'B10');"
"INSERT INTO ballinfo VALUES ('2019-04-06', 2019040606, 'ソフトバンク', 'ロッテ', 'ミランダ', '左', 'ソフトバンク', '角中 勝也', '左', 'ロッテ', 1, 1, 4, 2, 6, 3, 2, 132, 'フォーク', 22.5, 88.4, '四球', 5, 2, 22, 'B16');"
"INSERT INTO ballinfo VALUES ('2019-04-06', 2019040606, 'ソフトバンク', 'ロッテ', 'ミランダ', '左', 'ソフトバンク', 'レアード', '右', 'ロッテ', 1, 1, 5, 3, 1, 0, 0, 145, 'ストレート', 15.0, 56.8, 'ボール', 3, 1, 11, 'B8');"
"INSERT INTO ballinfo VALUES ('2019-04-06', 2019040606, 'ソフトバンク', 'ロッテ', 'ミランダ', '左', 'ソフトバンク', 'レアード', '右', 'ロッテ', 1, 1, 5, 3, 2, 1, 0, 129, 'チェンジアップ', 74.5, 69.6, '空振り', 4, 4, 19, 'S9');"
"INSERT INTO ballinfo VALUES ('2019-04-06', 2019040606, 'ソフトバンク', 'ロッテ', 'ミランダ', '左', 'ソフトバンク', 'レアード', '右', 'ロッテ', 1, 1, 5, 3, 3, 1, 1, 131, 'チェンジアップ', 54.0, 84.4, 'ボール', 5, 3, 23, 'B17');"
"INSERT INTO ballinfo VALUES ('2019-04-06', 2019040606, 'ソフトバンク', 'ロッテ', 'ミランダ', '左', 'ソフトバンク', 'レアード', '右', 'ロッテ', 1, 1, 5, 3, 4, 2, 1, 129, 'チェンジアップ', 74.0, 87.6, 'ボール', 5, 4, 24, 'B18');"
"INSERT INTO ballinfo VALUES ('2019-04-06', 2019040606, 'ソフトバンク', 'ロッテ', 'ミランダ', '左', 'ソフトバンク', 'レアード', '右', 'ロッテ', 1, 1, 5, 3, 5, 3, 1, 128, 'チェンジアップ', 66.5, 52.4, '遊ゴロ', 3, 4, 14, 'S6');"
"INSERT INTO ballinfo VALUES ('2019-04-06', 2019040606, 'ソフトバンク', 'ロッテ', '二木 康太', '右', 'ロッテ', '牧原 大成', '左', 'ソフトバンク', 1, 2, 1, 1, 1, 0, 0, 144, 'ストレート', 56.5, 66.0, '中飛', 4, 3, 18, 'S8');"
"INSERT INTO ballinfo VALUES ('2019-04-06', 2019040606, 'ソフトバンク', 'ロッテ', '二木 康太', '右', 'ロッテ', '今宮 健太', '右', 'ソフトバンク', 1, 2, 2, 1, 1, 0, 0, 146, 'ストレート', 55.5, 55.6, '見逃し', 3, 3, 13, 'S5');"
"INSERT INTO ballinfo VALUES ('2019-04-06', 2019040606, 'ソフトバンク', 'ロッテ', '二木 康太', '右', 'ロッテ', '今宮 健太', '右', 'ソフトバンク', 1, 2, 2, 1, 2, 0, 1, 140, 'ストレート', 11.0, 11.6, 'ボール', 1, 1, 1, 'B1');"
"INSERT INTO ballinfo VALUES ('2019-04-06', 2019040606, 'ソフトバンク', 'ロッテ', '二木 康太', '右', 'ロッテ', '今宮 健太', '右', 'ソフトバンク', 1, 2, 2, 1, 3, 1, 1, 129, 'スライダー', 74.5, 86.0, 'ボール', 5, 4, 24, 'B18');"
"INSERT INTO ballinfo VALUES ('2019-04-06', 2019040606, 'ソフトバンク', 'ロッテ', '二木 康太', '右', 'ロッテ', '今宮 健太', '右', 'ソフトバンク', 1, 2, 2, 1, 4, 2, 1, 140, 'ストレート', 52.5, 48.8, '中本', 3, 3, 13, 'S5');"
"INSERT INTO ballinfo VALUES ('2019-04-06', 2019040606, 'ソフトバンク', 'ロッテ', '二木 康太', '右', 'ロッテ', '柳田 悠岐', '左', 'ソフトバンク', 1, 2, 3, 2, 1, 0, 0, 144, 'ストレート', 72.5, 52.0, '見逃し', 3, 4, 14, 'S6');"
"INSERT INTO ballinfo VALUES ('2019-04-06', 2019040606, 'ソフトバンク', 'ロッテ', '二木 康太', '右', 'ロッテ', '柳田 悠岐', '左', 'ソフトバンク', 1, 2, 3, 2, 2, 0, 1, 143, 'ストレート', 71.0, 66.0, '見逃し', 4, 4, 19, 'S9');"
"INSERT INTO ballinfo VALUES ('2019-04-06', 2019040606, 'ソフトバンク', 'ロッテ', '二木 康太', '右', 'ロッテ', '柳田 悠岐', '左', 'ソフトバンク', 1, 2, 3, 2, 3, 0, 2, 130, 'フォーク', 35.0, 87.2, 'ボール', 5, 2, 22, 'B16');"
"INSERT INTO ballinfo VALUES ('2019-04-06', 2019040606, 'ソフトバンク', 'ロッテ', '二木 康太', '右', 'ロッテ', '柳田 悠岐', '左', 'ソフトバンク', 1, 2, 3, 2, 4, 1, 2, 0, 'ストレート', 34.5, 50.4, '投ゴロ', 3, 2, 12, 'S4');"
"INSERT INTO ballinfo VALUES ('2019-04-06', 2019040606, 'ソフトバンク', 'ロッテ', '二木 康太', '右', 'ロッテ', 'デスパイネ', '右', 'ソフトバンク', 1, 2, 4, 2, 1, 0, 0, 106, 'カーブ', 55.0, 15.6, 'ボール', 1, 3, 3, 'B3');"
"INSERT INTO ballinfo VALUES ('2019-04-06', 2019040606, 'ソフトバンク', 'ロッテ', '二木 康太', '右', 'ロッテ', 'デスパイネ', '右', 'ソフトバンク', 1, 2, 4, 2, 2, 1, 0, 127, 'スライダー', 90.5, 56.0, '空振り', 3, 5, 15, 'B9');"
"INSERT INTO ballinfo VALUES ('2019-04-06', 2019040606, 'ソフトバンク', 'ロッテ', '二木 康太', '右', 'ロッテ', 'デスパイネ', '右', 'ソフトバンク', 1, 2, 4, 2, 3, 1, 1, 129, 'フォーク', 72.5, 86.8, 'ボール', 5, 4, 24, 'B18');"
"INSERT INTO ballinfo VALUES ('2019-04-06', 2019040606, 'ソフトバンク', 'ロッテ', '二木 康太', '右', 'ロッテ', 'デスパイネ', '右', 'ソフトバンク', 1, 2, 4, 2, 4, 2, 1, 143, 'ストレート', 92.5, 27.6, 'ボール', 2, 5, 10, 'B7');"
"INSERT INTO ballinfo VALUES ('2019-04-06', 2019040606, 'ソフトバンク', 'ロッテ', '二木 康太', '右', 'ロッテ', 'デスパイネ', '右', 'ソフトバンク', 1, 2, 4, 2, 5, 3, 1, 128, 'スライダー', 92.5, 85.6, '四球', 5, 5, 25, 'B19');"
"INSERT INTO ballinfo VALUES ('2019-04-06', 2019040606, 'ソフトバンク', 'ロッテ', '二木 康太', '右', 'ロッテ', '内川 聖一', '右', 'ソフトバンク', 1, 2, 5, 3, 1, 0, 0, 143, 'ストレート', 54.5, 27.6, 'ファウル', 2, 3, 8, 'S2');"
"INSERT INTO ballinfo VALUES ('2019-04-06', 2019040606, 'ソフトバンク', 'ロッテ', '二木 康太', '右', 'ロッテ', '内川 聖一', '右', 'ソフトバンク', 1, 2, 5, 3, 2, 0, 1, 142, 'ストレート', 59.0, 43.6, '遊ゴロ', 3, 3, 13, 'S5');"
"INSERT INTO ballinfo VALUES ('2019-04-06', 2019040606, 'ソフトバンク', 'ロッテ', 'ミランダ', '左', 'ソフトバンク', '鈴木 大地', '左', 'ロッテ', 2, 1, 1, 1, 1, 0, 0, 144, 'ストレート', 11.5, 57.6, 'ボール', 3, 1, 11, 'B8');"
"INSERT INTO ballinfo VALUES ('2019-04-06', 2019040606, 'ソフトバンク', 'ロッテ', 'ミランダ', '左', 'ソフトバンク', '鈴木 大地', '左', 'ロッテ', 2, 1, 1, 1, 2, 1, 0, 132, 'チェンジアップ', 14.5, 73.6, 'ボール', 4, 1, 16, 'B10');"
"INSERT INTO ballinfo VALUES ('2019-04-06', 2019040606, 'ソフトバンク', 'ロッテ', 'ミランダ', '左', 'ソフトバンク', '鈴木 大地', '左', 'ロッテ', 2, 1, 1, 1, 3, 2, 0, 144, 'ストレート', 48.5, 55.6, 'ファウル', 3, 3, 13, 'S5');"
"INSERT INTO ballinfo VALUES ('2019-04-06', 2019040606, 'ソフトバンク', 'ロッテ', 'ミランダ', '左', 'ソフトバンク', '鈴木 大地', '左', 'ロッテ', 2, 1, 1, 1, 4, 2, 1, 145, 'ストレート', 48.5, 50.0, '一ゴロ', 3, 3, 13, 'S5');"
"INSERT INTO ballinfo VALUES ('2019-04-06', 2019040606, 'ソフトバンク', 'ロッテ', 'ミランダ', '左', 'ソフトバンク', 'バルガス', '右', 'ロッテ', 2, 1, 2, 1, 1, 0, 0, 131, 'チェンジアップ', 49.5, 69.6, '見逃し', 4, 3, 18, 'S8');"
"INSERT INTO ballinfo VALUES ('2019-04-06', 2019040606, 'ソフトバンク', 'ロッテ', 'ミランダ', '左', 'ソフトバンク', 'バルガス', '右', 'ロッテ', 2, 1, 2, 1, 2, 0, 1, 147, 'ストレート', 12.0, 54.0, 'ボール', 3, 1, 11, 'B8');"
"INSERT INTO ballinfo VALUES ('2019-04-06', 2019040606, 'ソフトバンク', 'ロッテ', 'ミランダ', '左', 'ソフトバンク', 'バルガス', '右', 'ロッテ', 2, 1, 2, 1, 3, 1, 1, 145, 'ストレート', 28.0, 31.6, '見逃し', 2, 2, 7, 'S1');"
"INSERT INTO ballinfo VALUES ('2019-04-06', 2019040606, 'ソフトバンク', 'ロッテ', 'ミランダ', '左', 'ソフトバンク', 'バルガス', '右', 'ロッテ', 2, 1, 2, 1, 4, 1, 2, 132, 'チェンジアップ', 76.0, 87.2, 'ボール', 5, 4, 24, 'B18');"
"INSERT INTO ballinfo VALUES ('2019-04-06', 2019040606, 'ソフトバンク', 'ロッテ', 'ミランダ', '左', 'ソフトバンク', 'バルガス', '右', 'ロッテ', 2, 1, 2, 1, 5, 2, 2, 129, 'フォーク', 49.5, 15.6, 'ボール', 1, 3, 3, 'B3');"
"INSERT INTO ballinfo VALUES ('2019-04-06', 2019040606, 'ソフトバンク', 'ロッテ', 'ミランダ', '左', 'ソフトバンク', 'バルガス', '右', 'ロッテ', 2, 1, 2, 1, 6, 3, 2, 134, 'チェンジアップ', 34.5, 85.6, '四球', 5, 2, 22, 'B16');"
"INSERT INTO ballinfo VALUES ('2019-04-06', 2019040606, 'ソフトバンク', 'ロッテ', 'ミランダ', '左', 'ソフトバンク', '田村 龍弘', '右', 'ロッテ', 2, 1, 3, 2, 1, 0, 0, 128, 'チェンジアップ', 90.5, 53.6, '空振り', 3, 5, 15, 'B9');"
"INSERT INTO ballinfo VALUES ('2019-04-06', 2019040606, 'ソフトバンク', 'ロッテ', 'ミランダ', '左', 'ソフトバンク', '田村 龍弘', '右', 'ロッテ', 2, 1, 3, 2, 2, 0, 1, 145, 'ストレート', 55.5, 31.6, '空振り', 2, 3, 8, 'S2');"
"INSERT INTO ballinfo VALUES ('2019-04-06', 2019040606, 'ソフトバンク', 'ロッテ', 'ミランダ', '左', 'ソフトバンク', '田村 龍弘', '右', 'ロッテ', 2, 1, 3, 2, 3, 0, 2, 129, 'チェンジアップ', 92.0, 76.0, '空三振', 4, 5, 20, 'B11');"
"INSERT INTO ballinfo VALUES ('2019-04-06', 2019040606, 'ソフトバンク', 'ロッテ', 'ミランダ', '左', 'ソフトバンク', '藤岡 裕大', '左', 'ロッテ', 2, 1, 4, 3, 1, 0, 0, 144, 'ストレート', 48.5, 33.2, '中飛', 2, 3, 8, 'S2');"
"INSERT INTO ballinfo VALUES ('2019-04-06', 2019040606, 'ソフトバンク', 'ロッテ', '二木 康太', '右', 'ロッテ', '松田 宣浩', '右', 'ソフトバンク', 2, 2, 1, 1, 1, 0, 0, 127, 'スライダー', 71.5, 53.6, '空振り', 3, 4, 14, 'S6');"
"INSERT INTO ballinfo VALUES ('2019-04-06', 2019040606, 'ソフトバンク', 'ロッテ', '二木 康太', '右', 'ロッテ', '松田 宣浩', '右', 'ソフトバンク', 2, 2, 1, 1, 2, 0, 1, 129, 'フォーク', 69.5, 85.2, 'ボール', 5, 4, 24, 'B18');"
"INSERT INTO ballinfo VALUES ('2019-04-06', 2019040606, 'ソフトバンク', 'ロッテ', '二木 康太', '右', 'ロッテ', '松田 宣浩', '右', 'ソフトバンク', 2, 2, 1, 1, 3, 1, 1, 127, 'スライダー', 76.5, 87.2, 'ボール', 5, 4, 24, 'B18');"
"INSERT INTO ballinfo VALUES ('2019-04-06', 2019040606, 'ソフトバンク', 'ロッテ', '二木 康太', '右', 'ロッテ', '松田 宣浩', '右', 'ソフトバンク', 2, 2, 1, 1, 4, 2, 1, 140, 'ストレート', 52.0, 85.6, 'ボール', 5, 3, 23, 'B17');"
"INSERT INTO ballinfo VALUES ('2019-04-06', 2019040606, 'ソフトバンク', 'ロッテ', '二木 康太', '右', 'ロッテ', '松田 宣浩', '右', 'ソフトバンク', 2, 2, 1, 1, 5, 3, 1, 125, 'スライダー', 55.0, 31.2, '見逃し', 2, 3, 8, 'S2');"
"INSERT INTO ballinfo VALUES ('2019-04-06', 2019040606, 'ソフトバンク', 'ロッテ', '二木 康太', '右', 'ロッテ', '松田 宣浩', '右', 'ソフトバンク', 2, 2, 1, 1, 6, 3, 2, 144, 'ストレート', 55.5, 69.2, '三ゴロ', 4, 3, 18, 'S8');"
"INSERT INTO ballinfo VALUES ('2019-04-06', 2019040606, 'ソフトバンク', 'ロッテ', '二木 康太', '右', 'ロッテ', '上林 誠知', '左', 'ソフトバンク', 2, 2, 2, 2, 1, 0, 0, 142, 'ストレート', 57.0, 33.6, 'ファウル', 2, 3, 8, 'S2');"
"INSERT INTO ballinfo VALUES ('2019-04-06', 2019040606, 'ソフトバンク', 'ロッテ', '二木 康太', '右', 'ロッテ', '上林 誠知', '左', 'ソフトバンク', 2, 2, 2, 2, 2, 0, 1, 129, 'スライダー', 78.0, 57.2, '三邪飛', 3, 4, 14, 'S6');"
"INSERT INTO ballinfo VALUES ('2019-04-06', 2019040606, 'ソフトバンク', 'ロッテ', '二木 康太', '右', 'ロッテ', '甲斐 拓也', '右', 'ソフトバンク', 2, 2, 3, 3, 1, 0, 0, 141, 'ストレート', 56.5, 50.0, 'ファウル', 3, 3, 13, 'S5');"
"INSERT INTO ballinfo VALUES ('2019-04-06', 2019040606, 'ソフトバンク', 'ロッテ', '二木 康太', '右', 'ロッテ', '甲斐 拓也', '右', 'ソフトバンク', 2, 2, 3, 3, 2, 0, 1, 106, 'カーブ', 51.5, 44.0, 'ファウル', 3, 3, 13, 'S5');"
"INSERT INTO ballinfo VALUES ('2019-04-06', 2019040606, 'ソフトバンク', 'ロッテ', '二木 康太', '右', 'ロッテ', '甲斐 拓也', '右', 'ソフトバンク', 2, 2, 3, 3, 3, 0, 2, 129, 'フォーク', 53.0, 76.0, '左飛', 4, 3, 18, 'S8');"
"INSERT INTO ballinfo VALUES ('2019-04-06', 2019040606, 'ソフトバンク', 'ロッテ', 'ミランダ', '左', 'ソフトバンク', '藤原 恭大', '左', 'ロッテ', 3, 1, 1, 1, 1, 0, 0, 129, 'チェンジアップ', 90.5, 30.8, 'ボール', 2, 5, 10, 'B7');"
"INSERT INTO ballinfo VALUES ('2019-04-06', 2019040606, 'ソフトバンク', 'ロッテ', 'ミランダ', '左', 'ソフトバンク', '藤原 恭大', '左', 'ロッテ', 3, 1, 1, 1, 2, 1, 0, 128, 'チェンジアップ', 29.0, 65.2, '見逃し', 4, 2, 17, 'S7');"
"INSERT INTO ballinfo VALUES ('2019-04-06', 2019040606, 'ソフトバンク', 'ロッテ', 'ミランダ', '左', 'ソフトバンク', '藤原 恭大', '左', 'ロッテ', 3, 1, 1, 1, 3, 1, 1, 144, 'ストレート', 30.5, 31.6, 'ファウル', 2, 2, 7, 'S1');"
"INSERT INTO ballinfo VALUES ('2019-04-06', 2019040606, 'ソフトバンク', 'ロッテ', 'ミランダ', '左', 'ソフトバンク', '藤原 恭大', '左', 'ロッテ', 3, 1, 1, 1, 4, 1, 2, 130, 'フォーク', 14.0, 78.4, '空三振', 4, 1, 16, 'B10');"
"INSERT INTO ballinfo VALUES ('2019-04-06', 2019040606, 'ソフトバンク', 'ロッテ', 'ミランダ', '左', 'ソフトバンク', '加藤 翔平', '右', 'ロッテ', 3, 1, 2, 1, 1, 0, 0, 122, 'スライダー', 29.5, 54.8, '左本', 3, 2, 12, 'S4');"
"INSERT INTO ballinfo VALUES ('2019-04-06', 2019040606, 'ソフトバンク', 'ロッテ', 'ミランダ', '左', 'ソフトバンク', '中村 奨吾', '右', 'ロッテ', 3, 1, 3, 1, 1, 0, 0, 124, 'チェンジアップ', 51.0, 12.8, 'ボール', 1, 3, 3, 'B3');"
"INSERT INTO ballinfo VALUES ('2019-04-06', 2019040606, 'ソフトバンク', 'ロッテ', 'ミランダ', '左', 'ソフトバンク', '中村 奨吾', '右', 'ロッテ', 3, 1, 3, 1, 2, 1, 0, 145, 'ストレート', 50.0, 50.0, '右本', 3, 3, 13, 'S5');"
"INSERT INTO ballinfo VALUES ('2019-04-06', 2019040606, 'ソフトバンク', 'ロッテ', 'ミランダ', '左', 'ソフトバンク', '角中 勝也', '左', 'ロッテ', 3, 1, 4, 1, 1, 0, 0, 130, 'チェンジアップ', 11.5, 74.4, 'ボール', 4, 1, 16, 'B10');"
"INSERT INTO ballinfo VALUES ('2019-04-06', 2019040606, 'ソフトバンク', 'ロッテ', 'ミランダ', '左', 'ソフトバンク', '角中 勝也', '左', 'ロッテ', 3, 1, 4, 1, 2, 1, 0, 124, 'スライダー', 53.0, 14.4, 'ボール', 1, 3, 3, 'B3');"
"INSERT INTO ballinfo VALUES ('2019-04-06', 2019040606, 'ソフトバンク', 'ロッテ', 'ミランダ', '左', 'ソフトバンク', '角中 勝也', '左', 'ロッテ', 3, 1, 4, 1, 3, 2, 0, 129, 'チェンジアップ', 49.5, 86.4, 'ボール', 5, 3, 23, 'B17');"
"INSERT INTO ballinfo VALUES ('2019-04-06', 2019040606, 'ソフトバンク', 'ロッテ', 'ミランダ', '左', 'ソフトバンク', '角中 勝也', '左', 'ロッテ', 3, 1, 4, 1, 4, 3, 0, 144, 'ストレート', 33.5, 65.2, '見逃し', 4, 2, 17, 'S7');"
"INSERT INTO ballinfo VALUES ('2019-04-06', 2019040606, 'ソフトバンク', 'ロッテ', 'ミランダ', '左', 'ソフトバンク', '角中 勝也', '左', 'ロッテ', 3, 1, 4, 1, 5, 3, 1, 126, 'スライダー', 31.0, 13.2, '四球', 1, 2, 2, 'B2');"
"INSERT INTO ballinfo VALUES ('2019-04-06', 2019040606, 'ソフトバンク', 'ロッテ', 'ミランダ', '左', 'ソフトバンク', 'レアード', '右', 'ロッテ', 3, 1, 5, 1, 1, 0, 0, 128, 'チェンジアップ', 52.5, 67.6, '見逃し', 4, 3, 18, 'S8');"
"INSERT INTO ballinfo VALUES ('2019-04-06', 2019040606, 'ソフトバンク', 'ロッテ', 'ミランダ', '左', 'ソフトバンク', 'レアード', '右', 'ロッテ', 3, 1, 5, 1, 2, 0, 1, 127, 'フォーク', 51.5, 32.0, '空振り', 2, 3, 8, 'S2');"
"INSERT INTO ballinfo VALUES ('2019-04-06', 2019040606, 'ソフトバンク', 'ロッテ', 'ミランダ', '左', 'ソフトバンク', 'レアード', '右', 'ロッテ', 3, 1, 5, 1, 3, 0, 2, 145, 'ストレート', 51.5, 13.2, 'ボール', 1, 3, 3, 'B3');"
"INSERT INTO ballinfo VALUES ('2019-04-06', 2019040606, 'ソフトバンク', 'ロッテ', 'ミランダ', '左', 'ソフトバンク', 'レアード', '右', 'ロッテ', 3, 1, 5, 1, 4, 1, 2, 129, 'フォーク', 57.0, 47.6, '左本', 3, 3, 13, 'S5');"
"INSERT INTO ballinfo VALUES ('2019-04-06', 2019040606, 'ソフトバンク', 'ロッテ', 'ミランダ', '左', 'ソフトバンク', '鈴木 大地', '左', 'ロッテ', 3, 1, 6, 2, 1, 0, 0, 124, 'スライダー', 11.0, 87.6, 'ボール', 5, 1, 21, 'B15');"
"INSERT INTO ballinfo VALUES ('2019-04-06', 2019040606, 'ソフトバンク', 'ロッテ', 'ミランダ', '左', 'ソフトバンク', '鈴木 大地', '左', 'ロッテ', 3, 1, 6, 2, 2, 1, 0, 130, 'チェンジアップ', 50.0, 57.2, '見逃し', 3, 3, 13, 'S5');"
"INSERT INTO ballinfo VALUES ('2019-04-06', 2019040606, 'ソフトバンク', 'ロッテ', 'ミランダ', '左', 'ソフトバンク', '鈴木 大地', '左', 'ロッテ', 3, 1, 6, 2, 3, 1, 1, 145, 'ストレート', 31.5, 35.6, 'ファウル', 2, 2, 7, 'S1');"
"INSERT INTO ballinfo VALUES ('2019-04-06', 2019040606, 'ソフトバンク', 'ロッテ', 'ミランダ', '左', 'ソフトバンク', '鈴木 大地', '左', 'ロッテ', 3, 1, 6, 2, 4, 1, 2, 147, 'ストレート', 36.0, 27.2, 'ファウル', 2, 2, 7, 'S1');"
"INSERT INTO ballinfo VALUES ('2019-04-06', 2019040606, 'ソフトバンク', 'ロッテ', 'ミランダ', '左', 'ソフトバンク', '鈴木 大地', '左', 'ロッテ', 3, 1, 6, 2, 5, 1, 3, 132, 'チェンジアップ', 36.5, 57.2, '二飛', 3, 2, 12, 'S4');"
"INSERT INTO ballinfo VALUES ('2019-04-06', 2019040606, 'ソフトバンク', 'ロッテ', 'ミランダ', '左', 'ソフトバンク', 'バルガス', '右', 'ロッテ', 3, 1, 7, 2, 1, 0, 0, 144, 'ストレート', 29.5, 26.8, '見逃し', 2, 2, 7, 'S1');"
"INSERT INTO ballinfo VALUES ('2019-04-06', 2019040606, 'ソフトバンク', 'ロッテ', 'ミランダ', '左', 'ソフトバンク', 'バルガス', '右', 'ロッテ', 3, 1, 7, 2, 2, 0, 1, 144, 'ストレート', 12.5, 53.6, 'ボール', 3, 1, 11, 'B8');"
"INSERT INTO ballinfo VALUES ('2019-04-06', 2019040606, 'ソフトバンク', 'ロッテ', 'ミランダ', '左', 'ソフトバンク', 'バルガス', '右', 'ロッテ', 3, 1, 7, 2, 3, 1, 1, 130, 'チェンジアップ', 50.5, 67.2, '空振り', 4, 3, 18, 'S8');"
"INSERT INTO ballinfo VALUES ('2019-04-06', 2019040606, 'ソフトバンク', 'ロッテ', 'ミランダ', '左', 'ソフトバンク', 'バルガス', '右', 'ロッテ', 3, 1, 7, 2, 4, 1, 2, 147, 'ストレート', 29.5, 12.4, 'ボール', 1, 2, 2, 'B2');"
"INSERT INTO ballinfo VALUES ('2019-04-06', 2019040606, 'ソフトバンク', 'ロッテ', 'ミランダ', '左', 'ソフトバンク', 'バルガス', '右', 'ロッテ', 3, 1, 7, 2, 5, 2, 2, 134, 'チェンジアップ', 51.0, 87.2, 'ボール', 5, 3, 23, 'B17');"
"INSERT INTO ballinfo VALUES ('2019-04-06', 2019040606, 'ソフトバンク', 'ロッテ', 'ミランダ', '左', 'ソフトバンク', 'バルガス', '右', 'ロッテ', 3, 1, 7, 2, 6, 3, 2, 133, 'チェンジアップ', 54.5, 15.6, '四球', 1, 3, 3, 'B3');"
"INSERT INTO ballinfo VALUES ('2019-04-06', 2019040606, 'ソフトバンク', 'ロッテ', 'ミランダ', '左', 'ソフトバンク', '田村 龍弘', '右', 'ロッテ', 3, 1, 8, 2, 1, 0, 0, 125, 'チェンジアップ', 91.5, 13.6, 'ボール', 1, 5, 5, 'B5');"
"INSERT INTO ballinfo VALUES ('2019-04-06', 2019040606, 'ソフトバンク', 'ロッテ', 'ミランダ', '左', 'ソフトバンク', '田村 龍弘', '右', 'ロッテ', 3, 1, 8, 2, 2, 1, 0, 126, 'チェンジアップ', 93.0, 56.4, 'ボール', 3, 5, 15, 'B9');"
"INSERT INTO ballinfo VALUES ('2019-04-06', 2019040606, 'ソフトバンク', 'ロッテ', 'ミランダ', '左', 'ソフトバンク', '田村 龍弘', '右', 'ロッテ', 3, 1, 8, 2, 3, 2, 0, 141, 'ストレート', 73.0, 15.6, 'ボール', 1, 4, 4, 'B4');"
"INSERT INTO ballinfo VALUES ('2019-04-06', 2019040606, 'ソフトバンク', 'ロッテ', 'ミランダ', '左', 'ソフトバンク', '田村 龍弘', '右', 'ロッテ', 3, 1, 8, 2, 4, 3, 0, 140, 'ストレート', 52.5, 56.4, '見逃し', 3, 3, 13, 'S5');"
"INSERT INTO ballinfo VALUES ('2019-04-06', 2019040606, 'ソフトバンク', 'ロッテ', 'ミランダ', '左', 'ソフトバンク', '田村 龍弘', '右', 'ロッテ', 3, 1, 8, 2, 5, 3, 1, 140, 'ストレート', 94.0, 28.0, '四球', 2, 5, 10, 'B7');"
"INSERT INTO ballinfo VALUES ('2019-04-06', 2019040606, 'ソフトバンク', 'ロッテ', 'ミランダ', '左', 'ソフトバンク', '藤岡 裕大', '左', 'ロッテ', 3, 1, 9, 2, 1, 0, 0, 129, 'チェンジアップ', 49.5, 87.2, 'ボール', 5, 3, 23, 'B17');"
"INSERT INTO ballinfo VALUES ('2019-04-06', 2019040606, 'ソフトバンク', 'ロッテ', 'ミランダ', '左', 'ソフトバンク', '藤岡 裕大', '左', 'ロッテ', 3, 1, 9, 2, 2, 1, 0, 125, 'スライダー', 36.5, 85.6, 'ボール', 5, 2, 22, 'B16');"
"INSERT INTO ballinfo VALUES ('2019-04-06', 2019040606, 'ソフトバンク', 'ロッテ', 'ミランダ', '左', 'ソフトバンク', '藤岡 裕大', '左', 'ロッテ', 3, 1, 9, 2, 3, 2, 0, 123, 'スライダー', 31.0, 35.2, '見逃し', 2, 2, 7, 'S1');"
"INSERT INTO ballinfo VALUES ('2019-04-06', 2019040606, 'ソフトバンク', 'ロッテ', 'ミランダ', '左', 'ソフトバンク', '藤岡 裕大', '左', 'ロッテ', 3, 1, 9, 2, 4, 2, 1, 127, 'チェンジアップ', 76.0, 13.2, 'ボール', 1, 4, 4, 'B4');"
"INSERT INTO ballinfo VALUES ('2019-04-06', 2019040606, 'ソフトバンク', 'ロッテ', 'ミランダ', '左', 'ソフトバンク', '藤岡 裕大', '左', 'ロッテ', 3, 1, 9, 2, 5, 3, 1, 141, 'ストレート', 73.5, 54.8, 'ファウル', 3, 4, 14, 'S6');"
"INSERT INTO ballinfo VALUES ('2019-04-06', 2019040606, 'ソフトバンク', 'ロッテ', 'ミランダ', '左', 'ソフトバンク', '藤岡 裕大', '左', 'ロッテ', 3, 1, 9, 2, 6, 3, 2, 144, 'ストレート', 47.5, 33.2, '左安', 2, 3, 8, 'S2');"
"INSERT INTO ballinfo VALUES ('2019-04-06', 2019040606, 'ソフトバンク', 'ロッテ', 'ミランダ', '左', 'ソフトバンク', '藤原 恭大', '左', 'ロッテ', 3, 1, 10, 2, 1, 0, 0, 127, 'フォーク', 30.5, 86.8, '空振り', 5, 2, 22, 'B16');"
"INSERT INTO ballinfo VALUES ('2019-04-06', 2019040606, 'ソフトバンク', 'ロッテ', 'ミランダ', '左', 'ソフトバンク', '藤原 恭大', '左', 'ロッテ', 3, 1, 10, 2, 2, 0, 1, 126, 'フォーク', 31.5, 35.6, '見逃し', 2, 2, 7, 'S1');"
"INSERT INTO ballinfo VALUES ('2019-04-06', 2019040606, 'ソフトバンク', 'ロッテ', 'ミランダ', '左', 'ソフトバンク', '藤原 恭大', '左', 'ロッテ', 3, 1, 10, 2, 3, 0, 2, 128, 'フォーク', 46.5, 51.6, '右安', 3, 3, 13, 'S5');"
"INSERT INTO ballinfo VALUES ('2019-04-06', 2019040606, 'ソフトバンク', 'ロッテ', '川原 弘之', '左', 'ソフトバンク', '加藤 翔平', '右', 'ロッテ', 3, 1, 11, 3, 1, 0, 0, 136, 'スライダー', 59.5, 58.4, '二ゴロ', 3, 3, 13, 'S5');"
"INSERT INTO ballinfo VALUES ('2019-04-06', 2019040606, 'ソフトバンク', 'ロッテ', '二木 康太', '右', 'ロッテ', '釜元 豪', '左', 'ソフトバンク', 3, 2, 1, 0, 1, 0, 0, 105, 'カーブ', 31.0, 15.6, 'ボール', 1, 2, 2, 'B2');"
"INSERT INTO ballinfo VALUES ('2019-04-06', 2019040606, 'ソフトバンク', 'ロッテ', '二木 康太', '右', 'ロッテ', '釜元 豪', '左', 'ソフトバンク', 3, 2, 1, 0, 2, 1, 0, 138, 'ストレート', 30.0, 53.6, '空振り', 3, 2, 12, 'S4');"
"INSERT INTO ballinfo VALUES ('2019-04-06', 2019040606, 'ソフトバンク', 'ロッテ', '二木 康太', '右', 'ロッテ', '釜元 豪', '左', 'ソフトバンク', 3, 2, 1, 0, 3, 1, 1, 140, 'ストレート', 8.5, 12.8, 'ボール', 1, 1, 1, 'B1');"
"INSERT INTO ballinfo VALUES ('2019-04-06', 2019040606, 'ソフトバンク', 'ロッテ', '二木 康太', '右', 'ロッテ', '釜元 豪', '左', 'ソフトバンク', 3, 2, 1, 0, 4, 2, 1, 141, 'ストレート', 53.0, 48.4, '空振り', 3, 3, 13, 'S5');"
"INSERT INTO ballinfo VALUES ('2019-04-06', 2019040606, 'ソフトバンク', 'ロッテ', '二木 康太', '右', 'ロッテ', '釜元 豪', '左', 'ソフトバンク', 3, 2, 1, 0, 5, 2, 2, 142, 'ストレート', 87.5, 14.0, '左安', 1, 5, 5, 'B5');"
"INSERT INTO ballinfo VALUES ('2019-04-06', 2019040606, 'ソフトバンク', 'ロッテ', '二木 康太', '右', 'ロッテ', '牧原 大成', '左', 'ソフトバンク', 3, 2, 2, 1, 1, 0, 0, 128, 'スライダー', 29.5, 30.8, '見逃し', 2, 2, 7, 'S1');"
"INSERT INTO ballinfo VALUES ('2019-04-06', 2019040606, 'ソフトバンク', 'ロッテ', '二木 康太', '右', 'ロッテ', '牧原 大成', '左', 'ソフトバンク', 3, 2, 2, 1, 2, 0, 1, 130, 'フォーク', 33.5, 86.8, '空振り', 5, 2, 22, 'B16');"
"INSERT INTO ballinfo VALUES ('2019-04-06', 2019040606, 'ソフトバンク', 'ロッテ', '二木 康太', '右', 'ロッテ', '牧原 大成', '左', 'ソフトバンク', 3, 2, 2, 1, 3, 0, 2, 130, 'フォーク', 53.5, 84.8, 'ファウル', 5, 3, 23, 'B17');"
"INSERT INTO ballinfo VALUES ('2019-04-06', 2019040606, 'ソフトバンク', 'ロッテ', '二木 康太', '右', 'ロッテ', '牧原 大成', '左', 'ソフトバンク', 3, 2, 2, 1, 4, 0, 3, 131, 'フォーク', 51.0, 89.6, '空三振', 5, 3, 23, 'B17');"
"INSERT INTO ballinfo VALUES ('2019-04-06', 2019040606, 'ソフトバンク', 'ロッテ', '二木 康太', '右', 'ロッテ', '今宮 健太', '右', 'ソフトバンク', 3, 2, 3, 2, 1, 0, 0, 128, 'スライダー', 69.5, 34.4, '見逃し', 2, 4, 9, 'S3');"
"INSERT INTO ballinfo VALUES ('2019-04-06', 2019040606, 'ソフトバンク', 'ロッテ', '二木 康太', '右', 'ロッテ', '今宮 健太', '右', 'ソフトバンク', 3, 2, 3, 2, 2, 0, 1, 130, 'フォーク', 54.0, 31.2, '中飛', 2, 3, 8, 'S2');"
"INSERT INTO ballinfo VALUES ('2019-04-06', 2019040606, 'ソフトバンク', 'ロッテ', '二木 康太', '右', 'ロッテ', '柳田 悠岐', '左', 'ソフトバンク', 3, 2, 4, 3, 1, 0, 0, 130, 'スライダー', 89.0, 56.8, 'ファウル', 3, 5, 15, 'B9');"
"INSERT INTO ballinfo VALUES ('2019-04-06', 2019040606, 'ソフトバンク', 'ロッテ', '二木 康太', '右', 'ロッテ', '柳田 悠岐', '左', 'ソフトバンク', 3, 2, 4, 3, 2, 0, 1, 142, 'ストレート', 88.0, 72.0, 'ボール', 4, 5, 20, 'B11');"
"INSERT INTO ballinfo VALUES ('2019-04-06', 2019040606, 'ソフトバンク', 'ロッテ', '二木 康太', '右', 'ロッテ', '柳田 悠岐', '左', 'ソフトバンク', 3, 2, 4, 3, 3, 1, 1, 142, 'ストレート', 89.5, 65.2, 'ボール', 4, 5, 20, 'B11');"
"INSERT INTO ballinfo VALUES ('2019-04-06', 2019040606, 'ソフトバンク', 'ロッテ', '二木 康太', '右', 'ロッテ', '柳田 悠岐', '左', 'ソフトバンク', 3, 2, 4, 3, 4, 2, 1, 130, 'フォーク', 74.5, 87.6, 'ボール', 5, 4, 24, 'B18');"
"INSERT INTO ballinfo VALUES ('2019-04-06', 2019040606, 'ソフトバンク', 'ロッテ', '二木 康太', '右', 'ロッテ', '柳田 悠岐', '左', 'ソフトバンク', 3, 2, 4, 3, 5, 3, 1, 130, 'スライダー', 73.5, 56.4, '見逃し', 3, 4, 14, 'S6');"
"INSERT INTO ballinfo VALUES ('2019-04-06', 2019040606, 'ソフトバンク', 'ロッテ', '二木 康太', '右', 'ロッテ', '柳田 悠岐', '左', 'ソフトバンク', 3, 2, 4, 3, 6, 3, 2, 145, 'ストレート', 56.0, 35.6, 'ファウル', 2, 3, 8, 'S2');"
"INSERT INTO ballinfo VALUES ('2019-04-06', 2019040606, 'ソフトバンク', 'ロッテ', '二木 康太', '右', 'ロッテ', '柳田 悠岐', '左', 'ソフトバンク', 3, 2, 4, 3, 7, 3, 3, 144, 'ストレート', 36.5, 56.8, '見三振', 3, 2, 12, 'S4');"
"INSERT INTO ballinfo VALUES ('2019-04-06', 2019040606, 'ソフトバンク', 'ロッテ', '川原 弘之', '左', 'ソフトバンク', '中村 奨吾', '右', 'ロッテ', 4, 1, 1, 0, 1, 0, 0, 132, 'スライダー', 51.5, 84.4, 'ボール', 5, 3, 23, 'B17');"
"INSERT INTO ballinfo VALUES ('2019-04-06', 2019040606, 'ソフトバンク', 'ロッテ', '川原 弘之', '左', 'ソフトバンク', '中村 奨吾', '右', 'ロッテ', 4, 1, 1, 0, 2, 1, 0, 131, 'スライダー', 32.5, 71.6, '見逃し', 4, 2, 17, 'S7');"
"INSERT INTO ballinfo VALUES ('2019-04-06', 2019040606, 'ソフトバンク', 'ロッテ', '川原 弘之', '左', 'ソフトバンク', '中村 奨吾', '右', 'ロッテ', 4, 1, 1, 0, 3, 1, 1, 147, 'ストレート', 47.5, 51.6, '中安', 3, 3, 13, 'S5');"
"INSERT INTO ballinfo VALUES ('2019-04-06', 2019040606, 'ソフトバンク', 'ロッテ', '川原 弘之', '左', 'ソフトバンク', '角中 勝也', '左', 'ロッテ', 4, 1, 2, 2, 1, 0, 0, 145, 'ストレート', 12.5, 27.6, 'ボール', 2, 1, 6, 'B6');"
"INSERT INTO ballinfo VALUES ('2019-04-06', 2019040606, 'ソフトバンク', 'ロッテ', '川原 弘之', '左', 'ソフトバンク', '角中 勝也', '左', 'ロッテ', 4, 1, 2, 2, 2, 1, 0, 147, 'ストレート', 30.0, 53.6, '遊併打', 3, 2, 12, 'S4');"
"INSERT INTO ballinfo VALUES ('2019-04-06', 2019040606, 'ソフトバンク', 'ロッテ', '川原 弘之', '左', 'ソフトバンク', 'レアード', '右', 'ロッテ', 4, 1, 3, 2, 1, 0, 0, 149, 'ストレート', 36.5, 8.0, 'ボール', 1, 2, 2, 'B2');"
"INSERT INTO ballinfo VALUES ('2019-04-06', 2019040606, 'ソフトバンク', 'ロッテ', '川原 弘之', '左', 'ソフトバンク', 'レアード', '右', 'ロッテ', 4, 1, 3, 2, 2, 1, 0, 148, 'ストレート', 29.5, 34.8, '見逃し', 2, 2, 7, 'S1');"
"INSERT INTO ballinfo VALUES ('2019-04-06', 2019040606, 'ソフトバンク', 'ロッテ', '川原 弘之', '左', 'ソフトバンク', 'レアード', '右', 'ロッテ', 4, 1, 3, 2, 3, 1, 1, 133, 'スライダー', 31.0, 54.8, 'ファウル', 3, 2, 12, 'S4');"
"INSERT INTO ballinfo VALUES ('2019-04-06', 2019040606, 'ソフトバンク', 'ロッテ', '川原 弘之', '左', 'ソフトバンク', 'レアード', '右', 'ロッテ', 4, 1, 3, 2, 4, 1, 2, 140, 'フォーク', 53.0, 85.2, 'ボール', 5, 3, 23, 'B17');"
"INSERT INTO ballinfo VALUES ('2019-04-06', 2019040606, 'ソフトバンク', 'ロッテ', '川原 弘之', '左', 'ソフトバンク', 'レアード', '右', 'ロッテ', 4, 1, 3, 2, 5, 2, 2, 149, 'ストレート', 32.0, 16.0, 'ボール', 1, 2, 2, 'B2');"
"INSERT INTO ballinfo VALUES ('2019-04-06', 2019040606, 'ソフトバンク', 'ロッテ', '川原 弘之', '左', 'ソフトバンク', 'レアード', '右', 'ロッテ', 4, 1, 3, 2, 6, 3, 2, 150, 'ストレート', 34.0, 25.2, 'ファウル', 2, 2, 7, 'S1');"
"INSERT INTO ballinfo VALUES ('2019-04-06', 2019040606, 'ソフトバンク', 'ロッテ', '川原 弘之', '左', 'ソフトバンク', 'レアード', '右', 'ロッテ', 4, 1, 3, 2, 7, 3, 3, 139, 'フォーク', 35.0, 86.0, '四球', 5, 2, 22, 'B16');"
"INSERT INTO ballinfo VALUES ('2019-04-06', 2019040606, 'ソフトバンク', 'ロッテ', '川原 弘之', '左', 'ソフトバンク', '鈴木 大地', '左', 'ロッテ', 4, 1, 4, 2, 1, 0, 0, 146, 'ストレート', 29.5, 53.2, '見逃し', 3, 2, 12, 'S4');"
"INSERT INTO ballinfo VALUES ('2019-04-06', 2019040606, 'ソフトバンク', 'ロッテ', '川原 弘之', '左', 'ソフトバンク', '鈴木 大地', '左', 'ロッテ', 4, 1, 4, 2, 2, 0, 1, 147, 'ストレート', 30.0, 12.8, 'ボール', 1, 2, 2, 'B2');"
"INSERT INTO ballinfo VALUES ('2019-04-06', 2019040606, 'ソフトバンク', 'ロッテ', '川原 弘之', '左', 'ソフトバンク', '鈴木 大地', '左', 'ロッテ', 4, 1, 4, 2, 3, 1, 1, 148, 'ストレート', 56.5, 56.0, 'ファウル', 3, 3, 13, 'S5');"
"INSERT INTO ballinfo VALUES ('2019-04-06', 2019040606, 'ソフトバンク', 'ロッテ', '川原 弘之', '左', 'ソフトバンク', '鈴木 大地', '左', 'ロッテ', 4, 1, 4, 2, 4, 1, 2, 136, 'スライダー', 15.0, 80.8, 'ボール', 5, 1, 21, 'B15');"
"INSERT INTO ballinfo VALUES ('2019-04-06', 2019040606, 'ソフトバンク', 'ロッテ', '川原 弘之', '左', 'ソフトバンク', '鈴木 大地', '左', 'ロッテ', 4, 1, 4, 2, 5, 2, 2, 132, 'スライダー', 49.5, 51.2, 'ファウル', 3, 3, 13, 'S5');"
"INSERT INTO ballinfo VALUES ('2019-04-06', 2019040606, 'ソフトバンク', 'ロッテ', '川原 弘之', '左', 'ソフトバンク', '鈴木 大地', '左', 'ロッテ', 4, 1, 4, 2, 6, 2, 3, 150, 'ストレート', 50.0, 15.2, 'ファウル', 1, 3, 3, 'B3');"
"INSERT INTO ballinfo VALUES ('2019-04-06', 2019040606, 'ソフトバンク', 'ロッテ', '川原 弘之', '左', 'ソフトバンク', '鈴木 大地', '左', 'ロッテ', 4, 1, 4, 2, 7, 2, 4, 147, 'ストレート', 13.0, 33.2, 'ボール', 2, 1, 6, 'B6');"
"INSERT INTO ballinfo VALUES ('2019-04-06', 2019040606, 'ソフトバンク', 'ロッテ', '川原 弘之', '左', 'ソフトバンク', '鈴木 大地', '左', 'ロッテ', 4, 1, 4, 2, 8, 3, 4, 135, 'スライダー', 14.5, 70.4, '四球', 4, 1, 16, 'B10');"
"INSERT INTO ballinfo VALUES ('2019-04-06', 2019040606, 'ソフトバンク', 'ロッテ', '川原 弘之', '左', 'ソフトバンク', 'バルガス', '右', 'ロッテ', 4, 1, 5, 3, 1, 0, 0, 140, 'フォーク', 68.5, 77.6, 'ファウル', 4, 4, 19, 'S9');"
"INSERT INTO ballinfo VALUES ('2019-04-06', 2019040606, 'ソフトバンク', 'ロッテ', '川原 弘之', '左', 'ソフトバンク', 'バルガス', '右', 'ロッテ', 4, 1, 5, 3, 2, 0, 1, 148, 'ストレート', 49.5, 30.4, 'ファウル', 2, 3, 8, 'S2');"
"INSERT INTO ballinfo VALUES ('2019-04-06', 2019040606, 'ソフトバンク', 'ロッテ', '川原 弘之', '左', 'ソフトバンク', 'バルガス', '右', 'ロッテ', 4, 1, 5, 3, 3, 0, 2, 149, 'ストレート', 30.0, 16.0, 'ボール', 1, 2, 2, 'B2');"
"INSERT INTO ballinfo VALUES ('2019-04-06', 2019040606, 'ソフトバンク', 'ロッテ', '川原 弘之', '左', 'ソフトバンク', 'バルガス', '右', 'ロッテ', 4, 1, 5, 3, 4, 1, 2, 149, 'ストレート', 14.5, 35.6, 'ボール', 2, 1, 6, 'B6');"
"INSERT INTO ballinfo VALUES ('2019-04-06', 2019040606, 'ソフトバンク', 'ロッテ', '川原 弘之', '左', 'ソフトバンク', 'バルガス', '右', 'ロッテ', 4, 1, 5, 3, 5, 2, 2, 140, 'フォーク', 71.5, 86.4, 'ボール', 5, 4, 24, 'B18');"
"INSERT INTO ballinfo VALUES ('2019-04-06', 2019040606, 'ソフトバンク', 'ロッテ', '川原 弘之', '左', 'ソフトバンク', 'バルガス', '右', 'ロッテ', 4, 1, 5, 3, 6, 3, 2, 150, 'ストレート', 47.0, 37.2, '右飛', 2, 3, 8, 'S2');"
"INSERT INTO ballinfo VALUES ('2019-04-06', 2019040606, 'ソフトバンク', 'ロッテ', '二木 康太', '右', 'ロッテ', 'デスパイネ', '右', 'ソフトバンク', 4, 2, 1, 1, 1, 0, 0, 127, 'スライダー', 69.5, 87.2, 'ボール', 5, 4, 24, 'B18');"
"INSERT INTO ballinfo VALUES ('2019-04-06', 2019040606, 'ソフトバンク', 'ロッテ', '二木 康太', '右', 'ロッテ', 'デスパイネ', '右', 'ソフトバンク', 4, 2, 1, 1, 2, 1, 0, 139, 'ストレート', 77.0, 46.0, '見逃し', 3, 4, 14, 'S6');"
"INSERT INTO ballinfo VALUES ('2019-04-06', 2019040606, 'ソフトバンク', 'ロッテ', '二木 康太', '右', 'ロッテ', 'デスパイネ', '右', 'ソフトバンク', 4, 2, 1, 1, 3, 1, 1, 140, 'ストレート', 49.0, 46.4, 'ファウル', 3, 3, 13, 'S5');"
"INSERT INTO ballinfo VALUES ('2019-04-06', 2019040606, 'ソフトバンク', 'ロッテ', '二木 康太', '右', 'ロッテ', 'デスパイネ', '右', 'ソフトバンク', 4, 2, 1, 1, 4, 1, 2, 130, 'フォーク', 90.0, 71.6, 'ボール', 4, 5, 20, 'B11');"
"INSERT INTO ballinfo VALUES ('2019-04-06', 2019040606, 'ソフトバンク', 'ロッテ', '二木 康太', '右', 'ロッテ', 'デスパイネ', '右', 'ソフトバンク', 4, 2, 1, 1, 5, 2, 2, 129, 'フォーク', 50.5, 85.2, 'ボール', 5, 3, 23, 'B17');"
"INSERT INTO ballinfo VALUES ('2019-04-06', 2019040606, 'ソフトバンク', 'ロッテ', '二木 康太', '右', 'ロッテ', 'デスパイネ', '右', 'ソフトバンク', 4, 2, 1, 1, 6, 3, 2, 141, 'ストレート', 31.5, 54.8, '左飛', 3, 2, 12, 'S4');"
"INSERT INTO ballinfo VALUES ('2019-04-06', 2019040606, 'ソフトバンク', 'ロッテ', '二木 康太', '右', 'ロッテ', '内川 聖一', '右', 'ソフトバンク', 4, 2, 2, 2, 1, 0, 0, 127, 'スライダー', 46.5, 34.8, '見逃し', 2, 3, 8, 'S2');"
"INSERT INTO ballinfo VALUES ('2019-04-06', 2019040606, 'ソフトバンク', 'ロッテ', '二木 康太', '右', 'ロッテ', '内川 聖一', '右', 'ソフトバンク', 4, 2, 2, 2, 2, 0, 1, 130, 'フォーク', 53.0, 76.0, '中飛', 4, 3, 18, 'S8');"
"INSERT INTO ballinfo VALUES ('2019-04-06', 2019040606, 'ソフトバンク', 'ロッテ', '二木 康太', '右', 'ロッテ', '松田 宣浩', '右', 'ソフトバンク', 4, 2, 3, 3, 1, 0, 0, 145, 'ストレート', 35.5, 31.6, '空振り', 2, 2, 7, 'S1');"
"INSERT INTO ballinfo VALUES ('2019-04-06', 2019040606, 'ソフトバンク', 'ロッテ', '二木 康太', '右', 'ロッテ', '松田 宣浩', '右', 'ソフトバンク', 4, 2, 3, 3, 2, 0, 1, 145, 'ストレート', 74.5, 36.4, 'ファウル', 2, 4, 9, 'S3');"
"INSERT INTO ballinfo VALUES ('2019-04-06', 2019040606, 'ソフトバンク', 'ロッテ', '二木 康太', '右', 'ロッテ', '松田 宣浩', '右', 'ソフトバンク', 4, 2, 3, 3, 3, 0, 2, 134, 'フォーク', 70.0, 86.4, 'ボール', 5, 4, 24, 'B18');"
"INSERT INTO ballinfo VALUES ('2019-04-06', 2019040606, 'ソフトバンク', 'ロッテ', '二木 康太', '右', 'ロッテ', '松田 宣浩', '右', 'ソフトバンク', 4, 2, 3, 3, 4, 1, 2, 132, 'フォーク', 51.0, 85.6, 'ボール', 5, 3, 23, 'B17');"
"INSERT INTO ballinfo VALUES ('2019-04-06', 2019040606, 'ソフトバンク', 'ロッテ', '二木 康太', '右', 'ロッテ', '松田 宣浩', '右', 'ソフトバンク', 4, 2, 3, 3, 5, 2, 2, 142, 'ストレート', 69.5, 52.0, 'ファウル', 3, 4, 14, 'S6');"
"INSERT INTO ballinfo VALUES ('2019-04-06', 2019040606, 'ソフトバンク', 'ロッテ', '二木 康太', '右', 'ロッテ', '松田 宣浩', '右', 'ソフトバンク', 4, 2, 3, 3, 6, 2, 3, 143, 'ストレート', 75.0, 91.6, 'ボール', 5, 4, 24, 'B18');"
"INSERT INTO ballinfo VALUES ('2019-04-06', 2019040606, 'ソフトバンク', 'ロッテ', '二木 康太', '右', 'ロッテ', '松田 宣浩', '右', 'ソフトバンク', 4, 2, 3, 3, 7, 3, 3, 132, 'フォーク', 51.0, 58.0, 'ファウル', 3, 3, 13, 'S5');"
"INSERT INTO ballinfo VALUES ('2019-04-06', 2019040606, 'ソフトバンク', 'ロッテ', '二木 康太', '右', 'ロッテ', '松田 宣浩', '右', 'ソフトバンク', 4, 2, 3, 3, 8, 3, 4, 143, 'ストレート', 74.0, 45.2, '中飛', 3, 4, 14, 'S6');"
"INSERT INTO ballinfo VALUES ('2019-04-06', 2019040606, 'ソフトバンク', 'ロッテ', '川原 弘之', '左', 'ソフトバンク', '田村 龍弘', '右', 'ロッテ', 5, 1, 1, 1, 1, 0, 0, 147, 'ストレート', 57.0, 56.0, '右飛', 3, 3, 13, 'S5');"
"INSERT INTO ballinfo VALUES ('2019-04-06', 2019040606, 'ソフトバンク', 'ロッテ', '川原 弘之', '左', 'ソフトバンク', '藤岡 裕大', '左', 'ロッテ', 5, 1, 2, 2, 1, 0, 0, 146, 'ストレート', 14.0, 69.6, 'ボール', 4, 1, 16, 'B10');"
"INSERT INTO ballinfo VALUES ('2019-04-06', 2019040606, 'ソフトバンク', 'ロッテ', '川原 弘之', '左', 'ソフトバンク', '藤岡 裕大', '左', 'ロッテ', 5, 1, 2, 2, 2, 1, 0, 148, 'ストレート', 46.5, 55.2, 'ファウル', 3, 3, 13, 'S5');"
"INSERT INTO ballinfo VALUES ('2019-04-06', 2019040606, 'ソフトバンク', 'ロッテ', '川原 弘之', '左', 'ソフトバンク', '藤岡 裕大', '左', 'ロッテ', 5, 1, 2, 2, 3, 1, 1, 148, 'ストレート', 51.0, 34.4, '三ゴロ', 2, 3, 8, 'S2');"
"INSERT INTO ballinfo VALUES ('2019-04-06', 2019040606, 'ソフトバンク', 'ロッテ', '川原 弘之', '左', 'ソフトバンク', '藤原 恭大', '左', 'ロッテ', 5, 1, 3, 3, 1, 0, 0, 133, 'スライダー', 30.5, 67.6, '空振り', 4, 2, 17, 'S7');"
"INSERT INTO ballinfo VALUES ('2019-04-06', 2019040606, 'ソフトバンク', 'ロッテ', '川原 弘之', '左', 'ソフトバンク', '藤原 恭大', '左', 'ロッテ', 5, 1, 3, 3, 2, 0, 1, 149, 'ストレート', 28.0, 55.6, '見逃し', 3, 2, 12, 'S4');"
"INSERT INTO ballinfo VALUES ('2019-04-06', 2019040606, 'ソフトバンク', 'ロッテ', '川原 弘之', '左', 'ソフトバンク', '藤原 恭大', '左', 'ロッテ', 5, 1, 3, 3, 3, 0, 2, 150, 'ストレート', 11.5, 50.8, 'ボール', 3, 1, 11, 'B8');"
"INSERT INTO ballinfo VALUES ('2019-04-06', 2019040606, 'ソフトバンク', 'ロッテ', '川原 弘之', '左', 'ソフトバンク', '藤原 恭大', '左', 'ロッテ', 5, 1, 3, 3, 4, 1, 2, 148, 'ストレート', 30.5, 17.2, 'ボール', 1, 2, 2, 'B2');"
"INSERT INTO ballinfo VALUES ('2019-04-06', 2019040606, 'ソフトバンク', 'ロッテ', '川原 弘之', '左', 'ソフトバンク', '藤原 恭大', '左', 'ロッテ', 5, 1, 3, 3, 5, 2, 2, 133, 'スライダー', 16.5, 56.8, 'ファウル', 3, 1, 11, 'B8');"
"INSERT INTO ballinfo VALUES ('2019-04-06', 2019040606, 'ソフトバンク', 'ロッテ', '川原 弘之', '左', 'ソフトバンク', '藤原 恭大', '左', 'ロッテ', 5, 1, 3, 3, 6, 2, 3, 133, 'スライダー', 32.5, 45.2, '左飛', 3, 2, 12, 'S4');"
"INSERT INTO ballinfo VALUES ('2019-04-06', 2019040606, 'ソフトバンク', 'ロッテ', '二木 康太', '右', 'ロッテ', '上林 誠知', '左', 'ソフトバンク', 5, 2, 1, 1, 1, 0, 0, 141, 'ストレート', 56.5, 52.4, 'ファウル', 3, 3, 13, 'S5');"
"INSERT INTO ballinfo VALUES ('2019-04-06', 2019040606, 'ソフトバンク', 'ロッテ', '二木 康太', '右', 'ロッテ', '上林 誠知', '左', 'ソフトバンク', 5, 2, 1, 1, 2, 0, 1, 130, 'フォーク', 52.5, 86.4, 'ボール', 5, 3, 23, 'B17');"
"INSERT INTO ballinfo VALUES ('2019-04-06', 2019040606, 'ソフトバンク', 'ロッテ', '二木 康太', '右', 'ロッテ', '上林 誠知', '左', 'ソフトバンク', 5, 2, 1, 1, 3, 1, 1, 141, 'ストレート', 11.0, 12.4, '空振り', 1, 1, 1, 'B1');"
"INSERT INTO ballinfo VALUES ('2019-04-06', 2019040606, 'ソフトバンク', 'ロッテ', '二木 康太', '右', 'ロッテ', '上林 誠知', '左', 'ソフトバンク', 5, 2, 1, 1, 4, 1, 2, 144, 'ストレート', 56.0, 34.8, 'ファウル', 2, 3, 8, 'S2');"
"INSERT INTO ballinfo VALUES ('2019-04-06', 2019040606, 'ソフトバンク', 'ロッテ', '二木 康太', '右', 'ロッテ', '上林 誠知', '左', 'ソフトバンク', 5, 2, 1, 1, 5, 1, 3, 132, 'フォーク', 57.0, 90.4, 'ファウル', 5, 3, 23, 'B17');"
"INSERT INTO ballinfo VALUES ('2019-04-06', 2019040606, 'ソフトバンク', 'ロッテ', '二木 康太', '右', 'ロッテ', '上林 誠知', '左', 'ソフトバンク', 5, 2, 1, 1, 6, 1, 4, 141, 'ストレート', 36.5, 48.8, '中飛', 3, 2, 12, 'S4');"
"INSERT INTO ballinfo VALUES ('2019-04-06', 2019040606, 'ソフトバンク', 'ロッテ', '二木 康太', '右', 'ロッテ', '甲斐 拓也', '右', 'ソフトバンク', 5, 2, 2, 2, 1, 0, 0, 107, 'カーブ', 46.0, 34.4, '見逃し', 2, 3, 8, 'S2');"
"INSERT INTO ballinfo VALUES ('2019-04-06', 2019040606, 'ソフトバンク', 'ロッテ', '二木 康太', '右', 'ロッテ', '甲斐 拓也', '右', 'ソフトバンク', 5, 2, 2, 2, 2, 0, 1, 142, 'ストレート', 71.5, 86.8, 'ボール', 5, 4, 24, 'B18');"
"INSERT INTO ballinfo VALUES ('2019-04-06', 2019040606, 'ソフトバンク', 'ロッテ', '二木 康太', '右', 'ロッテ', '甲斐 拓也', '右', 'ソフトバンク', 5, 2, 2, 2, 3, 1, 1, 140, 'ストレート', 52.5, 30.8, '見逃し', 2, 3, 8, 'S2');"
"INSERT INTO ballinfo VALUES ('2019-04-06', 2019040606, 'ソフトバンク', 'ロッテ', '二木 康太', '右', 'ロッテ', '甲斐 拓也', '右', 'ソフトバンク', 5, 2, 2, 2, 4, 1, 2, 130, 'フォーク', 89.0, 89.2, '空三振', 5, 5, 25, 'B19');"
"INSERT INTO ballinfo VALUES ('2019-04-06', 2019040606, 'ソフトバンク', 'ロッテ', '二木 康太', '右', 'ロッテ', '釜元 豪', '左', 'ソフトバンク', 5, 2, 3, 3, 1, 0, 0, 141, 'ストレート', 29.5, 47.6, '見逃し', 3, 2, 12, 'S4');"
"INSERT INTO ballinfo VALUES ('2019-04-06', 2019040606, 'ソフトバンク', 'ロッテ', '二木 康太', '右', 'ロッテ', '釜元 豪', '左', 'ソフトバンク', 5, 2, 3, 3, 2, 0, 1, 125, 'スライダー', 52.0, 56.8, '見逃し', 3, 3, 13, 'S5');"
"INSERT INTO ballinfo VALUES ('2019-04-06', 2019040606, 'ソフトバンク', 'ロッテ', '二木 康太', '右', 'ロッテ', '釜元 豪', '左', 'ソフトバンク', 5, 2, 3, 3, 3, 0, 2, 129, 'フォーク', 34.5, 68.0, '中飛', 4, 2, 17, 'S7');"
"INSERT INTO ballinfo VALUES ('2019-04-06', 2019040606, 'ソフトバンク', 'ロッテ', '加治屋 蓮', '右', 'ソフトバンク', '加藤 翔平', '左', 'ロッテ', 6, 1, 1, 1, 1, 0, 0, 144, 'ストレート', 73.0, 87.6, 'ボール', 5, 4, 24, 'B18');"
"INSERT INTO ballinfo VALUES ('2019-04-06', 2019040606, 'ソフトバンク', 'ロッテ', '加治屋 蓮', '右', 'ソフトバンク', '加藤 翔平', '左', 'ロッテ', 6, 1, 1, 1, 2, 1, 0, 145, 'ストレート', 88.5, 75.6, 'ボール', 4, 5, 20, 'B11');"
"INSERT INTO ballinfo VALUES ('2019-04-06', 2019040606, 'ソフトバンク', 'ロッテ', '加治屋 蓮', '右', 'ソフトバンク', '加藤 翔平', '左', 'ロッテ', 6, 1, 1, 1, 3, 2, 0, 145, 'ストレート', 51.5, 74.0, 'ファウル', 4, 3, 18, 'S8');"
"INSERT INTO ballinfo VALUES ('2019-04-06', 2019040606, 'ソフトバンク', 'ロッテ', '加治屋 蓮', '右', 'ソフトバンク', '加藤 翔平', '左', 'ロッテ', 6, 1, 1, 1, 4, 2, 1, 146, 'ストレート', 31.5, 52.0, '左飛', 3, 2, 12, 'S4');"
"INSERT INTO ballinfo VALUES ('2019-04-06', 2019040606, 'ソフトバンク', 'ロッテ', '加治屋 蓮', '右', 'ソフトバンク', '中村 奨吾', '右', 'ロッテ', 6, 1, 2, 1, 1, 0, 0, 147, 'ストレート', 70.5, 87.2, 'ボール', 5, 4, 24, 'B18');"
"INSERT INTO ballinfo VALUES ('2019-04-06', 2019040606, 'ソフトバンク', 'ロッテ', '加治屋 蓮', '右', 'ソフトバンク', '中村 奨吾', '右', 'ロッテ', 6, 1, 2, 1, 2, 1, 0, 147, 'ストレート', 30.0, 16.4, 'ボール', 1, 2, 2, 'B2');"
"INSERT INTO ballinfo VALUES ('2019-04-06', 2019040606, 'ソフトバンク', 'ロッテ', '加治屋 蓮', '右', 'ソフトバンク', '中村 奨吾', '右', 'ロッテ', 6, 1, 2, 1, 3, 2, 0, 121, 'カーブ', 52.0, 85.2, 'ボール', 5, 3, 23, 'B17');"
"INSERT INTO ballinfo VALUES ('2019-04-06', 2019040606, 'ソフトバンク', 'ロッテ', '加治屋 蓮', '右', 'ソフトバンク', '中村 奨吾', '右', 'ロッテ', 6, 1, 2, 1, 4, 3, 0, 148, 'ストレート', 51.5, 90.8, '四球', 5, 3, 23, 'B17');"
"INSERT INTO ballinfo VALUES ('2019-04-06', 2019040606, 'ソフトバンク', 'ロッテ', '加治屋 蓮', '右', 'ソフトバンク', '角中 勝也', '左', 'ロッテ', 6, 1, 3, 1, 1, 0, 0, 122, 'カーブ', 30.5, 55.6, '見逃し', 3, 2, 12, 'S4');"
"INSERT INTO ballinfo VALUES ('2019-04-06', 2019040606, 'ソフトバンク', 'ロッテ', '加治屋 蓮', '右', 'ソフトバンク', '角中 勝也', '左', 'ロッテ', 6, 1, 3, 1, 2, 0, 1, 141, 'フォーク', 46.5, 77.2, 'ファウル', 4, 3, 18, 'S8');"
"INSERT INTO ballinfo VALUES ('2019-04-06', 2019040606, 'ソフトバンク', 'ロッテ', '加治屋 蓮', '右', 'ソフトバンク', '角中 勝也', '左', 'ロッテ', 6, 1, 3, 1, 3, 0, 2, 147, 'ストレート', 7.0, 71.6, 'ボール', 4, 1, 16, 'B10');"
"INSERT INTO ballinfo VALUES ('2019-04-06', 2019040606, 'ソフトバンク', 'ロッテ', '加治屋 蓮', '右', 'ソフトバンク', '角中 勝也', '左', 'ロッテ', 6, 1, 3, 1, 4, 1, 2, 0, 'フォーク', 51.5, 85.2, 'ファウル', 5, 3, 23, 'B17');"
"INSERT INTO ballinfo VALUES ('2019-04-06', 2019040606, 'ソフトバンク', 'ロッテ', '加治屋 蓮', '右', 'ソフトバンク', '角中 勝也', '左', 'ロッテ', 6, 1, 3, 1, 5, 1, 3, 146, 'ストレート', 9.0, 53.2, 'ボール', 3, 1, 11, 'B8');"
"INSERT INTO ballinfo VALUES ('2019-04-06', 2019040606, 'ソフトバンク', 'ロッテ', '加治屋 蓮', '右', 'ソフトバンク', '角中 勝也', '左', 'ロッテ', 6, 1, 3, 1, 6, 2, 3, 137, 'フォーク', 71.0, 88.0, 'ボール', 5, 4, 24, 'B18');"
"INSERT INTO ballinfo VALUES ('2019-04-06', 2019040606, 'ソフトバンク', 'ロッテ', '加治屋 蓮', '右', 'ソフトバンク', '角中 勝也', '左', 'ロッテ', 6, 1, 3, 1, 7, 3, 3, 144, 'ストレート', 35.5, 45.2, 'ファウル', 3, 2, 12, 'S4');"
"INSERT INTO ballinfo VALUES ('2019-04-06', 2019040606, 'ソフトバンク', 'ロッテ', '加治屋 蓮', '右', 'ソフトバンク', '角中 勝也', '左', 'ロッテ', 6, 1, 3, 1, 8, 3, 4, 139, 'フォーク', 56.5, 77.2, 'ファウル', 4, 3, 18, 'S8');"
"INSERT INTO ballinfo VALUES ('2019-04-06', 2019040606, 'ソフトバンク', 'ロッテ', '加治屋 蓮', '右', 'ソフトバンク', '角中 勝也', '左', 'ロッテ', 6, 1, 3, 1, 9, 3, 5, 140, 'フォーク', 26.5, 87.6, '四球', 5, 2, 22, 'B16');"
"INSERT INTO ballinfo VALUES ('2019-04-06', 2019040606, 'ソフトバンク', 'ロッテ', '加治屋 蓮', '右', 'ソフトバンク', 'レアード', '右', 'ロッテ', 6, 1, 4, 3, 1, 0, 0, 121, 'カーブ', 52.0, 14.0, 'ボール', 1, 3, 3, 'B3');"
"INSERT INTO ballinfo VALUES ('2019-04-06', 2019040606, 'ソフトバンク', 'ロッテ', '加治屋 蓮', '右', 'ソフトバンク', 'レアード', '右', 'ロッテ', 6, 1, 4, 3, 2, 1, 0, 145, 'ストレート', 37.0, 56.0, '見逃し', 3, 2, 12, 'S4');"
"INSERT INTO ballinfo VALUES ('2019-04-06', 2019040606, 'ソフトバンク', 'ロッテ', '加治屋 蓮', '右', 'ソフトバンク', 'レアード', '右', 'ロッテ', 6, 1, 4, 3, 3, 1, 1, 146, 'ストレート', 13.0, 70.0, 'ボール', 4, 1, 16, 'B10');"
"INSERT INTO ballinfo VALUES ('2019-04-06', 2019040606, 'ソフトバンク', 'ロッテ', '加治屋 蓮', '右', 'ソフトバンク', 'レアード', '右', 'ロッテ', 6, 1, 4, 3, 4, 2, 1, 122, 'カーブ', 52.5, 31.6, '見逃し', 2, 3, 8, 'S2');"
"INSERT INTO ballinfo VALUES ('2019-04-06', 2019040606, 'ソフトバンク', 'ロッテ', '加治屋 蓮', '右', 'ソフトバンク', 'レアード', '右', 'ロッテ', 6, 1, 4, 3, 5, 2, 2, 147, 'ストレート', 53.5, 86.0, 'ボール', 5, 3, 23, 'B17');"
"INSERT INTO ballinfo VALUES ('2019-04-06', 2019040606, 'ソフトバンク', 'ロッテ', '加治屋 蓮', '右', 'ソフトバンク', 'レアード', '右', 'ロッテ', 6, 1, 4, 3, 6, 3, 2, 146, 'ストレート', 73.0, 56.0, '二併打', 3, 4, 14, 'S6');"
"INSERT INTO ballinfo VALUES ('2019-04-06', 2019040606, 'ソフトバンク', 'ロッテ', '二木 康太', '右', 'ロッテ', '牧原 大成', '左', 'ソフトバンク', 6, 2, 1, 0, 1, 0, 0, 138, 'ストレート', 31.0, 17.2, '空振り', 1, 2, 2, 'B2');"
"INSERT INTO ballinfo VALUES ('2019-04-06', 2019040606, 'ソフトバンク', 'ロッテ', '二木 康太', '右', 'ロッテ', '牧原 大成', '左', 'ソフトバンク', 6, 2, 1, 0, 2, 0, 1, 128, 'フォーク', 32.5, 85.2, 'ボール', 5, 2, 22, 'B16');"
"INSERT INTO ballinfo VALUES ('2019-04-06', 2019040606, 'ソフトバンク', 'ロッテ', '二木 康太', '右', 'ロッテ', '牧原 大成', '左', 'ソフトバンク', 6, 2, 1, 0, 3, 1, 1, 130, 'フォーク', 66.5, 88.0, '空振り', 5, 4, 24, 'B18');"
"INSERT INTO ballinfo VALUES ('2019-04-06', 2019040606, 'ソフトバンク', 'ロッテ', '二木 康太', '右', 'ロッテ', '牧原 大成', '左', 'ソフトバンク', 6, 2, 1, 0, 4, 1, 2, 143, 'ストレート', 28.0, 56.4, 'ファウル', 3, 2, 12, 'S4');"
"INSERT INTO ballinfo VALUES ('2019-04-06', 2019040606, 'ソフトバンク', 'ロッテ', '二木 康太', '右', 'ロッテ', '牧原 大成', '左', 'ソフトバンク', 6, 2, 1, 0, 5, 1, 3, 129, 'フォーク', 36.5, 56.8, '中安', 3, 2, 12, 'S4');"
"INSERT INTO ballinfo VALUES ('2019-04-06', 2019040606, 'ソフトバンク', 'ロッテ', '二木 康太', '右', 'ロッテ', '今宮 健太', '右', 'ソフトバンク', 6, 2, 2, 0, 1, 0, 0, 107, 'カーブ', 48.0, 13.6, 'ボール', 1, 3, 3, 'B3');"
"INSERT INTO ballinfo VALUES ('2019-04-06', 2019040606, 'ソフトバンク', 'ロッテ', '二木 康太', '右', 'ロッテ', '今宮 健太', '右', 'ソフトバンク', 6, 2, 2, 0, 2, 1, 0, 128, 'スライダー', 73.0, 88.0, 'ボール', 5, 4, 24, 'B18');"
"INSERT INTO ballinfo VALUES ('2019-04-06', 2019040606, 'ソフトバンク', 'ロッテ', '二木 康太', '右', 'ロッテ', '今宮 健太', '右', 'ソフトバンク', 6, 2, 2, 0, 3, 2, 0, 140, 'ストレート', 91.0, 56.4, 'ボール', 3, 5, 15, 'B9');"
"INSERT INTO ballinfo VALUES ('2019-04-06', 2019040606, 'ソフトバンク', 'ロッテ', '二木 康太', '右', 'ロッテ', '今宮 健太', '右', 'ソフトバンク', 6, 2, 2, 0, 4, 3, 0, 138, 'ストレート', 57.0, 17.6, '四球', 1, 3, 3, 'B3');"
"INSERT INTO ballinfo VALUES ('2019-04-06', 2019040606, 'ソフトバンク', 'ロッテ', '二木 康太', '右', 'ロッテ', '柳田 悠岐', '左', 'ソフトバンク', 6, 2, 3, 0, 1, 0, 0, 141, 'ストレート', 10.0, 13.2, 'ボール', 1, 1, 1, 'B1');"
"INSERT INTO ballinfo VALUES ('2019-04-06', 2019040606, 'ソフトバンク', 'ロッテ', '二木 康太', '右', 'ロッテ', '柳田 悠岐', '左', 'ソフトバンク', 6, 2, 3, 0, 2, 1, 0, 140, 'ストレート', 52.0, 5.2, '空振り', 1, 3, 3, 'B3');"
"INSERT INTO ballinfo VALUES ('2019-04-06', 2019040606, 'ソフトバンク', 'ロッテ', '二木 康太', '右', 'ロッテ', '柳田 悠岐', '左', 'ソフトバンク', 6, 2, 3, 0, 3, 1, 1, 132, 'フォーク', 31.0, 87.6, 'ボール', 5, 2, 22, 'B16');"
"INSERT INTO ballinfo VALUES ('2019-04-06', 2019040606, 'ソフトバンク', 'ロッテ', '二木 康太', '右', 'ロッテ', '柳田 悠岐', '左', 'ソフトバンク', 6, 2, 3, 0, 4, 2, 1, 142, 'ストレート', 54.0, 37.6, '右安', 2, 3, 8, 'S2');"
"INSERT INTO ballinfo VALUES ('2019-04-06', 2019040606, 'ソフトバンク', 'ロッテ', '二木 康太', '右', 'ロッテ', 'デスパイネ', '右', 'ソフトバンク', 6, 2, 4, 1, 1, 0, 0, 127, 'スライダー', 29.5, 37.6, '見逃し', 2, 2, 7, 'S1');"
"INSERT INTO ballinfo VALUES ('2019-04-06', 2019040606, 'ソフトバンク', 'ロッテ', '二木 康太', '右', 'ロッテ', 'デスパイネ', '右', 'ソフトバンク', 6, 2, 4, 1, 2, 0, 1, 130, 'スライダー', 69.0, 33.6, 'ファウル', 2, 4, 9, 'S3');"
"INSERT INTO ballinfo VALUES ('2019-04-06', 2019040606, 'ソフトバンク', 'ロッテ', '二木 康太', '右', 'ロッテ', 'デスパイネ', '右', 'ソフトバンク', 6, 2, 4, 1, 3, 0, 2, 145, 'ストレート', 55.0, 54.4, '見三振', 3, 3, 13, 'S5');"
"INSERT INTO ballinfo VALUES ('2019-04-06', 2019040606, 'ソフトバンク', 'ロッテ', '二木 康太', '右', 'ロッテ', '内川 聖一', '右', 'ソフトバンク', 6, 2, 5, 2, 1, 0, 0, 142, 'ストレート', 52.0, 37.2, '見逃し', 2, 3, 8, 'S2');"
"INSERT INTO ballinfo VALUES ('2019-04-06', 2019040606, 'ソフトバンク', 'ロッテ', '二木 康太', '右', 'ロッテ', '内川 聖一', '右', 'ソフトバンク', 6, 2, 5, 2, 2, 0, 1, 124, 'スライダー', 32.5, 11.6, 'ボール', 1, 2, 2, 'B2');"
"INSERT INTO ballinfo VALUES ('2019-04-06', 2019040606, 'ソフトバンク', 'ロッテ', '二木 康太', '右', 'ロッテ', '内川 聖一', '右', 'ソフトバンク', 6, 2, 5, 2, 3, 1, 1, 143, 'ストレート', 87.5, 56.4, 'ファウル', 3, 5, 15, 'B9');"
"INSERT INTO ballinfo VALUES ('2019-04-06', 2019040606, 'ソフトバンク', 'ロッテ', '二木 康太', '右', 'ロッテ', '内川 聖一', '右', 'ソフトバンク', 6, 2, 5, 2, 4, 1, 2, 132, 'フォーク', 53.5, 87.6, 'ファウル', 5, 3, 23, 'B17');"
"INSERT INTO ballinfo VALUES ('2019-04-06', 2019040606, 'ソフトバンク', 'ロッテ', '二木 康太', '右', 'ロッテ', '内川 聖一', '右', 'ソフトバンク', 6, 2, 5, 2, 5, 1, 3, 132, 'フォーク', 32.5, 87.6, '空三振', 5, 2, 22, 'B16');"
"INSERT INTO ballinfo VALUES ('2019-04-06', 2019040606, 'ソフトバンク', 'ロッテ', '二木 康太', '右', 'ロッテ', '松田 宣浩', '右', 'ソフトバンク', 6, 2, 6, 3, 1, 0, 0, 146, 'ストレート', 89.5, 57.2, 'ボール', 3, 5, 15, 'B9');"
"INSERT INTO ballinfo VALUES ('2019-04-06', 2019040606, 'ソフトバンク', 'ロッテ', '二木 康太', '右', 'ロッテ', '松田 宣浩', '右', 'ソフトバンク', 6, 2, 6, 3, 2, 1, 0, 130, 'スライダー', 73.0, 84.8, 'ボール', 5, 4, 24, 'B18');"
"INSERT INTO ballinfo VALUES ('2019-04-06', 2019040606, 'ソフトバンク', 'ロッテ', '二木 康太', '右', 'ロッテ', '松田 宣浩', '右', 'ソフトバンク', 6, 2, 6, 3, 3, 2, 0, 140, 'ストレート', 69.0, 29.2, '右飛', 2, 4, 9, 'S3');"
"INSERT INTO ballinfo VALUES ('2019-04-06', 2019040606, 'ソフトバンク', 'ロッテ', '加治屋 蓮', '右', 'ソフトバンク', '鈴木 大地', '左', 'ロッテ', 7, 1, 1, 1, 1, 0, 0, 121, 'カーブ', 29.0, 10.8, 'ボール', 1, 2, 2, 'B2');"
"INSERT INTO ballinfo VALUES ('2019-04-06', 2019040606, 'ソフトバンク', 'ロッテ', '加治屋 蓮', '右', 'ソフトバンク', '鈴木 大地', '左', 'ロッテ', 7, 1, 1, 1, 2, 1, 0, 146, 'ストレート', 56.5, 44.8, '中飛', 3, 3, 13, 'S5');"
"INSERT INTO ballinfo VALUES ('2019-04-06', 2019040606, 'ソフトバンク', 'ロッテ', '加治屋 蓮', '右', 'ソフトバンク', 'バルガス', '左', 'ロッテ', 7, 1, 2, 2, 1, 0, 0, 122, 'カーブ', 27.5, 57.2, '見逃し', 3, 2, 12, 'S4');"
"INSERT INTO ballinfo VALUES ('2019-04-06', 2019040606, 'ソフトバンク', 'ロッテ', '加治屋 蓮', '右', 'ソフトバンク', 'バルガス', '左', 'ロッテ', 7, 1, 2, 2, 2, 0, 1, 124, 'カーブ', 29.0, 35.6, '見逃し', 2, 2, 7, 'S1');"
"INSERT INTO ballinfo VALUES ('2019-04-06', 2019040606, 'ソフトバンク', 'ロッテ', '加治屋 蓮', '右', 'ソフトバンク', 'バルガス', '左', 'ロッテ', 7, 1, 2, 2, 3, 0, 2, 140, 'フォーク', 50.0, 86.4, '空三振', 5, 3, 23, 'B17');"
"INSERT INTO ballinfo VALUES ('2019-04-06', 2019040606, 'ソフトバンク', 'ロッテ', '加治屋 蓮', '右', 'ソフトバンク', '田村 龍弘', '右', 'ロッテ', 7, 1, 3, 2, 1, 0, 0, 147, 'ストレート', 91.5, 87.2, 'ボール', 5, 5, 25, 'B19');"
"INSERT INTO ballinfo VALUES ('2019-04-06', 2019040606, 'ソフトバンク', 'ロッテ', '加治屋 蓮', '右', 'ソフトバンク', '田村 龍弘', '右', 'ロッテ', 7, 1, 3, 2, 2, 1, 0, 145, 'ストレート', 93.0, 73.2, 'ボール', 4, 5, 20, 'B11');"
"INSERT INTO ballinfo VALUES ('2019-04-06', 2019040606, 'ソフトバンク', 'ロッテ', '加治屋 蓮', '右', 'ソフトバンク', '田村 龍弘', '右', 'ロッテ', 7, 1, 3, 2, 3, 2, 0, 147, 'ストレート', 91.0, 93.2, 'ボール', 5, 5, 25, 'B19');"
"INSERT INTO ballinfo VALUES ('2019-04-06', 2019040606, 'ソフトバンク', 'ロッテ', '加治屋 蓮', '右', 'ソフトバンク', '田村 龍弘', '右', 'ロッテ', 7, 1, 3, 2, 4, 3, 0, 146, 'ストレート', 51.5, 86.8, '四球', 5, 3, 23, 'B17');"
"INSERT INTO ballinfo VALUES ('2019-04-06', 2019040606, 'ソフトバンク', 'ロッテ', '加治屋 蓮', '右', 'ソフトバンク', '藤岡 裕大', '左', 'ロッテ', 7, 1, 4, 3, 1, 0, 0, 138, 'フォーク', 52.5, 85.6, '空振り', 5, 3, 23, 'B17');"
"INSERT INTO ballinfo VALUES ('2019-04-06', 2019040606, 'ソフトバンク', 'ロッテ', '加治屋 蓮', '右', 'ソフトバンク', '藤岡 裕大', '左', 'ロッテ', 7, 1, 4, 3, 2, 0, 1, 124, 'カーブ', 33.0, 52.0, '二ゴロ', 3, 2, 12, 'S4');"
"INSERT INTO ballinfo VALUES ('2019-04-06', 2019040606, 'ソフトバンク', 'ロッテ', '酒居 知史', '右', 'ロッテ', '上林 誠知', '左', 'ソフトバンク', 7, 2, 1, 0, 1, 0, 0, 146, 'ストレート', 31.0, 16.8, 'ボール', 1, 2, 2, 'B2');"
"INSERT INTO ballinfo VALUES ('2019-04-06', 2019040606, 'ソフトバンク', 'ロッテ', '酒居 知史', '右', 'ロッテ', '上林 誠知', '左', 'ソフトバンク', 7, 2, 1, 0, 2, 1, 0, 145, 'ストレート', 54.0, 86.4, 'ボール', 5, 3, 23, 'B17');"
"INSERT INTO ballinfo VALUES ('2019-04-06', 2019040606, 'ソフトバンク', 'ロッテ', '酒居 知史', '右', 'ロッテ', '上林 誠知', '左', 'ソフトバンク', 7, 2, 1, 0, 3, 2, 0, 144, 'ストレート', 44.0, 30.4, '右本', 2, 3, 8, 'S2');"
"INSERT INTO ballinfo VALUES ('2019-04-06', 2019040606, 'ソフトバンク', 'ロッテ', '酒居 知史', '右', 'ロッテ', '栗原 陵矢', '左', 'ソフトバンク', 7, 2, 2, 1, 1, 0, 0, 136, 'スライダー', 51.0, 74.8, 'ファウル', 4, 3, 18, 'S8');"
"INSERT INTO ballinfo VALUES ('2019-04-06', 2019040606, 'ソフトバンク', 'ロッテ', '酒居 知史', '右', 'ロッテ', '栗原 陵矢', '左', 'ソフトバンク', 7, 2, 2, 1, 2, 0, 1, 135, 'フォーク', 32.0, 86.8, '空振り', 5, 2, 22, 'B16');"
"INSERT INTO ballinfo VALUES ('2019-04-06', 2019040606, 'ソフトバンク', 'ロッテ', '酒居 知史', '右', 'ロッテ', '栗原 陵矢', '左', 'ソフトバンク', 7, 2, 2, 1, 3, 0, 2, 134, 'フォーク', 28.5, 69.2, '二ゴロ', 4, 2, 17, 'S7');"
"INSERT INTO ballinfo VALUES ('2019-04-06', 2019040606, 'ソフトバンク', 'ロッテ', '酒居 知史', '右', 'ロッテ', '釜元 豪', '左', 'ソフトバンク', 7, 2, 3, 2, 1, 0, 0, 146, 'ストレート', 11.0, 12.8, 'ボール', 1, 1, 1, 'B1');"
"INSERT INTO ballinfo VALUES ('2019-04-06', 2019040606, 'ソフトバンク', 'ロッテ', '酒居 知史', '右', 'ロッテ', '釜元 豪', '左', 'ソフトバンク', 7, 2, 3, 2, 2, 1, 0, 135, 'フォーク', 35.5, 69.6, '二ゴロ', 4, 2, 17, 'S7');"
"INSERT INTO ballinfo VALUES ('2019-04-06', 2019040606, 'ソフトバンク', 'ロッテ', '酒居 知史', '右', 'ロッテ', '牧原 大成', '左', 'ソフトバンク', 7, 2, 4, 2, 1, 0, 0, 135, 'スライダー', 72.0, 55.6, '三安', 3, 4, 14, 'S6');"
"INSERT INTO ballinfo VALUES ('2019-04-06', 2019040606, 'ソフトバンク', 'ロッテ', '酒居 知史', '右', 'ロッテ', '今宮 健太', '右', 'ソフトバンク', 7, 2, 5, 3, 1, 0, 0, 0, 'ストレート', 52.0, 51.2, '遊ゴロ', 3, 3, 13, 'S5');"
"INSERT INTO ballinfo VALUES ('2019-04-06', 2019040606, 'ソフトバンク', 'ロッテ', '加治屋 蓮', '右', 'ソフトバンク', '藤原 恭大', '左', 'ロッテ', 8, 1, 1, 1, 1, 0, 0, 146, 'ストレート', 34.5, 31.2, '見逃し', 2, 2, 7, 'S1');"
"INSERT INTO ballinfo VALUES ('2019-04-06', 2019040606, 'ソフトバンク', 'ロッテ', '加治屋 蓮', '右', 'ソフトバンク', '藤原 恭大', '左', 'ロッテ', 8, 1, 1, 1, 2, 0, 1, 140, 'フォーク', 71.5, 87.6, 'ボール', 5, 4, 24, 'B18');"
"INSERT INTO ballinfo VALUES ('2019-04-06', 2019040606, 'ソフトバンク', 'ロッテ', '加治屋 蓮', '右', 'ソフトバンク', '藤原 恭大', '左', 'ロッテ', 8, 1, 1, 1, 3, 1, 1, 139, 'スライダー', 32.5, 49.2, '見逃し', 3, 2, 12, 'S4');"
"INSERT INTO ballinfo VALUES ('2019-04-06', 2019040606, 'ソフトバンク', 'ロッテ', '加治屋 蓮', '右', 'ソフトバンク', '藤原 恭大', '左', 'ロッテ', 8, 1, 1, 1, 4, 1, 2, 141, 'フォーク', 55.0, 73.2, '投ゴロ', 4, 3, 18, 'S8');"
"INSERT INTO ballinfo VALUES ('2019-04-06', 2019040606, 'ソフトバンク', 'ロッテ', '加治屋 蓮', '右', 'ソフトバンク', '加藤 翔平', '左', 'ロッテ', 8, 1, 2, 2, 1, 0, 0, 122, 'カーブ', 29.0, 56.0, 'ファウル', 3, 2, 12, 'S4');"
"INSERT INTO ballinfo VALUES ('2019-04-06', 2019040606, 'ソフトバンク', 'ロッテ', '加治屋 蓮', '右', 'ソフトバンク', '加藤 翔平', '左', 'ロッテ', 8, 1, 2, 2, 2, 0, 1, 146, 'ストレート', 67.5, 64.8, '一ゴロ', 4, 4, 19, 'S9');"
"INSERT INTO ballinfo VALUES ('2019-04-06', 2019040606, 'ソフトバンク', 'ロッテ', '加治屋 蓮', '右', 'ソフトバンク', '中村 奨吾', '右', 'ロッテ', 8, 1, 3, 3, 1, 0, 0, 147, 'ストレート', 76.0, 53.2, '見逃し', 3, 4, 14, 'S6');"
"INSERT INTO ballinfo VALUES ('2019-04-06', 2019040606, 'ソフトバンク', 'ロッテ', '加治屋 蓮', '右', 'ソフトバンク', '中村 奨吾', '右', 'ロッテ', 8, 1, 3, 3, 2, 0, 1, 147, 'ストレート', 35.0, 51.6, '三ゴロ', 3, 2, 12, 'S4');"
"INSERT INTO ballinfo VALUES ('2019-04-06', 2019040606, 'ソフトバンク', 'ロッテ', '酒居 知史', '右', 'ロッテ', '柳田 悠岐', '左', 'ソフトバンク', 8, 2, 1, 1, 1, 0, 0, 134, 'スライダー', 91.0, 71.6, 'ボール', 4, 5, 20, 'B11');"
"INSERT INTO ballinfo VALUES ('2019-04-06', 2019040606, 'ソフトバンク', 'ロッテ', '酒居 知史', '右', 'ロッテ', '柳田 悠岐', '左', 'ソフトバンク', 8, 2, 1, 1, 2, 1, 0, 135, 'フォーク', 28.5, 87.6, '空振り', 5, 2, 22, 'B16');"
"INSERT INTO ballinfo VALUES ('2019-04-06', 2019040606, 'ソフトバンク', 'ロッテ', '酒居 知史', '右', 'ロッテ', '柳田 悠岐', '左', 'ソフトバンク', 8, 2, 1, 1, 3, 1, 1, 136, 'フォーク', 69.5, 90.0, 'ボール', 5, 4, 24, 'B18');"
"INSERT INTO ballinfo VALUES ('2019-04-06', 2019040606, 'ソフトバンク', 'ロッテ', '酒居 知史', '右', 'ロッテ', '柳田 悠岐', '左', 'ソフトバンク', 8, 2, 1, 1, 4, 2, 1, 145, 'ストレート', 91.5, 13.2, 'ボール', 1, 5, 5, 'B5');"
"INSERT INTO ballinfo VALUES ('2019-04-06', 2019040606, 'ソフトバンク', 'ロッテ', '酒居 知史', '右', 'ロッテ', '柳田 悠岐', '左', 'ソフトバンク', 8, 2, 1, 1, 5, 3, 1, 146, 'ストレート', 31.5, 29.2, '空振り', 2, 2, 7, 'S1');"
"INSERT INTO ballinfo VALUES ('2019-04-06', 2019040606, 'ソフトバンク', 'ロッテ', '酒居 知史', '右', 'ロッテ', '柳田 悠岐', '左', 'ソフトバンク', 8, 2, 1, 1, 6, 3, 2, 146, 'ストレート', 29.5, 70.4, '見三振', 4, 2, 17, 'S7');"
"INSERT INTO ballinfo VALUES ('2019-04-06', 2019040606, 'ソフトバンク', 'ロッテ', '酒居 知史', '右', 'ロッテ', 'デスパイネ', '右', 'ソフトバンク', 8, 2, 2, 2, 1, 0, 0, 113, 'カーブ', 52.5, 48.0, '遊飛', 3, 3, 13, 'S5');"
"INSERT INTO ballinfo VALUES ('2019-04-06', 2019040606, 'ソフトバンク', 'ロッテ', '酒居 知史', '右', 'ロッテ', '内川 聖一', '右', 'ソフトバンク', 8, 2, 3, 3, 1, 0, 0, 146, 'ストレート', 54.5, 53.2, '見逃し', 3, 3, 13, 'S5');"
"INSERT INTO ballinfo VALUES ('2019-04-06', 2019040606, 'ソフトバンク', 'ロッテ', '酒居 知史', '右', 'ロッテ', '内川 聖一', '右', 'ソフトバンク', 8, 2, 3, 3, 2, 0, 1, 145, 'ストレート', 75.0, 89.2, 'ボール', 5, 4, 24, 'B18');"
"INSERT INTO ballinfo VALUES ('2019-04-06', 2019040606, 'ソフトバンク', 'ロッテ', '酒居 知史', '右', 'ロッテ', '内川 聖一', '右', 'ソフトバンク', 8, 2, 3, 3, 3, 1, 1, 136, 'スライダー', 71.0, 84.8, 'ボール', 5, 4, 24, 'B18');"
"INSERT INTO ballinfo VALUES ('2019-04-06', 2019040606, 'ソフトバンク', 'ロッテ', '酒居 知史', '右', 'ロッテ', '内川 聖一', '右', 'ソフトバンク', 8, 2, 3, 3, 4, 2, 1, 147, 'ストレート', 46.5, 45.2, 'ファウル', 3, 3, 13, 'S5');"
"INSERT INTO ballinfo VALUES ('2019-04-06', 2019040606, 'ソフトバンク', 'ロッテ', '酒居 知史', '右', 'ロッテ', '内川 聖一', '右', 'ソフトバンク', 8, 2, 3, 3, 5, 2, 2, 145, 'ストレート', 70.0, 17.2, 'ファウル', 1, 4, 4, 'B4');"
"INSERT INTO ballinfo VALUES ('2019-04-06', 2019040606, 'ソフトバンク', 'ロッテ', '酒居 知史', '右', 'ロッテ', '内川 聖一', '右', 'ソフトバンク', 8, 2, 3, 3, 6, 2, 3, 148, 'ストレート', 87.5, 54.4, 'ボール', 3, 5, 15, 'B9');"
"INSERT INTO ballinfo VALUES ('2019-04-06', 2019040606, 'ソフトバンク', 'ロッテ', '酒居 知史', '右', 'ロッテ', '内川 聖一', '右', 'ソフトバンク', 8, 2, 3, 3, 7, 3, 3, 147, 'ストレート', 52.5, 17.2, 'ファウル', 1, 3, 3, 'B3');"
"INSERT INTO ballinfo VALUES ('2019-04-06', 2019040606, 'ソフトバンク', 'ロッテ', '酒居 知史', '右', 'ロッテ', '内川 聖一', '右', 'ソフトバンク', 8, 2, 3, 3, 8, 3, 4, 147, 'ストレート', 50.0, 36.8, '遊ゴロ', 2, 3, 8, 'S2');"
"INSERT INTO ballinfo VALUES ('2019-04-06', 2019040606, 'ソフトバンク', 'ロッテ', '松田 遼馬', '右', 'ソフトバンク', '角中 勝也', '左', 'ロッテ', 9, 1, 1, 0, 1, 0, 0, 148, 'ストレート', 47.5, 35.6, 'ファウル', 2, 3, 8, 'S2');"
"INSERT INTO ballinfo VALUES ('2019-04-06', 2019040606, 'ソフトバンク', 'ロッテ', '松田 遼馬', '右', 'ソフトバンク', '角中 勝也', '左', 'ロッテ', 9, 1, 1, 0, 2, 0, 1, 147, 'ストレート', 29.5, 15.6, 'ボール', 1, 2, 2, 'B2');"
"INSERT INTO ballinfo VALUES ('2019-04-06', 2019040606, 'ソフトバンク', 'ロッテ', '松田 遼馬', '右', 'ソフトバンク', '角中 勝也', '左', 'ロッテ', 9, 1, 1, 0, 3, 1, 1, 146, 'ストレート', 76.0, 14.0, 'ボール', 1, 4, 4, 'B4');"
"INSERT INTO ballinfo VALUES ('2019-04-06', 2019040606, 'ソフトバンク', 'ロッテ', '松田 遼馬', '右', 'ソフトバンク', '角中 勝也', '左', 'ロッテ', 9, 1, 1, 0, 4, 2, 1, 133, 'チェンジアップ', 36.5, 44.4, '右２', 3, 2, 12, 'S4');"
"INSERT INTO ballinfo VALUES ('2019-04-06', 2019040606, 'ソフトバンク', 'ロッテ', '松田 遼馬', '右', 'ソフトバンク', 'レアード', '右', 'ロッテ', 9, 1, 2, 1, 1, 0, 0, 146, 'ストレート', 27.5, 48.8, '見逃し', 3, 2, 12, 'S4');"
"INSERT INTO ballinfo VALUES ('2019-04-06', 2019040606, 'ソフトバンク', 'ロッテ', '松田 遼馬', '右', 'ソフトバンク', 'レアード', '右', 'ロッテ', 9, 1, 2, 1, 2, 0, 1, 146, 'ストレート', 15.0, 30.4, 'ファウル', 2, 1, 6, 'B6');"
"INSERT INTO ballinfo VALUES ('2019-04-06', 2019040606, 'ソフトバンク', 'ロッテ', '松田 遼馬', '右', 'ソフトバンク', 'レアード', '右', 'ロッテ', 9, 1, 2, 1, 3, 0, 2, 144, 'ストレート', 54.5, 13.2, 'ボール', 1, 3, 3, 'B3');"
"INSERT INTO ballinfo VALUES ('2019-04-06', 2019040606, 'ソフトバンク', 'ロッテ', '松田 遼馬', '右', 'ソフトバンク', 'レアード', '右', 'ロッテ', 9, 1, 2, 1, 4, 1, 2, 147, 'ストレート', 31.5, 11.6, 'ボール', 1, 2, 2, 'B2');"
"INSERT INTO ballinfo VALUES ('2019-04-06', 2019040606, 'ソフトバンク', 'ロッテ', '松田 遼馬', '右', 'ソフトバンク', 'レアード', '右', 'ロッテ', 9, 1, 2, 1, 5, 2, 2, 132, 'スライダー', 54.5, 57.2, 'ファウル', 3, 3, 13, 'S5');"
"INSERT INTO ballinfo VALUES ('2019-04-06', 2019040606, 'ソフトバンク', 'ロッテ', '松田 遼馬', '右', 'ソフトバンク', 'レアード', '右', 'ロッテ', 9, 1, 2, 1, 6, 2, 3, 134, 'スライダー', 73.5, 45.6, 'ファウル', 3, 4, 14, 'S6');"
"INSERT INTO ballinfo VALUES ('2019-04-06', 2019040606, 'ソフトバンク', 'ロッテ', '松田 遼馬', '右', 'ソフトバンク', 'レアード', '右', 'ロッテ', 9, 1, 2, 1, 7, 2, 4, 147, 'ストレート', 11.0, 37.2, 'ボール', 2, 1, 6, 'B6');"
"INSERT INTO ballinfo VALUES ('2019-04-06', 2019040606, 'ソフトバンク', 'ロッテ', '松田 遼馬', '右', 'ソフトバンク', 'レアード', '右', 'ロッテ', 9, 1, 2, 1, 8, 3, 4, 130, 'スライダー', 74.0, 69.2, '二ゴロ', 4, 4, 19, 'S9');"
"INSERT INTO ballinfo VALUES ('2019-04-06', 2019040606, 'ソフトバンク', 'ロッテ', '松田 遼馬', '右', 'ソフトバンク', '鈴木 大地', '左', 'ロッテ', 9, 1, 3, 2, 1, 0, 0, 144, 'ストレート', 56.5, 56.4, '右飛', 3, 3, 13, 'S5');"
"INSERT INTO ballinfo VALUES ('2019-04-06', 2019040606, 'ソフトバンク', 'ロッテ', '松田 遼馬', '右', 'ソフトバンク', 'バルガス', '左', 'ロッテ', 9, 1, 4, 3, 1, 0, 0, 112, 'カーブ', 29.5, 29.2, '見逃し', 2, 2, 7, 'S1');"
"INSERT INTO ballinfo VALUES ('2019-04-06', 2019040606, 'ソフトバンク', 'ロッテ', '松田 遼馬', '右', 'ソフトバンク', 'バルガス', '左', 'ロッテ', 9, 1, 4, 3, 2, 0, 1, 142, 'ストレート', 54.5, 24.8, 'ファウル', 2, 3, 8, 'S2');"
"INSERT INTO ballinfo VALUES ('2019-04-06', 2019040606, 'ソフトバンク', 'ロッテ', '松田 遼馬', '右', 'ソフトバンク', 'バルガス', '左', 'ロッテ', 9, 1, 4, 3, 3, 0, 2, 147, 'ストレート', 30.0, 11.6, 'ボール', 1, 2, 2, 'B2');"
"INSERT INTO ballinfo VALUES ('2019-04-06', 2019040606, 'ソフトバンク', 'ロッテ', '松田 遼馬', '右', 'ソフトバンク', 'バルガス', '左', 'ロッテ', 9, 1, 4, 3, 4, 1, 2, 112, 'カーブ', 10.0, 53.2, 'ボール', 3, 1, 11, 'B8');"
"INSERT INTO ballinfo VALUES ('2019-04-06', 2019040606, 'ソフトバンク', 'ロッテ', '松田 遼馬', '右', 'ソフトバンク', 'バルガス', '左', 'ロッテ', 9, 1, 4, 3, 5, 2, 2, 113, 'カーブ', 36.5, 55.2, 'ファウル', 3, 2, 12, 'S4');"
"INSERT INTO ballinfo VALUES ('2019-04-06', 2019040606, 'ソフトバンク', 'ロッテ', '松田 遼馬', '右', 'ソフトバンク', 'バルガス', '左', 'ロッテ', 9, 1, 4, 3, 6, 2, 3, 136, 'チェンジアップ', 71.5, 85.2, 'ボール', 5, 4, 24, 'B18');"
"INSERT INTO ballinfo VALUES ('2019-04-06', 2019040606, 'ソフトバンク', 'ロッテ', '松田 遼馬', '右', 'ソフトバンク', 'バルガス', '左', 'ロッテ', 9, 1, 4, 3, 7, 3, 3, 112, 'カーブ', 29.5, 86.0, '空三振', 5, 2, 22, 'B16');"
"INSERT INTO ballinfo VALUES ('2019-04-06', 2019040606, 'ソフトバンク', 'ロッテ', '益田 直也', '右', 'ロッテ', '松田 宣浩', '右', 'ソフトバンク', 9, 2, 1, 0, 1, 0, 0, 0, 'ストレート', 54.5, 48.4, '中安', 3, 3, 13, 'S5');"
"INSERT INTO ballinfo VALUES ('2019-04-06', 2019040606, 'ソフトバンク', 'ロッテ', '益田 直也', '右', 'ロッテ', '上林 誠知', '左', 'ソフトバンク', 9, 2, 2, 1, 1, 0, 0, 137, 'シンカー', 31.5, 70.4, 'ファウル', 4, 2, 17, 'S7');"
"INSERT INTO ballinfo VALUES ('2019-04-06', 2019040606, 'ソフトバンク', 'ロッテ', '益田 直也', '右', 'ロッテ', '上林 誠知', '左', 'ソフトバンク', 9, 2, 2, 1, 2, 0, 1, 129, 'シンカー', 4.5, 29.6, 'ボール', 2, 1, 6, 'B6');"
"INSERT INTO ballinfo VALUES ('2019-04-06', 2019040606, 'ソフトバンク', 'ロッテ', '益田 直也', '右', 'ロッテ', '上林 誠知', '左', 'ソフトバンク', 9, 2, 2, 1, 3, 1, 1, 131, 'シンカー', 71.5, 75.6, '二飛', 4, 4, 19, 'S9');"
"INSERT INTO ballinfo VALUES ('2019-04-06', 2019040606, 'ソフトバンク', 'ロッテ', '益田 直也', '右', 'ロッテ', '栗原 陵矢', '左', 'ソフトバンク', 9, 2, 3, 2, 1, 0, 0, 129, 'シンカー', 50.0, 16.8, 'ボール', 1, 3, 3, 'B3');"
"INSERT INTO ballinfo VALUES ('2019-04-06', 2019040606, 'ソフトバンク', 'ロッテ', '益田 直也', '右', 'ロッテ', '栗原 陵矢', '左', 'ソフトバンク', 9, 2, 3, 2, 2, 1, 0, 146, 'ストレート', 71.5, 54.4, '中飛', 3, 4, 14, 'S6');"
"INSERT INTO ballinfo VALUES ('2019-04-06', 2019040606, 'ソフトバンク', 'ロッテ', '益田 直也', '右', 'ロッテ', '釜元 豪', '左', 'ソフトバンク', 9, 2, 4, 3, 1, 0, 0, 128, 'シンカー', 34.0, 86.8, 'ボール', 5, 2, 22, 'B16');"
"INSERT INTO ballinfo VALUES ('2019-04-06', 2019040606, 'ソフトバンク', 'ロッテ', '益田 直也', '右', 'ロッテ', '釜元 豪', '左', 'ソフトバンク', 9, 2, 4, 3, 2, 1, 0, 147, 'ストレート', 11.5, 13.6, 'ボール', 1, 1, 1, 'B1');"
"INSERT INTO ballinfo VALUES ('2019-04-06', 2019040606, 'ソフトバンク', 'ロッテ', '益田 直也', '右', 'ロッテ', '釜元 豪', '左', 'ソフトバンク', 9, 2, 4, 3, 3, 2, 0, 144, 'ストレート', 29.5, 52.4, '空振り', 3, 2, 12, 'S4');"
"INSERT INTO ballinfo VALUES ('2019-04-06', 2019040606, 'ソフトバンク', 'ロッテ', '益田 直也', '右', 'ロッテ', '釜元 豪', '左', 'ソフトバンク', 9, 2, 4, 3, 4, 2, 1, 144, 'ストレート', 55.0, 29.6, '空振り', 2, 3, 8, 'S2');"
"INSERT INTO ballinfo VALUES ('2019-04-06', 2019040606, 'ソフトバンク', 'ロッテ', '益田 直也', '右', 'ロッテ', '釜元 豪', '左', 'ソフトバンク', 9, 2, 4, 3, 5, 2, 2, 151, 'ストレート', 15.0, 55.2, 'ファウル', 3, 1, 11, 'B8');"
"INSERT INTO ballinfo VALUES ('2019-04-06', 2019040606, 'ソフトバンク', 'ロッテ', '益田 直也', '右', 'ロッテ', '釜元 豪', '左', 'ソフトバンク', 9, 2, 4, 3, 6, 2, 3, 131, 'シンカー', 50.5, 84.8, '空振り', 5, 3, 23, 'B17');"
