"INSERT INTO ballinfo VALUES ('2019-04-07', 2019040702, 'ＤｅＮＡ', '巨人', '井納 翔一', '右', 'ＤｅＮＡ', '吉川 尚輝', '左', '巨人', 1, 1, 1, 0, 1, 0, 0, 147, 'ストレート', 34.5, 66.4, '見逃し', 4, 2, 17, 'S7');"
"INSERT INTO ballinfo VALUES ('2019-04-07', 2019040702, 'ＤｅＮＡ', '巨人', '井納 翔一', '右', 'ＤｅＮＡ', '吉川 尚輝', '左', '巨人', 1, 1, 1, 0, 2, 0, 1, 132, 'フォーク', 32.0, 75.6, 'ファウル', 4, 2, 17, 'S7');"
"INSERT INTO ballinfo VALUES ('2019-04-07', 2019040702, 'ＤｅＮＡ', '巨人', '井納 翔一', '右', 'ＤｅＮＡ', '吉川 尚輝', '左', '巨人', 1, 1, 1, 0, 3, 0, 2, 148, 'ストレート', 85.0, 26.0, 'ボール', 2, 5, 10, 'B7');"
"INSERT INTO ballinfo VALUES ('2019-04-07', 2019040702, 'ＤｅＮＡ', '巨人', '井納 翔一', '右', 'ＤｅＮＡ', '吉川 尚輝', '左', '巨人', 1, 1, 1, 0, 4, 1, 2, 131, 'スライダー', 57.0, 46.0, '左安', 3, 3, 13, 'S5');"
"INSERT INTO ballinfo VALUES ('2019-04-07', 2019040702, 'ＤｅＮＡ', '巨人', '井納 翔一', '右', 'ＤｅＮＡ', '坂本 勇人', '右', '巨人', 1, 1, 2, 1, 1, 0, 0, 147, 'ストレート', 33.0, 54.8, 'ファウル', 3, 2, 12, 'S4');"
"INSERT INTO ballinfo VALUES ('2019-04-07', 2019040702, 'ＤｅＮＡ', '巨人', '井納 翔一', '右', 'ＤｅＮＡ', '坂本 勇人', '右', '巨人', 1, 1, 2, 1, 2, 0, 1, 131, 'スライダー', 72.5, 89.6, 'ボール', 5, 4, 24, 'B18');"
"INSERT INTO ballinfo VALUES ('2019-04-07', 2019040702, 'ＤｅＮＡ', '巨人', '井納 翔一', '右', 'ＤｅＮＡ', '坂本 勇人', '右', '巨人', 1, 1, 2, 1, 3, 1, 1, 147, 'ストレート', 29.5, 73.2, '三ゴロ', 4, 2, 17, 'S7');"
"INSERT INTO ballinfo VALUES ('2019-04-07', 2019040702, 'ＤｅＮＡ', '巨人', '井納 翔一', '右', 'ＤｅＮＡ', '丸 佳浩', '左', '巨人', 1, 1, 3, 2, 1, 0, 0, 132, 'フォーク', 31.5, 25.6, '見逃し', 2, 2, 7, 'S1');"
"INSERT INTO ballinfo VALUES ('2019-04-07', 2019040702, 'ＤｅＮＡ', '巨人', '井納 翔一', '右', 'ＤｅＮＡ', '丸 佳浩', '左', '巨人', 1, 1, 3, 2, 2, 0, 1, 147, 'ストレート', 45.5, 10.4, 'ボール', 1, 3, 3, 'B3');"
"INSERT INTO ballinfo VALUES ('2019-04-07', 2019040702, 'ＤｅＮＡ', '巨人', '井納 翔一', '右', 'ＤｅＮＡ', '丸 佳浩', '左', '巨人', 1, 1, 3, 2, 3, 1, 1, 148, 'ストレート', 17.0, 65.2, 'ボール', 4, 1, 16, 'B10');"
"INSERT INTO ballinfo VALUES ('2019-04-07', 2019040702, 'ＤｅＮＡ', '巨人', '井納 翔一', '右', 'ＤｅＮＡ', '丸 佳浩', '左', '巨人', 1, 1, 3, 2, 4, 2, 1, 133, 'フォーク', 28.5, 57.2, '左飛', 3, 2, 12, 'S4');"
"INSERT INTO ballinfo VALUES ('2019-04-07', 2019040702, 'ＤｅＮＡ', '巨人', '井納 翔一', '右', 'ＤｅＮＡ', '岡本 和真', '右', '巨人', 1, 1, 4, 3, 1, 0, 0, 132, 'スライダー', 74.5, 75.2, '見逃し', 4, 4, 19, 'S9');"
"INSERT INTO ballinfo VALUES ('2019-04-07', 2019040702, 'ＤｅＮＡ', '巨人', '井納 翔一', '右', 'ＤｅＮＡ', '岡本 和真', '右', '巨人', 1, 1, 4, 3, 2, 0, 1, 130, 'スライダー', 76.0, 91.6, 'ボール', 5, 4, 24, 'B18');"
"INSERT INTO ballinfo VALUES ('2019-04-07', 2019040702, 'ＤｅＮＡ', '巨人', '井納 翔一', '右', 'ＤｅＮＡ', '岡本 和真', '右', '巨人', 1, 1, 4, 3, 3, 1, 1, 148, 'ストレート', 31.5, 37.6, '一飛', 2, 2, 7, 'S1');"
"INSERT INTO ballinfo VALUES ('2019-04-07', 2019040702, 'ＤｅＮＡ', '巨人', '畠 世周', '右', '巨人', '神里 和毅', '左', 'ＤｅＮＡ', 1, 2, 1, 1, 1, 0, 0, 135, 'カットボール', 86.5, 71.6, '空振り', 4, 5, 20, 'B11');"
"INSERT INTO ballinfo VALUES ('2019-04-07', 2019040702, 'ＤｅＮＡ', '巨人', '畠 世周', '右', '巨人', '神里 和毅', '左', 'ＤｅＮＡ', 1, 2, 1, 1, 2, 0, 1, 149, 'ストレート', 44.5, 70.8, '右飛', 4, 3, 18, 'S8');"
"INSERT INTO ballinfo VALUES ('2019-04-07', 2019040702, 'ＤｅＮＡ', '巨人', '畠 世周', '右', '巨人', '柴田 竜拓', '左', 'ＤｅＮＡ', 1, 2, 2, 2, 1, 0, 0, 145, 'ストレート', 31.0, 44.8, '見逃し', 3, 2, 12, 'S4');"
"INSERT INTO ballinfo VALUES ('2019-04-07', 2019040702, 'ＤｅＮＡ', '巨人', '畠 世周', '右', '巨人', '柴田 竜拓', '左', 'ＤｅＮＡ', 1, 2, 2, 2, 2, 0, 1, 135, 'カットボール', 73.5, 86.8, 'ボール', 5, 4, 24, 'B18');"
"INSERT INTO ballinfo VALUES ('2019-04-07', 2019040702, 'ＤｅＮＡ', '巨人', '畠 世周', '右', '巨人', '柴田 竜拓', '左', 'ＤｅＮＡ', 1, 2, 2, 2, 3, 1, 1, 136, 'カットボール', 73.5, 92.8, 'ボール', 5, 4, 24, 'B18');"
"INSERT INTO ballinfo VALUES ('2019-04-07', 2019040702, 'ＤｅＮＡ', '巨人', '畠 世周', '右', '巨人', '柴田 竜拓', '左', 'ＤｅＮＡ', 1, 2, 2, 2, 4, 2, 1, 137, 'カットボール', 77.0, 70.4, '見逃し', 4, 4, 19, 'S9');"
"INSERT INTO ballinfo VALUES ('2019-04-07', 2019040702, 'ＤｅＮＡ', '巨人', '畠 世周', '右', '巨人', '柴田 竜拓', '左', 'ＤｅＮＡ', 1, 2, 2, 2, 5, 2, 2, 128, 'スライダー', 48.5, 84.4, '投ゴロ', 5, 3, 23, 'B17');"
"INSERT INTO ballinfo VALUES ('2019-04-07', 2019040702, 'ＤｅＮＡ', '巨人', '畠 世周', '右', '巨人', 'ソト', '右', 'ＤｅＮＡ', 1, 2, 3, 3, 1, 0, 0, 128, 'チェンジアップ', 30.5, 90.4, 'ボール', 5, 2, 22, 'B16');"
"INSERT INTO ballinfo VALUES ('2019-04-07', 2019040702, 'ＤｅＮＡ', '巨人', '畠 世周', '右', '巨人', 'ソト', '右', 'ＤｅＮＡ', 1, 2, 3, 3, 2, 1, 0, 126, 'チェンジアップ', 52.0, 7.6, 'ボール', 1, 3, 3, 'B3');"
"INSERT INTO ballinfo VALUES ('2019-04-07', 2019040702, 'ＤｅＮＡ', '巨人', '畠 世周', '右', '巨人', 'ソト', '右', 'ＤｅＮＡ', 1, 2, 3, 3, 3, 2, 0, 136, 'カットボール', 56.0, 25.6, 'ファウル', 2, 3, 8, 'S2');"
"INSERT INTO ballinfo VALUES ('2019-04-07', 2019040702, 'ＤｅＮＡ', '巨人', '畠 世周', '右', '巨人', 'ソト', '右', 'ＤｅＮＡ', 1, 2, 3, 3, 4, 2, 1, 128, 'スライダー', 76.5, 68.4, '遊ゴロ', 4, 4, 19, 'S9');"
"INSERT INTO ballinfo VALUES ('2019-04-07', 2019040702, 'ＤｅＮＡ', '巨人', '井納 翔一', '右', 'ＤｅＮＡ', '亀井 善行', '左', '巨人', 2, 1, 1, 1, 1, 0, 0, 130, 'スライダー', 31.5, 93.2, 'ボール', 5, 2, 22, 'B16');"
"INSERT INTO ballinfo VALUES ('2019-04-07', 2019040702, 'ＤｅＮＡ', '巨人', '井納 翔一', '右', 'ＤｅＮＡ', '亀井 善行', '左', '巨人', 2, 1, 1, 1, 2, 1, 0, 131, 'フォーク', 13.0, 14.0, 'ボール', 1, 1, 1, 'B1');"
"INSERT INTO ballinfo VALUES ('2019-04-07', 2019040702, 'ＤｅＮＡ', '巨人', '井納 翔一', '右', 'ＤｅＮＡ', '亀井 善行', '左', '巨人', 2, 1, 1, 1, 3, 2, 0, 132, 'フォーク', 26.0, 65.2, '見逃し', 4, 2, 17, 'S7');"
"INSERT INTO ballinfo VALUES ('2019-04-07', 2019040702, 'ＤｅＮＡ', '巨人', '井納 翔一', '右', 'ＤｅＮＡ', '亀井 善行', '左', '巨人', 2, 1, 1, 1, 4, 2, 1, 146, 'ストレート', 47.5, 66.0, 'ファウル', 4, 3, 18, 'S8');"
"INSERT INTO ballinfo VALUES ('2019-04-07', 2019040702, 'ＤｅＮＡ', '巨人', '井納 翔一', '右', 'ＤｅＮＡ', '亀井 善行', '左', '巨人', 2, 1, 1, 1, 5, 2, 2, 148, 'ストレート', 36.5, 54.4, 'ファウル', 3, 2, 12, 'S4');"
"INSERT INTO ballinfo VALUES ('2019-04-07', 2019040702, 'ＤｅＮＡ', '巨人', '井納 翔一', '右', 'ＤｅＮＡ', '亀井 善行', '左', '巨人', 2, 1, 1, 1, 6, 2, 3, 134, 'フォーク', 53.5, 30.8, '二ゴロ', 2, 3, 8, 'S2');"
"INSERT INTO ballinfo VALUES ('2019-04-07', 2019040702, 'ＤｅＮＡ', '巨人', '井納 翔一', '右', 'ＤｅＮＡ', 'ゲレーロ', '右', '巨人', 2, 1, 2, 2, 1, 0, 0, 147, 'ストレート', 15.5, 10.0, 'ボール', 1, 1, 1, 'B1');"
"INSERT INTO ballinfo VALUES ('2019-04-07', 2019040702, 'ＤｅＮＡ', '巨人', '井納 翔一', '右', 'ＤｅＮＡ', 'ゲレーロ', '右', '巨人', 2, 1, 2, 2, 2, 1, 0, 133, 'スライダー', 56.5, 56.8, '投ゴロ', 3, 3, 13, 'S5');"
"INSERT INTO ballinfo VALUES ('2019-04-07', 2019040702, 'ＤｅＮＡ', '巨人', '井納 翔一', '右', 'ＤｅＮＡ', 'ビヤヌエバ', '右', '巨人', 2, 1, 3, 2, 1, 0, 0, 133, 'スライダー', 74.5, 84.0, '空振り', 5, 4, 24, 'B18');"
"INSERT INTO ballinfo VALUES ('2019-04-07', 2019040702, 'ＤｅＮＡ', '巨人', '井納 翔一', '右', 'ＤｅＮＡ', 'ビヤヌエバ', '右', '巨人', 2, 1, 3, 2, 2, 0, 1, 144, 'ストレート', 76.5, 64.0, '見逃し', 4, 4, 19, 'S9');"
"INSERT INTO ballinfo VALUES ('2019-04-07', 2019040702, 'ＤｅＮＡ', '巨人', '井納 翔一', '右', 'ＤｅＮＡ', 'ビヤヌエバ', '右', '巨人', 2, 1, 3, 2, 3, 0, 2, 145, 'ストレート', 30.0, 14.8, 'ボール', 1, 2, 2, 'B2');"
"INSERT INTO ballinfo VALUES ('2019-04-07', 2019040702, 'ＤｅＮＡ', '巨人', '井納 翔一', '右', 'ＤｅＮＡ', 'ビヤヌエバ', '右', '巨人', 2, 1, 3, 2, 4, 1, 2, 146, 'ストレート', 37.0, 69.2, '左２', 4, 2, 17, 'S7');"
"INSERT INTO ballinfo VALUES ('2019-04-07', 2019040702, 'ＤｅＮＡ', '巨人', '井納 翔一', '右', 'ＤｅＮＡ', '小林 誠司', '右', '巨人', 2, 1, 4, 3, 1, 0, 0, 132, 'フォーク', 70.0, 69.6, '一ゴロ', 4, 4, 19, 'S9');"
"INSERT INTO ballinfo VALUES ('2019-04-07', 2019040702, 'ＤｅＮＡ', '巨人', '畠 世周', '右', '巨人', '筒香 嘉智', '左', 'ＤｅＮＡ', 2, 2, 1, 1, 1, 0, 0, 150, 'ストレート', 72.0, 14.0, 'ボール', 1, 4, 4, 'B4');"
"INSERT INTO ballinfo VALUES ('2019-04-07', 2019040702, 'ＤｅＮＡ', '巨人', '畠 世周', '右', '巨人', '筒香 嘉智', '左', 'ＤｅＮＡ', 2, 2, 1, 1, 2, 1, 0, 149, 'ストレート', 85.0, 47.6, 'ボール', 3, 5, 15, 'B9');"
"INSERT INTO ballinfo VALUES ('2019-04-07', 2019040702, 'ＤｅＮＡ', '巨人', '畠 世周', '右', '巨人', '筒香 嘉智', '左', 'ＤｅＮＡ', 2, 2, 1, 1, 3, 2, 0, 138, 'カットボール', 71.5, 91.6, 'ボール', 5, 4, 24, 'B18');"
"INSERT INTO ballinfo VALUES ('2019-04-07', 2019040702, 'ＤｅＮＡ', '巨人', '畠 世周', '右', '巨人', '筒香 嘉智', '左', 'ＤｅＮＡ', 2, 2, 1, 1, 4, 3, 0, 146, 'ストレート', 25.0, 23.6, '見逃し', 2, 2, 7, 'S1');"
"INSERT INTO ballinfo VALUES ('2019-04-07', 2019040702, 'ＤｅＮＡ', '巨人', '畠 世周', '右', '巨人', '筒香 嘉智', '左', 'ＤｅＮＡ', 2, 2, 1, 1, 5, 3, 1, 138, 'カットボール', 67.0, 70.0, '右飛', 4, 4, 19, 'S9');"
"INSERT INTO ballinfo VALUES ('2019-04-07', 2019040702, 'ＤｅＮＡ', '巨人', '畠 世周', '右', '巨人', 'ロペス', '右', 'ＤｅＮＡ', 2, 2, 2, 1, 1, 0, 0, 148, 'ストレート', 15.5, 13.2, 'ボール', 1, 1, 1, 'B1');"
"INSERT INTO ballinfo VALUES ('2019-04-07', 2019040702, 'ＤｅＮＡ', '巨人', '畠 世周', '右', '巨人', 'ロペス', '右', 'ＤｅＮＡ', 2, 2, 2, 1, 2, 1, 0, 136, 'カットボール', 86.5, 90.4, 'ボール', 5, 5, 25, 'B19');"
"INSERT INTO ballinfo VALUES ('2019-04-07', 2019040702, 'ＤｅＮＡ', '巨人', '畠 世周', '右', '巨人', 'ロペス', '右', 'ＤｅＮＡ', 2, 2, 2, 1, 3, 2, 0, 126, 'スライダー', 74.0, 89.6, 'ボール', 5, 4, 24, 'B18');"
"INSERT INTO ballinfo VALUES ('2019-04-07', 2019040702, 'ＤｅＮＡ', '巨人', '畠 世周', '右', '巨人', 'ロペス', '右', 'ＤｅＮＡ', 2, 2, 2, 1, 4, 3, 0, 147, 'ストレート', 37.0, 53.2, 'ファウル', 3, 2, 12, 'S4');"
"INSERT INTO ballinfo VALUES ('2019-04-07', 2019040702, 'ＤｅＮＡ', '巨人', '畠 世周', '右', '巨人', 'ロペス', '右', 'ＤｅＮＡ', 2, 2, 2, 1, 5, 3, 1, 151, 'ストレート', 86.0, 32.0, '四球', 2, 5, 10, 'B7');"
"INSERT INTO ballinfo VALUES ('2019-04-07', 2019040702, 'ＤｅＮＡ', '巨人', '畠 世周', '右', '巨人', '宮崎 敏郎', '右', 'ＤｅＮＡ', 2, 2, 3, 2, 1, 0, 0, 134, 'フォーク', 46.5, 13.2, 'ボール', 1, 3, 3, 'B3');"
"INSERT INTO ballinfo VALUES ('2019-04-07', 2019040702, 'ＤｅＮＡ', '巨人', '畠 世周', '右', '巨人', '宮崎 敏郎', '右', 'ＤｅＮＡ', 2, 2, 3, 2, 2, 1, 0, 135, 'カットボール', 74.0, 57.2, 'ファウル', 3, 4, 14, 'S6');"
"INSERT INTO ballinfo VALUES ('2019-04-07', 2019040702, 'ＤｅＮＡ', '巨人', '畠 世周', '右', '巨人', '宮崎 敏郎', '右', 'ＤｅＮＡ', 2, 2, 3, 2, 3, 1, 1, 148, 'ストレート', 73.5, 83.6, 'ボール', 5, 4, 24, 'B18');"
"INSERT INTO ballinfo VALUES ('2019-04-07', 2019040702, 'ＤｅＮＡ', '巨人', '畠 世周', '右', '巨人', '宮崎 敏郎', '右', 'ＤｅＮＡ', 2, 2, 3, 2, 4, 2, 1, 149, 'ストレート', 32.0, 44.0, '見逃し', 3, 2, 12, 'S4');"
"INSERT INTO ballinfo VALUES ('2019-04-07', 2019040702, 'ＤｅＮＡ', '巨人', '畠 世周', '右', '巨人', '宮崎 敏郎', '右', 'ＤｅＮＡ', 2, 2, 3, 2, 5, 2, 2, 150, 'ストレート', 96.5, 72.0, 'ボール', 4, 5, 20, 'B11');"
"INSERT INTO ballinfo VALUES ('2019-04-07', 2019040702, 'ＤｅＮＡ', '巨人', '畠 世周', '右', '巨人', '宮崎 敏郎', '右', 'ＤｅＮＡ', 2, 2, 3, 2, 6, 3, 2, 139, 'カットボール', 73.5, 76.0, '見三振', 4, 4, 19, 'S9');"
"INSERT INTO ballinfo VALUES ('2019-04-07', 2019040702, 'ＤｅＮＡ', '巨人', '畠 世周', '右', '巨人', '伊藤 光', '右', 'ＤｅＮＡ', 2, 2, 4, 2, 1, 0, 0, 128, 'スライダー', 51.5, 77.2, '見逃し', 4, 3, 18, 'S8');"
"INSERT INTO ballinfo VALUES ('2019-04-07', 2019040702, 'ＤｅＮＡ', '巨人', '畠 世周', '右', '巨人', '伊藤 光', '右', 'ＤｅＮＡ', 2, 2, 4, 2, 2, 0, 1, 136, 'カットボール', 75.0, 56.4, '中安', 3, 4, 14, 'S6');"
"INSERT INTO ballinfo VALUES ('2019-04-07', 2019040702, 'ＤｅＮＡ', '巨人', '畠 世周', '右', '巨人', '大和', '右', 'ＤｅＮＡ', 2, 2, 5, 2, 1, 0, 0, 136, 'カットボール', 26.5, 75.2, '見逃し', 4, 2, 17, 'S7');"
"INSERT INTO ballinfo VALUES ('2019-04-07', 2019040702, 'ＤｅＮＡ', '巨人', '畠 世周', '右', '巨人', '大和', '右', 'ＤｅＮＡ', 2, 2, 5, 2, 2, 0, 1, 145, 'ストレート', 46.5, 74.8, '左２', 4, 3, 18, 'S8');"
"INSERT INTO ballinfo VALUES ('2019-04-07', 2019040702, 'ＤｅＮＡ', '巨人', '畠 世周', '右', '巨人', '井納 翔一', '右', 'ＤｅＮＡ', 2, 2, 6, 3, 1, 0, 0, 145, 'ストレート', 32.5, 15.6, '空振り', 1, 2, 2, 'B2');"
"INSERT INTO ballinfo VALUES ('2019-04-07', 2019040702, 'ＤｅＮＡ', '巨人', '畠 世周', '右', '巨人', '井納 翔一', '右', 'ＤｅＮＡ', 2, 2, 6, 3, 2, 0, 1, 146, 'ストレート', 75.0, 67.2, '見逃し', 4, 4, 19, 'S9');"
"INSERT INTO ballinfo VALUES ('2019-04-07', 2019040702, 'ＤｅＮＡ', '巨人', '畠 世周', '右', '巨人', '井納 翔一', '右', 'ＤｅＮＡ', 2, 2, 6, 3, 3, 0, 2, 127, 'スライダー', 75.0, 27.2, '投ゴロ', 2, 4, 9, 'S3');"
"INSERT INTO ballinfo VALUES ('2019-04-07', 2019040702, 'ＤｅＮＡ', '巨人', '井納 翔一', '右', 'ＤｅＮＡ', '畠 世周', '左', '巨人', 3, 1, 1, 1, 1, 0, 0, 144, 'ストレート', 34.5, 27.6, '見逃し', 2, 2, 7, 'S1');"
"INSERT INTO ballinfo VALUES ('2019-04-07', 2019040702, 'ＤｅＮＡ', '巨人', '井納 翔一', '右', 'ＤｅＮＡ', '畠 世周', '左', '巨人', 3, 1, 1, 1, 2, 0, 1, 129, 'スライダー', 25.5, 64.8, '見逃し', 4, 2, 17, 'S7');"
"INSERT INTO ballinfo VALUES ('2019-04-07', 2019040702, 'ＤｅＮＡ', '巨人', '井納 翔一', '右', 'ＤｅＮＡ', '畠 世周', '左', '巨人', 3, 1, 1, 1, 3, 0, 2, 134, 'フォーク', 66.0, 90.4, 'ボール', 5, 4, 24, 'B18');"
"INSERT INTO ballinfo VALUES ('2019-04-07', 2019040702, 'ＤｅＮＡ', '巨人', '井納 翔一', '右', 'ＤｅＮＡ', '畠 世周', '左', '巨人', 3, 1, 1, 1, 4, 1, 2, 147, 'ストレート', 16.5, 28.4, 'ボール', 2, 1, 6, 'B6');"
"INSERT INTO ballinfo VALUES ('2019-04-07', 2019040702, 'ＤｅＮＡ', '巨人', '井納 翔一', '右', 'ＤｅＮＡ', '畠 世周', '左', '巨人', 3, 1, 1, 1, 5, 2, 2, 133, 'スライダー', 31.0, 36.8, '空三振', 2, 2, 7, 'S1');"
"INSERT INTO ballinfo VALUES ('2019-04-07', 2019040702, 'ＤｅＮＡ', '巨人', '井納 翔一', '右', 'ＤｅＮＡ', '吉川 尚輝', '左', '巨人', 3, 1, 2, 2, 1, 0, 0, 132, 'スライダー', 9.5, 29.2, 'ボール', 2, 1, 6, 'B6');"
"INSERT INTO ballinfo VALUES ('2019-04-07', 2019040702, 'ＤｅＮＡ', '巨人', '井納 翔一', '右', 'ＤｅＮＡ', '吉川 尚輝', '左', '巨人', 3, 1, 2, 2, 2, 1, 0, 131, 'フォーク', 29.5, 93.2, 'ボール', 5, 2, 22, 'B16');"
"INSERT INTO ballinfo VALUES ('2019-04-07', 2019040702, 'ＤｅＮＡ', '巨人', '井納 翔一', '右', 'ＤｅＮＡ', '吉川 尚輝', '左', '巨人', 3, 1, 2, 2, 3, 2, 0, 144, 'ストレート', 25.5, 56.0, '見逃し', 3, 2, 12, 'S4');"
"INSERT INTO ballinfo VALUES ('2019-04-07', 2019040702, 'ＤｅＮＡ', '巨人', '井納 翔一', '右', 'ＤｅＮＡ', '吉川 尚輝', '左', '巨人', 3, 1, 2, 2, 4, 2, 1, 131, 'スライダー', 76.5, 44.4, 'ファウル', 3, 4, 14, 'S6');"
"INSERT INTO ballinfo VALUES ('2019-04-07', 2019040702, 'ＤｅＮＡ', '巨人', '井納 翔一', '右', 'ＤｅＮＡ', '吉川 尚輝', '左', '巨人', 3, 1, 2, 2, 5, 2, 2, 148, 'ストレート', 87.0, 88.8, 'ボール', 5, 5, 25, 'B19');"
"INSERT INTO ballinfo VALUES ('2019-04-07', 2019040702, 'ＤｅＮＡ', '巨人', '井納 翔一', '右', 'ＤｅＮＡ', '吉川 尚輝', '左', '巨人', 3, 1, 2, 2, 6, 3, 2, 145, 'ストレート', 66.0, 72.8, '二ゴロ', 4, 4, 19, 'S9');"
"INSERT INTO ballinfo VALUES ('2019-04-07', 2019040702, 'ＤｅＮＡ', '巨人', '井納 翔一', '右', 'ＤｅＮＡ', '坂本 勇人', '右', '巨人', 3, 1, 3, 3, 1, 0, 0, 132, 'フォーク', 71.5, 90.0, 'ボール', 5, 4, 24, 'B18');"
"INSERT INTO ballinfo VALUES ('2019-04-07', 2019040702, 'ＤｅＮＡ', '巨人', '井納 翔一', '右', 'ＤｅＮＡ', '坂本 勇人', '右', '巨人', 3, 1, 3, 3, 2, 1, 0, 133, 'フォーク', 74.5, 76.0, '見逃し', 4, 4, 19, 'S9');"
"INSERT INTO ballinfo VALUES ('2019-04-07', 2019040702, 'ＤｅＮＡ', '巨人', '井納 翔一', '右', 'ＤｅＮＡ', '坂本 勇人', '右', '巨人', 3, 1, 3, 3, 3, 1, 1, 131, 'スライダー', 55.5, 55.2, '中飛', 3, 3, 13, 'S5');"
"INSERT INTO ballinfo VALUES ('2019-04-07', 2019040702, 'ＤｅＮＡ', '巨人', '畠 世周', '右', '巨人', '神里 和毅', '左', 'ＤｅＮＡ', 3, 2, 1, 0, 1, 0, 0, 118, 'カーブ', 36.5, 13.2, 'ボール', 1, 2, 2, 'B2');"
"INSERT INTO ballinfo VALUES ('2019-04-07', 2019040702, 'ＤｅＮＡ', '巨人', '畠 世周', '右', '巨人', '神里 和毅', '左', 'ＤｅＮＡ', 3, 2, 1, 0, 2, 1, 0, 134, 'カットボール', 56.5, 47.6, '中２', 3, 3, 13, 'S5');"
"INSERT INTO ballinfo VALUES ('2019-04-07', 2019040702, 'ＤｅＮＡ', '巨人', '畠 世周', '右', '巨人', '柴田 竜拓', '左', 'ＤｅＮＡ', 3, 2, 2, 1, 1, 0, 0, 144, 'ストレート', 16.5, 71.2, 'ボール', 4, 1, 16, 'B10');"
"INSERT INTO ballinfo VALUES ('2019-04-07', 2019040702, 'ＤｅＮＡ', '巨人', '畠 世周', '右', '巨人', '柴田 竜拓', '左', 'ＤｅＮＡ', 3, 2, 2, 1, 2, 1, 0, 143, 'ストレート', 77.5, 86.4, 'ボール', 5, 4, 24, 'B18');"
"INSERT INTO ballinfo VALUES ('2019-04-07', 2019040702, 'ＤｅＮＡ', '巨人', '畠 世周', '右', '巨人', '柴田 竜拓', '左', 'ＤｅＮＡ', 3, 2, 2, 1, 3, 2, 0, 145, 'ストレート', 51.5, 57.2, '投犠打', 3, 3, 13, 'S5');"
"INSERT INTO ballinfo VALUES ('2019-04-07', 2019040702, 'ＤｅＮＡ', '巨人', '畠 世周', '右', '巨人', 'ソト', '右', 'ＤｅＮＡ', 3, 2, 3, 2, 1, 0, 0, 131, 'スライダー', 54.5, 68.0, '左飛', 4, 3, 18, 'S8');"
"INSERT INTO ballinfo VALUES ('2019-04-07', 2019040702, 'ＤｅＮＡ', '巨人', '畠 世周', '右', '巨人', '筒香 嘉智', '左', 'ＤｅＮＡ', 3, 2, 4, 2, 1, 0, 0, 150, 'ストレート', 87.0, 67.6, 'ボール', 4, 5, 20, 'B11');"
"INSERT INTO ballinfo VALUES ('2019-04-07', 2019040702, 'ＤｅＮＡ', '巨人', '畠 世周', '右', '巨人', '筒香 嘉智', '左', 'ＤｅＮＡ', 3, 2, 4, 2, 2, 1, 0, 129, 'チェンジアップ', 51.0, 64.4, '右安', 4, 3, 18, 'S8');"
"INSERT INTO ballinfo VALUES ('2019-04-07', 2019040702, 'ＤｅＮＡ', '巨人', '畠 世周', '右', '巨人', 'ロペス', '右', 'ＤｅＮＡ', 3, 2, 5, 3, 1, 0, 0, 135, 'カットボール', 76.5, 37.2, '左安', 2, 4, 9, 'S3');"
"INSERT INTO ballinfo VALUES ('2019-04-07', 2019040702, 'ＤｅＮＡ', '巨人', '井納 翔一', '右', 'ＤｅＮＡ', '丸 佳浩', '左', '巨人', 4, 1, 1, 1, 1, 0, 0, 146, 'ストレート', 24.5, 65.2, '見逃し', 4, 2, 17, 'S7');"
"INSERT INTO ballinfo VALUES ('2019-04-07', 2019040702, 'ＤｅＮＡ', '巨人', '井納 翔一', '右', 'ＤｅＮＡ', '丸 佳浩', '左', '巨人', 4, 1, 1, 1, 2, 0, 1, 132, 'スライダー', 55.0, 70.0, 'ファウル', 4, 3, 18, 'S8');"
"INSERT INTO ballinfo VALUES ('2019-04-07', 2019040702, 'ＤｅＮＡ', '巨人', '井納 翔一', '右', 'ＤｅＮＡ', '丸 佳浩', '左', '巨人', 4, 1, 1, 1, 3, 0, 2, 146, 'ストレート', 77.0, 51.6, 'ファウル', 3, 4, 14, 'S6');"
"INSERT INTO ballinfo VALUES ('2019-04-07', 2019040702, 'ＤｅＮＡ', '巨人', '井納 翔一', '右', 'ＤｅＮＡ', '丸 佳浩', '左', '巨人', 4, 1, 1, 1, 4, 0, 3, 117, 'カーブ', 8.0, 31.2, 'ボール', 2, 1, 6, 'B6');"
"INSERT INTO ballinfo VALUES ('2019-04-07', 2019040702, 'ＤｅＮＡ', '巨人', '井納 翔一', '右', 'ＤｅＮＡ', '丸 佳浩', '左', '巨人', 4, 1, 1, 1, 5, 1, 3, 134, 'フォーク', 37.0, 10.4, 'ボール', 1, 2, 2, 'B2');"
"INSERT INTO ballinfo VALUES ('2019-04-07', 2019040702, 'ＤｅＮＡ', '巨人', '井納 翔一', '右', 'ＤｅＮＡ', '丸 佳浩', '左', '巨人', 4, 1, 1, 1, 6, 2, 3, 133, 'フォーク', 71.0, 85.2, '一ゴロ', 5, 4, 24, 'B18');"
"INSERT INTO ballinfo VALUES ('2019-04-07', 2019040702, 'ＤｅＮＡ', '巨人', '井納 翔一', '右', 'ＤｅＮＡ', '岡本 和真', '右', '巨人', 4, 1, 2, 2, 1, 0, 0, 142, 'ストレート', 37.0, 67.2, 'ファウル', 4, 2, 17, 'S7');"
"INSERT INTO ballinfo VALUES ('2019-04-07', 2019040702, 'ＤｅＮＡ', '巨人', '井納 翔一', '右', 'ＤｅＮＡ', '岡本 和真', '右', '巨人', 4, 1, 2, 2, 2, 0, 1, 145, 'ストレート', 66.5, 57.2, '見逃し', 3, 4, 14, 'S6');"
"INSERT INTO ballinfo VALUES ('2019-04-07', 2019040702, 'ＤｅＮＡ', '巨人', '井納 翔一', '右', 'ＤｅＮＡ', '岡本 和真', '右', '巨人', 4, 1, 2, 2, 3, 0, 2, 131, 'スライダー', 89.5, 86.4, 'ボール', 5, 5, 25, 'B19');"
"INSERT INTO ballinfo VALUES ('2019-04-07', 2019040702, 'ＤｅＮＡ', '巨人', '井納 翔一', '右', 'ＤｅＮＡ', '岡本 和真', '右', '巨人', 4, 1, 2, 2, 4, 1, 2, 131, 'フォーク', 33.5, 75.2, 'ファウル', 4, 2, 17, 'S7');"
"INSERT INTO ballinfo VALUES ('2019-04-07', 2019040702, 'ＤｅＮＡ', '巨人', '井納 翔一', '右', 'ＤｅＮＡ', '岡本 和真', '右', '巨人', 4, 1, 2, 2, 5, 1, 3, 144, 'ストレート', 75.5, 37.2, '中飛', 2, 4, 9, 'S3');"
"INSERT INTO ballinfo VALUES ('2019-04-07', 2019040702, 'ＤｅＮＡ', '巨人', '井納 翔一', '右', 'ＤｅＮＡ', '亀井 善行', '左', '巨人', 4, 1, 3, 2, 1, 0, 0, 128, 'スライダー', 47.0, 64.4, '右安', 4, 3, 18, 'S8');"
"INSERT INTO ballinfo VALUES ('2019-04-07', 2019040702, 'ＤｅＮＡ', '巨人', '井納 翔一', '右', 'ＤｅＮＡ', 'ゲレーロ', '右', '巨人', 4, 1, 4, 3, 1, 0, 0, 131, 'スライダー', 57.0, 66.4, '空振り', 4, 3, 18, 'S8');"
"INSERT INTO ballinfo VALUES ('2019-04-07', 2019040702, 'ＤｅＮＡ', '巨人', '井納 翔一', '右', 'ＤｅＮＡ', 'ゲレーロ', '右', '巨人', 4, 1, 4, 3, 2, 0, 1, 143, 'ストレート', 67.0, 57.6, '見逃し', 3, 4, 14, 'S6');"
"INSERT INTO ballinfo VALUES ('2019-04-07', 2019040702, 'ＤｅＮＡ', '巨人', '井納 翔一', '右', 'ＤｅＮＡ', 'ゲレーロ', '右', '巨人', 4, 1, 4, 3, 3, 0, 2, 0, 'ストレート', 66.5, 15.6, '二直', 1, 4, 4, 'B4');"
"INSERT INTO ballinfo VALUES ('2019-04-07', 2019040702, 'ＤｅＮＡ', '巨人', '畠 世周', '右', '巨人', '宮崎 敏郎', '右', 'ＤｅＮＡ', 4, 2, 1, 1, 1, 0, 0, 150, 'ストレート', 85.5, 31.6, 'ボール', 2, 5, 10, 'B7');"
"INSERT INTO ballinfo VALUES ('2019-04-07', 2019040702, 'ＤｅＮＡ', '巨人', '畠 世周', '右', '巨人', '宮崎 敏郎', '右', 'ＤｅＮＡ', 4, 2, 1, 1, 2, 1, 0, 146, 'ストレート', 51.5, 87.6, 'ボール', 5, 3, 23, 'B17');"
"INSERT INTO ballinfo VALUES ('2019-04-07', 2019040702, 'ＤｅＮＡ', '巨人', '畠 世周', '右', '巨人', '宮崎 敏郎', '右', 'ＤｅＮＡ', 4, 2, 1, 1, 3, 2, 0, 148, 'ストレート', 55.5, 83.2, '二ゴロ', 5, 3, 23, 'B17');"
"INSERT INTO ballinfo VALUES ('2019-04-07', 2019040702, 'ＤｅＮＡ', '巨人', '畠 世周', '右', '巨人', '伊藤 光', '右', 'ＤｅＮＡ', 4, 2, 2, 2, 1, 0, 0, 147, 'ストレート', 15.0, 12.0, 'ボール', 1, 1, 1, 'B1');"
"INSERT INTO ballinfo VALUES ('2019-04-07', 2019040702, 'ＤｅＮＡ', '巨人', '畠 世周', '右', '巨人', '伊藤 光', '右', 'ＤｅＮＡ', 4, 2, 2, 2, 2, 1, 0, 148, 'ストレート', 68.5, 53.6, '中飛', 3, 4, 14, 'S6');"
"INSERT INTO ballinfo VALUES ('2019-04-07', 2019040702, 'ＤｅＮＡ', '巨人', '畠 世周', '右', '巨人', '大和', '右', 'ＤｅＮＡ', 4, 2, 3, 3, 1, 0, 0, 148, 'ストレート', 45.0, 25.2, '見逃し', 2, 3, 8, 'S2');"
"INSERT INTO ballinfo VALUES ('2019-04-07', 2019040702, 'ＤｅＮＡ', '巨人', '畠 世周', '右', '巨人', '大和', '右', 'ＤｅＮＡ', 4, 2, 3, 3, 2, 0, 1, 148, 'ストレート', 76.5, 37.2, '見逃し', 2, 4, 9, 'S3');"
"INSERT INTO ballinfo VALUES ('2019-04-07', 2019040702, 'ＤｅＮＡ', '巨人', '畠 世周', '右', '巨人', '大和', '右', 'ＤｅＮＡ', 4, 2, 3, 3, 3, 0, 2, 132, 'フォーク', 32.5, 91.6, '空三振', 5, 2, 22, 'B16');"
"INSERT INTO ballinfo VALUES ('2019-04-07', 2019040702, 'ＤｅＮＡ', '巨人', '井納 翔一', '右', 'ＤｅＮＡ', 'ビヤヌエバ', '右', '巨人', 5, 1, 1, 1, 1, 0, 0, 131, 'スライダー', 55.0, 65.6, 'ファウル', 4, 3, 18, 'S8');"
"INSERT INTO ballinfo VALUES ('2019-04-07', 2019040702, 'ＤｅＮＡ', '巨人', '井納 翔一', '右', 'ＤｅＮＡ', 'ビヤヌエバ', '右', '巨人', 5, 1, 1, 1, 2, 0, 1, 143, 'ストレート', 54.5, 10.8, 'ボール', 1, 3, 3, 'B3');"
"INSERT INTO ballinfo VALUES ('2019-04-07', 2019040702, 'ＤｅＮＡ', '巨人', '井納 翔一', '右', 'ＤｅＮＡ', 'ビヤヌエバ', '右', '巨人', 5, 1, 1, 1, 3, 1, 1, 132, 'スライダー', 73.0, 85.2, 'ファウル', 5, 4, 24, 'B18');"
"INSERT INTO ballinfo VALUES ('2019-04-07', 2019040702, 'ＤｅＮＡ', '巨人', '井納 翔一', '右', 'ＤｅＮＡ', 'ビヤヌエバ', '右', '巨人', 5, 1, 1, 1, 4, 1, 2, 134, 'フォーク', 37.0, 70.0, '空三振', 4, 2, 17, 'S7');"
"INSERT INTO ballinfo VALUES ('2019-04-07', 2019040702, 'ＤｅＮＡ', '巨人', '井納 翔一', '右', 'ＤｅＮＡ', '小林 誠司', '右', '巨人', 5, 1, 2, 1, 1, 0, 0, 145, 'ストレート', 33.5, 15.2, 'ボール', 1, 2, 2, 'B2');"
"INSERT INTO ballinfo VALUES ('2019-04-07', 2019040702, 'ＤｅＮＡ', '巨人', '井納 翔一', '右', 'ＤｅＮＡ', '小林 誠司', '右', '巨人', 5, 1, 2, 1, 2, 1, 0, 132, 'スライダー', 37.0, 37.2, '見逃し', 2, 2, 7, 'S1');"
"INSERT INTO ballinfo VALUES ('2019-04-07', 2019040702, 'ＤｅＮＡ', '巨人', '井納 翔一', '右', 'ＤｅＮＡ', '小林 誠司', '右', '巨人', 5, 1, 2, 1, 3, 1, 1, 130, 'スライダー', 33.0, 85.2, '空振り', 5, 2, 22, 'B16');"
"INSERT INTO ballinfo VALUES ('2019-04-07', 2019040702, 'ＤｅＮＡ', '巨人', '井納 翔一', '右', 'ＤｅＮＡ', '小林 誠司', '右', '巨人', 5, 1, 2, 1, 4, 1, 2, 145, 'ストレート', 66.5, 46.0, '右安', 3, 4, 14, 'S6');"
"INSERT INTO ballinfo VALUES ('2019-04-07', 2019040702, 'ＤｅＮＡ', '巨人', '井納 翔一', '右', 'ＤｅＮＡ', '畠 世周', '左', '巨人', 5, 1, 3, 2, 1, 0, 0, 139, 'ストレート', 71.0, 56.0, 'ファウル', 3, 4, 14, 'S6');"
"INSERT INTO ballinfo VALUES ('2019-04-07', 2019040702, 'ＤｅＮＡ', '巨人', '井納 翔一', '右', 'ＤｅＮＡ', '畠 世周', '左', '巨人', 5, 1, 3, 2, 2, 0, 1, 140, 'ストレート', 51.5, 37.6, '投犠打', 2, 3, 8, 'S2');"
"INSERT INTO ballinfo VALUES ('2019-04-07', 2019040702, 'ＤｅＮＡ', '巨人', '井納 翔一', '右', 'ＤｅＮＡ', '吉川 尚輝', '左', '巨人', 5, 1, 4, 2, 1, 0, 0, 133, 'フォーク', 15.5, 15.6, 'ボール', 1, 1, 1, 'B1');"
"INSERT INTO ballinfo VALUES ('2019-04-07', 2019040702, 'ＤｅＮＡ', '巨人', '井納 翔一', '右', 'ＤｅＮＡ', '吉川 尚輝', '左', '巨人', 5, 1, 4, 2, 2, 1, 0, 132, 'フォーク', 13.0, 9.2, 'ボール', 1, 1, 1, 'B1');"
"INSERT INTO ballinfo VALUES ('2019-04-07', 2019040702, 'ＤｅＮＡ', '巨人', '井納 翔一', '右', 'ＤｅＮＡ', '吉川 尚輝', '左', '巨人', 5, 1, 4, 2, 3, 2, 0, 148, 'ストレート', 36.5, 35.6, '見逃し', 2, 2, 7, 'S1');"
"INSERT INTO ballinfo VALUES ('2019-04-07', 2019040702, 'ＤｅＮＡ', '巨人', '井納 翔一', '右', 'ＤｅＮＡ', '吉川 尚輝', '左', '巨人', 5, 1, 4, 2, 4, 2, 1, 134, 'フォーク', 32.0, 74.8, 'ファウル', 4, 2, 17, 'S7');"
"INSERT INTO ballinfo VALUES ('2019-04-07', 2019040702, 'ＤｅＮＡ', '巨人', '井納 翔一', '右', 'ＤｅＮＡ', '吉川 尚輝', '左', '巨人', 5, 1, 4, 2, 5, 2, 2, 132, 'フォーク', 34.5, 64.8, '左安', 4, 2, 17, 'S7');"
"INSERT INTO ballinfo VALUES ('2019-04-07', 2019040702, 'ＤｅＮＡ', '巨人', '井納 翔一', '右', 'ＤｅＮＡ', '坂本 勇人', '右', '巨人', 5, 1, 5, 2, 1, 0, 0, 147, 'ストレート', 53.5, 13.2, 'ボール', 1, 3, 3, 'B3');"
"INSERT INTO ballinfo VALUES ('2019-04-07', 2019040702, 'ＤｅＮＡ', '巨人', '井納 翔一', '右', 'ＤｅＮＡ', '坂本 勇人', '右', '巨人', 5, 1, 5, 2, 2, 1, 0, 131, 'フォーク', 51.5, 33.2, '見逃し', 2, 3, 8, 'S2');"
"INSERT INTO ballinfo VALUES ('2019-04-07', 2019040702, 'ＤｅＮＡ', '巨人', '井納 翔一', '右', 'ＤｅＮＡ', '坂本 勇人', '右', '巨人', 5, 1, 5, 2, 3, 1, 1, 133, 'スライダー', 93.0, 88.0, '空振り', 5, 5, 25, 'B19');"
"INSERT INTO ballinfo VALUES ('2019-04-07', 2019040702, 'ＤｅＮＡ', '巨人', '井納 翔一', '右', 'ＤｅＮＡ', '坂本 勇人', '右', '巨人', 5, 1, 5, 2, 4, 1, 2, 135, 'スライダー', 73.5, 91.2, 'ボール', 5, 4, 24, 'B18');"
"INSERT INTO ballinfo VALUES ('2019-04-07', 2019040702, 'ＤｅＮＡ', '巨人', '井納 翔一', '右', 'ＤｅＮＡ', '坂本 勇人', '右', '巨人', 5, 1, 5, 2, 5, 2, 2, 132, 'フォーク', 29.0, 47.6, 'ファウル', 3, 2, 12, 'S4');"
"INSERT INTO ballinfo VALUES ('2019-04-07', 2019040702, 'ＤｅＮＡ', '巨人', '井納 翔一', '右', 'ＤｅＮＡ', '坂本 勇人', '右', '巨人', 5, 1, 5, 2, 6, 2, 3, 148, 'ストレート', 76.5, 44.0, 'ファウル', 3, 4, 14, 'S6');"
"INSERT INTO ballinfo VALUES ('2019-04-07', 2019040702, 'ＤｅＮＡ', '巨人', '井納 翔一', '右', 'ＤｅＮＡ', '坂本 勇人', '右', '巨人', 5, 1, 5, 2, 7, 2, 4, 134, 'フォーク', 50.0, 85.6, 'ファウル', 5, 3, 23, 'B17');"
"INSERT INTO ballinfo VALUES ('2019-04-07', 2019040702, 'ＤｅＮＡ', '巨人', '井納 翔一', '右', 'ＤｅＮＡ', '坂本 勇人', '右', '巨人', 5, 1, 5, 2, 8, 2, 5, 148, 'ストレート', 25.5, 16.4, 'ボール', 1, 2, 2, 'B2');"
"INSERT INTO ballinfo VALUES ('2019-04-07', 2019040702, 'ＤｅＮＡ', '巨人', '井納 翔一', '右', 'ＤｅＮＡ', '坂本 勇人', '右', '巨人', 5, 1, 5, 2, 9, 3, 5, 136, 'フォーク', 13.5, 14.4, '四球', 1, 1, 1, 'B1');"
"INSERT INTO ballinfo VALUES ('2019-04-07', 2019040702, 'ＤｅＮＡ', '巨人', '井納 翔一', '右', 'ＤｅＮＡ', '丸 佳浩', '左', '巨人', 5, 1, 6, 3, 1, 0, 0, 133, 'スライダー', 33.0, 57.6, 'ファウル', 3, 2, 12, 'S4');"
"INSERT INTO ballinfo VALUES ('2019-04-07', 2019040702, 'ＤｅＮＡ', '巨人', '井納 翔一', '右', 'ＤｅＮＡ', '丸 佳浩', '左', '巨人', 5, 1, 6, 3, 2, 0, 1, 147, 'ストレート', 26.0, 65.2, '見逃し', 4, 2, 17, 'S7');"
"INSERT INTO ballinfo VALUES ('2019-04-07', 2019040702, 'ＤｅＮＡ', '巨人', '井納 翔一', '右', 'ＤｅＮＡ', '丸 佳浩', '左', '巨人', 5, 1, 6, 3, 3, 0, 2, 133, 'スライダー', 24.0, 89.2, 'ボール', 5, 2, 22, 'B16');"
"INSERT INTO ballinfo VALUES ('2019-04-07', 2019040702, 'ＤｅＮＡ', '巨人', '井納 翔一', '右', 'ＤｅＮＡ', '丸 佳浩', '左', '巨人', 5, 1, 6, 3, 4, 1, 2, 146, 'ストレート', 30.5, 75.6, '二ゴロ', 4, 2, 17, 'S7');"
"INSERT INTO ballinfo VALUES ('2019-04-07', 2019040702, 'ＤｅＮＡ', '巨人', '畠 世周', '右', '巨人', '梶谷 隆幸', '左', 'ＤｅＮＡ', 5, 2, 1, 1, 1, 0, 0, 124, 'スライダー', 52.5, 91.6, 'ボール', 5, 3, 23, 'B17');"
"INSERT INTO ballinfo VALUES ('2019-04-07', 2019040702, 'ＤｅＮＡ', '巨人', '畠 世周', '右', '巨人', '梶谷 隆幸', '左', 'ＤｅＮＡ', 5, 2, 1, 1, 2, 1, 0, 124, 'スライダー', 53.0, 76.4, '見逃し', 4, 3, 18, 'S8');"
"INSERT INTO ballinfo VALUES ('2019-04-07', 2019040702, 'ＤｅＮＡ', '巨人', '畠 世周', '右', '巨人', '梶谷 隆幸', '左', 'ＤｅＮＡ', 5, 2, 1, 1, 3, 1, 1, 130, 'チェンジアップ', 25.0, 73.2, '見逃し', 4, 2, 17, 'S7');"
"INSERT INTO ballinfo VALUES ('2019-04-07', 2019040702, 'ＤｅＮＡ', '巨人', '畠 世周', '右', '巨人', '梶谷 隆幸', '左', 'ＤｅＮＡ', 5, 2, 1, 1, 4, 1, 2, 148, 'ストレート', 16.5, 25.2, '三ゴロ', 2, 1, 6, 'B6');"
"INSERT INTO ballinfo VALUES ('2019-04-07', 2019040702, 'ＤｅＮＡ', '巨人', '畠 世周', '右', '巨人', '神里 和毅', '左', 'ＤｅＮＡ', 5, 2, 2, 1, 1, 0, 0, 147, 'ストレート', 51.0, 64.4, '右安', 4, 3, 18, 'S8');"
"INSERT INTO ballinfo VALUES ('2019-04-07', 2019040702, 'ＤｅＮＡ', '巨人', '畠 世周', '右', '巨人', '柴田 竜拓', '左', 'ＤｅＮＡ', 5, 2, 3, 1, 1, 0, 0, 146, 'ストレート', 35.0, 76.0, '見逃し', 4, 2, 17, 'S7');"
"INSERT INTO ballinfo VALUES ('2019-04-07', 2019040702, 'ＤｅＮＡ', '巨人', '畠 世周', '右', '巨人', '柴田 竜拓', '左', 'ＤｅＮＡ', 5, 2, 3, 1, 2, 0, 1, 146, 'ストレート', 14.5, 50.0, 'ボール', 3, 1, 11, 'B8');"
"INSERT INTO ballinfo VALUES ('2019-04-07', 2019040702, 'ＤｅＮＡ', '巨人', '畠 世周', '右', '巨人', '柴田 竜拓', '左', 'ＤｅＮＡ', 5, 2, 3, 1, 3, 1, 1, 146, 'ストレート', 89.5, 86.4, 'ボール', 5, 5, 25, 'B19');"
"INSERT INTO ballinfo VALUES ('2019-04-07', 2019040702, 'ＤｅＮＡ', '巨人', '畠 世周', '右', '巨人', '柴田 竜拓', '左', 'ＤｅＮＡ', 5, 2, 3, 1, 4, 2, 1, 134, 'カットボール', 64.5, 15.6, 'ボール', 1, 4, 4, 'B4');"
"INSERT INTO ballinfo VALUES ('2019-04-07', 2019040702, 'ＤｅＮＡ', '巨人', '畠 世周', '右', '巨人', '柴田 竜拓', '左', 'ＤｅＮＡ', 5, 2, 3, 1, 5, 3, 1, 136, 'カットボール', 86.5, 70.8, '四球', 4, 5, 20, 'B11');"
"INSERT INTO ballinfo VALUES ('2019-04-07', 2019040702, 'ＤｅＮＡ', '巨人', '畠 世周', '右', '巨人', 'ソト', '右', 'ＤｅＮＡ', 5, 2, 4, 1, 1, 0, 0, 148, 'ストレート', 31.5, 28.0, '見逃し', 2, 2, 7, 'S1');"
"INSERT INTO ballinfo VALUES ('2019-04-07', 2019040702, 'ＤｅＮＡ', '巨人', '畠 世周', '右', '巨人', 'ソト', '右', 'ＤｅＮＡ', 5, 2, 4, 1, 2, 0, 1, 145, 'ストレート', 89.5, 82.8, 'ボール', 5, 5, 25, 'B19');"
"INSERT INTO ballinfo VALUES ('2019-04-07', 2019040702, 'ＤｅＮＡ', '巨人', '畠 世周', '右', '巨人', 'ソト', '右', 'ＤｅＮＡ', 5, 2, 4, 1, 3, 1, 1, 147, 'ストレート', 32.5, 71.6, '左安', 4, 2, 17, 'S7');"
"INSERT INTO ballinfo VALUES ('2019-04-07', 2019040702, 'ＤｅＮＡ', '巨人', '戸根 千明', '左', '巨人', '筒香 嘉智', '左', 'ＤｅＮＡ', 5, 2, 5, 2, 1, 0, 0, 125, 'スライダー', 26.5, 74.0, '見逃し', 4, 2, 17, 'S7');"
"INSERT INTO ballinfo VALUES ('2019-04-07', 2019040702, 'ＤｅＮＡ', '巨人', '戸根 千明', '左', '巨人', '筒香 嘉智', '左', 'ＤｅＮＡ', 5, 2, 5, 2, 2, 0, 1, 147, 'ストレート', 56.5, 67.6, 'ファウル', 4, 3, 18, 'S8');"
"INSERT INTO ballinfo VALUES ('2019-04-07', 2019040702, 'ＤｅＮＡ', '巨人', '戸根 千明', '左', '巨人', '筒香 嘉智', '左', 'ＤｅＮＡ', 5, 2, 5, 2, 3, 0, 2, 147, 'ストレート', 11.5, 28.0, 'ボール', 2, 1, 6, 'B6');"
"INSERT INTO ballinfo VALUES ('2019-04-07', 2019040702, 'ＤｅＮＡ', '巨人', '戸根 千明', '左', '巨人', '筒香 嘉智', '左', 'ＤｅＮＡ', 5, 2, 5, 2, 4, 1, 2, 144, 'シュート', 75.5, 73.6, 'ファウル', 4, 4, 19, 'S9');"
"INSERT INTO ballinfo VALUES ('2019-04-07', 2019040702, 'ＤｅＮＡ', '巨人', '戸根 千明', '左', '巨人', '筒香 嘉智', '左', 'ＤｅＮＡ', 5, 2, 5, 2, 5, 1, 3, 146, 'ストレート', 71.5, 34.0, 'ファウル', 2, 4, 9, 'S3');"
"INSERT INTO ballinfo VALUES ('2019-04-07', 2019040702, 'ＤｅＮＡ', '巨人', '戸根 千明', '左', '巨人', '筒香 嘉智', '左', 'ＤｅＮＡ', 5, 2, 5, 2, 6, 1, 4, 126, 'スライダー', 71.5, 27.6, '空三振', 2, 4, 9, 'S3');"
"INSERT INTO ballinfo VALUES ('2019-04-07', 2019040702, 'ＤｅＮＡ', '巨人', '戸根 千明', '左', '巨人', 'ロペス', '右', 'ＤｅＮＡ', 5, 2, 6, 2, 1, 0, 0, 145, 'ストレート', 36.5, 71.2, '見逃し', 4, 2, 17, 'S7');"
"INSERT INTO ballinfo VALUES ('2019-04-07', 2019040702, 'ＤｅＮＡ', '巨人', '戸根 千明', '左', '巨人', 'ロペス', '右', 'ＤｅＮＡ', 5, 2, 6, 2, 2, 0, 1, 124, 'スライダー', 54.5, 56.0, '中安', 3, 3, 13, 'S5');"
"INSERT INTO ballinfo VALUES ('2019-04-07', 2019040702, 'ＤｅＮＡ', '巨人', '戸根 千明', '左', '巨人', '宮崎 敏郎', '右', 'ＤｅＮＡ', 5, 2, 7, 3, 1, 0, 0, 122, 'スライダー', 90.5, 53.2, 'ボール', 3, 5, 15, 'B9');"
"INSERT INTO ballinfo VALUES ('2019-04-07', 2019040702, 'ＤｅＮＡ', '巨人', '戸根 千明', '左', '巨人', '宮崎 敏郎', '右', 'ＤｅＮＡ', 5, 2, 7, 3, 2, 1, 0, 118, 'スライダー', 89.5, 33.2, 'ボール', 2, 5, 10, 'B7');"
"INSERT INTO ballinfo VALUES ('2019-04-07', 2019040702, 'ＤｅＮＡ', '巨人', '戸根 千明', '左', '巨人', '宮崎 敏郎', '右', 'ＤｅＮＡ', 5, 2, 7, 3, 3, 2, 0, 117, 'カーブ', 71.5, 70.0, '二ゴロ', 4, 4, 19, 'S9');"
"INSERT INTO ballinfo VALUES ('2019-04-07', 2019040702, 'ＤｅＮＡ', '巨人', '三上 朋也', '右', 'ＤｅＮＡ', '岡本 和真', '右', '巨人', 6, 1, 1, 1, 1, 0, 0, 145, 'ストレート', 71.5, 86.8, 'ボール', 5, 4, 24, 'B18');"
"INSERT INTO ballinfo VALUES ('2019-04-07', 2019040702, 'ＤｅＮＡ', '巨人', '三上 朋也', '右', 'ＤｅＮＡ', '岡本 和真', '右', '巨人', 6, 1, 1, 1, 2, 1, 0, 131, 'スライダー', 72.5, 94.0, '空振り', 5, 4, 24, 'B18');"
"INSERT INTO ballinfo VALUES ('2019-04-07', 2019040702, 'ＤｅＮＡ', '巨人', '三上 朋也', '右', 'ＤｅＮＡ', '岡本 和真', '右', '巨人', 6, 1, 1, 1, 3, 1, 1, 129, 'スライダー', 65.5, 90.8, 'ボール', 5, 4, 24, 'B18');"
"INSERT INTO ballinfo VALUES ('2019-04-07', 2019040702, 'ＤｅＮＡ', '巨人', '三上 朋也', '右', 'ＤｅＮＡ', '岡本 和真', '右', '巨人', 6, 1, 1, 1, 4, 2, 1, 148, 'ストレート', 56.5, 65.2, 'ファウル', 4, 3, 18, 'S8');"
"INSERT INTO ballinfo VALUES ('2019-04-07', 2019040702, 'ＤｅＮＡ', '巨人', '三上 朋也', '右', 'ＤｅＮＡ', '岡本 和真', '右', '巨人', 6, 1, 1, 1, 5, 2, 2, 131, 'スライダー', 71.0, 73.2, '空三振', 4, 4, 19, 'S9');"
"INSERT INTO ballinfo VALUES ('2019-04-07', 2019040702, 'ＤｅＮＡ', '巨人', '三上 朋也', '右', 'ＤｅＮＡ', '亀井 善行', '左', '巨人', 6, 1, 2, 2, 1, 0, 0, 140, 'シンカー', 49.5, 45.2, '見逃し', 3, 3, 13, 'S5');"
"INSERT INTO ballinfo VALUES ('2019-04-07', 2019040702, 'ＤｅＮＡ', '巨人', '三上 朋也', '右', 'ＤｅＮＡ', '亀井 善行', '左', '巨人', 6, 1, 2, 2, 2, 0, 1, 147, 'ストレート', 71.5, 16.8, 'ボール', 1, 4, 4, 'B4');"
"INSERT INTO ballinfo VALUES ('2019-04-07', 2019040702, 'ＤｅＮＡ', '巨人', '三上 朋也', '右', 'ＤｅＮＡ', '亀井 善行', '左', '巨人', 6, 1, 2, 2, 3, 1, 1, 131, 'スライダー', 49.5, 74.4, 'ファウル', 4, 3, 18, 'S8');"
"INSERT INTO ballinfo VALUES ('2019-04-07', 2019040702, 'ＤｅＮＡ', '巨人', '三上 朋也', '右', 'ＤｅＮＡ', '亀井 善行', '左', '巨人', 6, 1, 2, 2, 4, 1, 2, 150, 'ストレート', 30.5, 87.6, 'ファウル', 5, 2, 22, 'B16');"
"INSERT INTO ballinfo VALUES ('2019-04-07', 2019040702, 'ＤｅＮＡ', '巨人', '三上 朋也', '右', 'ＤｅＮＡ', '亀井 善行', '左', '巨人', 6, 1, 2, 2, 5, 1, 3, 149, 'ストレート', 56.5, 65.2, '一ゴロ', 4, 3, 18, 'S8');"
"INSERT INTO ballinfo VALUES ('2019-04-07', 2019040702, 'ＤｅＮＡ', '巨人', '三上 朋也', '右', 'ＤｅＮＡ', 'ゲレーロ', '右', '巨人', 6, 1, 3, 3, 1, 0, 0, 149, 'ストレート', 53.5, 16.8, '空振り', 1, 3, 3, 'B3');"
"INSERT INTO ballinfo VALUES ('2019-04-07', 2019040702, 'ＤｅＮＡ', '巨人', '三上 朋也', '右', 'ＤｅＮＡ', 'ゲレーロ', '右', '巨人', 6, 1, 3, 3, 2, 0, 1, 129, 'スライダー', 72.0, 91.6, 'ボール', 5, 4, 24, 'B18');"
"INSERT INTO ballinfo VALUES ('2019-04-07', 2019040702, 'ＤｅＮＡ', '巨人', '三上 朋也', '右', 'ＤｅＮＡ', 'ゲレーロ', '右', '巨人', 6, 1, 3, 3, 3, 1, 1, 126, 'スライダー', 45.0, 30.0, '見逃し', 2, 3, 8, 'S2');"
"INSERT INTO ballinfo VALUES ('2019-04-07', 2019040702, 'ＤｅＮＡ', '巨人', '三上 朋也', '右', 'ＤｅＮＡ', 'ゲレーロ', '右', '巨人', 6, 1, 3, 3, 4, 1, 2, 147, 'ストレート', 30.5, 15.6, 'ファウル', 1, 2, 2, 'B2');"
"INSERT INTO ballinfo VALUES ('2019-04-07', 2019040702, 'ＤｅＮＡ', '巨人', '三上 朋也', '右', 'ＤｅＮＡ', 'ゲレーロ', '右', '巨人', 6, 1, 3, 3, 5, 1, 3, 147, 'ストレート', 84.0, 71.6, 'ファウル', 4, 5, 20, 'B11');"
"INSERT INTO ballinfo VALUES ('2019-04-07', 2019040702, 'ＤｅＮＡ', '巨人', '三上 朋也', '右', 'ＤｅＮＡ', 'ゲレーロ', '右', '巨人', 6, 1, 3, 3, 6, 1, 4, 131, 'スライダー', 90.0, 90.4, 'ボール', 5, 5, 25, 'B19');"
"INSERT INTO ballinfo VALUES ('2019-04-07', 2019040702, 'ＤｅＮＡ', '巨人', '三上 朋也', '右', 'ＤｅＮＡ', 'ゲレーロ', '右', '巨人', 6, 1, 3, 3, 7, 2, 4, 130, 'スライダー', 74.5, 56.4, 'ファウル', 3, 4, 14, 'S6');"
"INSERT INTO ballinfo VALUES ('2019-04-07', 2019040702, 'ＤｅＮＡ', '巨人', '三上 朋也', '右', 'ＤｅＮＡ', 'ゲレーロ', '右', '巨人', 6, 1, 3, 3, 8, 2, 5, 149, 'ストレート', 46.5, 23.6, 'ファウル', 2, 3, 8, 'S2');"
"INSERT INTO ballinfo VALUES ('2019-04-07', 2019040702, 'ＤｅＮＡ', '巨人', '三上 朋也', '右', 'ＤｅＮＡ', 'ゲレーロ', '右', '巨人', 6, 1, 3, 3, 9, 2, 6, 130, 'スライダー', 67.5, 55.6, 'ファウル', 3, 4, 14, 'S6');"
"INSERT INTO ballinfo VALUES ('2019-04-07', 2019040702, 'ＤｅＮＡ', '巨人', '三上 朋也', '右', 'ＤｅＮＡ', 'ゲレーロ', '右', '巨人', 6, 1, 3, 3, 10, 2, 7, 143, 'ストレート', 32.0, 9.6, 'ファウル', 1, 2, 2, 'B2');"
"INSERT INTO ballinfo VALUES ('2019-04-07', 2019040702, 'ＤｅＮＡ', '巨人', '三上 朋也', '右', 'ＤｅＮＡ', 'ゲレーロ', '右', '巨人', 6, 1, 3, 3, 11, 2, 8, 127, 'スライダー', 67.5, 72.4, '三ゴロ', 4, 4, 19, 'S9');"
"INSERT INTO ballinfo VALUES ('2019-04-07', 2019040702, 'ＤｅＮＡ', '巨人', '桜井 俊貴', '右', '巨人', '伊藤 光', '右', 'ＤｅＮＡ', 6, 2, 1, 1, 1, 0, 0, 138, 'ストレート', 36.5, 44.8, '見逃し', 3, 2, 12, 'S4');"
"INSERT INTO ballinfo VALUES ('2019-04-07', 2019040702, 'ＤｅＮＡ', '巨人', '桜井 俊貴', '右', '巨人', '伊藤 光', '右', 'ＤｅＮＡ', 6, 2, 1, 1, 2, 0, 1, 112, 'カーブ', 91.0, 92.8, 'ボール', 5, 5, 25, 'B19');"
"INSERT INTO ballinfo VALUES ('2019-04-07', 2019040702, 'ＤｅＮＡ', '巨人', '桜井 俊貴', '右', '巨人', '伊藤 光', '右', 'ＤｅＮＡ', 6, 2, 1, 1, 3, 1, 1, 143, 'ストレート', 66.0, 57.2, '中飛', 3, 4, 14, 'S6');"
"INSERT INTO ballinfo VALUES ('2019-04-07', 2019040702, 'ＤｅＮＡ', '巨人', '桜井 俊貴', '右', '巨人', '大和', '右', 'ＤｅＮＡ', 6, 2, 2, 2, 1, 0, 0, 143, 'ストレート', 56.5, 14.8, 'ボール', 1, 3, 3, 'B3');"
"INSERT INTO ballinfo VALUES ('2019-04-07', 2019040702, 'ＤｅＮＡ', '巨人', '桜井 俊貴', '右', '巨人', '大和', '右', 'ＤｅＮＡ', 6, 2, 2, 2, 2, 1, 0, 137, 'カットボール', 57.0, 56.8, '三ゴロ', 3, 3, 13, 'S5');"
"INSERT INTO ballinfo VALUES ('2019-04-07', 2019040702, 'ＤｅＮＡ', '巨人', '桜井 俊貴', '右', '巨人', '楠本 泰史', '左', 'ＤｅＮＡ', 6, 2, 3, 3, 1, 0, 0, 114, 'カーブ', 48.5, 72.0, '見逃し', 4, 3, 18, 'S8');"
"INSERT INTO ballinfo VALUES ('2019-04-07', 2019040702, 'ＤｅＮＡ', '巨人', '桜井 俊貴', '右', '巨人', '楠本 泰史', '左', 'ＤｅＮＡ', 6, 2, 3, 3, 2, 0, 1, 113, 'カーブ', 35.0, 88.0, 'ファウル', 5, 2, 22, 'B16');"
"INSERT INTO ballinfo VALUES ('2019-04-07', 2019040702, 'ＤｅＮＡ', '巨人', '桜井 俊貴', '右', '巨人', '楠本 泰史', '左', 'ＤｅＮＡ', 6, 2, 3, 3, 3, 0, 2, 130, 'チェンジアップ', 26.5, 25.6, '空三振', 2, 2, 7, 'S1');"
"INSERT INTO ballinfo VALUES ('2019-04-07', 2019040702, 'ＤｅＮＡ', '巨人', 'エスコバー', '左', 'ＤｅＮＡ', 'ビヤヌエバ', '右', '巨人', 7, 1, 1, 1, 1, 0, 0, 151, 'ストレート', 39.0, 26.4, '見逃し', 2, 2, 7, 'S1');"
"INSERT INTO ballinfo VALUES ('2019-04-07', 2019040702, 'ＤｅＮＡ', '巨人', 'エスコバー', '左', 'ＤｅＮＡ', 'ビヤヌエバ', '右', '巨人', 7, 1, 1, 1, 2, 0, 1, 152, 'ストレート', 31.5, 50.0, '空振り', 3, 2, 12, 'S4');"
"INSERT INTO ballinfo VALUES ('2019-04-07', 2019040702, 'ＤｅＮＡ', '巨人', 'エスコバー', '左', 'ＤｅＮＡ', 'ビヤヌエバ', '右', '巨人', 7, 1, 1, 1, 3, 0, 2, 153, 'ストレート', 32.0, 15.6, 'ボール', 1, 2, 2, 'B2');"
"INSERT INTO ballinfo VALUES ('2019-04-07', 2019040702, 'ＤｅＮＡ', '巨人', 'エスコバー', '左', 'ＤｅＮＡ', 'ビヤヌエバ', '右', '巨人', 7, 1, 1, 1, 4, 1, 2, 154, 'ストレート', 33.5, 44.0, 'ファウル', 3, 2, 12, 'S4');"
"INSERT INTO ballinfo VALUES ('2019-04-07', 2019040702, 'ＤｅＮＡ', '巨人', 'エスコバー', '左', 'ＤｅＮＡ', 'ビヤヌエバ', '右', '巨人', 7, 1, 1, 1, 5, 1, 3, 154, 'ストレート', 71.5, 16.8, 'ファウル', 1, 4, 4, 'B4');"
"INSERT INTO ballinfo VALUES ('2019-04-07', 2019040702, 'ＤｅＮＡ', '巨人', 'エスコバー', '左', 'ＤｅＮＡ', 'ビヤヌエバ', '右', '巨人', 7, 1, 1, 1, 6, 1, 4, 155, 'ストレート', 57.0, 51.6, '空三振', 3, 3, 13, 'S5');"
"INSERT INTO ballinfo VALUES ('2019-04-07', 2019040702, 'ＤｅＮＡ', '巨人', 'エスコバー', '左', 'ＤｅＮＡ', '陽 岱鋼', '右', '巨人', 7, 1, 2, 1, 1, 0, 0, 154, 'ストレート', 69.5, 45.2, '空振り', 3, 4, 14, 'S6');"
"INSERT INTO ballinfo VALUES ('2019-04-07', 2019040702, 'ＤｅＮＡ', '巨人', 'エスコバー', '左', 'ＤｅＮＡ', '陽 岱鋼', '右', '巨人', 7, 1, 2, 1, 2, 0, 1, 154, 'ストレート', 34.5, 14.4, 'ボール', 1, 2, 2, 'B2');"
"INSERT INTO ballinfo VALUES ('2019-04-07', 2019040702, 'ＤｅＮＡ', '巨人', 'エスコバー', '左', 'ＤｅＮＡ', '陽 岱鋼', '右', '巨人', 7, 1, 2, 1, 3, 1, 1, 134, 'スライダー', 49.5, 90.8, '空振り', 5, 3, 23, 'B17');"
"INSERT INTO ballinfo VALUES ('2019-04-07', 2019040702, 'ＤｅＮＡ', '巨人', 'エスコバー', '左', 'ＤｅＮＡ', '陽 岱鋼', '右', '巨人', 7, 1, 2, 1, 4, 1, 2, 154, 'ストレート', 75.0, 55.6, '右２', 3, 4, 14, 'S6');"
"INSERT INTO ballinfo VALUES ('2019-04-07', 2019040702, 'ＤｅＮＡ', '巨人', 'エスコバー', '左', 'ＤｅＮＡ', '中島 宏之', '右', '巨人', 7, 1, 3, 2, 1, 0, 0, 154, 'ストレート', 29.5, 87.2, 'ファウル', 5, 2, 22, 'B16');"
"INSERT INTO ballinfo VALUES ('2019-04-07', 2019040702, 'ＤｅＮＡ', '巨人', 'エスコバー', '左', 'ＤｅＮＡ', '中島 宏之', '右', '巨人', 7, 1, 3, 2, 2, 0, 1, 138, 'スライダー', 31.5, 93.6, 'ボール', 5, 2, 22, 'B16');"
"INSERT INTO ballinfo VALUES ('2019-04-07', 2019040702, 'ＤｅＮＡ', '巨人', 'エスコバー', '左', 'ＤｅＮＡ', '中島 宏之', '右', '巨人', 7, 1, 3, 2, 3, 1, 1, 158, 'ストレート', 14.5, 45.6, 'ボール', 3, 1, 11, 'B8');"
"INSERT INTO ballinfo VALUES ('2019-04-07', 2019040702, 'ＤｅＮＡ', '巨人', 'エスコバー', '左', 'ＤｅＮＡ', '中島 宏之', '右', '巨人', 7, 1, 3, 2, 4, 2, 1, 152, 'ストレート', 88.5, 33.2, 'ボール', 2, 5, 10, 'B7');"
"INSERT INTO ballinfo VALUES ('2019-04-07', 2019040702, 'ＤｅＮＡ', '巨人', 'エスコバー', '左', 'ＤｅＮＡ', '中島 宏之', '右', '巨人', 7, 1, 3, 2, 5, 3, 1, 154, 'ストレート', 55.5, 17.2, 'ファウル', 1, 3, 3, 'B3');"
"INSERT INTO ballinfo VALUES ('2019-04-07', 2019040702, 'ＤｅＮＡ', '巨人', 'エスコバー', '左', 'ＤｅＮＡ', '中島 宏之', '右', '巨人', 7, 1, 3, 2, 6, 3, 2, 154, 'ストレート', 55.5, 37.2, 'ファウル', 2, 3, 8, 'S2');"
"INSERT INTO ballinfo VALUES ('2019-04-07', 2019040702, 'ＤｅＮＡ', '巨人', 'エスコバー', '左', 'ＤｅＮＡ', '中島 宏之', '右', '巨人', 7, 1, 3, 2, 7, 3, 3, 153, 'ストレート', 86.5, 50.8, '空三振', 3, 5, 15, 'B9');"
"INSERT INTO ballinfo VALUES ('2019-04-07', 2019040702, 'ＤｅＮＡ', '巨人', 'エスコバー', '左', 'ＤｅＮＡ', '吉川 尚輝', '左', '巨人', 7, 1, 4, 2, 1, 0, 0, 138, 'スライダー', 73.0, 72.4, '見逃し', 4, 4, 19, 'S9');"
"INSERT INTO ballinfo VALUES ('2019-04-07', 2019040702, 'ＤｅＮＡ', '巨人', 'エスコバー', '左', 'ＤｅＮＡ', '吉川 尚輝', '左', '巨人', 7, 1, 4, 2, 2, 0, 1, 156, 'ストレート', 65.5, 67.6, '二安', 4, 4, 19, 'S9');"
"INSERT INTO ballinfo VALUES ('2019-04-07', 2019040702, 'ＤｅＮＡ', '巨人', 'エスコバー', '左', 'ＤｅＮＡ', '坂本 勇人', '右', '巨人', 7, 1, 5, 3, 1, 0, 0, 156, 'ストレート', 14.5, 13.2, 'ボール', 1, 1, 1, 'B1');"
"INSERT INTO ballinfo VALUES ('2019-04-07', 2019040702, 'ＤｅＮＡ', '巨人', '吉川 光夫', '左', '巨人', '神里 和毅', '左', 'ＤｅＮＡ', 7, 2, 1, 1, 1, 0, 0, 144, 'ストレート', 75.5, 15.2, 'ボール', 1, 4, 4, 'B4');"
"INSERT INTO ballinfo VALUES ('2019-04-07', 2019040702, 'ＤｅＮＡ', '巨人', '吉川 光夫', '左', '巨人', '神里 和毅', '左', 'ＤｅＮＡ', 7, 2, 1, 1, 2, 1, 0, 146, 'ストレート', 50.0, 77.2, 'ファウル', 4, 3, 18, 'S8');"
"INSERT INTO ballinfo VALUES ('2019-04-07', 2019040702, 'ＤｅＮＡ', '巨人', '吉川 光夫', '左', '巨人', '神里 和毅', '左', 'ＤｅＮＡ', 7, 2, 1, 1, 3, 1, 1, 148, 'ストレート', 27.0, 73.2, '見逃し', 4, 2, 17, 'S7');"
"INSERT INTO ballinfo VALUES ('2019-04-07', 2019040702, 'ＤｅＮＡ', '巨人', '吉川 光夫', '左', '巨人', '神里 和毅', '左', 'ＤｅＮＡ', 7, 2, 1, 1, 4, 1, 2, 149, 'ストレート', 9.0, 72.0, 'ボール', 4, 1, 16, 'B10');"
"INSERT INTO ballinfo VALUES ('2019-04-07', 2019040702, 'ＤｅＮＡ', '巨人', '吉川 光夫', '左', '巨人', '神里 和毅', '左', 'ＤｅＮＡ', 7, 2, 1, 1, 5, 2, 2, 122, 'カーブ', 52.5, 68.8, '投直', 4, 3, 18, 'S8');"
"INSERT INTO ballinfo VALUES ('2019-04-07', 2019040702, 'ＤｅＮＡ', '巨人', '吉川 光夫', '左', '巨人', '柴田 竜拓', '左', 'ＤｅＮＡ', 7, 2, 2, 2, 1, 0, 0, 148, 'ストレート', 25.5, 12.4, 'ボール', 1, 2, 2, 'B2');"
"INSERT INTO ballinfo VALUES ('2019-04-07', 2019040702, 'ＤｅＮＡ', '巨人', '吉川 光夫', '左', '巨人', '柴田 竜拓', '左', 'ＤｅＮＡ', 7, 2, 2, 2, 2, 1, 0, 114, 'カーブ', 36.0, 45.6, '見逃し', 3, 2, 12, 'S4');"
"INSERT INTO ballinfo VALUES ('2019-04-07', 2019040702, 'ＤｅＮＡ', '巨人', '吉川 光夫', '左', '巨人', '柴田 竜拓', '左', 'ＤｅＮＡ', 7, 2, 2, 2, 3, 1, 1, 148, 'ストレート', 29.5, 44.4, 'ファウル', 3, 2, 12, 'S4');"
"INSERT INTO ballinfo VALUES ('2019-04-07', 2019040702, 'ＤｅＮＡ', '巨人', '吉川 光夫', '左', '巨人', '柴田 竜拓', '左', 'ＤｅＮＡ', 7, 2, 2, 2, 4, 1, 2, 148, 'ストレート', 27.0, 77.6, '見三振', 4, 2, 17, 'S7');"
"INSERT INTO ballinfo VALUES ('2019-04-07', 2019040702, 'ＤｅＮＡ', '巨人', '吉川 光夫', '左', '巨人', 'ソト', '右', 'ＤｅＮＡ', 7, 2, 3, 3, 1, 0, 0, 148, 'ストレート', 36.0, 37.2, '空振り', 2, 2, 7, 'S1');"
"INSERT INTO ballinfo VALUES ('2019-04-07', 2019040702, 'ＤｅＮＡ', '巨人', '吉川 光夫', '左', '巨人', 'ソト', '右', 'ＤｅＮＡ', 7, 2, 3, 3, 2, 0, 1, 149, 'ストレート', 32.5, 17.2, 'ボール', 1, 2, 2, 'B2');"
"INSERT INTO ballinfo VALUES ('2019-04-07', 2019040702, 'ＤｅＮＡ', '巨人', '吉川 光夫', '左', '巨人', 'ソト', '右', 'ＤｅＮＡ', 7, 2, 3, 3, 3, 1, 1, 150, 'ストレート', 26.5, 13.2, 'ファウル', 1, 2, 2, 'B2');"
"INSERT INTO ballinfo VALUES ('2019-04-07', 2019040702, 'ＤｅＮＡ', '巨人', '吉川 光夫', '左', '巨人', 'ソト', '右', 'ＤｅＮＡ', 7, 2, 3, 3, 4, 1, 2, 148, 'ストレート', 15.0, 87.2, 'ボール', 5, 1, 21, 'B15');"
"INSERT INTO ballinfo VALUES ('2019-04-07', 2019040702, 'ＤｅＮＡ', '巨人', '吉川 光夫', '左', '巨人', 'ソト', '右', 'ＤｅＮＡ', 7, 2, 3, 3, 5, 2, 2, 149, 'ストレート', 56.0, 11.6, 'ファウル', 1, 3, 3, 'B3');"
"INSERT INTO ballinfo VALUES ('2019-04-07', 2019040702, 'ＤｅＮＡ', '巨人', '吉川 光夫', '左', '巨人', 'ソト', '右', 'ＤｅＮＡ', 7, 2, 3, 3, 6, 2, 3, 149, 'ストレート', 32.5, 74.0, 'ファウル', 4, 2, 17, 'S7');"
"INSERT INTO ballinfo VALUES ('2019-04-07', 2019040702, 'ＤｅＮＡ', '巨人', '吉川 光夫', '左', '巨人', 'ソト', '右', 'ＤｅＮＡ', 7, 2, 3, 3, 7, 2, 4, 115, 'カーブ', 86.5, 51.6, 'ボール', 3, 5, 15, 'B9');"
"INSERT INTO ballinfo VALUES ('2019-04-07', 2019040702, 'ＤｅＮＡ', '巨人', '吉川 光夫', '左', '巨人', 'ソト', '右', 'ＤｅＮＡ', 7, 2, 3, 3, 8, 3, 4, 149, 'ストレート', 57.5, 75.2, '一飛', 4, 3, 18, 'S8');"
"INSERT INTO ballinfo VALUES ('2019-04-07', 2019040702, 'ＤｅＮＡ', '巨人', '三嶋 一輝', '右', 'ＤｅＮＡ', '坂本 勇人', '右', '巨人', 8, 1, 1, 1, 1, 0, 0, 137, 'スライダー', 71.0, 86.0, 'ボール', 5, 4, 24, 'B18');"
"INSERT INTO ballinfo VALUES ('2019-04-07', 2019040702, 'ＤｅＮＡ', '巨人', '三嶋 一輝', '右', 'ＤｅＮＡ', '坂本 勇人', '右', '巨人', 8, 1, 1, 1, 2, 1, 0, 136, 'スライダー', 76.0, 45.6, '見逃し', 3, 4, 14, 'S6');"
"INSERT INTO ballinfo VALUES ('2019-04-07', 2019040702, 'ＤｅＮＡ', '巨人', '三嶋 一輝', '右', 'ＤｅＮＡ', '坂本 勇人', '右', '巨人', 8, 1, 1, 1, 3, 1, 1, 148, 'ストレート', 28.0, 49.2, 'ファウル', 3, 2, 12, 'S4');"
"INSERT INTO ballinfo VALUES ('2019-04-07', 2019040702, 'ＤｅＮＡ', '巨人', '三嶋 一輝', '右', 'ＤｅＮＡ', '坂本 勇人', '右', '巨人', 8, 1, 1, 1, 4, 1, 2, 137, 'スライダー', 73.0, 92.8, 'ボール', 5, 4, 24, 'B18');"
"INSERT INTO ballinfo VALUES ('2019-04-07', 2019040702, 'ＤｅＮＡ', '巨人', '三嶋 一輝', '右', 'ＤｅＮＡ', '坂本 勇人', '右', '巨人', 8, 1, 1, 1, 5, 2, 2, 137, 'スライダー', 33.5, 87.6, '空三振', 5, 2, 22, 'B16');"
"INSERT INTO ballinfo VALUES ('2019-04-07', 2019040702, 'ＤｅＮＡ', '巨人', '三嶋 一輝', '右', 'ＤｅＮＡ', '丸 佳浩', '左', '巨人', 8, 1, 2, 1, 1, 0, 0, 149, 'ストレート', 9.5, 70.8, 'ボール', 4, 1, 16, 'B10');"
"INSERT INTO ballinfo VALUES ('2019-04-07', 2019040702, 'ＤｅＮＡ', '巨人', '三嶋 一輝', '右', 'ＤｅＮＡ', '丸 佳浩', '左', '巨人', 8, 1, 2, 1, 2, 1, 0, 136, 'スライダー', 73.0, 91.2, 'ボール', 5, 4, 24, 'B18');"
"INSERT INTO ballinfo VALUES ('2019-04-07', 2019040702, 'ＤｅＮＡ', '巨人', '三嶋 一輝', '右', 'ＤｅＮＡ', '丸 佳浩', '左', '巨人', 8, 1, 2, 1, 3, 2, 0, 148, 'ストレート', 14.0, 14.0, 'ボール', 1, 1, 1, 'B1');"
"INSERT INTO ballinfo VALUES ('2019-04-07', 2019040702, 'ＤｅＮＡ', '巨人', '三嶋 一輝', '右', 'ＤｅＮＡ', '丸 佳浩', '左', '巨人', 8, 1, 2, 1, 4, 3, 0, 147, 'ストレート', 25.5, 25.2, '見逃し', 2, 2, 7, 'S1');"
"INSERT INTO ballinfo VALUES ('2019-04-07', 2019040702, 'ＤｅＮＡ', '巨人', '三嶋 一輝', '右', 'ＤｅＮＡ', '丸 佳浩', '左', '巨人', 8, 1, 2, 1, 5, 3, 1, 148, 'ストレート', 55.5, 27.2, '見逃し', 2, 3, 8, 'S2');"
"INSERT INTO ballinfo VALUES ('2019-04-07', 2019040702, 'ＤｅＮＡ', '巨人', '三嶋 一輝', '右', 'ＤｅＮＡ', '丸 佳浩', '左', '巨人', 8, 1, 2, 1, 6, 3, 2, 150, 'ストレート', 51.0, 55.2, 'ファウル', 3, 3, 13, 'S5');"
"INSERT INTO ballinfo VALUES ('2019-04-07', 2019040702, 'ＤｅＮＡ', '巨人', '三嶋 一輝', '右', 'ＤｅＮＡ', '丸 佳浩', '左', '巨人', 8, 1, 2, 1, 7, 3, 3, 136, 'スライダー', 69.5, 70.8, 'ファウル', 4, 4, 19, 'S9');"
"INSERT INTO ballinfo VALUES ('2019-04-07', 2019040702, 'ＤｅＮＡ', '巨人', '三嶋 一輝', '右', 'ＤｅＮＡ', '丸 佳浩', '左', '巨人', 8, 1, 2, 1, 8, 3, 4, 150, 'ストレート', 36.5, 12.8, '四球', 1, 2, 2, 'B2');"
"INSERT INTO ballinfo VALUES ('2019-04-07', 2019040702, 'ＤｅＮＡ', '巨人', '三嶋 一輝', '右', 'ＤｅＮＡ', '岡本 和真', '右', '巨人', 8, 1, 3, 3, 1, 0, 0, 137, 'スライダー', 74.5, 35.2, '遊併打', 2, 4, 9, 'S3');"
"INSERT INTO ballinfo VALUES ('2019-04-07', 2019040702, 'ＤｅＮＡ', '巨人', '中川 皓太', '左', '巨人', '筒香 嘉智', '左', 'ＤｅＮＡ', 8, 2, 1, 1, 1, 0, 0, 146, 'ストレート', 35.5, 73.2, '投ゴロ', 4, 2, 17, 'S7');"
"INSERT INTO ballinfo VALUES ('2019-04-07', 2019040702, 'ＤｅＮＡ', '巨人', '中川 皓太', '左', '巨人', 'ロペス', '右', 'ＤｅＮＡ', 8, 2, 2, 2, 1, 0, 0, 127, 'スライダー', 36.0, 76.4, '見逃し', 4, 2, 17, 'S7');"
"INSERT INTO ballinfo VALUES ('2019-04-07', 2019040702, 'ＤｅＮＡ', '巨人', '中川 皓太', '左', '巨人', 'ロペス', '右', 'ＤｅＮＡ', 8, 2, 2, 2, 2, 0, 1, 148, 'ストレート', 56.5, 29.2, 'ファウル', 2, 3, 8, 'S2');"
"INSERT INTO ballinfo VALUES ('2019-04-07', 2019040702, 'ＤｅＮＡ', '巨人', '中川 皓太', '左', '巨人', 'ロペス', '右', 'ＤｅＮＡ', 8, 2, 2, 2, 3, 0, 2, 144, 'ストレート', 34.5, 16.4, '三ゴロ', 1, 2, 2, 'B2');"
"INSERT INTO ballinfo VALUES ('2019-04-07', 2019040702, 'ＤｅＮＡ', '巨人', '中川 皓太', '左', '巨人', '宮崎 敏郎', '右', 'ＤｅＮＡ', 8, 2, 3, 2, 1, 0, 0, 147, 'ストレート', 50.5, 25.2, '一安', 2, 3, 8, 'S2');"
"INSERT INTO ballinfo VALUES ('2019-04-07', 2019040702, 'ＤｅＮＡ', '巨人', '中川 皓太', '左', '巨人', '伊藤 光', '右', 'ＤｅＮＡ', 8, 2, 4, 3, 1, 0, 0, 147, 'ストレート', 89.5, 15.2, 'ボール', 1, 5, 5, 'B5');"
"INSERT INTO ballinfo VALUES ('2019-04-07', 2019040702, 'ＤｅＮＡ', '巨人', '中川 皓太', '左', '巨人', '伊藤 光', '右', 'ＤｅＮＡ', 8, 2, 4, 3, 2, 1, 0, 125, 'スライダー', 89.0, 27.6, 'ボール', 2, 5, 10, 'B7');"
"INSERT INTO ballinfo VALUES ('2019-04-07', 2019040702, 'ＤｅＮＡ', '巨人', '中川 皓太', '左', '巨人', '伊藤 光', '右', 'ＤｅＮＡ', 8, 2, 4, 3, 3, 2, 0, 146, 'ストレート', 55.5, 24.8, 'ファウル', 2, 3, 8, 'S2');"
"INSERT INTO ballinfo VALUES ('2019-04-07', 2019040702, 'ＤｅＮＡ', '巨人', '中川 皓太', '左', '巨人', '伊藤 光', '右', 'ＤｅＮＡ', 8, 2, 4, 3, 4, 2, 1, 146, 'ストレート', 36.5, 66.8, 'ファウル', 4, 2, 17, 'S7');"
"INSERT INTO ballinfo VALUES ('2019-04-07', 2019040702, 'ＤｅＮＡ', '巨人', '中川 皓太', '左', '巨人', '伊藤 光', '右', 'ＤｅＮＡ', 8, 2, 4, 3, 5, 2, 2, 147, 'ストレート', 34.5, 74.8, '遊飛', 4, 2, 17, 'S7');"
"INSERT INTO ballinfo VALUES ('2019-04-07', 2019040702, 'ＤｅＮＡ', '巨人', '山崎 康晃', '右', 'ＤｅＮＡ', '亀井 善行', '左', '巨人', 9, 1, 1, 1, 1, 0, 0, 139, 'シュート', 13.0, 88.0, 'ボール', 5, 1, 21, 'B15');"
"INSERT INTO ballinfo VALUES ('2019-04-07', 2019040702, 'ＤｅＮＡ', '巨人', '山崎 康晃', '右', 'ＤｅＮＡ', '亀井 善行', '左', '巨人', 9, 1, 1, 1, 2, 1, 0, 145, 'ストレート', 30.0, 45.2, '中飛', 3, 2, 12, 'S4');"
"INSERT INTO ballinfo VALUES ('2019-04-07', 2019040702, 'ＤｅＮＡ', '巨人', '山崎 康晃', '右', 'ＤｅＮＡ', 'ゲレーロ', '右', '巨人', 9, 1, 2, 2, 1, 0, 0, 145, 'ストレート', 30.0, 13.2, 'ボール', 1, 2, 2, 'B2');"
"INSERT INTO ballinfo VALUES ('2019-04-07', 2019040702, 'ＤｅＮＡ', '巨人', '山崎 康晃', '右', 'ＤｅＮＡ', 'ゲレーロ', '右', '巨人', 9, 1, 2, 2, 2, 1, 0, 136, 'シュート', 72.0, 56.0, '見逃し', 3, 4, 14, 'S6');"
"INSERT INTO ballinfo VALUES ('2019-04-07', 2019040702, 'ＤｅＮＡ', '巨人', '山崎 康晃', '右', 'ＤｅＮＡ', 'ゲレーロ', '右', '巨人', 9, 1, 2, 2, 3, 1, 1, 147, 'ストレート', 56.5, 26.0, '中飛', 2, 3, 8, 'S2');"
"INSERT INTO ballinfo VALUES ('2019-04-07', 2019040702, 'ＤｅＮＡ', '巨人', '山崎 康晃', '右', 'ＤｅＮＡ', 'ビヤヌエバ', '右', '巨人', 9, 1, 3, 2, 1, 0, 0, 140, 'ストレート', 76.0, 56.0, '中安', 3, 4, 14, 'S6');"
"INSERT INTO ballinfo VALUES ('2019-04-07', 2019040702, 'ＤｅＮＡ', '巨人', '山崎 康晃', '右', 'ＤｅＮＡ', '大城 卓三', '左', '巨人', 9, 1, 4, 3, 1, 0, 0, 146, 'ストレート', 54.5, 25.2, '見逃し', 2, 3, 8, 'S2');"
"INSERT INTO ballinfo VALUES ('2019-04-07', 2019040702, 'ＤｅＮＡ', '巨人', '山崎 康晃', '右', 'ＤｅＮＡ', '大城 卓三', '左', '巨人', 9, 1, 4, 3, 2, 0, 1, 145, 'ストレート', 66.5, 16.4, '空振り', 1, 4, 4, 'B4');"
"INSERT INTO ballinfo VALUES ('2019-04-07', 2019040702, 'ＤｅＮＡ', '巨人', '山崎 康晃', '右', 'ＤｅＮＡ', '大城 卓三', '左', '巨人', 9, 1, 4, 3, 3, 0, 2, 0, 'ストレート', 36.5, 57.2, '見逃し', 3, 2, 12, 'S4');"
