"INSERT INTO ballinfo VALUES ('2019-04-07', 2019040703, '広島', '阪神', '九里 亜蓮', '右', '広島', '鳥谷 敬', '左', '阪神', 1, 1, 1, 1, 1, 0, 0, 140, 'ストレート', 33.5, 87.6, 'ボール', 5, 2, 22, 'B16');"
"INSERT INTO ballinfo VALUES ('2019-04-07', 2019040703, '広島', '阪神', '九里 亜蓮', '右', '広島', '鳥谷 敬', '左', '阪神', 1, 1, 1, 1, 2, 1, 0, 128, 'スライダー', 51.0, 32.8, '中飛', 2, 3, 8, 'S2');"
"INSERT INTO ballinfo VALUES ('2019-04-07', 2019040703, '広島', '阪神', '九里 亜蓮', '右', '広島', '糸原 健斗', '左', '阪神', 1, 1, 2, 2, 1, 0, 0, 126, 'チェンジアップ', 31.0, 54.4, '見逃し', 3, 2, 12, 'S4');"
"INSERT INTO ballinfo VALUES ('2019-04-07', 2019040703, '広島', '阪神', '九里 亜蓮', '右', '広島', '糸原 健斗', '左', '阪神', 1, 1, 2, 2, 2, 0, 1, 120, 'カーブ', 30.0, 89.2, 'ボール', 5, 2, 22, 'B16');"
"INSERT INTO ballinfo VALUES ('2019-04-07', 2019040703, '広島', '阪神', '九里 亜蓮', '右', '広島', '糸原 健斗', '左', '阪神', 1, 1, 2, 2, 3, 1, 1, 141, 'シュート', 26.5, 48.8, '空振り', 3, 2, 12, 'S4');"
"INSERT INTO ballinfo VALUES ('2019-04-07', 2019040703, '広島', '阪神', '九里 亜蓮', '右', '広島', '糸原 健斗', '左', '阪神', 1, 1, 2, 2, 4, 1, 2, 131, 'フォーク', 49.5, 52.8, '遊ゴロ', 3, 3, 13, 'S5');"
"INSERT INTO ballinfo VALUES ('2019-04-07', 2019040703, '広島', '阪神', '九里 亜蓮', '右', '広島', '糸井 嘉男', '左', '阪神', 1, 1, 3, 2, 1, 0, 0, 142, 'ストレート', 71.5, 13.2, 'ボール', 1, 4, 4, 'B4');"
"INSERT INTO ballinfo VALUES ('2019-04-07', 2019040703, '広島', '阪神', '九里 亜蓮', '右', '広島', '糸井 嘉男', '左', '阪神', 1, 1, 3, 2, 2, 1, 0, 131, 'シュート', 12.0, 30.8, 'ボール', 2, 1, 6, 'B6');"
"INSERT INTO ballinfo VALUES ('2019-04-07', 2019040703, '広島', '阪神', '九里 亜蓮', '右', '広島', '糸井 嘉男', '左', '阪神', 1, 1, 3, 2, 3, 2, 0, 146, 'ストレート', 32.5, 87.2, 'ボール', 5, 2, 22, 'B16');"
"INSERT INTO ballinfo VALUES ('2019-04-07', 2019040703, '広島', '阪神', '九里 亜蓮', '右', '広島', '糸井 嘉男', '左', '阪神', 1, 1, 3, 2, 4, 3, 0, 143, 'ストレート', 73.0, 31.6, '見逃し', 2, 4, 9, 'S3');"
"INSERT INTO ballinfo VALUES ('2019-04-07', 2019040703, '広島', '阪神', '九里 亜蓮', '右', '広島', '糸井 嘉男', '左', '阪神', 1, 1, 3, 2, 5, 3, 1, 143, 'シュート', 14.5, 54.0, '四球', 3, 1, 11, 'B8');"
"INSERT INTO ballinfo VALUES ('2019-04-07', 2019040703, '広島', '阪神', '九里 亜蓮', '右', '広島', '大山 悠輔', '右', '阪神', 1, 1, 4, 3, 1, 0, 0, 127, 'スライダー', 52.0, 13.2, 'ボール', 1, 3, 3, 'B3');"
"INSERT INTO ballinfo VALUES ('2019-04-07', 2019040703, '広島', '阪神', '九里 亜蓮', '右', '広島', '大山 悠輔', '右', '阪神', 1, 1, 4, 3, 2, 1, 0, 138, 'カットボール', 90.0, 71.6, 'ボール', 4, 5, 20, 'B11');"
"INSERT INTO ballinfo VALUES ('2019-04-07', 2019040703, '広島', '阪神', '九里 亜蓮', '右', '広島', '大山 悠輔', '右', '阪神', 1, 1, 4, 3, 3, 2, 0, 140, 'シュート', 31.0, 46.4, '見逃し', 3, 2, 12, 'S4');"
"INSERT INTO ballinfo VALUES ('2019-04-07', 2019040703, '広島', '阪神', '九里 亜蓮', '右', '広島', '大山 悠輔', '右', '阪神', 1, 1, 4, 3, 4, 2, 1, 144, 'ストレート', 74.0, 53.6, '見逃し', 3, 4, 14, 'S6');"
"INSERT INTO ballinfo VALUES ('2019-04-07', 2019040703, '広島', '阪神', '九里 亜蓮', '右', '広島', '大山 悠輔', '右', '阪神', 1, 1, 4, 3, 5, 2, 2, 143, 'ストレート', 32.0, 73.2, '三ゴロ', 4, 2, 17, 'S7');"
"INSERT INTO ballinfo VALUES ('2019-04-07', 2019040703, '広島', '阪神', '西 勇輝', '右', '阪神', '田中 広輔', '左', '広島', 1, 2, 1, 0, 1, 0, 0, 128, 'スライダー', 69.5, 70.4, '見逃し', 4, 4, 19, 'S9');"
"INSERT INTO ballinfo VALUES ('2019-04-07', 2019040703, '広島', '阪神', '西 勇輝', '右', '阪神', '田中 広輔', '左', '広島', 1, 2, 1, 0, 2, 0, 1, 126, 'チェンジアップ', 31.0, 91.6, 'ボール', 5, 2, 22, 'B16');"
"INSERT INTO ballinfo VALUES ('2019-04-07', 2019040703, '広島', '阪神', '西 勇輝', '右', '阪神', '田中 広輔', '左', '広島', 1, 2, 1, 0, 3, 1, 1, 128, 'スライダー', 97.0, 74.4, '死球', 4, 5, 20, 'B11');"
"INSERT INTO ballinfo VALUES ('2019-04-07', 2019040703, '広島', '阪神', '西 勇輝', '右', '阪神', '菊池 涼介', '右', '広島', 1, 2, 2, 0, 1, 0, 0, 130, 'スライダー', 70.0, 70.8, '左安', 4, 4, 19, 'S9');"
"INSERT INTO ballinfo VALUES ('2019-04-07', 2019040703, '広島', '阪神', '西 勇輝', '右', '阪神', '野間 峻祥', '左', '広島', 1, 2, 3, 1, 1, 0, 0, 136, 'ストレート', 34.5, 72.4, '見逃し', 4, 2, 17, 'S7');"
"INSERT INTO ballinfo VALUES ('2019-04-07', 2019040703, '広島', '阪神', '西 勇輝', '右', '阪神', '野間 峻祥', '左', '広島', 1, 2, 3, 1, 2, 0, 1, 131, 'チェンジアップ', 32.5, 53.2, '見逃し', 3, 2, 12, 'S4');"
"INSERT INTO ballinfo VALUES ('2019-04-07', 2019040703, '広島', '阪神', '西 勇輝', '右', '阪神', '野間 峻祥', '左', '広島', 1, 2, 3, 1, 3, 0, 2, 110, 'カーブ', 51.5, 30.8, '遊ゴロ', 2, 3, 8, 'S2');"
"INSERT INTO ballinfo VALUES ('2019-04-07', 2019040703, '広島', '阪神', '西 勇輝', '右', '阪神', '鈴木 誠也', '右', '広島', 1, 2, 4, 1, 1, 0, 0, 131, 'スライダー', 33.0, 14.0, 'ボール', 1, 2, 2, 'B2');"
"INSERT INTO ballinfo VALUES ('2019-04-07', 2019040703, '広島', '阪神', '西 勇輝', '右', '阪神', '鈴木 誠也', '右', '広島', 1, 2, 4, 1, 2, 1, 0, 132, 'スライダー', 91.0, 73.2, 'ボール', 4, 5, 20, 'B11');"
"INSERT INTO ballinfo VALUES ('2019-04-07', 2019040703, '広島', '阪神', '西 勇輝', '右', '阪神', '鈴木 誠也', '右', '広島', 1, 2, 4, 1, 3, 2, 0, 133, 'シュート', 15.0, 30.4, 'ボール', 2, 1, 6, 'B6');"
"INSERT INTO ballinfo VALUES ('2019-04-07', 2019040703, '広島', '阪神', '西 勇輝', '右', '阪神', '鈴木 誠也', '右', '広島', 1, 2, 4, 1, 4, 3, 0, 130, 'スライダー', 88.0, 88.8, '四球', 5, 5, 25, 'B19');"
"INSERT INTO ballinfo VALUES ('2019-04-07', 2019040703, '広島', '阪神', '西 勇輝', '右', '阪神', '松山 竜平', '左', '広島', 1, 2, 5, 3, 1, 0, 0, 134, 'チェンジアップ', 35.5, 56.8, '一併打', 3, 2, 12, 'S4');"
"INSERT INTO ballinfo VALUES ('2019-04-07', 2019040703, '広島', '阪神', '九里 亜蓮', '右', '広島', '福留 孝介', '左', '阪神', 2, 1, 1, 1, 1, 0, 0, 129, 'フォーク', 31.5, 34.0, '見逃し', 2, 2, 7, 'S1');"
"INSERT INTO ballinfo VALUES ('2019-04-07', 2019040703, '広島', '阪神', '九里 亜蓮', '右', '広島', '福留 孝介', '左', '阪神', 2, 1, 1, 1, 2, 0, 1, 143, 'ストレート', 11.5, 73.6, 'ボール', 4, 1, 16, 'B10');"
"INSERT INTO ballinfo VALUES ('2019-04-07', 2019040703, '広島', '阪神', '九里 亜蓮', '右', '広島', '福留 孝介', '左', '阪神', 2, 1, 1, 1, 3, 1, 1, 143, 'ストレート', 91.0, 29.2, 'ボール', 2, 5, 10, 'B7');"
"INSERT INTO ballinfo VALUES ('2019-04-07', 2019040703, '広島', '阪神', '九里 亜蓮', '右', '広島', '福留 孝介', '左', '阪神', 2, 1, 1, 1, 4, 2, 1, 128, 'フォーク', 33.0, 27.2, '空振り', 2, 2, 7, 'S1');"
"INSERT INTO ballinfo VALUES ('2019-04-07', 2019040703, '広島', '阪神', '九里 亜蓮', '右', '広島', '福留 孝介', '左', '阪神', 2, 1, 1, 1, 5, 2, 2, 145, 'ストレート', 15.5, 87.2, 'ボール', 5, 1, 21, 'B15');"
"INSERT INTO ballinfo VALUES ('2019-04-07', 2019040703, '広島', '阪神', '九里 亜蓮', '右', '広島', '福留 孝介', '左', '阪神', 2, 1, 1, 1, 6, 3, 2, 145, 'ストレート', 27.5, 69.2, '二ゴロ', 4, 2, 17, 'S7');"
"INSERT INTO ballinfo VALUES ('2019-04-07', 2019040703, '広島', '阪神', '九里 亜蓮', '右', '広島', 'ナバーロ', '左', '阪神', 2, 1, 2, 2, 1, 0, 0, 142, 'カットボール', 91.5, 50.4, 'ボール', 3, 5, 15, 'B9');"
"INSERT INTO ballinfo VALUES ('2019-04-07', 2019040703, '広島', '阪神', '九里 亜蓮', '右', '広島', 'ナバーロ', '左', '阪神', 2, 1, 2, 2, 2, 1, 0, 0, 'スライダー', 73.5, 14.0, 'ボール', 1, 4, 4, 'B4');"
"INSERT INTO ballinfo VALUES ('2019-04-07', 2019040703, '広島', '阪神', '九里 亜蓮', '右', '広島', 'ナバーロ', '左', '阪神', 2, 1, 2, 2, 3, 2, 0, 130, 'スライダー', 73.0, 91.2, '空振り', 5, 4, 24, 'B18');"
"INSERT INTO ballinfo VALUES ('2019-04-07', 2019040703, '広島', '阪神', '九里 亜蓮', '右', '広島', 'ナバーロ', '左', '阪神', 2, 1, 2, 2, 4, 2, 1, 128, 'チェンジアップ', 35.0, 52.8, '一ゴロ', 3, 2, 12, 'S4');"
"INSERT INTO ballinfo VALUES ('2019-04-07', 2019040703, '広島', '阪神', '九里 亜蓮', '右', '広島', '中谷 将大', '右', '阪神', 2, 1, 3, 3, 1, 0, 0, 130, 'フォーク', 74.5, 52.8, 'ファウル', 3, 4, 14, 'S6');"
"INSERT INTO ballinfo VALUES ('2019-04-07', 2019040703, '広島', '阪神', '九里 亜蓮', '右', '広島', '中谷 将大', '右', '阪神', 2, 1, 3, 3, 2, 0, 1, 120, 'カーブ', 70.5, 69.2, 'ファウル', 4, 4, 19, 'S9');"
"INSERT INTO ballinfo VALUES ('2019-04-07', 2019040703, '広島', '阪神', '九里 亜蓮', '右', '広島', '中谷 将大', '右', '阪神', 2, 1, 3, 3, 3, 0, 2, 132, 'フォーク', 30.0, 88.8, 'ボール', 5, 2, 22, 'B16');"
"INSERT INTO ballinfo VALUES ('2019-04-07', 2019040703, '広島', '阪神', '九里 亜蓮', '右', '広島', '中谷 将大', '右', '阪神', 2, 1, 3, 3, 4, 1, 2, 144, 'ストレート', 10.0, 29.2, 'ファウル', 2, 1, 6, 'B6');"
"INSERT INTO ballinfo VALUES ('2019-04-07', 2019040703, '広島', '阪神', '九里 亜蓮', '右', '広島', '中谷 将大', '右', '阪神', 2, 1, 3, 3, 5, 1, 3, 147, 'ストレート', 91.5, 52.8, 'ボール', 3, 5, 15, 'B9');"
"INSERT INTO ballinfo VALUES ('2019-04-07', 2019040703, '広島', '阪神', '九里 亜蓮', '右', '広島', '中谷 将大', '右', '阪神', 2, 1, 3, 3, 6, 2, 3, 144, 'ストレート', 76.0, 65.2, '見三振', 4, 4, 19, 'S9');"
"INSERT INTO ballinfo VALUES ('2019-04-07', 2019040703, '広島', '阪神', '西 勇輝', '右', '阪神', '安部 友裕', '左', '広島', 2, 2, 1, 1, 1, 0, 0, 140, 'シュート', 31.5, 69.2, '見逃し', 4, 2, 17, 'S7');"
"INSERT INTO ballinfo VALUES ('2019-04-07', 2019040703, '広島', '阪神', '西 勇輝', '右', '阪神', '安部 友裕', '左', '広島', 2, 2, 1, 1, 2, 0, 1, 129, 'チェンジアップ', 31.5, 54.8, 'ファウル', 3, 2, 12, 'S4');"
"INSERT INTO ballinfo VALUES ('2019-04-07', 2019040703, '広島', '阪神', '西 勇輝', '右', '阪神', '安部 友裕', '左', '広島', 2, 2, 1, 1, 3, 0, 2, 142, 'ストレート', 71.0, 70.4, '空三振', 4, 4, 19, 'S9');"
"INSERT INTO ballinfo VALUES ('2019-04-07', 2019040703, '広島', '阪神', '西 勇輝', '右', '阪神', '會澤 翼', '右', '広島', 2, 2, 2, 1, 1, 0, 0, 130, 'スライダー', 72.5, 88.0, '空振り', 5, 4, 24, 'B18');"
"INSERT INTO ballinfo VALUES ('2019-04-07', 2019040703, '広島', '阪神', '西 勇輝', '右', '阪神', '會澤 翼', '右', '広島', 2, 2, 2, 1, 2, 0, 1, 108, 'カーブ', 89.5, 85.6, 'ボール', 5, 5, 25, 'B19');"
"INSERT INTO ballinfo VALUES ('2019-04-07', 2019040703, '広島', '阪神', '西 勇輝', '右', '阪神', '會澤 翼', '右', '広島', 2, 2, 2, 1, 3, 1, 1, 142, 'ストレート', 34.0, 53.6, '見逃し', 3, 2, 12, 'S4');"
"INSERT INTO ballinfo VALUES ('2019-04-07', 2019040703, '広島', '阪神', '西 勇輝', '右', '阪神', '會澤 翼', '右', '広島', 2, 2, 2, 1, 4, 1, 2, 141, 'ストレート', 88.5, 90.4, 'ボール', 5, 5, 25, 'B19');"
"INSERT INTO ballinfo VALUES ('2019-04-07', 2019040703, '広島', '阪神', '西 勇輝', '右', '阪神', '會澤 翼', '右', '広島', 2, 2, 2, 1, 5, 2, 2, 125, 'スライダー', 90.5, 71.6, 'ボール', 4, 5, 20, 'B11');"
"INSERT INTO ballinfo VALUES ('2019-04-07', 2019040703, '広島', '阪神', '西 勇輝', '右', '阪神', '會澤 翼', '右', '広島', 2, 2, 2, 1, 6, 3, 2, 140, 'ストレート', 36.0, 46.0, '左安', 3, 2, 12, 'S4');"
"INSERT INTO ballinfo VALUES ('2019-04-07', 2019040703, '広島', '阪神', '西 勇輝', '右', '阪神', '西川 龍馬', '左', '広島', 2, 2, 3, 2, 1, 0, 0, 134, 'シュート', 13.0, 85.6, 'ボール', 5, 1, 21, 'B15');"
"INSERT INTO ballinfo VALUES ('2019-04-07', 2019040703, '広島', '阪神', '西 勇輝', '右', '阪神', '西川 龍馬', '左', '広島', 2, 2, 3, 2, 2, 1, 0, 132, 'スライダー', 49.0, 69.2, '見逃し', 4, 3, 18, 'S8');"
"INSERT INTO ballinfo VALUES ('2019-04-07', 2019040703, '広島', '阪神', '西 勇輝', '右', '阪神', '西川 龍馬', '左', '広島', 2, 2, 3, 2, 3, 1, 1, 132, 'チェンジアップ', 49.5, 75.2, '右飛', 4, 3, 18, 'S8');"
"INSERT INTO ballinfo VALUES ('2019-04-07', 2019040703, '広島', '阪神', '西 勇輝', '右', '阪神', '九里 亜蓮', '右', '広島', 2, 2, 4, 3, 1, 0, 0, 134, 'スライダー', 74.5, 53.6, '投ゴロ', 3, 4, 14, 'S6');"
"INSERT INTO ballinfo VALUES ('2019-04-07', 2019040703, '広島', '阪神', '九里 亜蓮', '右', '広島', '梅野 隆太郎', '右', '阪神', 3, 1, 1, 0, 1, 0, 0, 139, 'ストレート', 74.0, 32.0, '見逃し', 2, 4, 9, 'S3');"
"INSERT INTO ballinfo VALUES ('2019-04-07', 2019040703, '広島', '阪神', '九里 亜蓮', '右', '広島', '梅野 隆太郎', '右', '阪神', 3, 1, 1, 0, 2, 0, 1, 130, 'チェンジアップ', 32.5, 88.0, 'ボール', 5, 2, 22, 'B16');"
"INSERT INTO ballinfo VALUES ('2019-04-07', 2019040703, '広島', '阪神', '九里 亜蓮', '右', '広島', '梅野 隆太郎', '右', '阪神', 3, 1, 1, 0, 3, 1, 1, 126, 'スライダー', 32.0, 31.2, 'ファウル', 2, 2, 7, 'S1');"
"INSERT INTO ballinfo VALUES ('2019-04-07', 2019040703, '広島', '阪神', '九里 亜蓮', '右', '広島', '梅野 隆太郎', '右', '阪神', 3, 1, 1, 0, 4, 1, 2, 132, 'フォーク', 11.5, 52.8, 'ボール', 3, 1, 11, 'B8');"
"INSERT INTO ballinfo VALUES ('2019-04-07', 2019040703, '広島', '阪神', '九里 亜蓮', '右', '広島', '梅野 隆太郎', '右', '阪神', 3, 1, 1, 0, 5, 2, 2, 144, 'シュート', 29.5, 69.6, 'ファウル', 4, 2, 17, 'S7');"
"INSERT INTO ballinfo VALUES ('2019-04-07', 2019040703, '広島', '阪神', '九里 亜蓮', '右', '広島', '梅野 隆太郎', '右', '阪神', 3, 1, 1, 0, 6, 2, 3, 128, 'スライダー', 46.5, 85.6, 'ボール', 5, 3, 23, 'B17');"
"INSERT INTO ballinfo VALUES ('2019-04-07', 2019040703, '広島', '阪神', '九里 亜蓮', '右', '広島', '梅野 隆太郎', '右', '阪神', 3, 1, 1, 0, 7, 3, 3, 128, 'スライダー', 75.5, 50.8, '中安', 3, 4, 14, 'S6');"
"INSERT INTO ballinfo VALUES ('2019-04-07', 2019040703, '広島', '阪神', '九里 亜蓮', '右', '広島', '西 勇輝', '右', '阪神', 3, 1, 2, 1, 1, 0, 0, 141, 'ストレート', 74.5, 72.8, 'ファウル', 4, 4, 19, 'S9');"
"INSERT INTO ballinfo VALUES ('2019-04-07', 2019040703, '広島', '阪神', '九里 亜蓮', '右', '広島', '西 勇輝', '右', '阪神', 3, 1, 2, 1, 2, 0, 1, 125, 'スライダー', 74.0, 54.0, '投犠打', 3, 4, 14, 'S6');"
"INSERT INTO ballinfo VALUES ('2019-04-07', 2019040703, '広島', '阪神', '九里 亜蓮', '右', '広島', '鳥谷 敬', '左', '阪神', 3, 1, 3, 2, 1, 0, 0, 128, 'スライダー', 31.5, 87.6, 'ボール', 5, 2, 22, 'B16');"
"INSERT INTO ballinfo VALUES ('2019-04-07', 2019040703, '広島', '阪神', '九里 亜蓮', '右', '広島', '鳥谷 敬', '左', '阪神', 3, 1, 3, 2, 2, 1, 0, 144, 'ストレート', 73.0, 53.6, '左飛', 3, 4, 14, 'S6');"
"INSERT INTO ballinfo VALUES ('2019-04-07', 2019040703, '広島', '阪神', '九里 亜蓮', '右', '広島', '糸原 健斗', '左', '阪神', 3, 1, 4, 2, 1, 0, 0, 121, 'カーブ', 33.5, 66.8, '見逃し', 4, 2, 17, 'S7');"
"INSERT INTO ballinfo VALUES ('2019-04-07', 2019040703, '広島', '阪神', '九里 亜蓮', '右', '広島', '糸原 健斗', '左', '阪神', 3, 1, 4, 2, 2, 0, 1, 120, 'カーブ', 12.0, 69.6, 'ボール', 4, 1, 16, 'B10');"
"INSERT INTO ballinfo VALUES ('2019-04-07', 2019040703, '広島', '阪神', '九里 亜蓮', '右', '広島', '糸原 健斗', '左', '阪神', 3, 1, 4, 2, 3, 1, 1, 133, 'フォーク', 52.5, 70.8, '左安', 4, 3, 18, 'S8');"
"INSERT INTO ballinfo VALUES ('2019-04-07', 2019040703, '広島', '阪神', '九里 亜蓮', '右', '広島', '糸井 嘉男', '左', '阪神', 3, 1, 5, 3, 1, 0, 0, 126, 'スライダー', 70.0, 68.8, '見逃し', 4, 4, 19, 'S9');"
"INSERT INTO ballinfo VALUES ('2019-04-07', 2019040703, '広島', '阪神', '九里 亜蓮', '右', '広島', '糸井 嘉男', '左', '阪神', 3, 1, 5, 3, 2, 0, 1, 143, 'ストレート', 72.5, 52.8, 'ファウル', 3, 4, 14, 'S6');"
"INSERT INTO ballinfo VALUES ('2019-04-07', 2019040703, '広島', '阪神', '九里 亜蓮', '右', '広島', '糸井 嘉男', '左', '阪神', 3, 1, 5, 3, 3, 0, 2, 144, 'ストレート', 66.5, 57.6, '見三振', 3, 4, 14, 'S6');"
"INSERT INTO ballinfo VALUES ('2019-04-07', 2019040703, '広島', '阪神', '西 勇輝', '右', '阪神', '田中 広輔', '左', '広島', 3, 2, 1, 1, 1, 0, 0, 133, 'チェンジアップ', 75.5, 69.6, 'ファウル', 4, 4, 19, 'S9');"
"INSERT INTO ballinfo VALUES ('2019-04-07', 2019040703, '広島', '阪神', '西 勇輝', '右', '阪神', '田中 広輔', '左', '広島', 3, 2, 1, 1, 2, 0, 1, 141, 'シュート', 51.0, 66.8, 'ファウル', 4, 3, 18, 'S8');"
"INSERT INTO ballinfo VALUES ('2019-04-07', 2019040703, '広島', '阪神', '西 勇輝', '右', '阪神', '田中 広輔', '左', '広島', 3, 2, 1, 1, 3, 0, 2, 134, 'チェンジアップ', 56.0, 72.8, 'ファウル', 4, 3, 18, 'S8');"
"INSERT INTO ballinfo VALUES ('2019-04-07', 2019040703, '広島', '阪神', '西 勇輝', '右', '阪神', '田中 広輔', '左', '広島', 3, 2, 1, 1, 4, 0, 3, 130, 'スライダー', 15.0, 70.8, 'ボール', 4, 1, 16, 'B10');"
"INSERT INTO ballinfo VALUES ('2019-04-07', 2019040703, '広島', '阪神', '西 勇輝', '右', '阪神', '田中 広輔', '左', '広島', 3, 2, 1, 1, 5, 1, 3, 135, 'チェンジアップ', 31.0, 88.0, '空三振', 5, 2, 22, 'B16');"
"INSERT INTO ballinfo VALUES ('2019-04-07', 2019040703, '広島', '阪神', '西 勇輝', '右', '阪神', '菊池 涼介', '右', '広島', 3, 2, 2, 2, 1, 0, 0, 132, 'スライダー', 54.5, 49.2, '中飛', 3, 3, 13, 'S5');"
"INSERT INTO ballinfo VALUES ('2019-04-07', 2019040703, '広島', '阪神', '西 勇輝', '右', '阪神', '野間 峻祥', '左', '広島', 3, 2, 3, 3, 1, 0, 0, 141, 'ストレート', 13.0, 54.8, 'ボール', 3, 1, 11, 'B8');"
"INSERT INTO ballinfo VALUES ('2019-04-07', 2019040703, '広島', '阪神', '西 勇輝', '右', '阪神', '野間 峻祥', '左', '広島', 3, 2, 3, 3, 2, 1, 0, 142, 'シュート', 32.0, 49.2, 'ファウル', 3, 2, 12, 'S4');"
"INSERT INTO ballinfo VALUES ('2019-04-07', 2019040703, '広島', '阪神', '西 勇輝', '右', '阪神', '野間 峻祥', '左', '広島', 3, 2, 3, 3, 3, 1, 1, 112, 'カーブ', 12.0, 14.8, 'ボール', 1, 1, 1, 'B1');"
"INSERT INTO ballinfo VALUES ('2019-04-07', 2019040703, '広島', '阪神', '西 勇輝', '右', '阪神', '野間 峻祥', '左', '広島', 3, 2, 3, 3, 4, 2, 1, 134, 'スライダー', 88.5, 52.0, 'ボール', 3, 5, 15, 'B9');"
"INSERT INTO ballinfo VALUES ('2019-04-07', 2019040703, '広島', '阪神', '西 勇輝', '右', '阪神', '野間 峻祥', '左', '広島', 3, 2, 3, 3, 5, 3, 1, 140, 'ストレート', 36.0, 45.2, 'ファウル', 3, 2, 12, 'S4');"
"INSERT INTO ballinfo VALUES ('2019-04-07', 2019040703, '広島', '阪神', '西 勇輝', '右', '阪神', '野間 峻祥', '左', '広島', 3, 2, 3, 3, 6, 3, 2, 134, 'チェンジアップ', 75.0, 70.8, '遊ゴロ', 4, 4, 19, 'S9');"
"INSERT INTO ballinfo VALUES ('2019-04-07', 2019040703, '広島', '阪神', '九里 亜蓮', '右', '広島', '大山 悠輔', '右', '阪神', 4, 1, 1, 1, 1, 0, 0, 138, 'カットボール', 72.5, 52.4, 'ファウル', 3, 4, 14, 'S6');"
"INSERT INTO ballinfo VALUES ('2019-04-07', 2019040703, '広島', '阪神', '九里 亜蓮', '右', '広島', '大山 悠輔', '右', '阪神', 4, 1, 1, 1, 2, 0, 1, 120, 'カーブ', 33.5, 53.2, '見逃し', 3, 2, 12, 'S4');"
"INSERT INTO ballinfo VALUES ('2019-04-07', 2019040703, '広島', '阪神', '九里 亜蓮', '右', '広島', '大山 悠輔', '右', '阪神', 4, 1, 1, 1, 3, 0, 2, 143, 'ストレート', 89.5, 55.2, '右邪飛', 3, 5, 15, 'B9');"
"INSERT INTO ballinfo VALUES ('2019-04-07', 2019040703, '広島', '阪神', '九里 亜蓮', '右', '広島', '福留 孝介', '左', '阪神', 4, 1, 2, 1, 1, 0, 0, 130, 'チェンジアップ', 31.0, 70.0, '空振り', 4, 2, 17, 'S7');"
"INSERT INTO ballinfo VALUES ('2019-04-07', 2019040703, '広島', '阪神', '九里 亜蓮', '右', '広島', '福留 孝介', '左', '阪神', 4, 1, 2, 1, 2, 0, 1, 145, 'ストレート', 57.0, 56.4, 'ファウル', 3, 3, 13, 'S5');"
"INSERT INTO ballinfo VALUES ('2019-04-07', 2019040703, '広島', '阪神', '九里 亜蓮', '右', '広島', '福留 孝介', '左', '阪神', 4, 1, 2, 1, 3, 0, 2, 122, 'カーブ', 29.5, 87.6, 'ボール', 5, 2, 22, 'B16');"
"INSERT INTO ballinfo VALUES ('2019-04-07', 2019040703, '広島', '阪神', '九里 亜蓮', '右', '広島', '福留 孝介', '左', '阪神', 4, 1, 2, 1, 4, 1, 2, 130, 'チェンジアップ', 11.5, 52.0, 'ボール', 3, 1, 11, 'B8');"
"INSERT INTO ballinfo VALUES ('2019-04-07', 2019040703, '広島', '阪神', '九里 亜蓮', '右', '広島', '福留 孝介', '左', '阪神', 4, 1, 2, 1, 5, 2, 2, 145, 'ストレート', 30.0, 64.4, '遊失', 4, 2, 17, 'S7');"
"INSERT INTO ballinfo VALUES ('2019-04-07', 2019040703, '広島', '阪神', '九里 亜蓮', '右', '広島', 'ナバーロ', '左', '阪神', 4, 1, 3, 2, 1, 0, 0, 142, 'シュート', 30.5, 48.8, '見逃し', 3, 2, 12, 'S4');"
"INSERT INTO ballinfo VALUES ('2019-04-07', 2019040703, '広島', '阪神', '九里 亜蓮', '右', '広島', 'ナバーロ', '左', '阪神', 4, 1, 3, 2, 2, 0, 1, 138, 'カットボール', 75.5, 54.0, 'ファウル', 3, 4, 14, 'S6');"
"INSERT INTO ballinfo VALUES ('2019-04-07', 2019040703, '広島', '阪神', '九里 亜蓮', '右', '広島', 'ナバーロ', '左', '阪神', 4, 1, 3, 2, 3, 0, 2, 144, 'ストレート', 48.5, 73.2, 'ファウル', 4, 3, 18, 'S8');"
"INSERT INTO ballinfo VALUES ('2019-04-07', 2019040703, '広島', '阪神', '九里 亜蓮', '右', '広島', 'ナバーロ', '左', '阪神', 4, 1, 3, 2, 4, 0, 3, 144, 'ストレート', 32.0, 35.6, 'ファウル', 2, 2, 7, 'S1');"
"INSERT INTO ballinfo VALUES ('2019-04-07', 2019040703, '広島', '阪神', '九里 亜蓮', '右', '広島', 'ナバーロ', '左', '阪神', 4, 1, 3, 2, 5, 0, 4, 132, 'フォーク', 47.0, 88.4, '空三振', 5, 3, 23, 'B17');"
"INSERT INTO ballinfo VALUES ('2019-04-07', 2019040703, '広島', '阪神', '九里 亜蓮', '右', '広島', '中谷 将大', '右', '阪神', 4, 1, 4, 2, 1, 0, 0, 132, 'シュート', 31.0, 86.8, '空振り', 5, 2, 22, 'B16');"
"INSERT INTO ballinfo VALUES ('2019-04-07', 2019040703, '広島', '阪神', '九里 亜蓮', '右', '広島', '中谷 将大', '右', '阪神', 4, 1, 4, 2, 2, 0, 1, 142, 'ストレート', 90.0, 86.8, 'ボール', 5, 5, 25, 'B19');"
"INSERT INTO ballinfo VALUES ('2019-04-07', 2019040703, '広島', '阪神', '九里 亜蓮', '右', '広島', '中谷 将大', '右', '阪神', 4, 1, 4, 2, 3, 1, 1, 140, 'シュート', 30.5, 69.2, 'ファウル', 4, 2, 17, 'S7');"
"INSERT INTO ballinfo VALUES ('2019-04-07', 2019040703, '広島', '阪神', '九里 亜蓮', '右', '広島', '中谷 将大', '右', '阪神', 4, 1, 4, 2, 4, 1, 2, 131, 'スライダー', 94.0, 71.2, 'ボール', 4, 5, 20, 'B11');"
"INSERT INTO ballinfo VALUES ('2019-04-07', 2019040703, '広島', '阪神', '九里 亜蓮', '右', '広島', '中谷 将大', '右', '阪神', 4, 1, 4, 2, 5, 2, 2, 124, 'スライダー', 85.5, 51.6, '左安', 3, 5, 15, 'B9');"
"INSERT INTO ballinfo VALUES ('2019-04-07', 2019040703, '広島', '阪神', '九里 亜蓮', '右', '広島', '梅野 隆太郎', '右', '阪神', 4, 1, 5, 2, 1, 0, 0, 144, 'シュート', 30.0, 49.2, '見逃し', 3, 2, 12, 'S4');"
"INSERT INTO ballinfo VALUES ('2019-04-07', 2019040703, '広島', '阪神', '九里 亜蓮', '右', '広島', '梅野 隆太郎', '右', '阪神', 4, 1, 5, 2, 2, 0, 1, 131, 'シュート', 51.5, 73.6, 'ファウル', 4, 3, 18, 'S8');"
"INSERT INTO ballinfo VALUES ('2019-04-07', 2019040703, '広島', '阪神', '九里 亜蓮', '右', '広島', '梅野 隆太郎', '右', '阪神', 4, 1, 5, 2, 3, 0, 2, 143, 'ストレート', 36.0, 54.4, '中安', 3, 2, 12, 'S4');"
"INSERT INTO ballinfo VALUES ('2019-04-07', 2019040703, '広島', '阪神', '九里 亜蓮', '右', '広島', '西 勇輝', '右', '阪神', 4, 1, 6, 3, 1, 0, 0, 129, 'スライダー', 52.0, 88.8, '空振り', 5, 3, 23, 'B17');"
"INSERT INTO ballinfo VALUES ('2019-04-07', 2019040703, '広島', '阪神', '九里 亜蓮', '右', '広島', '西 勇輝', '右', '阪神', 4, 1, 6, 3, 2, 0, 1, 128, 'スライダー', 66.5, 67.6, 'ファウル', 4, 4, 19, 'S9');"
"INSERT INTO ballinfo VALUES ('2019-04-07', 2019040703, '広島', '阪神', '九里 亜蓮', '右', '広島', '西 勇輝', '右', '阪神', 4, 1, 6, 3, 3, 0, 2, 129, 'フォーク', 47.0, 86.0, 'ファウル', 5, 3, 23, 'B17');"
"INSERT INTO ballinfo VALUES ('2019-04-07', 2019040703, '広島', '阪神', '九里 亜蓮', '右', '広島', '西 勇輝', '右', '阪神', 4, 1, 6, 3, 4, 0, 3, 143, 'ストレート', 88.5, 29.2, 'ボール', 2, 5, 10, 'B7');"
"INSERT INTO ballinfo VALUES ('2019-04-07', 2019040703, '広島', '阪神', '九里 亜蓮', '右', '広島', '西 勇輝', '右', '阪神', 4, 1, 6, 3, 5, 1, 3, 132, 'シュート', 51.5, 55.6, '空三振', 3, 3, 13, 'S5');"
"INSERT INTO ballinfo VALUES ('2019-04-07', 2019040703, '広島', '阪神', '西 勇輝', '右', '阪神', '鈴木 誠也', '右', '広島', 4, 2, 1, 1, 1, 0, 0, 127, 'スライダー', 29.5, 54.8, '見逃し', 3, 2, 12, 'S4');"
"INSERT INTO ballinfo VALUES ('2019-04-07', 2019040703, '広島', '阪神', '西 勇輝', '右', '阪神', '鈴木 誠也', '右', '広島', 4, 2, 1, 1, 2, 0, 1, 133, 'チェンジアップ', 49.0, 74.4, '空振り', 4, 3, 18, 'S8');"
"INSERT INTO ballinfo VALUES ('2019-04-07', 2019040703, '広島', '阪神', '西 勇輝', '右', '阪神', '鈴木 誠也', '右', '広島', 4, 2, 1, 1, 3, 0, 2, 112, 'カーブ', 88.5, 71.2, 'ボール', 4, 5, 20, 'B11');"
"INSERT INTO ballinfo VALUES ('2019-04-07', 2019040703, '広島', '阪神', '西 勇輝', '右', '阪神', '鈴木 誠也', '右', '広島', 4, 2, 1, 1, 4, 1, 2, 139, 'ストレート', 31.5, 47.2, '右飛', 3, 2, 12, 'S4');"
"INSERT INTO ballinfo VALUES ('2019-04-07', 2019040703, '広島', '阪神', '西 勇輝', '右', '阪神', '松山 竜平', '左', '広島', 4, 2, 2, 1, 1, 0, 0, 142, 'ストレート', 69.5, 33.6, 'ファウル', 2, 4, 9, 'S3');"
"INSERT INTO ballinfo VALUES ('2019-04-07', 2019040703, '広島', '阪神', '西 勇輝', '右', '阪神', '松山 竜平', '左', '広島', 4, 2, 2, 1, 2, 0, 1, 138, 'ストレート', 14.5, 16.0, 'ボール', 1, 1, 1, 'B1');"
"INSERT INTO ballinfo VALUES ('2019-04-07', 2019040703, '広島', '阪神', '西 勇輝', '右', '阪神', '松山 竜平', '左', '広島', 4, 2, 2, 1, 3, 1, 1, 134, 'チェンジアップ', 71.0, 87.6, 'ボール', 5, 4, 24, 'B18');"
"INSERT INTO ballinfo VALUES ('2019-04-07', 2019040703, '広島', '阪神', '西 勇輝', '右', '阪神', '松山 竜平', '左', '広島', 4, 2, 2, 1, 4, 2, 1, 143, 'シュート', 30.0, 52.8, '見逃し', 3, 2, 12, 'S4');"
"INSERT INTO ballinfo VALUES ('2019-04-07', 2019040703, '広島', '阪神', '西 勇輝', '右', '阪神', '松山 竜平', '左', '広島', 4, 2, 2, 1, 5, 2, 2, 134, 'チェンジアップ', 53.0, 70.4, '右２', 4, 3, 18, 'S8');"
"INSERT INTO ballinfo VALUES ('2019-04-07', 2019040703, '広島', '阪神', '西 勇輝', '右', '阪神', '安部 友裕', '左', '広島', 4, 2, 3, 2, 1, 0, 0, 116, 'カーブ', 12.5, 15.6, 'ボール', 1, 1, 1, 'B1');"
"INSERT INTO ballinfo VALUES ('2019-04-07', 2019040703, '広島', '阪神', '西 勇輝', '右', '阪神', '安部 友裕', '左', '広島', 4, 2, 3, 2, 2, 1, 0, 141, 'シュート', 51.5, 73.2, 'ファウル', 4, 3, 18, 'S8');"
"INSERT INTO ballinfo VALUES ('2019-04-07', 2019040703, '広島', '阪神', '西 勇輝', '右', '阪神', '安部 友裕', '左', '広島', 4, 2, 3, 2, 3, 1, 1, 108, 'カーブ', 69.5, 32.0, 'ファウル', 2, 4, 9, 'S3');"
"INSERT INTO ballinfo VALUES ('2019-04-07', 2019040703, '広島', '阪神', '西 勇輝', '右', '阪神', '安部 友裕', '左', '広島', 4, 2, 3, 2, 4, 1, 2, 132, 'スライダー', 28.5, 55.6, '見三振', 3, 2, 12, 'S4');"
"INSERT INTO ballinfo VALUES ('2019-04-07', 2019040703, '広島', '阪神', '西 勇輝', '右', '阪神', '會澤 翼', '右', '広島', 4, 2, 4, 3, 1, 0, 0, 143, 'ストレート', 11.0, 31.2, 'ボール', 2, 1, 6, 'B6');"
"INSERT INTO ballinfo VALUES ('2019-04-07', 2019040703, '広島', '阪神', '西 勇輝', '右', '阪神', '會澤 翼', '右', '広島', 4, 2, 4, 3, 2, 1, 0, 130, 'スライダー', 74.0, 33.2, '見逃し', 2, 4, 9, 'S3');"
"INSERT INTO ballinfo VALUES ('2019-04-07', 2019040703, '広島', '阪神', '西 勇輝', '右', '阪神', '會澤 翼', '右', '広島', 4, 2, 4, 3, 3, 1, 1, 144, 'ストレート', 71.5, 56.0, '見逃し', 3, 4, 14, 'S6');"
"INSERT INTO ballinfo VALUES ('2019-04-07', 2019040703, '広島', '阪神', '西 勇輝', '右', '阪神', '會澤 翼', '右', '広島', 4, 2, 4, 3, 4, 1, 2, 143, 'ストレート', 29.5, 69.6, '見三振', 4, 2, 17, 'S7');"
"INSERT INTO ballinfo VALUES ('2019-04-07', 2019040703, '広島', '阪神', '九里 亜蓮', '右', '広島', '鳥谷 敬', '左', '阪神', 5, 1, 1, 1, 1, 0, 0, 126, 'スライダー', 50.5, 70.0, 'ファウル', 4, 3, 18, 'S8');"
"INSERT INTO ballinfo VALUES ('2019-04-07', 2019040703, '広島', '阪神', '九里 亜蓮', '右', '広島', '鳥谷 敬', '左', '阪神', 5, 1, 1, 1, 2, 0, 1, 142, 'シュート', 49.5, 29.6, '二ゴロ', 2, 3, 8, 'S2');"
"INSERT INTO ballinfo VALUES ('2019-04-07', 2019040703, '広島', '阪神', '九里 亜蓮', '右', '広島', '糸原 健斗', '左', '阪神', 5, 1, 2, 1, 1, 0, 0, 141, 'ストレート', 33.0, 46.4, '見逃し', 3, 2, 12, 'S4');"
"INSERT INTO ballinfo VALUES ('2019-04-07', 2019040703, '広島', '阪神', '九里 亜蓮', '右', '広島', '糸原 健斗', '左', '阪神', 5, 1, 2, 1, 2, 0, 1, 144, 'ストレート', 10.0, 45.6, 'ボール', 3, 1, 11, 'B8');"
"INSERT INTO ballinfo VALUES ('2019-04-07', 2019040703, '広島', '阪神', '九里 亜蓮', '右', '広島', '糸原 健斗', '左', '阪神', 5, 1, 2, 1, 3, 1, 1, 142, 'ストレート', 69.0, 35.6, '右２', 2, 4, 9, 'S3');"
"INSERT INTO ballinfo VALUES ('2019-04-07', 2019040703, '広島', '阪神', '九里 亜蓮', '右', '広島', '糸井 嘉男', '左', '阪神', 5, 1, 3, 2, 1, 0, 0, 126, 'スライダー', 51.0, 71.6, 'ファウル', 4, 3, 18, 'S8');"
"INSERT INTO ballinfo VALUES ('2019-04-07', 2019040703, '広島', '阪神', '九里 亜蓮', '右', '広島', '糸井 嘉男', '左', '阪神', 5, 1, 3, 2, 2, 0, 1, 141, 'ストレート', 9.5, 71.6, 'ボール', 4, 1, 16, 'B10');"
"INSERT INTO ballinfo VALUES ('2019-04-07', 2019040703, '広島', '阪神', '九里 亜蓮', '右', '広島', '糸井 嘉男', '左', '阪神', 5, 1, 3, 2, 3, 1, 1, 130, 'シュート', 32.0, 56.0, '中飛', 3, 2, 12, 'S4');"
"INSERT INTO ballinfo VALUES ('2019-04-07', 2019040703, '広島', '阪神', '九里 亜蓮', '右', '広島', '大山 悠輔', '右', '阪神', 5, 1, 4, 2, 1, 0, 0, 121, 'カーブ', 88.5, 86.8, 'ボール', 5, 5, 25, 'B19');"
"INSERT INTO ballinfo VALUES ('2019-04-07', 2019040703, '広島', '阪神', '九里 亜蓮', '右', '広島', '大山 悠輔', '右', '阪神', 5, 1, 4, 2, 2, 1, 0, 131, 'シュート', 15.0, 35.6, 'ボール', 2, 1, 6, 'B6');"
"INSERT INTO ballinfo VALUES ('2019-04-07', 2019040703, '広島', '阪神', '九里 亜蓮', '右', '広島', '大山 悠輔', '右', '阪神', 5, 1, 4, 2, 3, 2, 0, 126, 'スライダー', 74.5, 70.8, '左２', 4, 4, 19, 'S9');"
"INSERT INTO ballinfo VALUES ('2019-04-07', 2019040703, '広島', '阪神', 'レグナルト', '左', '広島', '福留 孝介', '左', '阪神', 5, 1, 5, 2, 1, 0, 0, 146, 'ストレート', 10.5, 14.4, 'ボール', 1, 1, 1, 'B1');"
"INSERT INTO ballinfo VALUES ('2019-04-07', 2019040703, '広島', '阪神', 'レグナルト', '左', '広島', '福留 孝介', '左', '阪神', 5, 1, 5, 2, 2, 1, 0, 145, 'ストレート', 73.5, 47.6, '空振り', 3, 4, 14, 'S6');"
"INSERT INTO ballinfo VALUES ('2019-04-07', 2019040703, '広島', '阪神', 'レグナルト', '左', '広島', '福留 孝介', '左', '阪神', 5, 1, 5, 2, 3, 1, 1, 149, 'ストレート', 52.0, 86.0, 'ボール', 5, 3, 23, 'B17');"
"INSERT INTO ballinfo VALUES ('2019-04-07', 2019040703, '広島', '阪神', 'レグナルト', '左', '広島', '福留 孝介', '左', '阪神', 5, 1, 5, 2, 4, 2, 1, 147, 'ストレート', 73.0, 32.8, '右安', 2, 4, 9, 'S3');"
"INSERT INTO ballinfo VALUES ('2019-04-07', 2019040703, '広島', '阪神', 'レグナルト', '左', '広島', 'ナバーロ', '左', '阪神', 5, 1, 6, 2, 1, 0, 0, 125, 'スライダー', 74.0, 6.4, 'ボール', 1, 4, 4, 'B4');"
"INSERT INTO ballinfo VALUES ('2019-04-07', 2019040703, '広島', '阪神', 'レグナルト', '左', '広島', 'ナバーロ', '左', '阪神', 5, 1, 6, 2, 2, 1, 0, 146, 'ストレート', 30.5, 8.8, 'ボール', 1, 2, 2, 'B2');"
"INSERT INTO ballinfo VALUES ('2019-04-07', 2019040703, '広島', '阪神', 'レグナルト', '左', '広島', 'ナバーロ', '左', '阪神', 5, 1, 6, 2, 3, 2, 0, 144, 'ストレート', 74.0, 16.4, 'ボール', 1, 4, 4, 'B4');"
"INSERT INTO ballinfo VALUES ('2019-04-07', 2019040703, '広島', '阪神', 'レグナルト', '左', '広島', 'ナバーロ', '左', '阪神', 5, 1, 6, 2, 4, 3, 0, 147, 'ストレート', 54.5, 50.8, 'ファウル', 3, 3, 13, 'S5');"
"INSERT INTO ballinfo VALUES ('2019-04-07', 2019040703, '広島', '阪神', 'レグナルト', '左', '広島', 'ナバーロ', '左', '阪神', 5, 1, 6, 2, 5, 3, 1, 147, 'ストレート', 10.5, 55.6, '四球', 3, 1, 11, 'B8');"
"INSERT INTO ballinfo VALUES ('2019-04-07', 2019040703, '広島', '阪神', 'レグナルト', '左', '広島', '中谷 将大', '右', '阪神', 5, 1, 7, 2, 1, 0, 0, 129, 'チェンジアップ', 92.0, 12.0, 'ボール', 1, 5, 5, 'B5');"
"INSERT INTO ballinfo VALUES ('2019-04-07', 2019040703, '広島', '阪神', 'レグナルト', '左', '広島', '中谷 将大', '右', '阪神', 5, 1, 7, 2, 2, 1, 0, 146, 'ストレート', 70.0, 72.4, '空振り', 4, 4, 19, 'S9');"
"INSERT INTO ballinfo VALUES ('2019-04-07', 2019040703, '広島', '阪神', 'レグナルト', '左', '広島', '中谷 将大', '右', '阪神', 5, 1, 7, 2, 3, 1, 1, 131, 'チェンジアップ', 74.5, 7.6, 'ボール', 1, 4, 4, 'B4');"
"INSERT INTO ballinfo VALUES ('2019-04-07', 2019040703, '広島', '阪神', 'レグナルト', '左', '広島', '中谷 将大', '右', '阪神', 5, 1, 7, 2, 4, 2, 1, 147, 'ストレート', 86.5, 17.6, 'ファウル', 1, 5, 5, 'B5');"
"INSERT INTO ballinfo VALUES ('2019-04-07', 2019040703, '広島', '阪神', 'レグナルト', '左', '広島', '中谷 将大', '右', '阪神', 5, 1, 7, 2, 5, 2, 2, 135, 'スライダー', 33.0, 13.6, 'ボール', 1, 2, 2, 'B2');"
"INSERT INTO ballinfo VALUES ('2019-04-07', 2019040703, '広島', '阪神', 'レグナルト', '左', '広島', '中谷 将大', '右', '阪神', 5, 1, 7, 2, 6, 3, 2, 148, 'ストレート', 53.0, 32.4, 'ファウル', 2, 3, 8, 'S2');"
"INSERT INTO ballinfo VALUES ('2019-04-07', 2019040703, '広島', '阪神', 'レグナルト', '左', '広島', '中谷 将大', '右', '阪神', 5, 1, 7, 2, 7, 3, 3, 132, 'チェンジアップ', 90.5, 31.6, 'ファウル', 2, 5, 10, 'B7');"
"INSERT INTO ballinfo VALUES ('2019-04-07', 2019040703, '広島', '阪神', 'レグナルト', '左', '広島', '中谷 将大', '右', '阪神', 5, 1, 7, 2, 8, 3, 4, 149, 'ストレート', 13.5, 86.0, '四球', 5, 1, 21, 'B15');"
"INSERT INTO ballinfo VALUES ('2019-04-07', 2019040703, '広島', '阪神', 'レグナルト', '左', '広島', '梅野 隆太郎', '右', '阪神', 5, 1, 8, 3, 1, 0, 0, 134, 'スライダー', 47.5, 90.8, 'ボール', 5, 3, 23, 'B17');"
"INSERT INTO ballinfo VALUES ('2019-04-07', 2019040703, '広島', '阪神', 'レグナルト', '左', '広島', '梅野 隆太郎', '右', '阪神', 5, 1, 8, 3, 2, 1, 0, 147, 'ストレート', 68.5, 53.2, '見逃し', 3, 4, 14, 'S6');"
"INSERT INTO ballinfo VALUES ('2019-04-07', 2019040703, '広島', '阪神', 'レグナルト', '左', '広島', '梅野 隆太郎', '右', '阪神', 5, 1, 8, 3, 3, 1, 1, 136, 'チェンジアップ', 50.5, 56.8, '三ゴロ', 3, 3, 13, 'S5');"
"INSERT INTO ballinfo VALUES ('2019-04-07', 2019040703, '広島', '阪神', '西 勇輝', '右', '阪神', '西川 龍馬', '左', '広島', 5, 2, 1, 0, 1, 0, 0, 128, 'スライダー', 11.5, 48.4, 'ボール', 3, 1, 11, 'B8');"
"INSERT INTO ballinfo VALUES ('2019-04-07', 2019040703, '広島', '阪神', '西 勇輝', '右', '阪神', '西川 龍馬', '左', '広島', 5, 2, 1, 0, 2, 1, 0, 134, 'シュート', 14.5, 72.4, 'ボール', 4, 1, 16, 'B10');"
"INSERT INTO ballinfo VALUES ('2019-04-07', 2019040703, '広島', '阪神', '西 勇輝', '右', '阪神', '西川 龍馬', '左', '広島', 5, 2, 1, 0, 3, 2, 0, 135, 'シュート', 54.0, 87.2, 'ボール', 5, 3, 23, 'B17');"
"INSERT INTO ballinfo VALUES ('2019-04-07', 2019040703, '広島', '阪神', '西 勇輝', '右', '阪神', '西川 龍馬', '左', '広島', 5, 2, 1, 0, 4, 3, 0, 137, 'ストレート', 34.5, 73.2, '見逃し', 4, 2, 17, 'S7');"
"INSERT INTO ballinfo VALUES ('2019-04-07', 2019040703, '広島', '阪神', '西 勇輝', '右', '阪神', '西川 龍馬', '左', '広島', 5, 2, 1, 0, 5, 3, 1, 136, 'シュート', 74.5, 71.2, 'ファウル', 4, 4, 19, 'S9');"
"INSERT INTO ballinfo VALUES ('2019-04-07', 2019040703, '広島', '阪神', '西 勇輝', '右', '阪神', '西川 龍馬', '左', '広島', 5, 2, 1, 0, 6, 3, 2, 133, 'スライダー', 33.0, 26.0, 'ファウル', 2, 2, 7, 'S1');"
"INSERT INTO ballinfo VALUES ('2019-04-07', 2019040703, '広島', '阪神', '西 勇輝', '右', '阪神', '西川 龍馬', '左', '広島', 5, 2, 1, 0, 7, 3, 3, 139, 'ストレート', 71.5, 30.0, 'ファウル', 2, 4, 9, 'S3');"
"INSERT INTO ballinfo VALUES ('2019-04-07', 2019040703, '広島', '阪神', '西 勇輝', '右', '阪神', '西川 龍馬', '左', '広島', 5, 2, 1, 0, 8, 3, 4, 141, 'ストレート', 32.5, 35.2, 'ファウル', 2, 2, 7, 'S1');"
"INSERT INTO ballinfo VALUES ('2019-04-07', 2019040703, '広島', '阪神', '西 勇輝', '右', '阪神', '西川 龍馬', '左', '広島', 5, 2, 1, 0, 9, 3, 5, 134, 'スライダー', 71.5, 37.2, 'ファウル', 2, 4, 9, 'S3');"
"INSERT INTO ballinfo VALUES ('2019-04-07', 2019040703, '広島', '阪神', '西 勇輝', '右', '阪神', '西川 龍馬', '左', '広島', 5, 2, 1, 0, 10, 3, 6, 143, 'シュート', 36.5, 47.2, '左安', 3, 2, 12, 'S4');"
"INSERT INTO ballinfo VALUES ('2019-04-07', 2019040703, '広島', '阪神', '西 勇輝', '右', '阪神', '堂林 翔太', '右', '広島', 5, 2, 2, 1, 1, 0, 0, 137, 'シュート', 11.5, 52.0, 'ボール', 3, 1, 11, 'B8');"
"INSERT INTO ballinfo VALUES ('2019-04-07', 2019040703, '広島', '阪神', '西 勇輝', '右', '阪神', '堂林 翔太', '右', '広島', 5, 2, 2, 1, 2, 1, 0, 136, 'シュート', 11.0, 32.4, 'ボール', 2, 1, 6, 'B6');"
"INSERT INTO ballinfo VALUES ('2019-04-07', 2019040703, '広島', '阪神', '西 勇輝', '右', '阪神', '堂林 翔太', '右', '広島', 5, 2, 2, 1, 3, 2, 0, 141, 'ストレート', 72.5, 53.6, 'ファウル', 3, 4, 14, 'S6');"
"INSERT INTO ballinfo VALUES ('2019-04-07', 2019040703, '広島', '阪神', '西 勇輝', '右', '阪神', '堂林 翔太', '右', '広島', 5, 2, 2, 1, 4, 2, 1, 129, 'スライダー', 68.5, 32.8, '空振り', 2, 4, 9, 'S3');"
"INSERT INTO ballinfo VALUES ('2019-04-07', 2019040703, '広島', '阪神', '西 勇輝', '右', '阪神', '堂林 翔太', '右', '広島', 5, 2, 2, 1, 5, 2, 2, 142, 'シュート', 29.5, 53.6, 'ファウル', 3, 2, 12, 'S4');"
"INSERT INTO ballinfo VALUES ('2019-04-07', 2019040703, '広島', '阪神', '西 勇輝', '右', '阪神', '堂林 翔太', '右', '広島', 5, 2, 2, 1, 6, 2, 3, 132, 'スライダー', 75.5, 72.4, '空三振', 4, 4, 19, 'S9');"
"INSERT INTO ballinfo VALUES ('2019-04-07', 2019040703, '広島', '阪神', '西 勇輝', '右', '阪神', '田中 広輔', '左', '広島', 5, 2, 3, 2, 1, 0, 0, 127, 'スライダー', 13.5, 70.0, 'ボール', 4, 1, 16, 'B10');"
"INSERT INTO ballinfo VALUES ('2019-04-07', 2019040703, '広島', '阪神', '西 勇輝', '右', '阪神', '田中 広輔', '左', '広島', 5, 2, 3, 2, 2, 1, 0, 135, 'シュート', 31.0, 72.4, '見逃し', 4, 2, 17, 'S7');"
"INSERT INTO ballinfo VALUES ('2019-04-07', 2019040703, '広島', '阪神', '西 勇輝', '右', '阪神', '田中 広輔', '左', '広島', 5, 2, 3, 2, 3, 1, 1, 131, 'チェンジアップ', 72.5, 86.0, '空振り', 5, 4, 24, 'B18');"
"INSERT INTO ballinfo VALUES ('2019-04-07', 2019040703, '広島', '阪神', '西 勇輝', '右', '阪神', '田中 広輔', '左', '広島', 5, 2, 3, 2, 4, 1, 2, 139, 'ストレート', 32.0, 14.8, 'ボール', 1, 2, 2, 'B2');"
"INSERT INTO ballinfo VALUES ('2019-04-07', 2019040703, '広島', '阪神', '西 勇輝', '右', '阪神', '田中 広輔', '左', '広島', 5, 2, 3, 2, 5, 2, 2, 131, 'チェンジアップ', 50.0, 70.0, 'ファウル', 4, 3, 18, 'S8');"
"INSERT INTO ballinfo VALUES ('2019-04-07', 2019040703, '広島', '阪神', '西 勇輝', '右', '阪神', '田中 広輔', '左', '広島', 5, 2, 3, 2, 6, 2, 3, 114, 'カーブ', 34.5, 51.6, '左飛', 3, 2, 12, 'S4');"
"INSERT INTO ballinfo VALUES ('2019-04-07', 2019040703, '広島', '阪神', '西 勇輝', '右', '阪神', '菊池 涼介', '右', '広島', 5, 2, 4, 3, 1, 0, 0, 142, 'ストレート', 92.0, 87.2, 'ボール', 5, 5, 25, 'B19');"
"INSERT INTO ballinfo VALUES ('2019-04-07', 2019040703, '広島', '阪神', '西 勇輝', '右', '阪神', '菊池 涼介', '右', '広島', 5, 2, 4, 3, 2, 1, 0, 141, 'ストレート', 73.0, 54.4, '見逃し', 3, 4, 14, 'S6');"
"INSERT INTO ballinfo VALUES ('2019-04-07', 2019040703, '広島', '阪神', '西 勇輝', '右', '阪神', '菊池 涼介', '右', '広島', 5, 2, 4, 3, 3, 1, 1, 133, 'チェンジアップ', 48.5, 70.4, '空振り', 4, 3, 18, 'S8');"
"INSERT INTO ballinfo VALUES ('2019-04-07', 2019040703, '広島', '阪神', '西 勇輝', '右', '阪神', '菊池 涼介', '右', '広島', 5, 2, 4, 3, 4, 1, 2, 133, 'スライダー', 91.5, 72.8, 'ファウル', 4, 5, 20, 'B11');"
"INSERT INTO ballinfo VALUES ('2019-04-07', 2019040703, '広島', '阪神', '西 勇輝', '右', '阪神', '菊池 涼介', '右', '広島', 5, 2, 4, 3, 5, 1, 3, 108, 'カーブ', 14.5, 51.6, 'ボール', 3, 1, 11, 'B8');"
"INSERT INTO ballinfo VALUES ('2019-04-07', 2019040703, '広島', '阪神', '西 勇輝', '右', '阪神', '菊池 涼介', '右', '広島', 5, 2, 4, 3, 6, 2, 3, 0, 'ストレート', 55.0, 74.0, 'ファウル', 4, 3, 18, 'S8');"
"INSERT INTO ballinfo VALUES ('2019-04-07', 2019040703, '広島', '阪神', '西 勇輝', '右', '阪神', '菊池 涼介', '右', '広島', 5, 2, 4, 3, 7, 2, 4, 125, 'スライダー', 75.0, 75.2, '二飛', 4, 4, 19, 'S9');"
"INSERT INTO ballinfo VALUES ('2019-04-07', 2019040703, '広島', '阪神', '菊池 保則', '右', '広島', '西 勇輝', '右', '阪神', 6, 1, 1, 1, 1, 0, 0, 141, 'ストレート', 71.0, 53.2, '見逃し', 3, 4, 14, 'S6');"
"INSERT INTO ballinfo VALUES ('2019-04-07', 2019040703, '広島', '阪神', '菊池 保則', '右', '広島', '西 勇輝', '右', '阪神', 6, 1, 1, 1, 2, 0, 1, 133, 'スライダー', 71.5, 72.4, '投ゴロ', 4, 4, 19, 'S9');"
"INSERT INTO ballinfo VALUES ('2019-04-07', 2019040703, '広島', '阪神', '菊池 保則', '右', '広島', '鳥谷 敬', '左', '阪神', 6, 1, 2, 2, 1, 0, 0, 142, 'ストレート', 31.5, 51.6, '見逃し', 3, 2, 12, 'S4');"
"INSERT INTO ballinfo VALUES ('2019-04-07', 2019040703, '広島', '阪神', '菊池 保則', '右', '広島', '鳥谷 敬', '左', '阪神', 6, 1, 2, 2, 2, 0, 1, 132, 'スライダー', 74.0, 71.6, 'ファウル', 4, 4, 19, 'S9');"
"INSERT INTO ballinfo VALUES ('2019-04-07', 2019040703, '広島', '阪神', '菊池 保則', '右', '広島', '鳥谷 敬', '左', '阪神', 6, 1, 2, 2, 3, 0, 2, 142, 'ストレート', 86.0, 72.0, 'ファウル', 4, 5, 20, 'B11');"
"INSERT INTO ballinfo VALUES ('2019-04-07', 2019040703, '広島', '阪神', '菊池 保則', '右', '広島', '鳥谷 敬', '左', '阪神', 6, 1, 2, 2, 4, 0, 3, 142, 'シュート', 49.0, 67.6, '遊ゴロ', 4, 3, 18, 'S8');"
"INSERT INTO ballinfo VALUES ('2019-04-07', 2019040703, '広島', '阪神', '菊池 保則', '右', '広島', '糸原 健斗', '左', '阪神', 6, 1, 3, 3, 1, 0, 0, 135, 'スライダー', 50.0, 87.6, 'ボール', 5, 3, 23, 'B17');"
"INSERT INTO ballinfo VALUES ('2019-04-07', 2019040703, '広島', '阪神', '菊池 保則', '右', '広島', '糸原 健斗', '左', '阪神', 6, 1, 3, 3, 2, 1, 0, 142, 'ストレート', 33.5, 48.4, '見逃し', 3, 2, 12, 'S4');"
"INSERT INTO ballinfo VALUES ('2019-04-07', 2019040703, '広島', '阪神', '菊池 保則', '右', '広島', '糸原 健斗', '左', '阪神', 6, 1, 3, 3, 3, 1, 1, 118, 'カーブ', 67.0, 53.6, 'ファウル', 3, 4, 14, 'S6');"
"INSERT INTO ballinfo VALUES ('2019-04-07', 2019040703, '広島', '阪神', '菊池 保則', '右', '広島', '糸原 健斗', '左', '阪神', 6, 1, 3, 3, 4, 1, 2, 0, 'シュート', 69.5, 47.6, '一ゴロ', 3, 4, 14, 'S6');"
"INSERT INTO ballinfo VALUES ('2019-04-07', 2019040703, '広島', '阪神', '西 勇輝', '右', '阪神', '野間 峻祥', '左', '広島', 6, 2, 1, 1, 1, 0, 0, 0, 'スライダー', 72.5, 68.4, '二飛', 4, 4, 19, 'S9');"
"INSERT INTO ballinfo VALUES ('2019-04-07', 2019040703, '広島', '阪神', '西 勇輝', '右', '阪神', '鈴木 誠也', '右', '広島', 6, 2, 2, 2, 1, 0, 0, 134, 'スライダー', 90.5, 29.6, 'ボール', 2, 5, 10, 'B7');"
"INSERT INTO ballinfo VALUES ('2019-04-07', 2019040703, '広島', '阪神', '西 勇輝', '右', '阪神', '鈴木 誠也', '右', '広島', 6, 2, 2, 2, 2, 1, 0, 136, 'スライダー', 86.5, 54.0, 'ファウル', 3, 5, 15, 'B9');"
"INSERT INTO ballinfo VALUES ('2019-04-07', 2019040703, '広島', '阪神', '西 勇輝', '右', '阪神', '鈴木 誠也', '右', '広島', 6, 2, 2, 2, 3, 1, 1, 134, 'チェンジアップ', 26.5, 51.6, '見逃し', 3, 2, 12, 'S4');"
"INSERT INTO ballinfo VALUES ('2019-04-07', 2019040703, '広島', '阪神', '西 勇輝', '右', '阪神', '鈴木 誠也', '右', '広島', 6, 2, 2, 2, 4, 1, 2, 116, 'カーブ', 86.5, 73.6, 'ボール', 4, 5, 20, 'B11');"
"INSERT INTO ballinfo VALUES ('2019-04-07', 2019040703, '広島', '阪神', '西 勇輝', '右', '阪神', '鈴木 誠也', '右', '広島', 6, 2, 2, 2, 5, 2, 2, 134, 'チェンジアップ', 71.5, 47.6, '中飛', 3, 4, 14, 'S6');"
"INSERT INTO ballinfo VALUES ('2019-04-07', 2019040703, '広島', '阪神', '西 勇輝', '右', '阪神', '松山 竜平', '左', '広島', 6, 2, 3, 2, 1, 0, 0, 134, 'スライダー', 91.5, 47.6, 'ファウル', 3, 5, 15, 'B9');"
"INSERT INTO ballinfo VALUES ('2019-04-07', 2019040703, '広島', '阪神', '西 勇輝', '右', '阪神', '松山 竜平', '左', '広島', 6, 2, 3, 2, 2, 0, 1, 141, 'ストレート', 92.0, 72.8, 'ボール', 4, 5, 20, 'B11');"
"INSERT INTO ballinfo VALUES ('2019-04-07', 2019040703, '広島', '阪神', '西 勇輝', '右', '阪神', '松山 竜平', '左', '広島', 6, 2, 3, 2, 3, 1, 1, 137, 'シュート', 73.0, 88.8, 'ボール', 5, 4, 24, 'B18');"
"INSERT INTO ballinfo VALUES ('2019-04-07', 2019040703, '広島', '阪神', '西 勇輝', '右', '阪神', '松山 竜平', '左', '広島', 6, 2, 3, 2, 4, 2, 1, 131, 'スライダー', 73.0, 13.2, 'ボール', 1, 4, 4, 'B4');"
"INSERT INTO ballinfo VALUES ('2019-04-07', 2019040703, '広島', '阪神', '西 勇輝', '右', '阪神', '松山 竜平', '左', '広島', 6, 2, 3, 2, 5, 3, 1, 144, 'ストレート', 10.0, 50.8, '四球', 3, 1, 11, 'B8');"
"INSERT INTO ballinfo VALUES ('2019-04-07', 2019040703, '広島', '阪神', '西 勇輝', '右', '阪神', '安部 友裕', '左', '広島', 6, 2, 4, 3, 1, 0, 0, 134, 'チェンジアップ', 54.5, 74.8, '空振り', 4, 3, 18, 'S8');"
"INSERT INTO ballinfo VALUES ('2019-04-07', 2019040703, '広島', '阪神', '西 勇輝', '右', '阪神', '安部 友裕', '左', '広島', 6, 2, 4, 3, 2, 0, 1, 141, 'シュート', 11.5, 85.2, 'ボール', 5, 1, 21, 'B15');"
"INSERT INTO ballinfo VALUES ('2019-04-07', 2019040703, '広島', '阪神', '西 勇輝', '右', '阪神', '安部 友裕', '左', '広島', 6, 2, 4, 3, 3, 1, 1, 134, 'チェンジアップ', 34.5, 50.0, '二ゴロ', 3, 2, 12, 'S4');"
"INSERT INTO ballinfo VALUES ('2019-04-07', 2019040703, '広島', '阪神', '菊池 保則', '右', '広島', '糸井 嘉男', '左', '阪神', 7, 1, 1, 0, 1, 0, 0, 133, 'スライダー', 51.5, 56.8, 'ファウル', 3, 3, 13, 'S5');"
"INSERT INTO ballinfo VALUES ('2019-04-07', 2019040703, '広島', '阪神', '菊池 保則', '右', '広島', '糸井 嘉男', '左', '阪神', 7, 1, 1, 0, 2, 0, 1, 133, 'スライダー', 70.0, 71.2, 'ファウル', 4, 4, 19, 'S9');"
"INSERT INTO ballinfo VALUES ('2019-04-07', 2019040703, '広島', '阪神', '菊池 保則', '右', '広島', '糸井 嘉男', '左', '阪神', 7, 1, 1, 0, 3, 0, 2, 141, 'シュート', 31.5, 72.8, '二安', 4, 2, 17, 'S7');"
"INSERT INTO ballinfo VALUES ('2019-04-07', 2019040703, '広島', '阪神', '菊池 保則', '右', '広島', '大山 悠輔', '右', '阪神', 7, 1, 2, 0, 1, 0, 0, 141, 'シュート', 15.0, 48.0, 'ボール', 3, 1, 11, 'B8');"
"INSERT INTO ballinfo VALUES ('2019-04-07', 2019040703, '広島', '阪神', '菊池 保則', '右', '広島', '大山 悠輔', '右', '阪神', 7, 1, 2, 0, 2, 1, 0, 139, 'シュート', 31.0, 89.2, 'ボール', 5, 2, 22, 'B16');"
"INSERT INTO ballinfo VALUES ('2019-04-07', 2019040703, '広島', '阪神', '菊池 保則', '右', '広島', '大山 悠輔', '右', '阪神', 7, 1, 2, 0, 3, 2, 0, 141, 'シュート', 56.0, 30.8, '左安', 2, 3, 8, 'S2');"
"INSERT INTO ballinfo VALUES ('2019-04-07', 2019040703, '広島', '阪神', '菊池 保則', '右', '広島', '福留 孝介', '左', '阪神', 7, 1, 3, 1, 1, 0, 0, 139, 'ストレート', 13.5, 69.6, 'ボール', 4, 1, 16, 'B10');"
"INSERT INTO ballinfo VALUES ('2019-04-07', 2019040703, '広島', '阪神', '菊池 保則', '右', '広島', '福留 孝介', '左', '阪神', 7, 1, 3, 1, 2, 1, 0, 133, 'スライダー', 48.0, 50.8, '三犠打', 3, 3, 13, 'S5');"
"INSERT INTO ballinfo VALUES ('2019-04-07', 2019040703, '広島', '阪神', '菊池 保則', '右', '広島', 'ナバーロ', '左', '阪神', 7, 1, 4, 2, 1, 0, 0, 140, 'シュート', 10.5, 52.8, 'ボール', 3, 1, 11, 'B8');"
"INSERT INTO ballinfo VALUES ('2019-04-07', 2019040703, '広島', '阪神', '菊池 保則', '右', '広島', 'ナバーロ', '左', '阪神', 7, 1, 4, 2, 2, 1, 0, 140, 'ストレート', 26.0, 73.2, '見逃し', 4, 2, 17, 'S7');"
"INSERT INTO ballinfo VALUES ('2019-04-07', 2019040703, '広島', '阪神', '菊池 保則', '右', '広島', 'ナバーロ', '左', '阪神', 7, 1, 4, 2, 3, 1, 1, 136, 'ストレート', 34.0, 70.4, '見逃し', 4, 2, 17, 'S7');"
"INSERT INTO ballinfo VALUES ('2019-04-07', 2019040703, '広島', '阪神', '菊池 保則', '右', '広島', 'ナバーロ', '左', '阪神', 7, 1, 4, 2, 4, 1, 2, 132, 'フォーク', 13.0, 88.0, '空三振', 5, 1, 21, 'B15');"
"INSERT INTO ballinfo VALUES ('2019-04-07', 2019040703, '広島', '阪神', '菊池 保則', '右', '広島', '中谷 将大', '右', '阪神', 7, 1, 5, 2, 1, 0, 0, 140, 'ストレート', 35.0, 47.6, '見逃し', 3, 2, 12, 'S4');"
"INSERT INTO ballinfo VALUES ('2019-04-07', 2019040703, '広島', '阪神', '菊池 保則', '右', '広島', '中谷 将大', '右', '阪神', 7, 1, 5, 2, 2, 0, 1, 142, 'ストレート', 89.5, 31.6, 'ボール', 2, 5, 10, 'B7');"
"INSERT INTO ballinfo VALUES ('2019-04-07', 2019040703, '広島', '阪神', '菊池 保則', '右', '広島', '中谷 将大', '右', '阪神', 7, 1, 5, 2, 3, 1, 1, 140, 'ストレート', 51.5, 72.0, '左安', 4, 3, 18, 'S8');"
"INSERT INTO ballinfo VALUES ('2019-04-07', 2019040703, '広島', '阪神', '菊池 保則', '右', '広島', '梅野 隆太郎', '右', '阪神', 7, 1, 6, 3, 1, 0, 0, 0, 'スライダー', 28.0, 50.8, 'ファウル', 3, 2, 12, 'S4');"
"INSERT INTO ballinfo VALUES ('2019-04-07', 2019040703, '広島', '阪神', '菊池 保則', '右', '広島', '梅野 隆太郎', '右', '阪神', 7, 1, 6, 3, 2, 0, 1, 133, 'スライダー', 68.5, 47.2, '見逃し', 3, 4, 14, 'S6');"
"INSERT INTO ballinfo VALUES ('2019-04-07', 2019040703, '広島', '阪神', '菊池 保則', '右', '広島', '梅野 隆太郎', '右', '阪神', 7, 1, 6, 3, 3, 0, 2, 132, 'スライダー', 55.0, 24.8, 'ファウル', 2, 3, 8, 'S2');"
"INSERT INTO ballinfo VALUES ('2019-04-07', 2019040703, '広島', '阪神', '菊池 保則', '右', '広島', '梅野 隆太郎', '右', '阪神', 7, 1, 6, 3, 4, 0, 3, 142, 'ストレート', 73.0, 32.8, '空三振', 2, 4, 9, 'S3');"
"INSERT INTO ballinfo VALUES ('2019-04-07', 2019040703, '広島', '阪神', '西 勇輝', '右', '阪神', '會澤 翼', '右', '広島', 7, 2, 1, 1, 1, 0, 0, 0, 'ストレート', 72.5, 69.2, '見逃し', 4, 4, 19, 'S9');"
"INSERT INTO ballinfo VALUES ('2019-04-07', 2019040703, '広島', '阪神', '西 勇輝', '右', '阪神', '會澤 翼', '右', '広島', 7, 2, 1, 1, 2, 0, 1, 136, 'ストレート', 91.0, 68.0, 'ボール', 4, 5, 20, 'B11');"
"INSERT INTO ballinfo VALUES ('2019-04-07', 2019040703, '広島', '阪神', '西 勇輝', '右', '阪神', '會澤 翼', '右', '広島', 7, 2, 1, 1, 3, 1, 1, 128, 'スライダー', 73.5, 54.0, '右飛', 3, 4, 14, 'S6');"
"INSERT INTO ballinfo VALUES ('2019-04-07', 2019040703, '広島', '阪神', '西 勇輝', '右', '阪神', '西川 龍馬', '左', '広島', 7, 2, 2, 1, 1, 0, 0, 114, 'カーブ', 69.5, 54.0, '見逃し', 3, 4, 14, 'S6');"
"INSERT INTO ballinfo VALUES ('2019-04-07', 2019040703, '広島', '阪神', '西 勇輝', '右', '阪神', '西川 龍馬', '左', '広島', 7, 2, 2, 1, 2, 0, 1, 141, 'ストレート', 94.0, 53.2, 'ボール', 3, 5, 15, 'B9');"
"INSERT INTO ballinfo VALUES ('2019-04-07', 2019040703, '広島', '阪神', '西 勇輝', '右', '阪神', '西川 龍馬', '左', '広島', 7, 2, 2, 1, 3, 1, 1, 143, 'ストレート', 70.0, 34.0, 'ファウル', 2, 4, 9, 'S3');"
"INSERT INTO ballinfo VALUES ('2019-04-07', 2019040703, '広島', '阪神', '西 勇輝', '右', '阪神', '西川 龍馬', '左', '広島', 7, 2, 2, 1, 4, 1, 2, 134, 'スライダー', 75.5, 49.2, '右安', 3, 4, 14, 'S6');"
"INSERT INTO ballinfo VALUES ('2019-04-07', 2019040703, '広島', '阪神', '西 勇輝', '右', '阪神', 'バティスタ', '右', '広島', 7, 2, 3, 2, 1, 0, 0, 130, 'スライダー', 49.5, 16.8, '空振り', 1, 3, 3, 'B3');"
"INSERT INTO ballinfo VALUES ('2019-04-07', 2019040703, '広島', '阪神', '西 勇輝', '右', '阪神', 'バティスタ', '右', '広島', 7, 2, 3, 2, 2, 0, 1, 138, 'シュート', 11.5, 31.6, 'ボール', 2, 1, 6, 'B6');"
"INSERT INTO ballinfo VALUES ('2019-04-07', 2019040703, '広島', '阪神', '西 勇輝', '右', '阪神', 'バティスタ', '右', '広島', 7, 2, 3, 2, 3, 1, 1, 143, 'ストレート', 11.0, 72.0, 'ボール', 4, 1, 16, 'B10');"
"INSERT INTO ballinfo VALUES ('2019-04-07', 2019040703, '広島', '阪神', '西 勇輝', '右', '阪神', 'バティスタ', '右', '広島', 7, 2, 3, 2, 4, 2, 1, 143, 'ストレート', 71.5, 71.2, '見逃し', 4, 4, 19, 'S9');"
"INSERT INTO ballinfo VALUES ('2019-04-07', 2019040703, '広島', '阪神', '西 勇輝', '右', '阪神', 'バティスタ', '右', '広島', 7, 2, 3, 2, 5, 2, 2, 143, 'シュート', 30.0, 73.2, '見三振', 4, 2, 17, 'S7');"
"INSERT INTO ballinfo VALUES ('2019-04-07', 2019040703, '広島', '阪神', '西 勇輝', '右', '阪神', '田中 広輔', '左', '広島', 7, 2, 4, 3, 1, 0, 0, 130, 'スライダー', 34.0, 31.6, '空振り', 2, 2, 7, 'S1');"
"INSERT INTO ballinfo VALUES ('2019-04-07', 2019040703, '広島', '阪神', '西 勇輝', '右', '阪神', '田中 広輔', '左', '広島', 7, 2, 4, 3, 2, 0, 1, 136, 'チェンジアップ', 51.0, 90.0, '空振り', 5, 3, 23, 'B17');"
"INSERT INTO ballinfo VALUES ('2019-04-07', 2019040703, '広島', '阪神', '西 勇輝', '右', '阪神', '田中 広輔', '左', '広島', 7, 2, 4, 3, 3, 0, 2, 134, 'チェンジアップ', 73.0, 55.6, '空三振', 3, 4, 14, 'S6');"
"INSERT INTO ballinfo VALUES ('2019-04-07', 2019040703, '広島', '阪神', '島内 颯太郎', '右', '広島', '西 勇輝', '右', '阪神', 8, 1, 1, 0, 1, 0, 0, 145, 'ストレート', 90.5, 84.4, 'ボール', 5, 5, 25, 'B19');"
"INSERT INTO ballinfo VALUES ('2019-04-07', 2019040703, '広島', '阪神', '島内 颯太郎', '右', '広島', '西 勇輝', '右', '阪神', 8, 1, 1, 0, 2, 1, 0, 146, 'ストレート', 74.0, 12.8, 'ボール', 1, 4, 4, 'B4');"
"INSERT INTO ballinfo VALUES ('2019-04-07', 2019040703, '広島', '阪神', '島内 颯太郎', '右', '広島', '西 勇輝', '右', '阪神', 8, 1, 1, 0, 3, 2, 0, 147, 'ストレート', 52.5, 86.8, 'ボール', 5, 3, 23, 'B17');"
"INSERT INTO ballinfo VALUES ('2019-04-07', 2019040703, '広島', '阪神', '島内 颯太郎', '右', '広島', '西 勇輝', '右', '阪神', 8, 1, 1, 0, 4, 3, 0, 147, 'ストレート', 72.5, 31.6, '見逃し', 2, 4, 9, 'S3');"
"INSERT INTO ballinfo VALUES ('2019-04-07', 2019040703, '広島', '阪神', '島内 颯太郎', '右', '広島', '西 勇輝', '右', '阪神', 8, 1, 1, 0, 5, 3, 1, 148, 'ストレート', 32.0, 14.4, '四球', 1, 2, 2, 'B2');"
"INSERT INTO ballinfo VALUES ('2019-04-07', 2019040703, '広島', '阪神', '島内 颯太郎', '右', '広島', '鳥谷 敬', '左', '阪神', 8, 1, 2, 1, 1, 0, 0, 147, 'ストレート', 87.0, 70.8, 'ボール', 4, 5, 20, 'B11');"
"INSERT INTO ballinfo VALUES ('2019-04-07', 2019040703, '広島', '阪神', '島内 颯太郎', '右', '広島', '鳥谷 敬', '左', '阪神', 8, 1, 2, 1, 2, 1, 0, 148, 'ストレート', 30.5, 52.8, '見逃し', 3, 2, 12, 'S4');"
"INSERT INTO ballinfo VALUES ('2019-04-07', 2019040703, '広島', '阪神', '島内 颯太郎', '右', '広島', '鳥谷 敬', '左', '阪神', 8, 1, 2, 1, 3, 1, 1, 147, 'ストレート', 34.0, 45.2, '一ゴロ', 3, 2, 12, 'S4');"
"INSERT INTO ballinfo VALUES ('2019-04-07', 2019040703, '広島', '阪神', '島内 颯太郎', '右', '広島', '糸原 健斗', '左', '阪神', 8, 1, 3, 1, 1, 0, 0, 146, 'ストレート', 29.5, 73.2, '見逃し', 4, 2, 17, 'S7');"
"INSERT INTO ballinfo VALUES ('2019-04-07', 2019040703, '広島', '阪神', '島内 颯太郎', '右', '広島', '糸原 健斗', '左', '阪神', 8, 1, 3, 1, 2, 0, 1, 149, 'ストレート', 29.5, 65.2, '見逃し', 4, 2, 17, 'S7');"
"INSERT INTO ballinfo VALUES ('2019-04-07', 2019040703, '広島', '阪神', '島内 颯太郎', '右', '広島', '糸原 健斗', '左', '阪神', 8, 1, 3, 1, 3, 0, 2, 146, 'ストレート', 71.5, 29.6, '中安', 2, 4, 9, 'S3');"
"INSERT INTO ballinfo VALUES ('2019-04-07', 2019040703, '広島', '阪神', '島内 颯太郎', '右', '広島', '糸井 嘉男', '左', '阪神', 8, 1, 4, 1, 1, 0, 0, 126, 'チェンジアップ', 51.5, 88.4, 'ボール', 5, 3, 23, 'B17');"
"INSERT INTO ballinfo VALUES ('2019-04-07', 2019040703, '広島', '阪神', '島内 颯太郎', '右', '広島', '糸井 嘉男', '左', '阪神', 8, 1, 4, 1, 2, 1, 0, 149, 'ストレート', 69.5, 35.2, '右安', 2, 4, 9, 'S3');"
"INSERT INTO ballinfo VALUES ('2019-04-07', 2019040703, '広島', '阪神', '島内 颯太郎', '右', '広島', '大山 悠輔', '右', '阪神', 8, 1, 5, 2, 1, 0, 0, 126, 'チェンジアップ', 56.5, 44.8, '見逃し', 3, 3, 13, 'S5');"
"INSERT INTO ballinfo VALUES ('2019-04-07', 2019040703, '広島', '阪神', '島内 颯太郎', '右', '広島', '大山 悠輔', '右', '阪神', 8, 1, 5, 2, 2, 0, 1, 150, 'ストレート', 51.5, 56.8, 'ファウル', 3, 3, 13, 'S5');"
"INSERT INTO ballinfo VALUES ('2019-04-07', 2019040703, '広島', '阪神', '島内 颯太郎', '右', '広島', '大山 悠輔', '右', '阪神', 8, 1, 5, 2, 3, 0, 2, 125, 'チェンジアップ', 48.5, 31.6, '二飛', 2, 3, 8, 'S2');"
"INSERT INTO ballinfo VALUES ('2019-04-07', 2019040703, '広島', '阪神', '島内 颯太郎', '右', '広島', '福留 孝介', '左', '阪神', 8, 1, 6, 2, 1, 0, 0, 148, 'ストレート', 52.5, 89.2, 'ボール', 5, 3, 23, 'B17');"
"INSERT INTO ballinfo VALUES ('2019-04-07', 2019040703, '広島', '阪神', '島内 颯太郎', '右', '広島', '福留 孝介', '左', '阪神', 8, 1, 6, 2, 2, 1, 0, 126, 'チェンジアップ', 33.0, 71.6, '見逃し', 4, 2, 17, 'S7');"
"INSERT INTO ballinfo VALUES ('2019-04-07', 2019040703, '広島', '阪神', '島内 颯太郎', '右', '広島', '福留 孝介', '左', '阪神', 8, 1, 6, 2, 3, 1, 1, 148, 'ストレート', 54.0, 69.6, '右２', 4, 3, 18, 'S8');"
"INSERT INTO ballinfo VALUES ('2019-04-07', 2019040703, '広島', '阪神', '島内 颯太郎', '右', '広島', 'ナバーロ', '左', '阪神', 8, 1, 7, 3, 1, 0, 0, 147, 'ストレート', 6.5, 33.2, 'ボール', 2, 1, 6, 'B6');"
"INSERT INTO ballinfo VALUES ('2019-04-07', 2019040703, '広島', '阪神', '島内 颯太郎', '右', '広島', 'ナバーロ', '左', '阪神', 8, 1, 7, 3, 2, 1, 0, 127, 'チェンジアップ', 51.5, 68.8, '空振り', 4, 3, 18, 'S8');"
"INSERT INTO ballinfo VALUES ('2019-04-07', 2019040703, '広島', '阪神', '島内 颯太郎', '右', '広島', 'ナバーロ', '左', '阪神', 8, 1, 7, 3, 3, 1, 1, 126, 'チェンジアップ', 49.5, 85.6, '空振り', 5, 3, 23, 'B17');"
"INSERT INTO ballinfo VALUES ('2019-04-07', 2019040703, '広島', '阪神', '島内 颯太郎', '右', '広島', 'ナバーロ', '左', '阪神', 8, 1, 7, 3, 4, 1, 2, 127, 'チェンジアップ', 71.5, 70.8, '一ゴロ', 4, 4, 19, 'S9');"
"INSERT INTO ballinfo VALUES ('2019-04-07', 2019040703, '広島', '阪神', '西 勇輝', '右', '阪神', '菊池 涼介', '右', '広島', 8, 2, 1, 1, 1, 0, 0, 141, 'ストレート', 90.5, 74.8, 'ボール', 4, 5, 20, 'B11');"
"INSERT INTO ballinfo VALUES ('2019-04-07', 2019040703, '広島', '阪神', '西 勇輝', '右', '阪神', '菊池 涼介', '右', '広島', 8, 2, 1, 1, 2, 1, 0, 143, 'ストレート', 90.5, 88.0, 'ボール', 5, 5, 25, 'B19');"
"INSERT INTO ballinfo VALUES ('2019-04-07', 2019040703, '広島', '阪神', '西 勇輝', '右', '阪神', '菊池 涼介', '右', '広島', 8, 2, 1, 1, 3, 2, 0, 142, 'ストレート', 53.5, 72.8, '見逃し', 4, 3, 18, 'S8');"
"INSERT INTO ballinfo VALUES ('2019-04-07', 2019040703, '広島', '阪神', '西 勇輝', '右', '阪神', '菊池 涼介', '右', '広島', 8, 2, 1, 1, 4, 2, 1, 142, 'ストレート', 90.0, 66.8, 'ボール', 4, 5, 20, 'B11');"
"INSERT INTO ballinfo VALUES ('2019-04-07', 2019040703, '広島', '阪神', '西 勇輝', '右', '阪神', '菊池 涼介', '右', '広島', 8, 2, 1, 1, 5, 3, 1, 132, 'スライダー', 51.5, 47.2, 'ファウル', 3, 3, 13, 'S5');"
"INSERT INTO ballinfo VALUES ('2019-04-07', 2019040703, '広島', '阪神', '西 勇輝', '右', '阪神', '菊池 涼介', '右', '広島', 8, 2, 1, 1, 6, 3, 2, 142, 'ストレート', 50.5, 54.8, '右飛', 3, 3, 13, 'S5');"
"INSERT INTO ballinfo VALUES ('2019-04-07', 2019040703, '広島', '阪神', '西 勇輝', '右', '阪神', '野間 峻祥', '左', '広島', 8, 2, 2, 2, 1, 0, 0, 132, 'スライダー', 27.5, 45.2, '見逃し', 3, 2, 12, 'S4');"
"INSERT INTO ballinfo VALUES ('2019-04-07', 2019040703, '広島', '阪神', '西 勇輝', '右', '阪神', '野間 峻祥', '左', '広島', 8, 2, 2, 2, 2, 0, 1, 0, 'シュート', 30.0, 51.6, 'ファウル', 3, 2, 12, 'S4');"
"INSERT INTO ballinfo VALUES ('2019-04-07', 2019040703, '広島', '阪神', '西 勇輝', '右', '阪神', '野間 峻祥', '左', '広島', 8, 2, 2, 2, 3, 0, 2, 143, 'ストレート', 31.5, 84.0, 'ボール', 5, 2, 22, 'B16');"
"INSERT INTO ballinfo VALUES ('2019-04-07', 2019040703, '広島', '阪神', '西 勇輝', '右', '阪神', '野間 峻祥', '左', '広島', 8, 2, 2, 2, 4, 1, 2, 143, 'ストレート', 33.0, 67.6, '空三振', 4, 2, 17, 'S7');"
"INSERT INTO ballinfo VALUES ('2019-04-07', 2019040703, '広島', '阪神', '西 勇輝', '右', '阪神', '鈴木 誠也', '右', '広島', 8, 2, 3, 3, 1, 0, 0, 112, 'カーブ', 89.0, 85.6, 'ボール', 5, 5, 25, 'B19');"
"INSERT INTO ballinfo VALUES ('2019-04-07', 2019040703, '広島', '阪神', '西 勇輝', '右', '阪神', '鈴木 誠也', '右', '広島', 8, 2, 3, 3, 2, 1, 0, 136, 'ストレート', 91.0, 90.0, 'ボール', 5, 5, 25, 'B19');"
"INSERT INTO ballinfo VALUES ('2019-04-07', 2019040703, '広島', '阪神', '西 勇輝', '右', '阪神', '鈴木 誠也', '右', '広島', 8, 2, 3, 3, 3, 2, 0, 115, 'カーブ', 82.5, 92.0, 'ボール', 5, 5, 25, 'B19');"
"INSERT INTO ballinfo VALUES ('2019-04-07', 2019040703, '広島', '阪神', '西 勇輝', '右', '阪神', '鈴木 誠也', '右', '広島', 8, 2, 3, 3, 4, 3, 0, 130, 'スライダー', 69.5, 55.6, '見逃し', 3, 4, 14, 'S6');"
"INSERT INTO ballinfo VALUES ('2019-04-07', 2019040703, '広島', '阪神', '西 勇輝', '右', '阪神', '鈴木 誠也', '右', '広島', 8, 2, 3, 3, 5, 3, 1, 128, 'スライダー', 73.0, 49.2, '中飛', 3, 4, 14, 'S6');"
"INSERT INTO ballinfo VALUES ('2019-04-07', 2019040703, '広島', '阪神', '島内 颯太郎', '右', '広島', '中谷 将大', '右', '阪神', 9, 1, 1, 1, 1, 0, 0, 144, 'ストレート', 67.5, 50.0, '見逃し', 3, 4, 14, 'S6');"
"INSERT INTO ballinfo VALUES ('2019-04-07', 2019040703, '広島', '阪神', '島内 颯太郎', '右', '広島', '中谷 将大', '右', '阪神', 9, 1, 1, 1, 2, 0, 1, 146, 'ストレート', 91.0, 52.8, 'ボール', 3, 5, 15, 'B9');"
"INSERT INTO ballinfo VALUES ('2019-04-07', 2019040703, '広島', '阪神', '島内 颯太郎', '右', '広島', '中谷 将大', '右', '阪神', 9, 1, 1, 1, 3, 1, 1, 145, 'ストレート', 12.0, 32.0, 'ボール', 2, 1, 6, 'B6');"
"INSERT INTO ballinfo VALUES ('2019-04-07', 2019040703, '広島', '阪神', '島内 颯太郎', '右', '広島', '中谷 将大', '右', '阪神', 9, 1, 1, 1, 4, 2, 1, 147, 'ストレート', 50.5, 46.8, '捕飛', 3, 3, 13, 'S5');"
"INSERT INTO ballinfo VALUES ('2019-04-07', 2019040703, '広島', '阪神', '島内 颯太郎', '右', '広島', '梅野 隆太郎', '右', '阪神', 9, 1, 2, 2, 1, 0, 0, 126, 'スライダー', 68.5, 92.4, '空振り', 5, 4, 24, 'B18');"
"INSERT INTO ballinfo VALUES ('2019-04-07', 2019040703, '広島', '阪神', '島内 颯太郎', '右', '広島', '梅野 隆太郎', '右', '阪神', 9, 1, 2, 2, 2, 0, 1, 127, 'スライダー', 92.5, 73.2, 'ボール', 4, 5, 20, 'B11');"
"INSERT INTO ballinfo VALUES ('2019-04-07', 2019040703, '広島', '阪神', '島内 颯太郎', '右', '広島', '梅野 隆太郎', '右', '阪神', 9, 1, 2, 2, 3, 1, 1, 148, 'ストレート', 12.0, 49.2, 'ボール', 3, 1, 11, 'B8');"
"INSERT INTO ballinfo VALUES ('2019-04-07', 2019040703, '広島', '阪神', '島内 颯太郎', '右', '広島', '梅野 隆太郎', '右', '阪神', 9, 1, 2, 2, 4, 2, 1, 147, 'ストレート', 49.5, 36.8, '三ゴロ', 2, 3, 8, 'S2');"
"INSERT INTO ballinfo VALUES ('2019-04-07', 2019040703, '広島', '阪神', '島内 颯太郎', '右', '広島', '西 勇輝', '右', '阪神', 9, 1, 3, 3, 1, 0, 0, 148, 'ストレート', 49.5, 87.6, 'ボール', 5, 3, 23, 'B17');"
"INSERT INTO ballinfo VALUES ('2019-04-07', 2019040703, '広島', '阪神', '島内 颯太郎', '右', '広島', '西 勇輝', '右', '阪神', 9, 1, 3, 3, 2, 1, 0, 148, 'ストレート', 50.5, 50.4, '見逃し', 3, 3, 13, 'S5');"
"INSERT INTO ballinfo VALUES ('2019-04-07', 2019040703, '広島', '阪神', '島内 颯太郎', '右', '広島', '西 勇輝', '右', '阪神', 9, 1, 3, 3, 3, 1, 1, 147, 'ストレート', 71.0, 52.4, '見逃し', 3, 4, 14, 'S6');"
"INSERT INTO ballinfo VALUES ('2019-04-07', 2019040703, '広島', '阪神', '島内 颯太郎', '右', '広島', '西 勇輝', '右', '阪神', 9, 1, 3, 3, 4, 1, 2, 147, 'ストレート', 76.5, 56.4, '見三振', 3, 4, 14, 'S6');"
"INSERT INTO ballinfo VALUES ('2019-04-07', 2019040703, '広島', '阪神', '西 勇輝', '右', '阪神', '松山 竜平', '左', '広島', 9, 2, 1, 1, 1, 0, 0, 128, 'チェンジアップ', 13.0, 14.8, 'ボール', 1, 1, 1, 'B1');"
"INSERT INTO ballinfo VALUES ('2019-04-07', 2019040703, '広島', '阪神', '西 勇輝', '右', '阪神', '松山 竜平', '左', '広島', 9, 2, 1, 1, 2, 1, 0, 142, 'ストレート', 28.0, 54.4, '見逃し', 3, 2, 12, 'S4');"
"INSERT INTO ballinfo VALUES ('2019-04-07', 2019040703, '広島', '阪神', '西 勇輝', '右', '阪神', '松山 竜平', '左', '広島', 9, 2, 1, 1, 3, 1, 1, 139, 'ストレート', 71.0, 15.6, '遊飛', 1, 4, 4, 'B4');"
"INSERT INTO ballinfo VALUES ('2019-04-07', 2019040703, '広島', '阪神', '西 勇輝', '右', '阪神', '安部 友裕', '左', '広島', 9, 2, 2, 1, 1, 0, 0, 141, 'ストレート', 29.5, 14.8, 'ボール', 1, 2, 2, 'B2');"
"INSERT INTO ballinfo VALUES ('2019-04-07', 2019040703, '広島', '阪神', '西 勇輝', '右', '阪神', '安部 友裕', '左', '広島', 9, 2, 2, 1, 2, 1, 0, 142, 'ストレート', 34.5, 51.2, '見逃し', 3, 2, 12, 'S4');"
"INSERT INTO ballinfo VALUES ('2019-04-07', 2019040703, '広島', '阪神', '西 勇輝', '右', '阪神', '安部 友裕', '左', '広島', 9, 2, 2, 1, 3, 1, 1, 134, 'チェンジアップ', 72.5, 49.2, '右２', 3, 4, 14, 'S6');"
"INSERT INTO ballinfo VALUES ('2019-04-07', 2019040703, '広島', '阪神', '西 勇輝', '右', '阪神', '坂倉 将吾', '左', '広島', 9, 2, 3, 2, 1, 0, 0, 133, 'スライダー', 26.0, 51.6, '見逃し', 3, 2, 12, 'S4');"
"INSERT INTO ballinfo VALUES ('2019-04-07', 2019040703, '広島', '阪神', '西 勇輝', '右', '阪神', '坂倉 将吾', '左', '広島', 9, 2, 3, 2, 2, 0, 1, 141, 'ストレート', 74.5, 72.0, '空振り', 4, 4, 19, 'S9');"
"INSERT INTO ballinfo VALUES ('2019-04-07', 2019040703, '広島', '阪神', '西 勇輝', '右', '阪神', '坂倉 将吾', '左', '広島', 9, 2, 3, 2, 3, 0, 2, 141, 'ストレート', 31.5, 11.6, '空三振', 1, 2, 2, 'B2');"
"INSERT INTO ballinfo VALUES ('2019-04-07', 2019040703, '広島', '阪神', '西 勇輝', '右', '阪神', '西川 龍馬', '左', '広島', 9, 2, 4, 3, 1, 0, 0, 143, 'ストレート', 90.5, 69.2, 'ボール', 4, 5, 20, 'B11');"
"INSERT INTO ballinfo VALUES ('2019-04-07', 2019040703, '広島', '阪神', '西 勇輝', '右', '阪神', '西川 龍馬', '左', '広島', 9, 2, 4, 3, 2, 1, 0, 144, 'ストレート', 29.5, 35.2, '見逃し', 2, 2, 7, 'S1');"
"INSERT INTO ballinfo VALUES ('2019-04-07', 2019040703, '広島', '阪神', '西 勇輝', '右', '阪神', '西川 龍馬', '左', '広島', 9, 2, 4, 3, 3, 1, 1, 137, 'シュート', 11.0, 72.8, 'ボール', 4, 1, 16, 'B10');"
"INSERT INTO ballinfo VALUES ('2019-04-07', 2019040703, '広島', '阪神', '西 勇輝', '右', '阪神', '西川 龍馬', '左', '広島', 9, 2, 4, 3, 4, 2, 1, 145, 'ストレート', 54.5, 50.8, 'フライ', 3, 3, 13, 'S5');"
