"INSERT INTO ballinfo VALUES ('2019-04-07', 2019040701, 'ヤクルト', '中日', '高梨 裕稔', '右', 'ヤクルト', '平田 良介', '右', '中日', 1, 1, 1, 1, 1, 0, 0, 141, 'ストレート', 52.5, 70.4, '見逃し', 4, 3, 18, 'S8');"
"INSERT INTO ballinfo VALUES ('2019-04-07', 2019040701, 'ヤクルト', '中日', '高梨 裕稔', '右', 'ヤクルト', '平田 良介', '右', '中日', 1, 1, 1, 1, 2, 0, 1, 144, 'ストレート', 68.0, 7.2, 'ボール', 1, 4, 4, 'B4');"
"INSERT INTO ballinfo VALUES ('2019-04-07', 2019040701, 'ヤクルト', '中日', '高梨 裕稔', '右', 'ヤクルト', '平田 良介', '右', '中日', 1, 1, 1, 1, 3, 1, 1, 144, 'ストレート', 89.5, 71.2, 'ボール', 4, 5, 20, 'B11');"
"INSERT INTO ballinfo VALUES ('2019-04-07', 2019040701, 'ヤクルト', '中日', '高梨 裕稔', '右', 'ヤクルト', '平田 良介', '右', '中日', 1, 1, 1, 1, 4, 2, 1, 142, 'ストレート', 71.0, 50.8, '遊ゴロ', 3, 4, 14, 'S6');"
"INSERT INTO ballinfo VALUES ('2019-04-07', 2019040701, 'ヤクルト', '中日', '高梨 裕稔', '右', 'ヤクルト', '京田 陽太', '左', '中日', 1, 1, 2, 2, 1, 0, 0, 143, 'ストレート', 30.5, 29.2, '見逃し', 2, 2, 7, 'S1');"
"INSERT INTO ballinfo VALUES ('2019-04-07', 2019040701, 'ヤクルト', '中日', '高梨 裕稔', '右', 'ヤクルト', '京田 陽太', '左', '中日', 1, 1, 2, 2, 2, 0, 1, 119, 'カーブ', 51.5, 90.4, 'ボール', 5, 3, 23, 'B17');"
"INSERT INTO ballinfo VALUES ('2019-04-07', 2019040701, 'ヤクルト', '中日', '高梨 裕稔', '右', 'ヤクルト', '京田 陽太', '左', '中日', 1, 1, 2, 2, 3, 1, 1, 142, 'ストレート', 27.5, 34.0, 'ファウル', 2, 2, 7, 'S1');"
"INSERT INTO ballinfo VALUES ('2019-04-07', 2019040701, 'ヤクルト', '中日', '高梨 裕稔', '右', 'ヤクルト', '京田 陽太', '左', '中日', 1, 1, 2, 2, 4, 1, 2, 127, 'スライダー', 44.5, 49.6, 'ファウル', 3, 3, 13, 'S5');"
"INSERT INTO ballinfo VALUES ('2019-04-07', 2019040701, 'ヤクルト', '中日', '高梨 裕稔', '右', 'ヤクルト', '京田 陽太', '左', '中日', 1, 1, 2, 2, 5, 1, 3, 135, 'フォーク', 9.5, 85.2, 'ボール', 5, 1, 21, 'B15');"
"INSERT INTO ballinfo VALUES ('2019-04-07', 2019040701, 'ヤクルト', '中日', '高梨 裕稔', '右', 'ヤクルト', '京田 陽太', '左', '中日', 1, 1, 2, 2, 6, 2, 3, 144, 'ストレート', 67.5, 54.0, '見三振', 3, 4, 14, 'S6');"
"INSERT INTO ballinfo VALUES ('2019-04-07', 2019040701, 'ヤクルト', '中日', '高梨 裕稔', '右', 'ヤクルト', '大島 洋平', '左', '中日', 1, 1, 3, 3, 1, 0, 0, 113, 'カーブ', 30.0, 17.2, 'ボール', 1, 2, 2, 'B2');"
"INSERT INTO ballinfo VALUES ('2019-04-07', 2019040701, 'ヤクルト', '中日', '高梨 裕稔', '右', 'ヤクルト', '大島 洋平', '左', '中日', 1, 1, 3, 3, 2, 1, 0, 140, 'ストレート', 50.0, 10.8, 'ボール', 1, 3, 3, 'B3');"
"INSERT INTO ballinfo VALUES ('2019-04-07', 2019040701, 'ヤクルト', '中日', '高梨 裕稔', '右', 'ヤクルト', '大島 洋平', '左', '中日', 1, 1, 3, 3, 3, 2, 0, 145, 'ストレート', 68.5, 33.2, '二直', 2, 4, 9, 'S3');"
"INSERT INTO ballinfo VALUES ('2019-04-07', 2019040701, 'ヤクルト', '中日', '柳 裕也', '右', '中日', '荒木 貴裕', '右', 'ヤクルト', 1, 2, 1, 1, 1, 0, 0, 140, 'ストレート', 49.5, 14.4, '空振り', 1, 3, 3, 'B3');"
"INSERT INTO ballinfo VALUES ('2019-04-07', 2019040701, 'ヤクルト', '中日', '柳 裕也', '右', '中日', '荒木 貴裕', '右', 'ヤクルト', 1, 2, 1, 1, 2, 0, 1, 114, 'カーブ', 31.0, 53.2, '二ゴロ', 3, 2, 12, 'S4');"
"INSERT INTO ballinfo VALUES ('2019-04-07', 2019040701, 'ヤクルト', '中日', '柳 裕也', '右', '中日', '青木 宣親', '左', 'ヤクルト', 1, 2, 2, 2, 1, 0, 0, 144, 'ストレート', 46.5, 85.2, 'ボール', 5, 3, 23, 'B17');"
"INSERT INTO ballinfo VALUES ('2019-04-07', 2019040701, 'ヤクルト', '中日', '柳 裕也', '右', '中日', '青木 宣親', '左', 'ヤクルト', 1, 2, 2, 2, 2, 1, 0, 139, 'ストレート', 27.0, 48.4, '見逃し', 3, 2, 12, 'S4');"
"INSERT INTO ballinfo VALUES ('2019-04-07', 2019040701, 'ヤクルト', '中日', '柳 裕也', '右', '中日', '青木 宣親', '左', 'ヤクルト', 1, 2, 2, 2, 3, 1, 1, 132, 'スライダー', 50.0, 69.6, '二ゴロ', 4, 3, 18, 'S8');"
"INSERT INTO ballinfo VALUES ('2019-04-07', 2019040701, 'ヤクルト', '中日', '柳 裕也', '右', '中日', '山田 哲人', '右', 'ヤクルト', 1, 2, 3, 3, 1, 0, 0, 144, 'ストレート', 74.5, 52.0, '見逃し', 3, 4, 14, 'S6');"
"INSERT INTO ballinfo VALUES ('2019-04-07', 2019040701, 'ヤクルト', '中日', '柳 裕也', '右', '中日', '山田 哲人', '右', 'ヤクルト', 1, 2, 3, 3, 2, 0, 1, 115, 'カーブ', 86.5, 65.2, 'ボール', 4, 5, 20, 'B11');"
"INSERT INTO ballinfo VALUES ('2019-04-07', 2019040701, 'ヤクルト', '中日', '柳 裕也', '右', '中日', '山田 哲人', '右', 'ヤクルト', 1, 2, 3, 3, 3, 1, 1, 134, 'スライダー', 70.0, 86.4, '空振り', 5, 4, 24, 'B18');"
"INSERT INTO ballinfo VALUES ('2019-04-07', 2019040701, 'ヤクルト', '中日', '柳 裕也', '右', '中日', '山田 哲人', '右', 'ヤクルト', 1, 2, 3, 3, 4, 1, 2, 143, 'ストレート', 31.5, 52.4, '見三振', 3, 2, 12, 'S4');"
"INSERT INTO ballinfo VALUES ('2019-04-07', 2019040701, 'ヤクルト', '中日', '高梨 裕稔', '右', 'ヤクルト', 'ビシエド', '右', '中日', 2, 1, 1, 0, 1, 0, 0, 141, 'ストレート', 70.5, 11.2, 'ボール', 1, 4, 4, 'B4');"
"INSERT INTO ballinfo VALUES ('2019-04-07', 2019040701, 'ヤクルト', '中日', '高梨 裕稔', '右', 'ヤクルト', 'ビシエド', '右', '中日', 2, 1, 1, 0, 2, 1, 0, 115, 'カーブ', 50.5, 15.2, 'ボール', 1, 3, 3, 'B3');"
"INSERT INTO ballinfo VALUES ('2019-04-07', 2019040701, 'ヤクルト', '中日', '高梨 裕稔', '右', 'ヤクルト', 'ビシエド', '右', '中日', 2, 1, 1, 0, 3, 2, 0, 141, 'ストレート', 66.5, 15.6, 'ファウル', 1, 4, 4, 'B4');"
"INSERT INTO ballinfo VALUES ('2019-04-07', 2019040701, 'ヤクルト', '中日', '高梨 裕稔', '右', 'ヤクルト', 'ビシエド', '右', '中日', 2, 1, 1, 0, 4, 2, 1, 115, 'カーブ', 89.5, 90.8, 'ボール', 5, 5, 25, 'B19');"
"INSERT INTO ballinfo VALUES ('2019-04-07', 2019040701, 'ヤクルト', '中日', '高梨 裕稔', '右', 'ヤクルト', 'ビシエド', '右', '中日', 2, 1, 1, 0, 5, 3, 1, 145, 'ストレート', 27.0, 47.6, '見逃し', 3, 2, 12, 'S4');"
"INSERT INTO ballinfo VALUES ('2019-04-07', 2019040701, 'ヤクルト', '中日', '高梨 裕稔', '右', 'ヤクルト', 'ビシエド', '右', '中日', 2, 1, 1, 0, 6, 3, 2, 143, 'ストレート', 88.5, 71.6, '四球', 4, 5, 20, 'B11');"
"INSERT INTO ballinfo VALUES ('2019-04-07', 2019040701, 'ヤクルト', '中日', '高梨 裕稔', '右', 'ヤクルト', 'アルモンテ', '左', '中日', 2, 1, 2, 1, 1, 0, 0, 144, 'ストレート', 45.5, 71.6, '空振り', 4, 3, 18, 'S8');"
"INSERT INTO ballinfo VALUES ('2019-04-07', 2019040701, 'ヤクルト', '中日', '高梨 裕稔', '右', 'ヤクルト', 'アルモンテ', '左', '中日', 2, 1, 2, 1, 2, 0, 1, 112, 'カーブ', 69.5, 90.4, 'ボール', 5, 4, 24, 'B18');"
"INSERT INTO ballinfo VALUES ('2019-04-07', 2019040701, 'ヤクルト', '中日', '高梨 裕稔', '右', 'ヤクルト', 'アルモンテ', '左', '中日', 2, 1, 2, 1, 3, 1, 1, 143, 'ストレート', 26.5, 71.6, 'ファウル', 4, 2, 17, 'S7');"
"INSERT INTO ballinfo VALUES ('2019-04-07', 2019040701, 'ヤクルト', '中日', '高梨 裕稔', '右', 'ヤクルト', 'アルモンテ', '左', '中日', 2, 1, 2, 1, 4, 1, 2, 134, 'フォーク', 30.0, 90.8, '空三振', 5, 2, 22, 'B16');"
"INSERT INTO ballinfo VALUES ('2019-04-07', 2019040701, 'ヤクルト', '中日', '高梨 裕稔', '右', 'ヤクルト', '高橋 周平', '左', '中日', 2, 1, 3, 2, 1, 0, 0, 111, 'カーブ', 30.5, 31.6, '見逃し', 2, 2, 7, 'S1');"
"INSERT INTO ballinfo VALUES ('2019-04-07', 2019040701, 'ヤクルト', '中日', '高梨 裕稔', '右', 'ヤクルト', '高橋 周平', '左', '中日', 2, 1, 3, 2, 2, 0, 1, 128, 'フォーク', 50.5, 91.6, 'ボール', 5, 3, 23, 'B17');"
"INSERT INTO ballinfo VALUES ('2019-04-07', 2019040701, 'ヤクルト', '中日', '高梨 裕稔', '右', 'ヤクルト', '高橋 周平', '左', '中日', 2, 1, 3, 2, 3, 1, 1, 0, 'ストレート', 36.5, 26.4, '右飛', 2, 2, 7, 'S1');"
"INSERT INTO ballinfo VALUES ('2019-04-07', 2019040701, 'ヤクルト', '中日', '高梨 裕稔', '右', 'ヤクルト', '堂上 直倫', '右', '中日', 2, 1, 4, 3, 1, 0, 0, 142, 'ストレート', 91.5, 12.4, 'ボール', 1, 5, 5, 'B5');"
"INSERT INTO ballinfo VALUES ('2019-04-07', 2019040701, 'ヤクルト', '中日', '高梨 裕稔', '右', 'ヤクルト', '堂上 直倫', '右', '中日', 2, 1, 4, 3, 2, 1, 0, 144, 'ストレート', 76.0, 48.8, '見逃し', 3, 4, 14, 'S6');"
"INSERT INTO ballinfo VALUES ('2019-04-07', 2019040701, 'ヤクルト', '中日', '高梨 裕稔', '右', 'ヤクルト', '堂上 直倫', '右', '中日', 2, 1, 4, 3, 3, 1, 1, 117, 'カーブ', 31.0, 27.6, '見逃し', 2, 2, 7, 'S1');"
"INSERT INTO ballinfo VALUES ('2019-04-07', 2019040701, 'ヤクルト', '中日', '高梨 裕稔', '右', 'ヤクルト', '堂上 直倫', '右', '中日', 2, 1, 4, 3, 4, 1, 2, 145, 'ストレート', 67.0, 26.4, 'ファウル', 2, 4, 9, 'S3');"
"INSERT INTO ballinfo VALUES ('2019-04-07', 2019040701, 'ヤクルト', '中日', '高梨 裕稔', '右', 'ヤクルト', '堂上 直倫', '右', '中日', 2, 1, 4, 3, 5, 1, 3, 130, 'フォーク', 69.5, 89.2, '三ゴロ', 5, 4, 24, 'B18');"
"INSERT INTO ballinfo VALUES ('2019-04-07', 2019040701, 'ヤクルト', '中日', '柳 裕也', '右', '中日', 'バレンティン', '右', 'ヤクルト', 2, 2, 1, 1, 1, 0, 0, 113, 'カーブ', 51.5, 47.6, '見逃し', 3, 3, 13, 'S5');"
"INSERT INTO ballinfo VALUES ('2019-04-07', 2019040701, 'ヤクルト', '中日', '柳 裕也', '右', '中日', 'バレンティン', '右', 'ヤクルト', 2, 2, 1, 1, 2, 0, 1, 0, 'スライダー', 69.5, 70.8, '投ゴロ', 4, 4, 19, 'S9');"
"INSERT INTO ballinfo VALUES ('2019-04-07', 2019040701, 'ヤクルト', '中日', '柳 裕也', '右', '中日', '雄平', '左', 'ヤクルト', 2, 2, 2, 2, 1, 0, 0, 138, 'ストレート', 29.5, 26.8, '見逃し', 2, 2, 7, 'S1');"
"INSERT INTO ballinfo VALUES ('2019-04-07', 2019040701, 'ヤクルト', '中日', '柳 裕也', '右', '中日', '雄平', '左', 'ヤクルト', 2, 2, 2, 2, 2, 0, 1, 140, 'ストレート', 70.5, 13.6, 'ファウル', 1, 4, 4, 'B4');"
"INSERT INTO ballinfo VALUES ('2019-04-07', 2019040701, 'ヤクルト', '中日', '柳 裕也', '右', '中日', '雄平', '左', 'ヤクルト', 2, 2, 2, 2, 3, 0, 2, 138, 'ストレート', 11.5, 8.0, 'ボール', 1, 1, 1, 'B1');"
"INSERT INTO ballinfo VALUES ('2019-04-07', 2019040701, 'ヤクルト', '中日', '柳 裕也', '右', '中日', '雄平', '左', 'ヤクルト', 2, 2, 2, 2, 4, 1, 2, 130, 'スライダー', 27.5, 53.2, 'ファウル', 3, 2, 12, 'S4');"
"INSERT INTO ballinfo VALUES ('2019-04-07', 2019040701, 'ヤクルト', '中日', '柳 裕也', '右', '中日', '雄平', '左', 'ヤクルト', 2, 2, 2, 2, 5, 1, 3, 134, 'ストレート', 76.0, 33.2, 'ファウル', 2, 4, 9, 'S3');"
"INSERT INTO ballinfo VALUES ('2019-04-07', 2019040701, 'ヤクルト', '中日', '柳 裕也', '右', '中日', '雄平', '左', 'ヤクルト', 2, 2, 2, 2, 6, 1, 4, 132, 'スライダー', 50.5, 53.2, '遊ゴロ', 3, 3, 13, 'S5');"
"INSERT INTO ballinfo VALUES ('2019-04-07', 2019040701, 'ヤクルト', '中日', '柳 裕也', '右', '中日', '西浦 直亨', '右', 'ヤクルト', 2, 2, 3, 2, 1, 0, 0, 135, 'ストレート', 51.0, 13.6, '空振り', 1, 3, 3, 'B3');"
"INSERT INTO ballinfo VALUES ('2019-04-07', 2019040701, 'ヤクルト', '中日', '柳 裕也', '右', '中日', '西浦 直亨', '右', 'ヤクルト', 2, 2, 3, 2, 2, 0, 1, 131, 'スライダー', 71.0, 54.4, '空振り', 3, 4, 14, 'S6');"
"INSERT INTO ballinfo VALUES ('2019-04-07', 2019040701, 'ヤクルト', '中日', '柳 裕也', '右', '中日', '西浦 直亨', '右', 'ヤクルト', 2, 2, 3, 2, 3, 0, 2, 130, 'スライダー', 65.0, 65.2, 'ファウル', 4, 4, 19, 'S9');"
"INSERT INTO ballinfo VALUES ('2019-04-07', 2019040701, 'ヤクルト', '中日', '柳 裕也', '右', '中日', '西浦 直亨', '右', 'ヤクルト', 2, 2, 3, 2, 4, 0, 3, 142, 'ストレート', 31.5, 10.4, 'ボール', 1, 2, 2, 'B2');"
"INSERT INTO ballinfo VALUES ('2019-04-07', 2019040701, 'ヤクルト', '中日', '柳 裕也', '右', '中日', '西浦 直亨', '右', 'ヤクルト', 2, 2, 3, 2, 5, 1, 3, 115, 'カーブ', 50.0, 89.2, 'ファウル', 5, 3, 23, 'B17');"
"INSERT INTO ballinfo VALUES ('2019-04-07', 2019040701, 'ヤクルト', '中日', '柳 裕也', '右', '中日', '西浦 直亨', '右', 'ヤクルト', 2, 2, 3, 2, 6, 1, 4, 135, 'ストレート', 29.5, 28.8, 'ファウル', 2, 2, 7, 'S1');"
"INSERT INTO ballinfo VALUES ('2019-04-07', 2019040701, 'ヤクルト', '中日', '柳 裕也', '右', '中日', '西浦 直亨', '右', 'ヤクルト', 2, 2, 3, 2, 7, 1, 5, 144, 'ストレート', 50.5, 69.6, 'ファウル', 4, 3, 18, 'S8');"
"INSERT INTO ballinfo VALUES ('2019-04-07', 2019040701, 'ヤクルト', '中日', '柳 裕也', '右', '中日', '西浦 直亨', '右', 'ヤクルト', 2, 2, 3, 2, 8, 1, 6, 115, 'カーブ', 68.5, 86.8, '中安', 5, 4, 24, 'B18');"
"INSERT INTO ballinfo VALUES ('2019-04-07', 2019040701, 'ヤクルト', '中日', '柳 裕也', '右', '中日', '村上 宗隆', '左', 'ヤクルト', 2, 2, 4, 3, 1, 0, 0, 131, 'スライダー', 29.0, 88.8, 'ボール', 5, 2, 22, 'B16');"
"INSERT INTO ballinfo VALUES ('2019-04-07', 2019040701, 'ヤクルト', '中日', '柳 裕也', '右', '中日', '村上 宗隆', '左', 'ヤクルト', 2, 2, 4, 3, 2, 1, 0, 140, 'ストレート', 30.0, 15.2, 'ボール', 1, 2, 2, 'B2');"
"INSERT INTO ballinfo VALUES ('2019-04-07', 2019040701, 'ヤクルト', '中日', '柳 裕也', '右', '中日', '村上 宗隆', '左', 'ヤクルト', 2, 2, 4, 3, 3, 2, 0, 131, 'スライダー', 36.0, 44.4, '見逃し', 3, 2, 12, 'S4');"
"INSERT INTO ballinfo VALUES ('2019-04-07', 2019040701, 'ヤクルト', '中日', '柳 裕也', '右', '中日', '村上 宗隆', '左', 'ヤクルト', 2, 2, 4, 3, 4, 2, 1, 137, 'ストレート', 71.5, 15.2, '三ゴロ', 1, 4, 4, 'B4');"
"INSERT INTO ballinfo VALUES ('2019-04-07', 2019040701, 'ヤクルト', '中日', '高梨 裕稔', '右', 'ヤクルト', '加藤 匠馬', '右', '中日', 3, 1, 1, 1, 1, 0, 0, 141, 'ストレート', 52.0, 10.0, 'ボール', 1, 3, 3, 'B3');"
"INSERT INTO ballinfo VALUES ('2019-04-07', 2019040701, 'ヤクルト', '中日', '高梨 裕稔', '右', 'ヤクルト', '加藤 匠馬', '右', '中日', 3, 1, 1, 1, 2, 1, 0, 140, 'ストレート', 51.0, 52.4, '遊飛', 3, 3, 13, 'S5');"
"INSERT INTO ballinfo VALUES ('2019-04-07', 2019040701, 'ヤクルト', '中日', '高梨 裕稔', '右', 'ヤクルト', '柳 裕也', '右', '中日', 3, 1, 2, 2, 1, 0, 0, 137, 'ストレート', 69.0, 29.2, 'ファウル', 2, 4, 9, 'S3');"
"INSERT INTO ballinfo VALUES ('2019-04-07', 2019040701, 'ヤクルト', '中日', '高梨 裕稔', '右', 'ヤクルト', '柳 裕也', '右', '中日', 3, 1, 2, 2, 2, 0, 1, 137, 'ストレート', 73.5, 33.6, 'ファウル', 2, 4, 9, 'S3');"
"INSERT INTO ballinfo VALUES ('2019-04-07', 2019040701, 'ヤクルト', '中日', '高梨 裕稔', '右', 'ヤクルト', '柳 裕也', '右', '中日', 3, 1, 2, 2, 3, 0, 2, 128, 'スライダー', 88.0, 85.2, 'ボール', 5, 5, 25, 'B19');"
"INSERT INTO ballinfo VALUES ('2019-04-07', 2019040701, 'ヤクルト', '中日', '高梨 裕稔', '右', 'ヤクルト', '柳 裕也', '右', '中日', 3, 1, 2, 2, 4, 1, 2, 0, 'ストレート', 67.5, 16.0, 'ファウル', 1, 4, 4, 'B4');"
"INSERT INTO ballinfo VALUES ('2019-04-07', 2019040701, 'ヤクルト', '中日', '高梨 裕稔', '右', 'ヤクルト', '柳 裕也', '右', '中日', 3, 1, 2, 2, 5, 1, 3, 141, 'ストレート', 69.0, 69.2, '見三振', 4, 4, 19, 'S9');"
"INSERT INTO ballinfo VALUES ('2019-04-07', 2019040701, 'ヤクルト', '中日', '高梨 裕稔', '右', 'ヤクルト', '平田 良介', '右', '中日', 3, 1, 3, 3, 1, 0, 0, 108, 'カーブ', 34.5, 32.8, '見逃し', 2, 2, 7, 'S1');"
"INSERT INTO ballinfo VALUES ('2019-04-07', 2019040701, 'ヤクルト', '中日', '高梨 裕稔', '右', 'ヤクルト', '平田 良介', '右', '中日', 3, 1, 3, 3, 2, 0, 1, 106, 'カーブ', 74.5, 54.0, '見逃し', 3, 4, 14, 'S6');"
"INSERT INTO ballinfo VALUES ('2019-04-07', 2019040701, 'ヤクルト', '中日', '高梨 裕稔', '右', 'ヤクルト', '平田 良介', '右', '中日', 3, 1, 3, 3, 3, 0, 2, 0, 'フォーク', 51.0, 87.6, '空三振', 5, 3, 23, 'B17');"
"INSERT INTO ballinfo VALUES ('2019-04-07', 2019040701, 'ヤクルト', '中日', '柳 裕也', '右', '中日', '松本 直樹', '右', 'ヤクルト', 3, 2, 1, 1, 1, 0, 0, 132, 'スライダー', 52.0, 31.2, 'ファウル', 2, 3, 8, 'S2');"
"INSERT INTO ballinfo VALUES ('2019-04-07', 2019040701, 'ヤクルト', '中日', '柳 裕也', '右', '中日', '松本 直樹', '右', 'ヤクルト', 3, 2, 1, 1, 2, 0, 1, 133, 'スライダー', 50.5, 88.0, 'ボール', 5, 3, 23, 'B17');"
"INSERT INTO ballinfo VALUES ('2019-04-07', 2019040701, 'ヤクルト', '中日', '柳 裕也', '右', '中日', '松本 直樹', '右', 'ヤクルト', 3, 2, 1, 1, 3, 1, 1, 133, 'スライダー', 72.0, 70.0, '空振り', 4, 4, 19, 'S9');"
"INSERT INTO ballinfo VALUES ('2019-04-07', 2019040701, 'ヤクルト', '中日', '柳 裕也', '右', '中日', '松本 直樹', '右', 'ヤクルト', 3, 2, 1, 1, 4, 1, 2, 131, 'スライダー', 49.5, 83.6, 'ファウル', 5, 3, 23, 'B17');"
"INSERT INTO ballinfo VALUES ('2019-04-07', 2019040701, 'ヤクルト', '中日', '柳 裕也', '右', '中日', '松本 直樹', '右', 'ヤクルト', 3, 2, 1, 1, 5, 1, 3, 132, 'スライダー', 34.5, 91.6, '空三振', 5, 2, 22, 'B16');"
"INSERT INTO ballinfo VALUES ('2019-04-07', 2019040701, 'ヤクルト', '中日', '柳 裕也', '右', '中日', '高梨 裕稔', '右', 'ヤクルト', 3, 2, 2, 2, 1, 0, 0, 137, 'ストレート', 76.5, 70.0, '見逃し', 4, 4, 19, 'S9');"
"INSERT INTO ballinfo VALUES ('2019-04-07', 2019040701, 'ヤクルト', '中日', '柳 裕也', '右', '中日', '高梨 裕稔', '右', 'ヤクルト', 3, 2, 2, 2, 2, 0, 1, 111, 'カーブ', 50.0, 91.6, 'ボール', 5, 3, 23, 'B17');"
"INSERT INTO ballinfo VALUES ('2019-04-07', 2019040701, 'ヤクルト', '中日', '柳 裕也', '右', '中日', '高梨 裕稔', '右', 'ヤクルト', 3, 2, 2, 2, 3, 1, 1, 131, 'スライダー', 52.0, 56.0, '空振り', 3, 3, 13, 'S5');"
"INSERT INTO ballinfo VALUES ('2019-04-07', 2019040701, 'ヤクルト', '中日', '柳 裕也', '右', '中日', '高梨 裕稔', '右', 'ヤクルト', 3, 2, 2, 2, 4, 1, 2, 133, 'スライダー', 29.5, 91.2, 'ボール', 5, 2, 22, 'B16');"
"INSERT INTO ballinfo VALUES ('2019-04-07', 2019040701, 'ヤクルト', '中日', '柳 裕也', '右', '中日', '高梨 裕稔', '右', 'ヤクルト', 3, 2, 2, 2, 5, 2, 2, 142, 'ストレート', 51.5, 31.6, '遊ゴロ', 2, 3, 8, 'S2');"
"INSERT INTO ballinfo VALUES ('2019-04-07', 2019040701, 'ヤクルト', '中日', '柳 裕也', '右', '中日', '荒木 貴裕', '右', 'ヤクルト', 3, 2, 3, 3, 1, 0, 0, 132, 'スライダー', 69.5, 91.2, 'ボール', 5, 4, 24, 'B18');"
"INSERT INTO ballinfo VALUES ('2019-04-07', 2019040701, 'ヤクルト', '中日', '柳 裕也', '右', '中日', '荒木 貴裕', '右', 'ヤクルト', 3, 2, 3, 3, 2, 1, 0, 132, 'ストレート', 49.5, 15.6, '空振り', 1, 3, 3, 'B3');"
"INSERT INTO ballinfo VALUES ('2019-04-07', 2019040701, 'ヤクルト', '中日', '柳 裕也', '右', '中日', '荒木 貴裕', '右', 'ヤクルト', 3, 2, 3, 3, 3, 1, 1, 141, 'ストレート', 30.5, 89.6, 'ボール', 5, 2, 22, 'B16');"
"INSERT INTO ballinfo VALUES ('2019-04-07', 2019040701, 'ヤクルト', '中日', '柳 裕也', '右', '中日', '荒木 貴裕', '右', 'ヤクルト', 3, 2, 3, 3, 4, 2, 1, 134, 'スライダー', 85.0, 84.0, '空振り', 5, 5, 25, 'B19');"
"INSERT INTO ballinfo VALUES ('2019-04-07', 2019040701, 'ヤクルト', '中日', '柳 裕也', '右', '中日', '荒木 貴裕', '右', 'ヤクルト', 3, 2, 3, 3, 5, 2, 2, 137, 'ストレート', 26.5, 84.4, 'ボール', 5, 2, 22, 'B16');"
"INSERT INTO ballinfo VALUES ('2019-04-07', 2019040701, 'ヤクルト', '中日', '柳 裕也', '右', '中日', '荒木 貴裕', '右', 'ヤクルト', 3, 2, 3, 3, 6, 3, 2, 142, 'ストレート', 65.0, 35.2, 'ファウル', 2, 4, 9, 'S3');"
"INSERT INTO ballinfo VALUES ('2019-04-07', 2019040701, 'ヤクルト', '中日', '柳 裕也', '右', '中日', '荒木 貴裕', '右', 'ヤクルト', 3, 2, 3, 3, 7, 3, 3, 137, 'ストレート', 70.0, 28.0, 'ファウル', 2, 4, 9, 'S3');"
"INSERT INTO ballinfo VALUES ('2019-04-07', 2019040701, 'ヤクルト', '中日', '柳 裕也', '右', '中日', '荒木 貴裕', '右', 'ヤクルト', 3, 2, 3, 3, 8, 3, 4, 143, 'ストレート', 51.5, 69.2, '二ゴロ', 4, 3, 18, 'S8');"
"INSERT INTO ballinfo VALUES ('2019-04-07', 2019040701, 'ヤクルト', '中日', '高梨 裕稔', '右', 'ヤクルト', '京田 陽太', '左', '中日', 4, 1, 1, 0, 1, 0, 0, 127, 'フォーク', 28.5, 30.8, 'ファウル', 2, 2, 7, 'S1');"
"INSERT INTO ballinfo VALUES ('2019-04-07', 2019040701, 'ヤクルト', '中日', '高梨 裕稔', '右', 'ヤクルト', '京田 陽太', '左', '中日', 4, 1, 1, 0, 2, 0, 1, 129, 'フォーク', 29.5, 84.0, 'ボール', 5, 2, 22, 'B16');"
"INSERT INTO ballinfo VALUES ('2019-04-07', 2019040701, 'ヤクルト', '中日', '高梨 裕稔', '右', 'ヤクルト', '京田 陽太', '左', '中日', 4, 1, 1, 0, 3, 1, 1, 142, 'ストレート', 29.5, 45.2, '右安', 3, 2, 12, 'S4');"
"INSERT INTO ballinfo VALUES ('2019-04-07', 2019040701, 'ヤクルト', '中日', '高梨 裕稔', '右', 'ヤクルト', '大島 洋平', '左', '中日', 4, 1, 2, 2, 1, 0, 0, 137, 'ストレート', 71.5, 49.2, '見逃し', 3, 4, 14, 'S6');"
"INSERT INTO ballinfo VALUES ('2019-04-07', 2019040701, 'ヤクルト', '中日', '高梨 裕稔', '右', 'ヤクルト', '大島 洋平', '左', '中日', 4, 1, 2, 2, 2, 0, 1, 123, 'カーブ', 12.5, 14.8, 'ボール', 1, 1, 1, 'B1');"
"INSERT INTO ballinfo VALUES ('2019-04-07', 2019040701, 'ヤクルト', '中日', '高梨 裕稔', '右', 'ヤクルト', '大島 洋平', '左', '中日', 4, 1, 2, 2, 3, 1, 1, 123, 'カーブ', 69.5, 70.0, 'ファウル', 4, 4, 19, 'S9');"
"INSERT INTO ballinfo VALUES ('2019-04-07', 2019040701, 'ヤクルト', '中日', '高梨 裕稔', '右', 'ヤクルト', '大島 洋平', '左', '中日', 4, 1, 2, 2, 4, 1, 2, 119, 'カーブ', 50.0, 17.6, 'ファウル', 1, 3, 3, 'B3');"
"INSERT INTO ballinfo VALUES ('2019-04-07', 2019040701, 'ヤクルト', '中日', '高梨 裕稔', '右', 'ヤクルト', '大島 洋平', '左', '中日', 4, 1, 2, 2, 5, 1, 3, 132, 'フォーク', 7.0, 12.0, 'ボール', 1, 1, 1, 'B1');"
"INSERT INTO ballinfo VALUES ('2019-04-07', 2019040701, 'ヤクルト', '中日', '高梨 裕稔', '右', 'ヤクルト', '大島 洋平', '左', '中日', 4, 1, 2, 2, 6, 2, 3, 0, 'ストレート', 28.5, 14.0, 'ボール', 1, 2, 2, 'B2');"
"INSERT INTO ballinfo VALUES ('2019-04-07', 2019040701, 'ヤクルト', '中日', '高梨 裕稔', '右', 'ヤクルト', '大島 洋平', '左', '中日', 4, 1, 2, 2, 7, 3, 3, 142, 'ストレート', 74.5, 84.8, '空三振', 5, 4, 24, 'B18');"
"INSERT INTO ballinfo VALUES ('2019-04-07', 2019040701, 'ヤクルト', '中日', '高梨 裕稔', '右', 'ヤクルト', 'ビシエド', '右', '中日', 4, 1, 3, 2, 1, 0, 0, 120, 'カーブ', 69.5, 89.6, 'ボール', 5, 4, 24, 'B18');"
"INSERT INTO ballinfo VALUES ('2019-04-07', 2019040701, 'ヤクルト', '中日', '高梨 裕稔', '右', 'ヤクルト', 'ビシエド', '右', '中日', 4, 1, 3, 2, 2, 1, 0, 127, 'フォーク', 6.5, 15.6, '死球', 1, 1, 1, 'B1');"
"INSERT INTO ballinfo VALUES ('2019-04-07', 2019040701, 'ヤクルト', '中日', '高梨 裕稔', '右', 'ヤクルト', 'アルモンテ', '左', '中日', 4, 1, 4, 2, 1, 0, 0, 108, 'カーブ', 50.5, 7.6, 'ボール', 1, 3, 3, 'B3');"
"INSERT INTO ballinfo VALUES ('2019-04-07', 2019040701, 'ヤクルト', '中日', '高梨 裕稔', '右', 'ヤクルト', 'アルモンテ', '左', '中日', 4, 1, 4, 2, 2, 1, 0, 141, 'ストレート', 29.5, 15.2, '左本', 1, 2, 2, 'B2');"
"INSERT INTO ballinfo VALUES ('2019-04-07', 2019040701, 'ヤクルト', '中日', '高梨 裕稔', '右', 'ヤクルト', '高橋 周平', '左', '中日', 4, 1, 5, 3, 1, 0, 0, 132, 'フォーク', 49.5, 86.8, 'ボール', 5, 3, 23, 'B17');"
"INSERT INTO ballinfo VALUES ('2019-04-07', 2019040701, 'ヤクルト', '中日', '高梨 裕稔', '右', 'ヤクルト', '高橋 周平', '左', '中日', 4, 1, 5, 3, 2, 1, 0, 142, 'ストレート', 35.5, 69.6, '二ゴロ', 4, 2, 17, 'S7');"
"INSERT INTO ballinfo VALUES ('2019-04-07', 2019040701, 'ヤクルト', '中日', '柳 裕也', '右', '中日', '青木 宣親', '左', 'ヤクルト', 4, 2, 1, 1, 1, 0, 0, 114, 'カーブ', 49.5, 91.6, 'ボール', 5, 3, 23, 'B17');"
"INSERT INTO ballinfo VALUES ('2019-04-07', 2019040701, 'ヤクルト', '中日', '柳 裕也', '右', '中日', '青木 宣親', '左', 'ヤクルト', 4, 2, 1, 1, 2, 1, 0, 142, 'ストレート', 75.0, 66.4, '見逃し', 4, 4, 19, 'S9');"
"INSERT INTO ballinfo VALUES ('2019-04-07', 2019040701, 'ヤクルト', '中日', '柳 裕也', '右', '中日', '青木 宣親', '左', 'ヤクルト', 4, 2, 1, 1, 3, 1, 1, 121, 'スライダー', 49.5, 85.2, 'ボール', 5, 3, 23, 'B17');"
"INSERT INTO ballinfo VALUES ('2019-04-07', 2019040701, 'ヤクルト', '中日', '柳 裕也', '右', '中日', '青木 宣親', '左', 'ヤクルト', 4, 2, 1, 1, 4, 2, 1, 142, 'ストレート', 69.0, 50.4, 'ファウル', 3, 4, 14, 'S6');"
"INSERT INTO ballinfo VALUES ('2019-04-07', 2019040701, 'ヤクルト', '中日', '柳 裕也', '右', '中日', '青木 宣親', '左', 'ヤクルト', 4, 2, 1, 1, 5, 2, 2, 129, 'チェンジアップ', 36.5, 28.4, '中飛', 2, 2, 7, 'S1');"
"INSERT INTO ballinfo VALUES ('2019-04-07', 2019040701, 'ヤクルト', '中日', '柳 裕也', '右', '中日', '山田 哲人', '右', 'ヤクルト', 4, 2, 2, 2, 1, 0, 0, 113, 'カーブ', 71.0, 69.2, 'ファウル', 4, 4, 19, 'S9');"
"INSERT INTO ballinfo VALUES ('2019-04-07', 2019040701, 'ヤクルト', '中日', '柳 裕也', '右', '中日', '山田 哲人', '右', 'ヤクルト', 4, 2, 2, 2, 2, 0, 1, 114, 'カーブ', 51.0, 15.6, 'ボール', 1, 3, 3, 'B3');"
"INSERT INTO ballinfo VALUES ('2019-04-07', 2019040701, 'ヤクルト', '中日', '柳 裕也', '右', '中日', '山田 哲人', '右', 'ヤクルト', 4, 2, 2, 2, 3, 1, 1, 132, 'スライダー', 74.0, 51.6, '空振り', 3, 4, 14, 'S6');"
"INSERT INTO ballinfo VALUES ('2019-04-07', 2019040701, 'ヤクルト', '中日', '柳 裕也', '右', '中日', '山田 哲人', '右', 'ヤクルト', 4, 2, 2, 2, 4, 1, 2, 141, 'ストレート', 77.0, 45.2, '右飛', 3, 4, 14, 'S6');"
"INSERT INTO ballinfo VALUES ('2019-04-07', 2019040701, 'ヤクルト', '中日', '柳 裕也', '右', '中日', 'バレンティン', '右', 'ヤクルト', 4, 2, 3, 2, 1, 0, 0, 143, 'ストレート', 51.5, 90.8, 'ボール', 5, 3, 23, 'B17');"
"INSERT INTO ballinfo VALUES ('2019-04-07', 2019040701, 'ヤクルト', '中日', '柳 裕也', '右', '中日', 'バレンティン', '右', 'ヤクルト', 4, 2, 3, 2, 2, 1, 0, 141, 'ストレート', 32.5, 90.8, 'ボール', 5, 2, 22, 'B16');"
"INSERT INTO ballinfo VALUES ('2019-04-07', 2019040701, 'ヤクルト', '中日', '柳 裕也', '右', '中日', 'バレンティン', '右', 'ヤクルト', 4, 2, 3, 2, 3, 2, 0, 142, 'ストレート', 88.0, 90.4, 'ボール', 5, 5, 25, 'B19');"
"INSERT INTO ballinfo VALUES ('2019-04-07', 2019040701, 'ヤクルト', '中日', '柳 裕也', '右', '中日', 'バレンティン', '右', 'ヤクルト', 4, 2, 3, 2, 4, 3, 0, 142, 'ストレート', 86.0, 72.0, '四球', 4, 5, 20, 'B11');"
"INSERT INTO ballinfo VALUES ('2019-04-07', 2019040701, 'ヤクルト', '中日', '柳 裕也', '右', '中日', '雄平', '左', 'ヤクルト', 4, 2, 4, 3, 1, 0, 0, 131, 'スライダー', 31.5, 30.8, '遊飛', 2, 2, 7, 'S1');"
"INSERT INTO ballinfo VALUES ('2019-04-07', 2019040701, 'ヤクルト', '中日', '高梨 裕稔', '右', 'ヤクルト', '堂上 直倫', '右', '中日', 5, 1, 1, 0, 1, 0, 0, 141, 'ストレート', 50.5, 16.0, 'ボール', 1, 3, 3, 'B3');"
"INSERT INTO ballinfo VALUES ('2019-04-07', 2019040701, 'ヤクルト', '中日', '高梨 裕稔', '右', 'ヤクルト', '堂上 直倫', '右', '中日', 5, 1, 1, 0, 2, 1, 0, 140, 'ストレート', 71.5, 89.2, 'ボール', 5, 4, 24, 'B18');"
"INSERT INTO ballinfo VALUES ('2019-04-07', 2019040701, 'ヤクルト', '中日', '高梨 裕稔', '右', 'ヤクルト', '堂上 直倫', '右', '中日', 5, 1, 1, 0, 3, 2, 0, 140, 'ストレート', 75.5, 69.2, '見逃し', 4, 4, 19, 'S9');"
"INSERT INTO ballinfo VALUES ('2019-04-07', 2019040701, 'ヤクルト', '中日', '高梨 裕稔', '右', 'ヤクルト', '堂上 直倫', '右', '中日', 5, 1, 1, 0, 4, 2, 1, 119, 'カーブ', 52.5, 73.2, '見逃し', 4, 3, 18, 'S8');"
"INSERT INTO ballinfo VALUES ('2019-04-07', 2019040701, 'ヤクルト', '中日', '高梨 裕稔', '右', 'ヤクルト', '堂上 直倫', '右', '中日', 5, 1, 1, 0, 5, 2, 2, 144, 'ストレート', 89.0, 32.4, 'ファウル', 2, 5, 10, 'B7');"
"INSERT INTO ballinfo VALUES ('2019-04-07', 2019040701, 'ヤクルト', '中日', '高梨 裕稔', '右', 'ヤクルト', '堂上 直倫', '右', '中日', 5, 1, 1, 0, 6, 2, 3, 130, 'フォーク', 29.5, 87.6, 'ファウル', 5, 2, 22, 'B16');"
"INSERT INTO ballinfo VALUES ('2019-04-07', 2019040701, 'ヤクルト', '中日', '高梨 裕稔', '右', 'ヤクルト', '堂上 直倫', '右', '中日', 5, 1, 1, 0, 7, 2, 4, 125, 'スライダー', 71.5, 50.0, 'ファウル', 3, 4, 14, 'S6');"
"INSERT INTO ballinfo VALUES ('2019-04-07', 2019040701, 'ヤクルト', '中日', '高梨 裕稔', '右', 'ヤクルト', '堂上 直倫', '右', '中日', 5, 1, 1, 0, 8, 2, 5, 144, 'ストレート', 66.0, 44.8, '中本', 3, 4, 14, 'S6');"
"INSERT INTO ballinfo VALUES ('2019-04-07', 2019040701, 'ヤクルト', '中日', '高梨 裕稔', '右', 'ヤクルト', '加藤 匠馬', '右', '中日', 5, 1, 2, 0, 1, 0, 0, 124, 'スライダー', 85.5, 91.2, '空振り', 5, 5, 25, 'B19');"
"INSERT INTO ballinfo VALUES ('2019-04-07', 2019040701, 'ヤクルト', '中日', '高梨 裕稔', '右', 'ヤクルト', '加藤 匠馬', '右', '中日', 5, 1, 2, 0, 2, 0, 1, 123, 'スライダー', 69.5, 50.4, '中安', 3, 4, 14, 'S6');"
"INSERT INTO ballinfo VALUES ('2019-04-07', 2019040701, 'ヤクルト', '中日', '高梨 裕稔', '右', 'ヤクルト', '柳 裕也', '右', '中日', 5, 1, 3, 1, 1, 0, 0, 141, 'ストレート', 70.0, 51.2, 'ファウル', 3, 4, 14, 'S6');"
"INSERT INTO ballinfo VALUES ('2019-04-07', 2019040701, 'ヤクルト', '中日', '高梨 裕稔', '右', 'ヤクルト', '柳 裕也', '右', '中日', 5, 1, 3, 1, 2, 0, 1, 135, 'ストレート', 52.5, 31.6, '投ゴロ', 2, 3, 8, 'S2');"
"INSERT INTO ballinfo VALUES ('2019-04-07', 2019040701, 'ヤクルト', '中日', '高梨 裕稔', '右', 'ヤクルト', '平田 良介', '右', '中日', 5, 1, 4, 1, 1, 0, 0, 140, 'ストレート', 31.5, 89.6, 'ボール', 5, 2, 22, 'B16');"
"INSERT INTO ballinfo VALUES ('2019-04-07', 2019040701, 'ヤクルト', '中日', '高梨 裕稔', '右', 'ヤクルト', '平田 良介', '右', '中日', 5, 1, 4, 1, 2, 1, 0, 128, 'フォーク', 68.0, 55.6, '中安', 3, 4, 14, 'S6');"
"INSERT INTO ballinfo VALUES ('2019-04-07', 2019040701, 'ヤクルト', '中日', '高梨 裕稔', '右', 'ヤクルト', '京田 陽太', '左', '中日', 5, 1, 5, 2, 1, 0, 0, 108, 'カーブ', 51.5, 88.0, '空振り', 5, 3, 23, 'B17');"
"INSERT INTO ballinfo VALUES ('2019-04-07', 2019040701, 'ヤクルト', '中日', '高梨 裕稔', '右', 'ヤクルト', '京田 陽太', '左', '中日', 5, 1, 5, 2, 2, 0, 1, 132, 'フォーク', 31.5, 89.6, '空振り', 5, 2, 22, 'B16');"
"INSERT INTO ballinfo VALUES ('2019-04-07', 2019040701, 'ヤクルト', '中日', '高梨 裕稔', '右', 'ヤクルト', '京田 陽太', '左', '中日', 5, 1, 5, 2, 3, 0, 2, 134, 'フォーク', 31.0, 56.4, 'ファウル', 3, 2, 12, 'S4');"
"INSERT INTO ballinfo VALUES ('2019-04-07', 2019040701, 'ヤクルト', '中日', '高梨 裕稔', '右', 'ヤクルト', '京田 陽太', '左', '中日', 5, 1, 5, 2, 4, 0, 3, 142, 'ストレート', 15.5, 76.4, 'ボール', 4, 1, 16, 'B10');"
"INSERT INTO ballinfo VALUES ('2019-04-07', 2019040701, 'ヤクルト', '中日', '高梨 裕稔', '右', 'ヤクルト', '京田 陽太', '左', '中日', 5, 1, 5, 2, 5, 1, 3, 143, 'ストレート', 86.0, 84.0, 'ボール', 5, 5, 25, 'B19');"
"INSERT INTO ballinfo VALUES ('2019-04-07', 2019040701, 'ヤクルト', '中日', '高梨 裕稔', '右', 'ヤクルト', '京田 陽太', '左', '中日', 5, 1, 5, 2, 6, 2, 3, 133, 'スライダー', 88.5, 65.2, '空三振', 4, 5, 20, 'B11');"
"INSERT INTO ballinfo VALUES ('2019-04-07', 2019040701, 'ヤクルト', '中日', '高梨 裕稔', '右', 'ヤクルト', '大島 洋平', '左', '中日', 5, 1, 6, 3, 1, 0, 0, 112, 'カーブ', 14.0, 15.2, 'ボール', 1, 1, 1, 'B1');"
"INSERT INTO ballinfo VALUES ('2019-04-07', 2019040701, 'ヤクルト', '中日', '高梨 裕稔', '右', 'ヤクルト', '大島 洋平', '左', '中日', 5, 1, 6, 3, 2, 1, 0, 114, 'カーブ', 88.0, 91.6, 'ボール', 5, 5, 25, 'B19');"
"INSERT INTO ballinfo VALUES ('2019-04-07', 2019040701, 'ヤクルト', '中日', '高梨 裕稔', '右', 'ヤクルト', '大島 洋平', '左', '中日', 5, 1, 6, 3, 3, 2, 0, 132, 'フォーク', 32.0, 54.0, '空振り', 3, 2, 12, 'S4');"
"INSERT INTO ballinfo VALUES ('2019-04-07', 2019040701, 'ヤクルト', '中日', '高梨 裕稔', '右', 'ヤクルト', '大島 洋平', '左', '中日', 5, 1, 6, 3, 4, 2, 1, 135, 'ストレート', 32.0, 47.2, '二ゴロ', 3, 2, 12, 'S4');"
"INSERT INTO ballinfo VALUES ('2019-04-07', 2019040701, 'ヤクルト', '中日', '柳 裕也', '右', '中日', '西浦 直亨', '右', 'ヤクルト', 5, 2, 1, 1, 1, 0, 0, 110, 'カーブ', 75.0, 54.0, '見逃し', 3, 4, 14, 'S6');"
"INSERT INTO ballinfo VALUES ('2019-04-07', 2019040701, 'ヤクルト', '中日', '柳 裕也', '右', '中日', '西浦 直亨', '右', 'ヤクルト', 5, 2, 1, 1, 2, 0, 1, 114, 'カーブ', 66.5, 56.0, '中飛', 3, 4, 14, 'S6');"
"INSERT INTO ballinfo VALUES ('2019-04-07', 2019040701, 'ヤクルト', '中日', '柳 裕也', '右', '中日', '村上 宗隆', '左', 'ヤクルト', 5, 2, 2, 2, 1, 0, 0, 142, 'ストレート', 74.5, 14.8, '空振り', 1, 4, 4, 'B4');"
"INSERT INTO ballinfo VALUES ('2019-04-07', 2019040701, 'ヤクルト', '中日', '柳 裕也', '右', '中日', '村上 宗隆', '左', 'ヤクルト', 5, 2, 2, 2, 2, 0, 1, 143, 'ストレート', 14.5, 26.8, 'ボール', 2, 1, 6, 'B6');"
"INSERT INTO ballinfo VALUES ('2019-04-07', 2019040701, 'ヤクルト', '中日', '柳 裕也', '右', '中日', '村上 宗隆', '左', 'ヤクルト', 5, 2, 2, 2, 3, 1, 1, 130, 'スライダー', 26.0, 47.2, '見逃し', 3, 2, 12, 'S4');"
"INSERT INTO ballinfo VALUES ('2019-04-07', 2019040701, 'ヤクルト', '中日', '柳 裕也', '右', '中日', '村上 宗隆', '左', 'ヤクルト', 5, 2, 2, 2, 4, 1, 2, 140, 'ストレート', 75.0, 8.8, 'ボール', 1, 4, 4, 'B4');"
"INSERT INTO ballinfo VALUES ('2019-04-07', 2019040701, 'ヤクルト', '中日', '柳 裕也', '右', '中日', '村上 宗隆', '左', 'ヤクルト', 5, 2, 2, 2, 5, 2, 2, 141, 'ストレート', 35.5, 86.0, 'ボール', 5, 2, 22, 'B16');"
"INSERT INTO ballinfo VALUES ('2019-04-07', 2019040701, 'ヤクルト', '中日', '柳 裕也', '右', '中日', '村上 宗隆', '左', 'ヤクルト', 5, 2, 2, 2, 6, 3, 2, 143, 'ストレート', 36.5, 70.0, '見三振', 4, 2, 17, 'S7');"
"INSERT INTO ballinfo VALUES ('2019-04-07', 2019040701, 'ヤクルト', '中日', '柳 裕也', '右', '中日', '松本 直樹', '右', 'ヤクルト', 5, 2, 3, 3, 1, 0, 0, 132, 'スライダー', 35.0, 68.8, '見逃し', 4, 2, 17, 'S7');"
"INSERT INTO ballinfo VALUES ('2019-04-07', 2019040701, 'ヤクルト', '中日', '柳 裕也', '右', '中日', '松本 直樹', '右', 'ヤクルト', 5, 2, 3, 3, 2, 0, 1, 132, 'スライダー', 87.0, 89.6, '空振り', 5, 5, 25, 'B19');"
"INSERT INTO ballinfo VALUES ('2019-04-07', 2019040701, 'ヤクルト', '中日', '柳 裕也', '右', '中日', '松本 直樹', '右', 'ヤクルト', 5, 2, 3, 3, 3, 0, 2, 131, 'スライダー', 51.0, 85.6, 'ファウル', 5, 3, 23, 'B17');"
"INSERT INTO ballinfo VALUES ('2019-04-07', 2019040701, 'ヤクルト', '中日', '柳 裕也', '右', '中日', '松本 直樹', '右', 'ヤクルト', 5, 2, 3, 3, 4, 0, 3, 112, 'カーブ', 14.5, 89.6, 'ボール', 5, 1, 21, 'B15');"
"INSERT INTO ballinfo VALUES ('2019-04-07', 2019040701, 'ヤクルト', '中日', '柳 裕也', '右', '中日', '松本 直樹', '右', 'ヤクルト', 5, 2, 3, 3, 5, 1, 3, 142, 'ストレート', 69.5, 30.4, '二ゴロ', 2, 4, 9, 'S3');"
"INSERT INTO ballinfo VALUES ('2019-04-07', 2019040701, 'ヤクルト', '中日', '高梨 裕稔', '右', 'ヤクルト', 'ビシエド', '右', '中日', 6, 1, 1, 1, 1, 0, 0, 132, 'フォーク', 9.5, 24.0, 'ボール', 2, 1, 6, 'B6');"
"INSERT INTO ballinfo VALUES ('2019-04-07', 2019040701, 'ヤクルト', '中日', '高梨 裕稔', '右', 'ヤクルト', 'ビシエド', '右', '中日', 6, 1, 1, 1, 2, 1, 0, 143, 'ストレート', 75.0, 50.4, 'ファウル', 3, 4, 14, 'S6');"
"INSERT INTO ballinfo VALUES ('2019-04-07', 2019040701, 'ヤクルト', '中日', '高梨 裕稔', '右', 'ヤクルト', 'ビシエド', '右', '中日', 6, 1, 1, 1, 3, 1, 1, 114, 'カーブ', 36.0, 50.8, '見逃し', 3, 2, 12, 'S4');"
"INSERT INTO ballinfo VALUES ('2019-04-07', 2019040701, 'ヤクルト', '中日', '高梨 裕稔', '右', 'ヤクルト', 'ビシエド', '右', '中日', 6, 1, 1, 1, 4, 1, 2, 129, 'フォーク', 51.0, 68.4, 'ファウル', 4, 3, 18, 'S8');"
"INSERT INTO ballinfo VALUES ('2019-04-07', 2019040701, 'ヤクルト', '中日', '高梨 裕稔', '右', 'ヤクルト', 'ビシエド', '右', '中日', 6, 1, 1, 1, 5, 1, 3, 131, 'フォーク', 47.5, 89.2, '空三振', 5, 3, 23, 'B17');"
"INSERT INTO ballinfo VALUES ('2019-04-07', 2019040701, 'ヤクルト', '中日', '高梨 裕稔', '右', 'ヤクルト', 'アルモンテ', '左', '中日', 6, 1, 2, 2, 1, 0, 0, 124, 'スライダー', 87.0, 88.8, 'ボール', 5, 5, 25, 'B19');"
"INSERT INTO ballinfo VALUES ('2019-04-07', 2019040701, 'ヤクルト', '中日', '高梨 裕稔', '右', 'ヤクルト', 'アルモンテ', '左', '中日', 6, 1, 2, 2, 2, 1, 0, 134, 'フォーク', 31.0, 28.0, 'ファウル', 2, 2, 7, 'S1');"
"INSERT INTO ballinfo VALUES ('2019-04-07', 2019040701, 'ヤクルト', '中日', '高梨 裕稔', '右', 'ヤクルト', 'アルモンテ', '左', '中日', 6, 1, 2, 2, 3, 1, 1, 114, 'カーブ', 71.5, 55.6, '見逃し', 3, 4, 14, 'S6');"
"INSERT INTO ballinfo VALUES ('2019-04-07', 2019040701, 'ヤクルト', '中日', '高梨 裕稔', '右', 'ヤクルト', 'アルモンテ', '左', '中日', 6, 1, 2, 2, 4, 1, 2, 132, 'フォーク', 16.0, 85.2, '空三振', 5, 1, 21, 'B15');"
"INSERT INTO ballinfo VALUES ('2019-04-07', 2019040701, 'ヤクルト', '中日', '高梨 裕稔', '右', 'ヤクルト', '高橋 周平', '左', '中日', 6, 1, 3, 2, 1, 0, 0, 110, 'カーブ', 89.5, 91.6, 'ボール', 5, 5, 25, 'B19');"
"INSERT INTO ballinfo VALUES ('2019-04-07', 2019040701, 'ヤクルト', '中日', '高梨 裕稔', '右', 'ヤクルト', '高橋 周平', '左', '中日', 6, 1, 3, 2, 2, 1, 0, 144, 'ストレート', 34.5, 51.6, '見逃し', 3, 2, 12, 'S4');"
"INSERT INTO ballinfo VALUES ('2019-04-07', 2019040701, 'ヤクルト', '中日', '高梨 裕稔', '右', 'ヤクルト', '高橋 周平', '左', '中日', 6, 1, 3, 2, 3, 1, 1, 123, 'カーブ', 51.5, 31.6, '中安', 2, 3, 8, 'S2');"
"INSERT INTO ballinfo VALUES ('2019-04-07', 2019040701, 'ヤクルト', '中日', '高梨 裕稔', '右', 'ヤクルト', '堂上 直倫', '右', '中日', 6, 1, 4, 3, 1, 0, 0, 143, 'ストレート', 86.0, 35.6, 'ボール', 2, 5, 10, 'B7');"
"INSERT INTO ballinfo VALUES ('2019-04-07', 2019040701, 'ヤクルト', '中日', '高梨 裕稔', '右', 'ヤクルト', '堂上 直倫', '右', '中日', 6, 1, 4, 3, 2, 1, 0, 127, 'フォーク', 16.5, 54.8, 'ファウル', 3, 1, 11, 'B8');"
"INSERT INTO ballinfo VALUES ('2019-04-07', 2019040701, 'ヤクルト', '中日', '高梨 裕稔', '右', 'ヤクルト', '堂上 直倫', '右', '中日', 6, 1, 4, 3, 3, 1, 1, 130, 'スライダー', 50.0, 69.2, '遊ゴロ', 4, 3, 18, 'S8');"
"INSERT INTO ballinfo VALUES ('2019-04-07', 2019040701, 'ヤクルト', '中日', '柳 裕也', '右', '中日', '太田 賢吾', '左', 'ヤクルト', 6, 2, 1, 1, 1, 0, 0, 106, 'カーブ', 48.5, 89.6, 'ボール', 5, 3, 23, 'B17');"
"INSERT INTO ballinfo VALUES ('2019-04-07', 2019040701, 'ヤクルト', '中日', '柳 裕也', '右', '中日', '太田 賢吾', '左', 'ヤクルト', 6, 2, 1, 1, 2, 1, 0, 130, 'ストレート', 74.0, 17.2, 'ファウル', 1, 4, 4, 'B4');"
"INSERT INTO ballinfo VALUES ('2019-04-07', 2019040701, 'ヤクルト', '中日', '柳 裕也', '右', '中日', '太田 賢吾', '左', 'ヤクルト', 6, 2, 1, 1, 3, 1, 1, 141, 'ストレート', 48.0, 53.6, '二ゴロ', 3, 3, 13, 'S5');"
"INSERT INTO ballinfo VALUES ('2019-04-07', 2019040701, 'ヤクルト', '中日', '柳 裕也', '右', '中日', '上田 剛史', '左', 'ヤクルト', 6, 2, 2, 2, 1, 0, 0, 106, 'カーブ', 34.0, 73.2, 'ファウル', 4, 2, 17, 'S7');"
"INSERT INTO ballinfo VALUES ('2019-04-07', 2019040701, 'ヤクルト', '中日', '柳 裕也', '右', '中日', '上田 剛史', '左', 'ヤクルト', 6, 2, 2, 2, 2, 0, 1, 141, 'ストレート', 30.5, 27.6, 'ファウル', 2, 2, 7, 'S1');"
"INSERT INTO ballinfo VALUES ('2019-04-07', 2019040701, 'ヤクルト', '中日', '柳 裕也', '右', '中日', '上田 剛史', '左', 'ヤクルト', 6, 2, 2, 2, 3, 0, 2, 134, 'ストレート', 89.5, 8.4, 'ボール', 1, 5, 5, 'B5');"
"INSERT INTO ballinfo VALUES ('2019-04-07', 2019040701, 'ヤクルト', '中日', '柳 裕也', '右', '中日', '上田 剛史', '左', 'ヤクルト', 6, 2, 2, 2, 4, 1, 2, 120, 'チェンジアップ', 25.0, 24.4, 'ファウル', 2, 2, 7, 'S1');"
"INSERT INTO ballinfo VALUES ('2019-04-07', 2019040701, 'ヤクルト', '中日', '柳 裕也', '右', '中日', '上田 剛史', '左', 'ヤクルト', 6, 2, 2, 2, 5, 1, 3, 132, 'スライダー', 51.5, 35.6, '中飛', 2, 3, 8, 'S2');"
"INSERT INTO ballinfo VALUES ('2019-04-07', 2019040701, 'ヤクルト', '中日', '柳 裕也', '右', '中日', '青木 宣親', '左', 'ヤクルト', 6, 2, 3, 3, 1, 0, 0, 140, 'ストレート', 29.5, 30.8, '二ゴロ', 2, 2, 7, 'S1');"
"INSERT INTO ballinfo VALUES ('2019-04-07', 2019040701, 'ヤクルト', '中日', '大下 佑馬', '右', 'ヤクルト', '加藤 匠馬', '右', '中日', 7, 1, 1, 1, 1, 0, 0, 134, 'スライダー', 71.0, 70.0, '空振り', 4, 4, 19, 'S9');"
"INSERT INTO ballinfo VALUES ('2019-04-07', 2019040701, 'ヤクルト', '中日', '大下 佑馬', '右', 'ヤクルト', '加藤 匠馬', '右', '中日', 7, 1, 1, 1, 2, 0, 1, 135, 'スライダー', 88.5, 85.6, '空振り', 5, 5, 25, 'B19');"
"INSERT INTO ballinfo VALUES ('2019-04-07', 2019040701, 'ヤクルト', '中日', '大下 佑馬', '右', 'ヤクルト', '加藤 匠馬', '右', '中日', 7, 1, 1, 1, 3, 0, 2, 131, 'スライダー', 88.5, 16.0, '空三振', 1, 5, 5, 'B5');"
"INSERT INTO ballinfo VALUES ('2019-04-07', 2019040701, 'ヤクルト', '中日', '大下 佑馬', '右', 'ヤクルト', '柳 裕也', '右', '中日', 7, 1, 2, 2, 1, 0, 0, 140, 'ストレート', 86.0, 69.2, 'ボール', 4, 5, 20, 'B11');"
"INSERT INTO ballinfo VALUES ('2019-04-07', 2019040701, 'ヤクルト', '中日', '大下 佑馬', '右', 'ヤクルト', '柳 裕也', '右', '中日', 7, 1, 2, 2, 2, 1, 0, 137, 'ストレート', 50.0, 28.4, '見逃し', 2, 3, 8, 'S2');"
"INSERT INTO ballinfo VALUES ('2019-04-07', 2019040701, 'ヤクルト', '中日', '大下 佑馬', '右', 'ヤクルト', '柳 裕也', '右', '中日', 7, 1, 2, 2, 3, 1, 1, 136, 'スライダー', 51.5, 85.2, 'ボール', 5, 3, 23, 'B17');"
"INSERT INTO ballinfo VALUES ('2019-04-07', 2019040701, 'ヤクルト', '中日', '大下 佑馬', '右', 'ヤクルト', '柳 裕也', '右', '中日', 7, 1, 2, 2, 4, 2, 1, 0, 'ストレート', 74.5, 66.4, '見逃し', 4, 4, 19, 'S9');"
"INSERT INTO ballinfo VALUES ('2019-04-07', 2019040701, 'ヤクルト', '中日', '大下 佑馬', '右', 'ヤクルト', '柳 裕也', '右', '中日', 7, 1, 2, 2, 5, 2, 2, 139, 'ストレート', 68.5, 52.4, '三ゴロ', 3, 4, 14, 'S6');"
"INSERT INTO ballinfo VALUES ('2019-04-07', 2019040701, 'ヤクルト', '中日', '大下 佑馬', '右', 'ヤクルト', '平田 良介', '右', '中日', 7, 1, 3, 2, 1, 0, 0, 0, 'ストレート', 74.5, 53.2, '見逃し', 3, 4, 14, 'S6');"
"INSERT INTO ballinfo VALUES ('2019-04-07', 2019040701, 'ヤクルト', '中日', '大下 佑馬', '右', 'ヤクルト', '平田 良介', '右', '中日', 7, 1, 3, 2, 2, 0, 1, 139, 'スライダー', 68.5, 73.2, '右安', 4, 4, 19, 'S9');"
"INSERT INTO ballinfo VALUES ('2019-04-07', 2019040701, 'ヤクルト', '中日', '大下 佑馬', '右', 'ヤクルト', '京田 陽太', '左', '中日', 7, 1, 4, 3, 1, 0, 0, 141, 'シュート', 13.5, 14.8, 'ボール', 1, 1, 1, 'B1');"
"INSERT INTO ballinfo VALUES ('2019-04-07', 2019040701, 'ヤクルト', '中日', '大下 佑馬', '右', 'ヤクルト', '京田 陽太', '左', '中日', 7, 1, 4, 3, 2, 1, 0, 136, 'フォーク', 12.0, 50.4, 'ボール', 3, 1, 11, 'B8');"
"INSERT INTO ballinfo VALUES ('2019-04-07', 2019040701, 'ヤクルト', '中日', '大下 佑馬', '右', 'ヤクルト', '京田 陽太', '左', '中日', 7, 1, 4, 3, 3, 2, 0, 134, 'ストレート', 35.0, 50.4, '見逃し', 3, 2, 12, 'S4');"
"INSERT INTO ballinfo VALUES ('2019-04-07', 2019040701, 'ヤクルト', '中日', '大下 佑馬', '右', 'ヤクルト', '京田 陽太', '左', '中日', 7, 1, 4, 3, 4, 2, 1, 137, 'スライダー', 34.5, 30.0, '二直', 2, 2, 7, 'S1');"
"INSERT INTO ballinfo VALUES ('2019-04-07', 2019040701, 'ヤクルト', '中日', '柳 裕也', '右', '中日', '山田 哲人', '右', 'ヤクルト', 7, 2, 1, 1, 1, 0, 0, 143, 'ストレート', 71.5, 48.4, '見逃し', 3, 4, 14, 'S6');"
"INSERT INTO ballinfo VALUES ('2019-04-07', 2019040701, 'ヤクルト', '中日', '柳 裕也', '右', '中日', '山田 哲人', '右', 'ヤクルト', 7, 2, 1, 1, 2, 0, 1, 120, 'チェンジアップ', 51.5, 89.6, 'ボール', 5, 3, 23, 'B17');"
"INSERT INTO ballinfo VALUES ('2019-04-07', 2019040701, 'ヤクルト', '中日', '柳 裕也', '右', '中日', '山田 哲人', '右', 'ヤクルト', 7, 2, 1, 1, 3, 1, 1, 132, 'スライダー', 68.0, 67.2, '三ゴロ', 4, 4, 19, 'S9');"
"INSERT INTO ballinfo VALUES ('2019-04-07', 2019040701, 'ヤクルト', '中日', '柳 裕也', '右', '中日', 'バレンティン', '右', 'ヤクルト', 7, 2, 2, 2, 1, 0, 0, 0, 'カーブ', 51.0, 67.6, 'ファウル', 4, 3, 18, 'S8');"
"INSERT INTO ballinfo VALUES ('2019-04-07', 2019040701, 'ヤクルト', '中日', '柳 裕也', '右', '中日', 'バレンティン', '右', 'ヤクルト', 7, 2, 2, 2, 2, 0, 1, 140, 'ストレート', 86.5, 55.2, 'ボール', 3, 5, 15, 'B9');"
"INSERT INTO ballinfo VALUES ('2019-04-07', 2019040701, 'ヤクルト', '中日', '柳 裕也', '右', '中日', 'バレンティン', '右', 'ヤクルト', 7, 2, 2, 2, 3, 1, 1, 141, 'ストレート', 53.0, 29.2, '二飛', 2, 3, 8, 'S2');"
"INSERT INTO ballinfo VALUES ('2019-04-07', 2019040701, 'ヤクルト', '中日', '柳 裕也', '右', '中日', '雄平', '左', 'ヤクルト', 7, 2, 3, 2, 1, 0, 0, 0, 'チェンジアップ', 52.5, 69.2, '右本', 4, 3, 18, 'S8');"
"INSERT INTO ballinfo VALUES ('2019-04-07', 2019040701, 'ヤクルト', '中日', '柳 裕也', '右', '中日', '西浦 直亨', '右', 'ヤクルト', 7, 2, 4, 3, 1, 0, 0, 133, 'スライダー', 50.0, 90.0, 'ボール', 5, 3, 23, 'B17');"
"INSERT INTO ballinfo VALUES ('2019-04-07', 2019040701, 'ヤクルト', '中日', '柳 裕也', '右', '中日', '西浦 直亨', '右', 'ヤクルト', 7, 2, 4, 3, 2, 1, 0, 132, 'スライダー', 52.5, 29.2, '見逃し', 2, 3, 8, 'S2');"
"INSERT INTO ballinfo VALUES ('2019-04-07', 2019040701, 'ヤクルト', '中日', '柳 裕也', '右', '中日', '西浦 直亨', '右', 'ヤクルト', 7, 2, 4, 3, 3, 1, 1, 140, 'ストレート', 71.5, 30.8, '空振り', 2, 4, 9, 'S3');"
"INSERT INTO ballinfo VALUES ('2019-04-07', 2019040701, 'ヤクルト', '中日', '柳 裕也', '右', '中日', '西浦 直亨', '右', 'ヤクルト', 7, 2, 4, 3, 4, 1, 2, 140, 'ストレート', 34.5, 13.6, 'ファウル', 1, 2, 2, 'B2');"
"INSERT INTO ballinfo VALUES ('2019-04-07', 2019040701, 'ヤクルト', '中日', '柳 裕也', '右', '中日', '西浦 直亨', '右', 'ヤクルト', 7, 2, 4, 3, 5, 1, 3, 130, 'スライダー', 54.5, 93.2, 'ボール', 5, 3, 23, 'B17');"
"INSERT INTO ballinfo VALUES ('2019-04-07', 2019040701, 'ヤクルト', '中日', '柳 裕也', '右', '中日', '西浦 直亨', '右', 'ヤクルト', 7, 2, 4, 3, 6, 2, 3, 142, 'ストレート', 74.0, 15.6, 'ファウル', 1, 4, 4, 'B4');"
"INSERT INTO ballinfo VALUES ('2019-04-07', 2019040701, 'ヤクルト', '中日', '柳 裕也', '右', '中日', '西浦 直亨', '右', 'ヤクルト', 7, 2, 4, 3, 7, 2, 4, 131, 'スライダー', 45.0, 86.4, 'ボール', 5, 3, 23, 'B17');"
"INSERT INTO ballinfo VALUES ('2019-04-07', 2019040701, 'ヤクルト', '中日', '柳 裕也', '右', '中日', '西浦 直亨', '右', 'ヤクルト', 7, 2, 4, 3, 8, 3, 4, 141, 'ストレート', 51.0, 15.6, '遊飛', 1, 3, 3, 'B3');"
"INSERT INTO ballinfo VALUES ('2019-04-07', 2019040701, 'ヤクルト', '中日', 'マクガフ', '右', 'ヤクルト', '大島 洋平', '左', '中日', 8, 1, 1, 1, 1, 0, 0, 135, 'カットボール', 28.5, 49.2, '見逃し', 3, 2, 12, 'S4');"
"INSERT INTO ballinfo VALUES ('2019-04-07', 2019040701, 'ヤクルト', '中日', 'マクガフ', '右', 'ヤクルト', '大島 洋平', '左', '中日', 8, 1, 1, 1, 2, 0, 1, 143, 'シュート', 15.0, 54.0, 'ボール', 3, 1, 11, 'B8');"
"INSERT INTO ballinfo VALUES ('2019-04-07', 2019040701, 'ヤクルト', '中日', 'マクガフ', '右', 'ヤクルト', '大島 洋平', '左', '中日', 8, 1, 1, 1, 3, 1, 1, 136, 'カットボール', 87.0, 71.6, '空振り', 4, 5, 20, 'B11');"
"INSERT INTO ballinfo VALUES ('2019-04-07', 2019040701, 'ヤクルト', '中日', 'マクガフ', '右', 'ヤクルト', '大島 洋平', '左', '中日', 8, 1, 1, 1, 4, 1, 2, 139, 'フォーク', 47.0, 72.0, 'ファウル', 4, 3, 18, 'S8');"
"INSERT INTO ballinfo VALUES ('2019-04-07', 2019040701, 'ヤクルト', '中日', 'マクガフ', '右', 'ヤクルト', '大島 洋平', '左', '中日', 8, 1, 1, 1, 5, 1, 3, 150, 'シュート', 36.0, 49.2, '三直', 3, 2, 12, 'S4');"
"INSERT INTO ballinfo VALUES ('2019-04-07', 2019040701, 'ヤクルト', '中日', 'マクガフ', '右', 'ヤクルト', 'ビシエド', '右', '中日', 8, 1, 2, 2, 1, 0, 0, 140, 'フォーク', 51.5, 88.8, 'ボール', 5, 3, 23, 'B17');"
"INSERT INTO ballinfo VALUES ('2019-04-07', 2019040701, 'ヤクルト', '中日', 'マクガフ', '右', 'ヤクルト', 'ビシエド', '右', '中日', 8, 1, 2, 2, 2, 1, 0, 139, 'カットボール', 90.0, 89.2, 'ボール', 5, 5, 25, 'B19');"
"INSERT INTO ballinfo VALUES ('2019-04-07', 2019040701, 'ヤクルト', '中日', 'マクガフ', '右', 'ヤクルト', 'ビシエド', '右', '中日', 8, 1, 2, 2, 3, 2, 0, 139, 'フォーク', 67.5, 89.2, '空振り', 5, 4, 24, 'B18');"
"INSERT INTO ballinfo VALUES ('2019-04-07', 2019040701, 'ヤクルト', '中日', 'マクガフ', '右', 'ヤクルト', 'ビシエド', '右', '中日', 8, 1, 2, 2, 4, 2, 1, 140, 'フォーク', 16.5, 52.4, 'ボール', 3, 1, 11, 'B8');"
"INSERT INTO ballinfo VALUES ('2019-04-07', 2019040701, 'ヤクルト', '中日', 'マクガフ', '右', 'ヤクルト', 'ビシエド', '右', '中日', 8, 1, 2, 2, 5, 3, 1, 143, 'カットボール', 74.5, 68.0, 'ファウル', 4, 4, 19, 'S9');"
"INSERT INTO ballinfo VALUES ('2019-04-07', 2019040701, 'ヤクルト', '中日', 'マクガフ', '右', 'ヤクルト', 'ビシエド', '右', '中日', 8, 1, 2, 2, 6, 3, 2, 152, 'ストレート', 32.0, 30.0, '二ゴロ', 2, 2, 7, 'S1');"
"INSERT INTO ballinfo VALUES ('2019-04-07', 2019040701, 'ヤクルト', '中日', 'マクガフ', '右', 'ヤクルト', 'アルモンテ', '左', '中日', 8, 1, 3, 3, 1, 0, 0, 138, 'カットボール', 88.0, 54.8, 'ボール', 3, 5, 15, 'B9');"
"INSERT INTO ballinfo VALUES ('2019-04-07', 2019040701, 'ヤクルト', '中日', 'マクガフ', '右', 'ヤクルト', 'アルモンテ', '左', '中日', 8, 1, 3, 3, 2, 1, 0, 150, 'ストレート', 88.5, 71.6, 'ボール', 4, 5, 20, 'B11');"
"INSERT INTO ballinfo VALUES ('2019-04-07', 2019040701, 'ヤクルト', '中日', 'マクガフ', '右', 'ヤクルト', 'アルモンテ', '左', '中日', 8, 1, 3, 3, 3, 2, 0, 149, 'ストレート', 51.5, 13.6, 'ボール', 1, 3, 3, 'B3');"
"INSERT INTO ballinfo VALUES ('2019-04-07', 2019040701, 'ヤクルト', '中日', 'マクガフ', '右', 'ヤクルト', 'アルモンテ', '左', '中日', 8, 1, 3, 3, 4, 3, 0, 145, 'シュート', 46.5, 53.6, '見逃し', 3, 3, 13, 'S5');"
"INSERT INTO ballinfo VALUES ('2019-04-07', 2019040701, 'ヤクルト', '中日', 'マクガフ', '右', 'ヤクルト', 'アルモンテ', '左', '中日', 8, 1, 3, 3, 5, 3, 1, 138, 'フォーク', 30.5, 16.0, '二ゴロ', 1, 2, 2, 'B2');"
"INSERT INTO ballinfo VALUES ('2019-04-07', 2019040701, 'ヤクルト', '中日', '柳 裕也', '右', '中日', '村上 宗隆', '左', 'ヤクルト', 8, 2, 1, 1, 1, 0, 0, 141, 'ストレート', 26.5, 68.8, '見逃し', 4, 2, 17, 'S7');"
"INSERT INTO ballinfo VALUES ('2019-04-07', 2019040701, 'ヤクルト', '中日', '柳 裕也', '右', '中日', '村上 宗隆', '左', 'ヤクルト', 8, 2, 1, 1, 2, 0, 1, 125, 'チェンジアップ', 52.0, 89.6, 'ボール', 5, 3, 23, 'B17');"
"INSERT INTO ballinfo VALUES ('2019-04-07', 2019040701, 'ヤクルト', '中日', '柳 裕也', '右', '中日', '村上 宗隆', '左', 'ヤクルト', 8, 2, 1, 1, 3, 1, 1, 134, 'スライダー', 29.5, 87.6, 'ボール', 5, 2, 22, 'B16');"
"INSERT INTO ballinfo VALUES ('2019-04-07', 2019040701, 'ヤクルト', '中日', '柳 裕也', '右', '中日', '村上 宗隆', '左', 'ヤクルト', 8, 2, 1, 1, 4, 2, 1, 140, 'ストレート', 73.0, 29.2, '右飛', 2, 4, 9, 'S3');"
"INSERT INTO ballinfo VALUES ('2019-04-07', 2019040701, 'ヤクルト', '中日', '柳 裕也', '右', '中日', '廣岡 大志', '右', 'ヤクルト', 8, 2, 2, 2, 1, 0, 0, 134, 'スライダー', 67.5, 48.8, '見逃し', 3, 4, 14, 'S6');"
"INSERT INTO ballinfo VALUES ('2019-04-07', 2019040701, 'ヤクルト', '中日', '柳 裕也', '右', '中日', '廣岡 大志', '右', 'ヤクルト', 8, 2, 2, 2, 2, 0, 1, 140, 'ストレート', 32.0, 70.4, '見逃し', 4, 2, 17, 'S7');"
"INSERT INTO ballinfo VALUES ('2019-04-07', 2019040701, 'ヤクルト', '中日', '柳 裕也', '右', '中日', '廣岡 大志', '右', 'ヤクルト', 8, 2, 2, 2, 3, 0, 2, 131, 'スライダー', 69.5, 90.4, 'ボール', 5, 4, 24, 'B18');"
"INSERT INTO ballinfo VALUES ('2019-04-07', 2019040701, 'ヤクルト', '中日', '柳 裕也', '右', '中日', '廣岡 大志', '右', 'ヤクルト', 8, 2, 2, 2, 4, 1, 2, 132, 'スライダー', 71.5, 85.2, 'ファウル', 5, 4, 24, 'B18');"
"INSERT INTO ballinfo VALUES ('2019-04-07', 2019040701, 'ヤクルト', '中日', '柳 裕也', '右', '中日', '廣岡 大志', '右', 'ヤクルト', 8, 2, 2, 2, 5, 1, 3, 0, 'ストレート', 17.0, 54.4, 'ボール', 3, 1, 11, 'B8');"
"INSERT INTO ballinfo VALUES ('2019-04-07', 2019040701, 'ヤクルト', '中日', '柳 裕也', '右', '中日', '廣岡 大志', '右', 'ヤクルト', 8, 2, 2, 2, 6, 2, 3, 138, 'ストレート', 55.0, 51.6, 'ファウル', 3, 3, 13, 'S5');"
"INSERT INTO ballinfo VALUES ('2019-04-07', 2019040701, 'ヤクルト', '中日', '柳 裕也', '右', '中日', '廣岡 大志', '右', 'ヤクルト', 8, 2, 2, 2, 7, 2, 4, 143, 'ストレート', 72.0, 53.2, 'ファウル', 3, 4, 14, 'S6');"
"INSERT INTO ballinfo VALUES ('2019-04-07', 2019040701, 'ヤクルト', '中日', '柳 裕也', '右', '中日', '廣岡 大志', '右', 'ヤクルト', 8, 2, 2, 2, 8, 2, 5, 133, 'スライダー', 53.5, 72.4, 'ファウル', 4, 3, 18, 'S8');"
"INSERT INTO ballinfo VALUES ('2019-04-07', 2019040701, 'ヤクルト', '中日', '柳 裕也', '右', '中日', '廣岡 大志', '右', 'ヤクルト', 8, 2, 2, 2, 9, 2, 6, 143, 'ストレート', 56.5, 27.6, '空三振', 2, 3, 8, 'S2');"
"INSERT INTO ballinfo VALUES ('2019-04-07', 2019040701, 'ヤクルト', '中日', '柳 裕也', '右', '中日', '太田 賢吾', '左', 'ヤクルト', 8, 2, 3, 2, 1, 0, 0, 112, 'カーブ', 36.0, 55.6, 'ファウル', 3, 2, 12, 'S4');"
"INSERT INTO ballinfo VALUES ('2019-04-07', 2019040701, 'ヤクルト', '中日', '柳 裕也', '右', '中日', '太田 賢吾', '左', 'ヤクルト', 8, 2, 3, 2, 2, 0, 1, 130, 'スライダー', 32.5, 88.8, 'ボール', 5, 2, 22, 'B16');"
"INSERT INTO ballinfo VALUES ('2019-04-07', 2019040701, 'ヤクルト', '中日', '柳 裕也', '右', '中日', '太田 賢吾', '左', 'ヤクルト', 8, 2, 3, 2, 3, 1, 1, 141, 'ストレート', 14.5, 55.6, 'ボール', 3, 1, 11, 'B8');"
"INSERT INTO ballinfo VALUES ('2019-04-07', 2019040701, 'ヤクルト', '中日', '柳 裕也', '右', '中日', '太田 賢吾', '左', 'ヤクルト', 8, 2, 3, 2, 4, 2, 1, 141, 'ストレート', 14.5, 12.4, 'ボール', 1, 1, 1, 'B1');"
"INSERT INTO ballinfo VALUES ('2019-04-07', 2019040701, 'ヤクルト', '中日', '柳 裕也', '右', '中日', '太田 賢吾', '左', 'ヤクルト', 8, 2, 3, 2, 5, 3, 1, 139, 'ストレート', 74.5, 14.0, '空振り', 1, 4, 4, 'B4');"
"INSERT INTO ballinfo VALUES ('2019-04-07', 2019040701, 'ヤクルト', '中日', '柳 裕也', '右', '中日', '太田 賢吾', '左', 'ヤクルト', 8, 2, 3, 2, 6, 3, 2, 139, 'ストレート', 30.5, 27.6, '中安', 2, 2, 7, 'S1');"
"INSERT INTO ballinfo VALUES ('2019-04-07', 2019040701, 'ヤクルト', '中日', '柳 裕也', '右', '中日', '大引 啓次', '右', 'ヤクルト', 8, 2, 4, 3, 1, 0, 0, 129, 'スライダー', 31.5, 50.4, '見逃し', 3, 2, 12, 'S4');"
"INSERT INTO ballinfo VALUES ('2019-04-07', 2019040701, 'ヤクルト', '中日', '柳 裕也', '右', '中日', '大引 啓次', '右', 'ヤクルト', 8, 2, 4, 3, 2, 0, 1, 139, 'ストレート', 68.0, 16.0, 'ファウル', 1, 4, 4, 'B4');"
"INSERT INTO ballinfo VALUES ('2019-04-07', 2019040701, 'ヤクルト', '中日', '柳 裕也', '右', '中日', '大引 啓次', '右', 'ヤクルト', 8, 2, 4, 3, 3, 0, 2, 0, 'スライダー', 85.5, 71.6, '一直', 4, 5, 20, 'B11');"
"INSERT INTO ballinfo VALUES ('2019-04-07', 2019040701, 'ヤクルト', '中日', '梅野 雄吾', '右', 'ヤクルト', '高橋 周平', '左', '中日', 9, 1, 1, 1, 1, 0, 0, 148, 'ストレート', 48.0, 29.2, '見逃し', 2, 3, 8, 'S2');"
"INSERT INTO ballinfo VALUES ('2019-04-07', 2019040701, 'ヤクルト', '中日', '梅野 雄吾', '右', 'ヤクルト', '高橋 周平', '左', '中日', 9, 1, 1, 1, 2, 0, 1, 131, 'スライダー', 51.0, 67.6, '二ゴロ', 4, 3, 18, 'S8');"
"INSERT INTO ballinfo VALUES ('2019-04-07', 2019040701, 'ヤクルト', '中日', '梅野 雄吾', '右', 'ヤクルト', '堂上 直倫', '右', '中日', 9, 1, 2, 2, 1, 0, 0, 147, 'ストレート', 71.5, 50.4, '見逃し', 3, 4, 14, 'S6');"
"INSERT INTO ballinfo VALUES ('2019-04-07', 2019040701, 'ヤクルト', '中日', '梅野 雄吾', '右', 'ヤクルト', '堂上 直倫', '右', '中日', 9, 1, 2, 2, 2, 0, 1, 147, 'ストレート', 72.5, 32.4, 'ファウル', 2, 4, 9, 'S3');"
"INSERT INTO ballinfo VALUES ('2019-04-07', 2019040701, 'ヤクルト', '中日', '梅野 雄吾', '右', 'ヤクルト', '堂上 直倫', '右', '中日', 9, 1, 2, 2, 3, 0, 2, 131, 'スライダー', 86.5, 15.6, 'ボール', 1, 5, 5, 'B5');"
"INSERT INTO ballinfo VALUES ('2019-04-07', 2019040701, 'ヤクルト', '中日', '梅野 雄吾', '右', 'ヤクルト', '堂上 直倫', '右', '中日', 9, 1, 2, 2, 4, 1, 2, 135, 'スライダー', 86.5, 68.8, 'ボール', 4, 5, 20, 'B11');"
"INSERT INTO ballinfo VALUES ('2019-04-07', 2019040701, 'ヤクルト', '中日', '梅野 雄吾', '右', 'ヤクルト', '堂上 直倫', '右', '中日', 9, 1, 2, 2, 5, 2, 2, 145, 'ストレート', 36.0, 44.4, '中飛', 3, 2, 12, 'S4');"
"INSERT INTO ballinfo VALUES ('2019-04-07', 2019040701, 'ヤクルト', '中日', '梅野 雄吾', '右', 'ヤクルト', '加藤 匠馬', '右', '中日', 9, 1, 3, 3, 1, 0, 0, 133, 'スライダー', 51.5, 16.8, 'ボール', 1, 3, 3, 'B3');"
"INSERT INTO ballinfo VALUES ('2019-04-07', 2019040701, 'ヤクルト', '中日', '梅野 雄吾', '右', 'ヤクルト', '加藤 匠馬', '右', '中日', 9, 1, 3, 3, 2, 1, 0, 144, 'カットボール', 86.5, 50.0, '空振り', 3, 5, 15, 'B9');"
"INSERT INTO ballinfo VALUES ('2019-04-07', 2019040701, 'ヤクルト', '中日', '梅野 雄吾', '右', 'ヤクルト', '加藤 匠馬', '右', '中日', 9, 1, 3, 3, 3, 1, 1, 144, 'ストレート', 69.5, 51.2, '二ゴロ', 3, 4, 14, 'S6');"
"INSERT INTO ballinfo VALUES ('2019-04-07', 2019040701, 'ヤクルト', '中日', '鈴木 博志', '右', '中日', '青木 宣親', '左', 'ヤクルト', 9, 2, 1, 1, 1, 0, 0, 151, 'ストレート', 69.5, 70.4, '見逃し', 4, 4, 19, 'S9');"
"INSERT INTO ballinfo VALUES ('2019-04-07', 2019040701, 'ヤクルト', '中日', '鈴木 博志', '右', '中日', '青木 宣親', '左', 'ヤクルト', 9, 2, 1, 1, 2, 0, 1, 149, 'ストレート', 91.0, 49.2, 'ボール', 3, 5, 15, 'B9');"
"INSERT INTO ballinfo VALUES ('2019-04-07', 2019040701, 'ヤクルト', '中日', '鈴木 博志', '右', '中日', '青木 宣親', '左', 'ヤクルト', 9, 2, 1, 1, 3, 1, 1, 144, 'カットボール', 32.0, 30.0, 'ファウル', 2, 2, 7, 'S1');"
"INSERT INTO ballinfo VALUES ('2019-04-07', 2019040701, 'ヤクルト', '中日', '鈴木 博志', '右', '中日', '青木 宣親', '左', 'ヤクルト', 9, 2, 1, 1, 4, 1, 2, 152, 'ストレート', 29.5, 16.4, '遊ゴロ', 1, 2, 2, 'B2');"
"INSERT INTO ballinfo VALUES ('2019-04-07', 2019040701, 'ヤクルト', '中日', '鈴木 博志', '右', '中日', '山田 哲人', '右', 'ヤクルト', 9, 2, 2, 1, 1, 0, 0, 152, 'ストレート', 91.5, 14.0, 'ボール', 1, 5, 5, 'B5');"
"INSERT INTO ballinfo VALUES ('2019-04-07', 2019040701, 'ヤクルト', '中日', '鈴木 博志', '右', '中日', '山田 哲人', '右', 'ヤクルト', 9, 2, 2, 1, 2, 1, 0, 152, 'ストレート', 67.0, 15.2, 'ボール', 1, 4, 4, 'B4');"
"INSERT INTO ballinfo VALUES ('2019-04-07', 2019040701, 'ヤクルト', '中日', '鈴木 博志', '右', '中日', '山田 哲人', '右', 'ヤクルト', 9, 2, 2, 1, 3, 2, 0, 150, 'ストレート', 74.5, 66.4, '見逃し', 4, 4, 19, 'S9');"
"INSERT INTO ballinfo VALUES ('2019-04-07', 2019040701, 'ヤクルト', '中日', '鈴木 博志', '右', '中日', '山田 哲人', '右', 'ヤクルト', 9, 2, 2, 1, 4, 2, 1, 131, 'スライダー', 51.0, 14.4, 'ボール', 1, 3, 3, 'B3');"
"INSERT INTO ballinfo VALUES ('2019-04-07', 2019040701, 'ヤクルト', '中日', '鈴木 博志', '右', '中日', '山田 哲人', '右', 'ヤクルト', 9, 2, 2, 1, 5, 3, 1, 151, 'ストレート', 73.0, 27.6, '中安', 2, 4, 9, 'S3');"
"INSERT INTO ballinfo VALUES ('2019-04-07', 2019040701, 'ヤクルト', '中日', '鈴木 博志', '右', '中日', 'バレンティン', '右', 'ヤクルト', 9, 2, 3, 2, 1, 0, 0, 143, 'カットボール', 90.0, 89.2, 'ボール', 5, 5, 25, 'B19');"
"INSERT INTO ballinfo VALUES ('2019-04-07', 2019040701, 'ヤクルト', '中日', '鈴木 博志', '右', '中日', 'バレンティン', '右', 'ヤクルト', 9, 2, 3, 2, 2, 1, 0, 151, 'ストレート', 34.5, 50.0, '三ゴロ', 3, 2, 12, 'S4');"
"INSERT INTO ballinfo VALUES ('2019-04-07', 2019040701, 'ヤクルト', '中日', '鈴木 博志', '右', '中日', '雄平', '左', 'ヤクルト', 9, 2, 4, 3, 1, 0, 0, 144, 'カットボール', 46.0, 70.8, '見逃し', 4, 3, 18, 'S8');"
"INSERT INTO ballinfo VALUES ('2019-04-07', 2019040701, 'ヤクルト', '中日', '鈴木 博志', '右', '中日', '雄平', '左', 'ヤクルト', 9, 2, 4, 3, 2, 0, 1, 150, 'ストレート', 70.0, 13.6, 'フライ', 1, 4, 4, 'B4');"
