"INSERT INTO ballinfo VALUES ('2019-04-09', 2019040903, '広島', 'ヤクルト', 'ジョンソン', '左', '広島', '太田 賢吾', '左', 'ヤクルト', 1, 1, 1, 0, 1, 0, 0, 138, 'カットボール', 70.0, 47.6, '右安', 3, 4, 14, 'S6');"
"INSERT INTO ballinfo VALUES ('2019-04-09', 2019040903, '広島', 'ヤクルト', 'ジョンソン', '左', '広島', '青木 宣親', '左', 'ヤクルト', 1, 1, 2, 0, 1, 0, 0, 146, 'ストレート', 36.0, 50.4, 'ファウル', 3, 2, 12, 'S4');"
"INSERT INTO ballinfo VALUES ('2019-04-09', 2019040903, '広島', 'ヤクルト', 'ジョンソン', '左', '広島', '青木 宣親', '左', 'ヤクルト', 1, 1, 2, 0, 2, 0, 1, 147, 'ストレート', 16.0, 86.0, 'ボール', 5, 1, 21, 'B15');"
"INSERT INTO ballinfo VALUES ('2019-04-09', 2019040903, '広島', 'ヤクルト', 'ジョンソン', '左', '広島', '青木 宣親', '左', 'ヤクルト', 1, 1, 2, 0, 3, 1, 1, 146, 'ストレート', 28.0, 17.2, 'ボール', 1, 2, 2, 'B2');"
"INSERT INTO ballinfo VALUES ('2019-04-09', 2019040903, '広島', 'ヤクルト', 'ジョンソン', '左', '広島', '青木 宣親', '左', 'ヤクルト', 1, 1, 2, 0, 4, 2, 1, 141, 'カットボール', 76.0, 49.6, '見逃し', 3, 4, 14, 'S6');"
"INSERT INTO ballinfo VALUES ('2019-04-09', 2019040903, '広島', 'ヤクルト', 'ジョンソン', '左', '広島', '青木 宣親', '左', 'ヤクルト', 1, 1, 2, 0, 5, 2, 2, 147, 'ストレート', 11.5, 90.4, 'ボール', 5, 1, 21, 'B15');"
"INSERT INTO ballinfo VALUES ('2019-04-09', 2019040903, '広島', 'ヤクルト', 'ジョンソン', '左', '広島', '青木 宣親', '左', 'ヤクルト', 1, 1, 2, 0, 6, 3, 2, 140, 'カットボール', 30.5, 86.4, 'ファウル', 5, 2, 22, 'B16');"
"INSERT INTO ballinfo VALUES ('2019-04-09', 2019040903, '広島', 'ヤクルト', 'ジョンソン', '左', '広島', '青木 宣親', '左', 'ヤクルト', 1, 1, 2, 0, 7, 3, 3, 142, 'カットボール', 26.5, 75.6, '左安', 4, 2, 17, 'S7');"
"INSERT INTO ballinfo VALUES ('2019-04-09', 2019040903, '広島', 'ヤクルト', 'ジョンソン', '左', '広島', '山田 哲人', '右', 'ヤクルト', 1, 1, 3, 1, 1, 0, 0, 148, 'ストレート', 16.5, 48.8, 'ボール', 3, 1, 11, 'B8');"
"INSERT INTO ballinfo VALUES ('2019-04-09', 2019040903, '広島', 'ヤクルト', 'ジョンソン', '左', '広島', '山田 哲人', '右', 'ヤクルト', 1, 1, 3, 1, 2, 1, 0, 142, 'カットボール', 33.5, 49.6, 'ファウル', 3, 2, 12, 'S4');"
"INSERT INTO ballinfo VALUES ('2019-04-09', 2019040903, '広島', 'ヤクルト', 'ジョンソン', '左', '広島', '山田 哲人', '右', 'ヤクルト', 1, 1, 3, 1, 3, 1, 1, 146, 'ストレート', 34.5, 44.0, 'ファウル', 3, 2, 12, 'S4');"
"INSERT INTO ballinfo VALUES ('2019-04-09', 2019040903, '広島', 'ヤクルト', 'ジョンソン', '左', '広島', '山田 哲人', '右', 'ヤクルト', 1, 1, 3, 1, 4, 1, 2, 149, 'ストレート', 25.5, 45.6, '捕邪飛', 3, 2, 12, 'S4');"
"INSERT INTO ballinfo VALUES ('2019-04-09', 2019040903, '広島', 'ヤクルト', 'ジョンソン', '左', '広島', 'バレンティン', '右', 'ヤクルト', 1, 1, 4, 1, 1, 0, 0, 147, 'ストレート', 53.5, 55.2, '見逃し', 3, 3, 13, 'S5');"
"INSERT INTO ballinfo VALUES ('2019-04-09', 2019040903, '広島', 'ヤクルト', 'ジョンソン', '左', '広島', 'バレンティン', '右', 'ヤクルト', 1, 1, 4, 1, 2, 0, 1, 150, 'ストレート', 16.5, 24.4, 'ボール', 2, 1, 6, 'B6');"
"INSERT INTO ballinfo VALUES ('2019-04-09', 2019040903, '広島', 'ヤクルト', 'ジョンソン', '左', '広島', 'バレンティン', '右', 'ヤクルト', 1, 1, 4, 1, 3, 1, 1, 148, 'ストレート', 11.5, 89.6, 'ボール', 5, 1, 21, 'B15');"
"INSERT INTO ballinfo VALUES ('2019-04-09', 2019040903, '広島', 'ヤクルト', 'ジョンソン', '左', '広島', 'バレンティン', '右', 'ヤクルト', 1, 1, 4, 1, 4, 2, 1, 144, 'カットボール', 30.0, 28.4, 'ファウル', 2, 2, 7, 'S1');"
"INSERT INTO ballinfo VALUES ('2019-04-09', 2019040903, '広島', 'ヤクルト', 'ジョンソン', '左', '広島', 'バレンティン', '右', 'ヤクルト', 1, 1, 4, 1, 5, 2, 2, 136, 'チェンジアップ', 74.5, 55.6, '中安', 3, 4, 14, 'S6');"
"INSERT INTO ballinfo VALUES ('2019-04-09', 2019040903, '広島', 'ヤクルト', 'ジョンソン', '左', '広島', '雄平', '左', 'ヤクルト', 1, 1, 5, 2, 1, 0, 0, 148, 'ストレート', 33.0, 32.4, '左犠飛', 2, 2, 7, 'S1');"
"INSERT INTO ballinfo VALUES ('2019-04-09', 2019040903, '広島', 'ヤクルト', 'ジョンソン', '左', '広島', '西浦 直亨', '右', 'ヤクルト', 1, 1, 6, 2, 1, 0, 0, 147, 'カットボール', 33.0, 50.4, '見逃し', 3, 2, 12, 'S4');"
"INSERT INTO ballinfo VALUES ('2019-04-09', 2019040903, '広島', 'ヤクルト', 'ジョンソン', '左', '広島', '西浦 直亨', '右', 'ヤクルト', 1, 1, 6, 2, 2, 0, 1, 120, 'カーブ', 86.5, 15.2, 'ボール', 1, 5, 5, 'B5');"
"INSERT INTO ballinfo VALUES ('2019-04-09', 2019040903, '広島', 'ヤクルト', 'ジョンソン', '左', '広島', '西浦 直亨', '右', 'ヤクルト', 1, 1, 6, 2, 3, 1, 1, 0, 'ストレート', 50.5, 31.6, '左安', 2, 3, 8, 'S2');"
"INSERT INTO ballinfo VALUES ('2019-04-09', 2019040903, '広島', 'ヤクルト', 'ジョンソン', '左', '広島', '村上 宗隆', '左', 'ヤクルト', 1, 1, 7, 2, 1, 0, 0, 119, 'カーブ', 50.0, 70.0, '見逃し', 4, 3, 18, 'S8');"
"INSERT INTO ballinfo VALUES ('2019-04-09', 2019040903, '広島', 'ヤクルト', 'ジョンソン', '左', '広島', '村上 宗隆', '左', 'ヤクルト', 1, 1, 7, 2, 2, 0, 1, 138, 'シュート', 72.5, 29.2, 'ファウル', 2, 4, 9, 'S3');"
"INSERT INTO ballinfo VALUES ('2019-04-09', 2019040903, '広島', 'ヤクルト', 'ジョンソン', '左', '広島', '村上 宗隆', '左', 'ヤクルト', 1, 1, 7, 2, 3, 0, 2, 139, 'カットボール', 14.5, 29.2, 'ボール', 2, 1, 6, 'B6');"
"INSERT INTO ballinfo VALUES ('2019-04-09', 2019040903, '広島', 'ヤクルト', 'ジョンソン', '左', '広島', '村上 宗隆', '左', 'ヤクルト', 1, 1, 7, 2, 4, 1, 2, 133, 'スライダー', 12.0, 13.6, 'ボール', 1, 1, 1, 'B1');"
"INSERT INTO ballinfo VALUES ('2019-04-09', 2019040903, '広島', 'ヤクルト', 'ジョンソン', '左', '広島', '村上 宗隆', '左', 'ヤクルト', 1, 1, 7, 2, 5, 2, 2, 147, 'ストレート', 12.5, 7.6, 'ボール', 1, 1, 1, 'B1');"
"INSERT INTO ballinfo VALUES ('2019-04-09', 2019040903, '広島', 'ヤクルト', 'ジョンソン', '左', '広島', '村上 宗隆', '左', 'ヤクルト', 1, 1, 7, 2, 6, 3, 2, 132, 'スライダー', 51.5, 50.8, '右安', 3, 3, 13, 'S5');"
"INSERT INTO ballinfo VALUES ('2019-04-09', 2019040903, '広島', 'ヤクルト', 'ジョンソン', '左', '広島', '中村 悠平', '右', 'ヤクルト', 1, 1, 8, 3, 1, 0, 0, 147, 'シュート', 88.5, 90.0, 'ボール', 5, 5, 25, 'B19');"
"INSERT INTO ballinfo VALUES ('2019-04-09', 2019040903, '広島', 'ヤクルト', 'ジョンソン', '左', '広島', '中村 悠平', '右', 'ヤクルト', 1, 1, 8, 3, 2, 1, 0, 140, 'カットボール', 30.0, 25.6, 'ファウル', 2, 2, 7, 'S1');"
"INSERT INTO ballinfo VALUES ('2019-04-09', 2019040903, '広島', 'ヤクルト', 'ジョンソン', '左', '広島', '中村 悠平', '右', 'ヤクルト', 1, 1, 8, 3, 3, 1, 1, 136, 'チェンジアップ', 51.5, 68.8, '三ゴロ', 4, 3, 18, 'S8');"
"INSERT INTO ballinfo VALUES ('2019-04-09', 2019040903, '広島', 'ヤクルト', '原 樹理', '右', 'ヤクルト', '田中 広輔', '左', '広島', 1, 2, 1, 1, 1, 0, 0, 117, 'スライダー', 51.0, 83.6, 'ボール', 5, 3, 23, 'B17');"
"INSERT INTO ballinfo VALUES ('2019-04-09', 2019040903, '広島', 'ヤクルト', '原 樹理', '右', 'ヤクルト', '田中 広輔', '左', '広島', 1, 2, 1, 1, 2, 1, 0, 142, 'ストレート', 71.5, 69.6, '見逃し', 4, 4, 19, 'S9');"
"INSERT INTO ballinfo VALUES ('2019-04-09', 2019040903, '広島', 'ヤクルト', '原 樹理', '右', 'ヤクルト', '田中 広輔', '左', '広島', 1, 2, 1, 1, 3, 1, 1, 121, 'スライダー', 88.5, 87.2, '空振り', 5, 5, 25, 'B19');"
"INSERT INTO ballinfo VALUES ('2019-04-09', 2019040903, '広島', 'ヤクルト', '原 樹理', '右', 'ヤクルト', '田中 広輔', '左', '広島', 1, 2, 1, 1, 4, 1, 2, 126, 'スライダー', 50.5, 29.6, '左飛', 2, 3, 8, 'S2');"
"INSERT INTO ballinfo VALUES ('2019-04-09', 2019040903, '広島', 'ヤクルト', '原 樹理', '右', 'ヤクルト', '菊池 涼介', '右', '広島', 1, 2, 2, 1, 1, 0, 0, 142, 'シュート', 32.5, 33.6, '遊安', 2, 2, 7, 'S1');"
"INSERT INTO ballinfo VALUES ('2019-04-09', 2019040903, '広島', 'ヤクルト', '原 樹理', '右', 'ヤクルト', '野間 峻祥', '左', '広島', 1, 2, 3, 2, 1, 0, 0, 105, 'カーブ', 51.5, 92.4, 'ボール', 5, 3, 23, 'B17');"
"INSERT INTO ballinfo VALUES ('2019-04-09', 2019040903, '広島', 'ヤクルト', '原 樹理', '右', 'ヤクルト', '野間 峻祥', '左', '広島', 1, 2, 3, 2, 2, 1, 0, 142, 'シュート', 32.0, 51.2, '遊ゴロ', 3, 2, 12, 'S4');"
"INSERT INTO ballinfo VALUES ('2019-04-09', 2019040903, '広島', 'ヤクルト', '原 樹理', '右', 'ヤクルト', '鈴木 誠也', '右', '広島', 1, 2, 4, 3, 1, 0, 0, 120, 'スライダー', 51.5, 89.2, 'ボール', 5, 3, 23, 'B17');"
"INSERT INTO ballinfo VALUES ('2019-04-09', 2019040903, '広島', 'ヤクルト', '原 樹理', '右', 'ヤクルト', '鈴木 誠也', '右', '広島', 1, 2, 4, 3, 2, 1, 0, 124, 'スライダー', 88.0, 92.4, 'ボール', 5, 5, 25, 'B19');"
"INSERT INTO ballinfo VALUES ('2019-04-09', 2019040903, '広島', 'ヤクルト', '原 樹理', '右', 'ヤクルト', '鈴木 誠也', '右', '広島', 1, 2, 4, 3, 3, 2, 0, 123, 'スライダー', 33.5, 54.4, '見逃し', 3, 2, 12, 'S4');"
"INSERT INTO ballinfo VALUES ('2019-04-09', 2019040903, '広島', 'ヤクルト', '原 樹理', '右', 'ヤクルト', '鈴木 誠也', '右', '広島', 1, 2, 4, 3, 4, 2, 1, 142, 'シュート', 30.0, 47.6, 'ファウル', 3, 2, 12, 'S4');"
"INSERT INTO ballinfo VALUES ('2019-04-09', 2019040903, '広島', 'ヤクルト', '原 樹理', '右', 'ヤクルト', '鈴木 誠也', '右', '広島', 1, 2, 4, 3, 5, 2, 2, 125, 'スライダー', 51.5, 69.2, '空三振', 4, 3, 18, 'S8');"
"INSERT INTO ballinfo VALUES ('2019-04-09', 2019040903, '広島', 'ヤクルト', 'ジョンソン', '左', '広島', '原 樹理', '右', 'ヤクルト', 2, 1, 1, 1, 1, 0, 0, 135, 'シュート', 51.0, 29.6, '見逃し', 2, 3, 8, 'S2');"
"INSERT INTO ballinfo VALUES ('2019-04-09', 2019040903, '広島', 'ヤクルト', 'ジョンソン', '左', '広島', '原 樹理', '右', 'ヤクルト', 2, 1, 1, 1, 2, 0, 1, 134, 'チェンジアップ', 75.5, 55.6, '一ゴロ', 3, 4, 14, 'S6');"
"INSERT INTO ballinfo VALUES ('2019-04-09', 2019040903, '広島', 'ヤクルト', 'ジョンソン', '左', '広島', '太田 賢吾', '左', 'ヤクルト', 2, 1, 2, 1, 1, 0, 0, 118, 'カーブ', 29.5, 50.4, '見逃し', 3, 2, 12, 'S4');"
"INSERT INTO ballinfo VALUES ('2019-04-09', 2019040903, '広島', 'ヤクルト', 'ジョンソン', '左', '広島', '太田 賢吾', '左', 'ヤクルト', 2, 1, 2, 1, 2, 0, 1, 122, 'カーブ', 34.5, 46.0, '見逃し', 3, 2, 12, 'S4');"
"INSERT INTO ballinfo VALUES ('2019-04-09', 2019040903, '広島', 'ヤクルト', 'ジョンソン', '左', '広島', '太田 賢吾', '左', 'ヤクルト', 2, 1, 2, 1, 3, 0, 2, 145, 'ストレート', 16.5, 25.2, 'ボール', 2, 1, 6, 'B6');"
"INSERT INTO ballinfo VALUES ('2019-04-09', 2019040903, '広島', 'ヤクルト', 'ジョンソン', '左', '広島', '太田 賢吾', '左', 'ヤクルト', 2, 1, 2, 1, 4, 1, 2, 121, 'カーブ', 24.5, 77.6, '左安', 4, 2, 17, 'S7');"
"INSERT INTO ballinfo VALUES ('2019-04-09', 2019040903, '広島', 'ヤクルト', 'ジョンソン', '左', '広島', '青木 宣親', '左', 'ヤクルト', 2, 1, 3, 2, 1, 0, 0, 145, 'シュート', 71.5, 87.6, 'ボール', 5, 4, 24, 'B18');"
"INSERT INTO ballinfo VALUES ('2019-04-09', 2019040903, '広島', 'ヤクルト', 'ジョンソン', '左', '広島', '青木 宣親', '左', 'ヤクルト', 2, 1, 3, 2, 2, 1, 0, 140, 'カットボール', 31.0, 69.6, '投ゴロ', 4, 2, 17, 'S7');"
"INSERT INTO ballinfo VALUES ('2019-04-09', 2019040903, '広島', 'ヤクルト', 'ジョンソン', '左', '広島', '山田 哲人', '右', 'ヤクルト', 2, 1, 4, 2, 1, 0, 0, 134, 'シュート', 89.0, 8.8, 'ボール', 1, 5, 5, 'B5');"
"INSERT INTO ballinfo VALUES ('2019-04-09', 2019040903, '広島', 'ヤクルト', 'ジョンソン', '左', '広島', '山田 哲人', '右', 'ヤクルト', 2, 1, 4, 2, 2, 1, 0, 133, 'チェンジアップ', 71.0, 30.0, '見逃し', 2, 4, 9, 'S3');"
"INSERT INTO ballinfo VALUES ('2019-04-09', 2019040903, '広島', 'ヤクルト', 'ジョンソン', '左', '広島', '山田 哲人', '右', 'ヤクルト', 2, 1, 4, 2, 3, 1, 1, 146, 'シュート', 74.0, 53.2, 'ファウル', 3, 4, 14, 'S6');"
"INSERT INTO ballinfo VALUES ('2019-04-09', 2019040903, '広島', 'ヤクルト', 'ジョンソン', '左', '広島', '山田 哲人', '右', 'ヤクルト', 2, 1, 4, 2, 4, 1, 2, 134, 'チェンジアップ', 86.0, 55.6, '中安', 3, 5, 15, 'B9');"
"INSERT INTO ballinfo VALUES ('2019-04-09', 2019040903, '広島', 'ヤクルト', 'ジョンソン', '左', '広島', 'バレンティン', '右', 'ヤクルト', 2, 1, 5, 2, 1, 0, 0, 141, 'カットボール', 16.5, 53.2, 'ボール', 3, 1, 11, 'B8');"
"INSERT INTO ballinfo VALUES ('2019-04-09', 2019040903, '広島', 'ヤクルト', 'ジョンソン', '左', '広島', 'バレンティン', '右', 'ヤクルト', 2, 1, 5, 2, 2, 1, 0, 136, 'ストレート', 31.5, 49.6, '見逃し', 3, 2, 12, 'S4');"
"INSERT INTO ballinfo VALUES ('2019-04-09', 2019040903, '広島', 'ヤクルト', 'ジョンソン', '左', '広島', 'バレンティン', '右', 'ヤクルト', 2, 1, 5, 2, 3, 1, 1, 140, 'カットボール', 17.0, 57.2, '空振り', 3, 1, 11, 'B8');"
"INSERT INTO ballinfo VALUES ('2019-04-09', 2019040903, '広島', 'ヤクルト', 'ジョンソン', '左', '広島', 'バレンティン', '右', 'ヤクルト', 2, 1, 5, 2, 4, 1, 2, 124, 'カーブ', 51.5, 89.6, 'ボール', 5, 3, 23, 'B17');"
"INSERT INTO ballinfo VALUES ('2019-04-09', 2019040903, '広島', 'ヤクルト', 'ジョンソン', '左', '広島', 'バレンティン', '右', 'ヤクルト', 2, 1, 5, 2, 5, 2, 2, 147, 'ストレート', 28.0, 64.8, '中安', 4, 2, 17, 'S7');"
"INSERT INTO ballinfo VALUES ('2019-04-09', 2019040903, '広島', 'ヤクルト', 'ジョンソン', '左', '広島', '雄平', '左', 'ヤクルト', 2, 1, 6, 3, 1, 0, 0, 146, 'シュート', 89.0, 49.2, 'ボール', 3, 5, 15, 'B9');"
"INSERT INTO ballinfo VALUES ('2019-04-09', 2019040903, '広島', 'ヤクルト', 'ジョンソン', '左', '広島', '雄平', '左', 'ヤクルト', 2, 1, 6, 3, 2, 1, 0, 144, 'シュート', 73.5, 84.4, '空振り', 5, 4, 24, 'B18');"
"INSERT INTO ballinfo VALUES ('2019-04-09', 2019040903, '広島', 'ヤクルト', 'ジョンソン', '左', '広島', '雄平', '左', 'ヤクルト', 2, 1, 6, 3, 3, 1, 1, 120, 'カーブ', 51.0, 16.4, 'ボール', 1, 3, 3, 'B3');"
"INSERT INTO ballinfo VALUES ('2019-04-09', 2019040903, '広島', 'ヤクルト', 'ジョンソン', '左', '広島', '雄平', '左', 'ヤクルト', 2, 1, 6, 3, 4, 2, 1, 146, 'シュート', 70.0, 73.6, '一ゴロ', 4, 4, 19, 'S9');"
"INSERT INTO ballinfo VALUES ('2019-04-09', 2019040903, '広島', 'ヤクルト', '原 樹理', '右', 'ヤクルト', '松山 竜平', '左', '広島', 2, 2, 1, 1, 1, 0, 0, 123, 'スライダー', 48.5, 69.2, '見逃し', 4, 3, 18, 'S8');"
"INSERT INTO ballinfo VALUES ('2019-04-09', 2019040903, '広島', 'ヤクルト', '原 樹理', '右', 'ヤクルト', '松山 竜平', '左', '広島', 2, 2, 1, 1, 2, 0, 1, 128, 'フォーク', 50.5, 91.6, 'ボール', 5, 3, 23, 'B17');"
"INSERT INTO ballinfo VALUES ('2019-04-09', 2019040903, '広島', 'ヤクルト', '原 樹理', '右', 'ヤクルト', '松山 竜平', '左', '広島', 2, 2, 1, 1, 3, 1, 1, 120, 'スライダー', 88.0, 91.2, 'ボール', 5, 5, 25, 'B19');"
"INSERT INTO ballinfo VALUES ('2019-04-09', 2019040903, '広島', 'ヤクルト', '原 樹理', '右', 'ヤクルト', '松山 竜平', '左', '広島', 2, 2, 1, 1, 4, 2, 1, 143, 'シュート', 49.0, 30.0, 'ファウル', 2, 3, 8, 'S2');"
"INSERT INTO ballinfo VALUES ('2019-04-09', 2019040903, '広島', 'ヤクルト', '原 樹理', '右', 'ヤクルト', '松山 竜平', '左', '広島', 2, 2, 1, 1, 5, 2, 2, 142, 'ストレート', 72.5, 15.6, '左飛', 1, 4, 4, 'B4');"
"INSERT INTO ballinfo VALUES ('2019-04-09', 2019040903, '広島', 'ヤクルト', '原 樹理', '右', 'ヤクルト', '長野 久義', '右', '広島', 2, 2, 2, 1, 1, 0, 0, 145, 'ストレート', 71.5, 9.2, 'ボール', 1, 4, 4, 'B4');"
"INSERT INTO ballinfo VALUES ('2019-04-09', 2019040903, '広島', 'ヤクルト', '原 樹理', '右', 'ヤクルト', '長野 久義', '右', '広島', 2, 2, 2, 1, 2, 1, 0, 122, 'スライダー', 88.0, 89.2, 'ボール', 5, 5, 25, 'B19');"
"INSERT INTO ballinfo VALUES ('2019-04-09', 2019040903, '広島', 'ヤクルト', '原 樹理', '右', 'ヤクルト', '長野 久義', '右', '広島', 2, 2, 2, 1, 3, 2, 0, 136, 'ストレート', 71.5, 14.4, 'ボール', 1, 4, 4, 'B4');"
"INSERT INTO ballinfo VALUES ('2019-04-09', 2019040903, '広島', 'ヤクルト', '原 樹理', '右', 'ヤクルト', '長野 久義', '右', '広島', 2, 2, 2, 1, 4, 3, 0, 140, 'ストレート', 50.5, 12.4, '四球', 1, 3, 3, 'B3');"
"INSERT INTO ballinfo VALUES ('2019-04-09', 2019040903, '広島', 'ヤクルト', '原 樹理', '右', 'ヤクルト', '安部 友裕', '左', '広島', 2, 2, 3, 2, 1, 0, 0, 120, 'スライダー', 87.0, 90.0, 'ボール', 5, 5, 25, 'B19');"
"INSERT INTO ballinfo VALUES ('2019-04-09', 2019040903, '広島', 'ヤクルト', '原 樹理', '右', 'ヤクルト', '安部 友裕', '左', '広島', 2, 2, 3, 2, 2, 1, 0, 136, 'シュート', 50.0, 66.8, '二ゴロ', 4, 3, 18, 'S8');"
"INSERT INTO ballinfo VALUES ('2019-04-09', 2019040903, '広島', 'ヤクルト', '原 樹理', '右', 'ヤクルト', '石原 慶幸', '右', '広島', 2, 2, 4, 3, 1, 0, 0, 125, 'スライダー', 31.5, 31.2, '見逃し', 2, 2, 7, 'S1');"
"INSERT INTO ballinfo VALUES ('2019-04-09', 2019040903, '広島', 'ヤクルト', '原 樹理', '右', 'ヤクルト', '石原 慶幸', '右', '広島', 2, 2, 4, 3, 2, 0, 1, 143, 'シュート', 14.5, 85.2, 'ボール', 5, 1, 21, 'B15');"
"INSERT INTO ballinfo VALUES ('2019-04-09', 2019040903, '広島', 'ヤクルト', '原 樹理', '右', 'ヤクルト', '石原 慶幸', '右', '広島', 2, 2, 4, 3, 3, 1, 1, 123, 'スライダー', 68.0, 46.0, '見逃し', 3, 4, 14, 'S6');"
"INSERT INTO ballinfo VALUES ('2019-04-09', 2019040903, '広島', 'ヤクルト', '原 樹理', '右', 'ヤクルト', '石原 慶幸', '右', '広島', 2, 2, 4, 3, 4, 1, 2, 105, 'カーブ', 50.0, 85.6, 'ファウル', 5, 3, 23, 'B17');"
"INSERT INTO ballinfo VALUES ('2019-04-09', 2019040903, '広島', 'ヤクルト', '原 樹理', '右', 'ヤクルト', '石原 慶幸', '右', '広島', 2, 2, 4, 3, 5, 1, 3, 126, 'スライダー', 88.0, 91.6, 'ボール', 5, 5, 25, 'B19');"
"INSERT INTO ballinfo VALUES ('2019-04-09', 2019040903, '広島', 'ヤクルト', '原 樹理', '右', 'ヤクルト', '石原 慶幸', '右', '広島', 2, 2, 4, 3, 6, 2, 3, 134, 'シュート', 51.5, 68.8, '遊ゴロ', 4, 3, 18, 'S8');"
"INSERT INTO ballinfo VALUES ('2019-04-09', 2019040903, '広島', 'ヤクルト', 'ジョンソン', '左', '広島', '西浦 直亨', '右', 'ヤクルト', 3, 1, 1, 1, 1, 0, 0, 141, 'カットボール', 72.0, 26.8, '見逃し', 2, 4, 9, 'S3');"
"INSERT INTO ballinfo VALUES ('2019-04-09', 2019040903, '広島', 'ヤクルト', 'ジョンソン', '左', '広島', '西浦 直亨', '右', 'ヤクルト', 3, 1, 1, 1, 2, 0, 1, 134, 'チェンジアップ', 74.5, 52.0, '三ゴロ', 3, 4, 14, 'S6');"
"INSERT INTO ballinfo VALUES ('2019-04-09', 2019040903, '広島', 'ヤクルト', 'ジョンソン', '左', '広島', '村上 宗隆', '左', 'ヤクルト', 3, 1, 2, 1, 1, 0, 0, 148, 'ストレート', 51.5, 30.4, '右本', 2, 3, 8, 'S2');"
"INSERT INTO ballinfo VALUES ('2019-04-09', 2019040903, '広島', 'ヤクルト', 'ジョンソン', '左', '広島', '中村 悠平', '右', 'ヤクルト', 3, 1, 3, 2, 1, 0, 0, 136, 'シュート', 86.0, 52.8, 'ボール', 3, 5, 15, 'B9');"
"INSERT INTO ballinfo VALUES ('2019-04-09', 2019040903, '広島', 'ヤクルト', 'ジョンソン', '左', '広島', '中村 悠平', '右', 'ヤクルト', 3, 1, 3, 2, 2, 1, 0, 126, 'スライダー', 51.5, 86.8, 'ボール', 5, 3, 23, 'B17');"
"INSERT INTO ballinfo VALUES ('2019-04-09', 2019040903, '広島', 'ヤクルト', 'ジョンソン', '左', '広島', '中村 悠平', '右', 'ヤクルト', 3, 1, 3, 2, 3, 2, 0, 130, 'スライダー', 52.5, 51.2, '見逃し', 3, 3, 13, 'S5');"
"INSERT INTO ballinfo VALUES ('2019-04-09', 2019040903, '広島', 'ヤクルト', 'ジョンソン', '左', '広島', '中村 悠平', '右', 'ヤクルト', 3, 1, 3, 2, 4, 2, 1, 134, 'カットボール', 51.0, 14.4, 'ボール', 1, 3, 3, 'B3');"
"INSERT INTO ballinfo VALUES ('2019-04-09', 2019040903, '広島', 'ヤクルト', 'ジョンソン', '左', '広島', '中村 悠平', '右', 'ヤクルト', 3, 1, 3, 2, 5, 3, 1, 136, 'スライダー', 33.5, 87.2, '空振り', 5, 2, 22, 'B16');"
"INSERT INTO ballinfo VALUES ('2019-04-09', 2019040903, '広島', 'ヤクルト', 'ジョンソン', '左', '広島', '中村 悠平', '右', 'ヤクルト', 3, 1, 3, 2, 6, 3, 2, 138, 'カットボール', 17.0, 85.2, 'ファウル', 5, 1, 21, 'B15');"
"INSERT INTO ballinfo VALUES ('2019-04-09', 2019040903, '広島', 'ヤクルト', 'ジョンソン', '左', '広島', '中村 悠平', '右', 'ヤクルト', 3, 1, 3, 2, 7, 3, 3, 146, 'シュート', 70.5, 16.0, 'ファウル', 1, 4, 4, 'B4');"
"INSERT INTO ballinfo VALUES ('2019-04-09', 2019040903, '広島', 'ヤクルト', 'ジョンソン', '左', '広島', '中村 悠平', '右', 'ヤクルト', 3, 1, 3, 2, 8, 3, 4, 138, 'カットボール', 49.5, 27.6, '遊飛', 2, 3, 8, 'S2');"
"INSERT INTO ballinfo VALUES ('2019-04-09', 2019040903, '広島', 'ヤクルト', 'ジョンソン', '左', '広島', '原 樹理', '右', 'ヤクルト', 3, 1, 4, 3, 1, 0, 0, 136, 'シュート', 90.0, 14.0, 'ボール', 1, 5, 5, 'B5');"
"INSERT INTO ballinfo VALUES ('2019-04-09', 2019040903, '広島', 'ヤクルト', 'ジョンソン', '左', '広島', '原 樹理', '右', 'ヤクルト', 3, 1, 4, 3, 2, 1, 0, 143, 'シュート', 74.5, 11.6, 'ボール', 1, 4, 4, 'B4');"
"INSERT INTO ballinfo VALUES ('2019-04-09', 2019040903, '広島', 'ヤクルト', 'ジョンソン', '左', '広島', '原 樹理', '右', 'ヤクルト', 3, 1, 4, 3, 3, 2, 0, 142, 'ストレート', 51.0, 50.8, '見逃し', 3, 3, 13, 'S5');"
"INSERT INTO ballinfo VALUES ('2019-04-09', 2019040903, '広島', 'ヤクルト', 'ジョンソン', '左', '広島', '原 樹理', '右', 'ヤクルト', 3, 1, 4, 3, 4, 2, 1, 140, 'カットボール', 31.5, 50.8, '遊ゴロ', 3, 2, 12, 'S4');"
"INSERT INTO ballinfo VALUES ('2019-04-09', 2019040903, '広島', 'ヤクルト', '原 樹理', '右', 'ヤクルト', '磯村 嘉孝', '右', '広島', 3, 2, 1, 0, 1, 0, 0, 124, 'スライダー', 73.0, 85.6, '空振り', 5, 4, 24, 'B18');"
"INSERT INTO ballinfo VALUES ('2019-04-09', 2019040903, '広島', 'ヤクルト', '原 樹理', '右', 'ヤクルト', '磯村 嘉孝', '右', '広島', 3, 2, 1, 0, 2, 0, 1, 101, 'カーブ', 51.0, 90.8, 'ボール', 5, 3, 23, 'B17');"
"INSERT INTO ballinfo VALUES ('2019-04-09', 2019040903, '広島', 'ヤクルト', '原 樹理', '右', 'ヤクルト', '磯村 嘉孝', '右', '広島', 3, 2, 1, 0, 3, 1, 1, 138, 'シュート', 67.5, 90.4, 'ボール', 5, 4, 24, 'B18');"
"INSERT INTO ballinfo VALUES ('2019-04-09', 2019040903, '広島', 'ヤクルト', '原 樹理', '右', 'ヤクルト', '磯村 嘉孝', '右', '広島', 3, 2, 1, 0, 4, 2, 1, 138, 'シュート', 73.0, 51.6, '右安', 3, 4, 14, 'S6');"
"INSERT INTO ballinfo VALUES ('2019-04-09', 2019040903, '広島', 'ヤクルト', '原 樹理', '右', 'ヤクルト', '田中 広輔', '左', '広島', 3, 2, 2, 1, 1, 0, 0, 0, 'カーブ', 51.5, 71.2, '二ゴロ', 4, 3, 18, 'S8');"
"INSERT INTO ballinfo VALUES ('2019-04-09', 2019040903, '広島', 'ヤクルト', '原 樹理', '右', 'ヤクルト', '菊池 涼介', '右', '広島', 3, 2, 3, 3, 1, 0, 0, 138, 'ストレート', 52.5, 30.4, '空振り', 2, 3, 8, 'S2');"
"INSERT INTO ballinfo VALUES ('2019-04-09', 2019040903, '広島', 'ヤクルト', '原 樹理', '右', 'ヤクルト', '菊池 涼介', '右', '広島', 3, 2, 3, 3, 2, 0, 1, 107, 'カーブ', 52.0, 50.0, '三併打', 3, 3, 13, 'S5');"
"INSERT INTO ballinfo VALUES ('2019-04-09', 2019040903, '広島', 'ヤクルト', '藤井 皓哉', '右', '広島', '太田 賢吾', '左', 'ヤクルト', 4, 1, 1, 1, 1, 0, 0, 144, 'ストレート', 31.5, 67.2, '見逃し', 4, 2, 17, 'S7');"
"INSERT INTO ballinfo VALUES ('2019-04-09', 2019040903, '広島', 'ヤクルト', '藤井 皓哉', '右', '広島', '太田 賢吾', '左', 'ヤクルト', 4, 1, 1, 1, 2, 0, 1, 130, 'フォーク', 51.0, 51.6, 'ファウル', 3, 3, 13, 'S5');"
"INSERT INTO ballinfo VALUES ('2019-04-09', 2019040903, '広島', 'ヤクルト', '藤井 皓哉', '右', '広島', '太田 賢吾', '左', 'ヤクルト', 4, 1, 1, 1, 3, 0, 2, 130, 'フォーク', 14.5, 55.2, '空三振', 3, 1, 11, 'B8');"
"INSERT INTO ballinfo VALUES ('2019-04-09', 2019040903, '広島', 'ヤクルト', '藤井 皓哉', '右', '広島', '青木 宣親', '左', 'ヤクルト', 4, 1, 2, 2, 1, 0, 0, 143, 'ストレート', 34.0, 32.4, '見逃し', 2, 2, 7, 'S1');"
"INSERT INTO ballinfo VALUES ('2019-04-09', 2019040903, '広島', 'ヤクルト', '藤井 皓哉', '右', '広島', '青木 宣親', '左', 'ヤクルト', 4, 1, 2, 2, 2, 0, 1, 128, 'フォーク', 12.0, 51.6, 'ボール', 3, 1, 11, 'B8');"
"INSERT INTO ballinfo VALUES ('2019-04-09', 2019040903, '広島', 'ヤクルト', '藤井 皓哉', '右', '広島', '青木 宣親', '左', 'ヤクルト', 4, 1, 2, 2, 3, 1, 1, 142, 'ストレート', 88.0, 86.0, 'ボール', 5, 5, 25, 'B19');"
"INSERT INTO ballinfo VALUES ('2019-04-09', 2019040903, '広島', 'ヤクルト', '藤井 皓哉', '右', '広島', '青木 宣親', '左', 'ヤクルト', 4, 1, 2, 2, 4, 2, 1, 129, 'フォーク', 51.5, 65.6, '右飛', 4, 3, 18, 'S8');"
"INSERT INTO ballinfo VALUES ('2019-04-09', 2019040903, '広島', 'ヤクルト', '藤井 皓哉', '右', '広島', '山田 哲人', '右', 'ヤクルト', 4, 1, 3, 2, 1, 0, 0, 144, 'ストレート', 67.5, 84.8, 'ボール', 5, 4, 24, 'B18');"
"INSERT INTO ballinfo VALUES ('2019-04-09', 2019040903, '広島', 'ヤクルト', '藤井 皓哉', '右', '広島', '山田 哲人', '右', 'ヤクルト', 4, 1, 3, 2, 2, 1, 0, 131, 'スライダー', 50.0, 87.6, 'ボール', 5, 3, 23, 'B17');"
"INSERT INTO ballinfo VALUES ('2019-04-09', 2019040903, '広島', 'ヤクルト', '藤井 皓哉', '右', '広島', '山田 哲人', '右', 'ヤクルト', 4, 1, 3, 2, 3, 2, 0, 128, 'スライダー', 75.5, 86.4, 'ボール', 5, 4, 24, 'B18');"
"INSERT INTO ballinfo VALUES ('2019-04-09', 2019040903, '広島', 'ヤクルト', '藤井 皓哉', '右', '広島', '山田 哲人', '右', 'ヤクルト', 4, 1, 3, 2, 4, 3, 0, 144, 'ストレート', 51.5, 93.2, '四球', 5, 3, 23, 'B17');"
"INSERT INTO ballinfo VALUES ('2019-04-09', 2019040903, '広島', 'ヤクルト', '藤井 皓哉', '右', '広島', 'バレンティン', '右', 'ヤクルト', 4, 1, 4, 2, 1, 0, 0, 138, 'ストレート', 14.5, 28.8, 'ボール', 2, 1, 6, 'B6');"
"INSERT INTO ballinfo VALUES ('2019-04-09', 2019040903, '広島', 'ヤクルト', '藤井 皓哉', '右', '広島', 'バレンティン', '右', 'ヤクルト', 4, 1, 4, 2, 2, 1, 0, 139, 'ストレート', 65.5, 46.0, '見逃し', 3, 4, 14, 'S6');"
"INSERT INTO ballinfo VALUES ('2019-04-09', 2019040903, '広島', 'ヤクルト', '藤井 皓哉', '右', '広島', 'バレンティン', '右', 'ヤクルト', 4, 1, 4, 2, 3, 1, 1, 142, 'ストレート', 26.5, 16.4, 'ボール', 1, 2, 2, 'B2');"
"INSERT INTO ballinfo VALUES ('2019-04-09', 2019040903, '広島', 'ヤクルト', '藤井 皓哉', '右', '広島', 'バレンティン', '右', 'ヤクルト', 4, 1, 4, 2, 4, 2, 1, 126, 'スライダー', 74.0, 56.0, 'ファウル', 3, 4, 14, 'S6');"
"INSERT INTO ballinfo VALUES ('2019-04-09', 2019040903, '広島', 'ヤクルト', '藤井 皓哉', '右', '広島', 'バレンティン', '右', 'ヤクルト', 4, 1, 4, 2, 5, 2, 2, 143, 'ストレート', 35.5, 25.2, 'ファウル', 2, 2, 7, 'S1');"
"INSERT INTO ballinfo VALUES ('2019-04-09', 2019040903, '広島', 'ヤクルト', '藤井 皓哉', '右', '広島', 'バレンティン', '右', 'ヤクルト', 4, 1, 4, 2, 6, 2, 3, 143, 'ストレート', 51.0, 25.2, '左安', 2, 3, 8, 'S2');"
"INSERT INTO ballinfo VALUES ('2019-04-09', 2019040903, '広島', 'ヤクルト', '藤井 皓哉', '右', '広島', '雄平', '左', 'ヤクルト', 4, 1, 5, 3, 1, 0, 0, 131, 'フォーク', 31.5, 29.2, 'ファウル', 2, 2, 7, 'S1');"
"INSERT INTO ballinfo VALUES ('2019-04-09', 2019040903, '広島', 'ヤクルト', '藤井 皓哉', '右', '広島', '雄平', '左', 'ヤクルト', 4, 1, 5, 3, 2, 0, 1, 142, 'ストレート', 50.0, 48.4, 'ファウル', 3, 3, 13, 'S5');"
"INSERT INTO ballinfo VALUES ('2019-04-09', 2019040903, '広島', 'ヤクルト', '藤井 皓哉', '右', '広島', '雄平', '左', 'ヤクルト', 4, 1, 5, 3, 3, 0, 2, 144, 'ストレート', 50.5, 70.0, '三ゴロ', 4, 3, 18, 'S8');"
"INSERT INTO ballinfo VALUES ('2019-04-09', 2019040903, '広島', 'ヤクルト', '原 樹理', '右', 'ヤクルト', '野間 峻祥', '左', '広島', 4, 2, 1, 0, 1, 0, 0, 121, 'スライダー', 46.5, 12.8, 'ボール', 1, 3, 3, 'B3');"
"INSERT INTO ballinfo VALUES ('2019-04-09', 2019040903, '広島', 'ヤクルト', '原 樹理', '右', 'ヤクルト', '野間 峻祥', '左', '広島', 4, 2, 1, 0, 2, 1, 0, 138, 'シュート', 48.5, 50.4, '左２', 3, 3, 13, 'S5');"
"INSERT INTO ballinfo VALUES ('2019-04-09', 2019040903, '広島', 'ヤクルト', '原 樹理', '右', 'ヤクルト', '鈴木 誠也', '右', '広島', 4, 2, 2, 1, 1, 0, 0, 141, 'シュート', 32.0, 50.0, '見逃し', 3, 2, 12, 'S4');"
"INSERT INTO ballinfo VALUES ('2019-04-09', 2019040903, '広島', 'ヤクルト', '原 樹理', '右', 'ヤクルト', '鈴木 誠也', '右', '広島', 4, 2, 2, 1, 2, 0, 1, 106, 'カーブ', 88.0, 93.2, 'ボール', 5, 5, 25, 'B19');"
"INSERT INTO ballinfo VALUES ('2019-04-09', 2019040903, '広島', 'ヤクルト', '原 樹理', '右', 'ヤクルト', '鈴木 誠也', '右', '広島', 4, 2, 2, 1, 3, 1, 1, 142, 'シュート', 66.0, 49.6, 'ファウル', 3, 4, 14, 'S6');"
"INSERT INTO ballinfo VALUES ('2019-04-09', 2019040903, '広島', 'ヤクルト', '原 樹理', '右', 'ヤクルト', '鈴木 誠也', '右', '広島', 4, 2, 2, 1, 4, 1, 2, 130, 'フォーク', 49.5, 88.4, '空三振', 5, 3, 23, 'B17');"
"INSERT INTO ballinfo VALUES ('2019-04-09', 2019040903, '広島', 'ヤクルト', '原 樹理', '右', 'ヤクルト', '松山 竜平', '左', '広島', 4, 2, 3, 1, 1, 0, 0, 123, 'スライダー', 49.0, 85.2, 'ボール', 5, 3, 23, 'B17');"
"INSERT INTO ballinfo VALUES ('2019-04-09', 2019040903, '広島', 'ヤクルト', '原 樹理', '右', 'ヤクルト', '松山 竜平', '左', '広島', 4, 2, 3, 1, 2, 1, 0, 123, 'スライダー', 53.5, 92.0, 'ボール', 5, 3, 23, 'B17');"
"INSERT INTO ballinfo VALUES ('2019-04-09', 2019040903, '広島', 'ヤクルト', '原 樹理', '右', 'ヤクルト', '松山 竜平', '左', '広島', 4, 2, 3, 1, 3, 2, 0, 120, 'スライダー', 69.0, 55.2, '見逃し', 3, 4, 14, 'S6');"
"INSERT INTO ballinfo VALUES ('2019-04-09', 2019040903, '広島', 'ヤクルト', '原 樹理', '右', 'ヤクルト', '松山 竜平', '左', '広島', 4, 2, 3, 1, 4, 2, 1, 144, 'ストレート', 66.5, 46.4, 'ファウル', 3, 4, 14, 'S6');"
"INSERT INTO ballinfo VALUES ('2019-04-09', 2019040903, '広島', 'ヤクルト', '原 樹理', '右', 'ヤクルト', '松山 竜平', '左', '広島', 4, 2, 3, 1, 5, 2, 2, 124, 'スライダー', 86.0, 86.4, 'ファウル', 5, 5, 25, 'B19');"
"INSERT INTO ballinfo VALUES ('2019-04-09', 2019040903, '広島', 'ヤクルト', '原 樹理', '右', 'ヤクルト', '松山 竜平', '左', '広島', 4, 2, 3, 1, 6, 2, 3, 140, 'ストレート', 73.0, 71.6, 'ファウル', 4, 4, 19, 'S9');"
"INSERT INTO ballinfo VALUES ('2019-04-09', 2019040903, '広島', 'ヤクルト', '原 樹理', '右', 'ヤクルト', '松山 竜平', '左', '広島', 4, 2, 3, 1, 7, 2, 4, 124, 'スライダー', 74.0, 76.8, 'ファウル', 4, 4, 19, 'S9');"
"INSERT INTO ballinfo VALUES ('2019-04-09', 2019040903, '広島', 'ヤクルト', '原 樹理', '右', 'ヤクルト', '松山 竜平', '左', '広島', 4, 2, 3, 1, 8, 2, 5, 125, 'スライダー', 76.5, 56.0, 'ファウル', 3, 4, 14, 'S6');"
"INSERT INTO ballinfo VALUES ('2019-04-09', 2019040903, '広島', 'ヤクルト', '原 樹理', '右', 'ヤクルト', '松山 竜平', '左', '広島', 4, 2, 3, 1, 9, 2, 6, 145, 'ストレート', 48.0, 15.6, 'ファウル', 1, 3, 3, 'B3');"
"INSERT INTO ballinfo VALUES ('2019-04-09', 2019040903, '広島', 'ヤクルト', '原 樹理', '右', 'ヤクルト', '松山 竜平', '左', '広島', 4, 2, 3, 1, 10, 2, 7, 101, 'カーブ', 47.5, 93.6, 'ボール', 5, 3, 23, 'B17');"
"INSERT INTO ballinfo VALUES ('2019-04-09', 2019040903, '広島', 'ヤクルト', '原 樹理', '右', 'ヤクルト', '松山 竜平', '左', '広島', 4, 2, 3, 1, 11, 3, 7, 135, 'ストレート', 86.0, 75.2, '四球', 4, 5, 20, 'B11');"
"INSERT INTO ballinfo VALUES ('2019-04-09', 2019040903, '広島', 'ヤクルト', '原 樹理', '右', 'ヤクルト', '長野 久義', '右', '広島', 4, 2, 4, 2, 1, 0, 0, 121, 'スライダー', 64.0, 70.8, '見逃し', 4, 4, 19, 'S9');"
"INSERT INTO ballinfo VALUES ('2019-04-09', 2019040903, '広島', 'ヤクルト', '原 樹理', '右', 'ヤクルト', '長野 久義', '右', '広島', 4, 2, 4, 2, 2, 0, 1, 122, 'スライダー', 87.0, 87.2, '空振り', 5, 5, 25, 'B19');"
"INSERT INTO ballinfo VALUES ('2019-04-09', 2019040903, '広島', 'ヤクルト', '原 樹理', '右', 'ヤクルト', '長野 久義', '右', '広島', 4, 2, 4, 2, 3, 0, 2, 122, 'スライダー', 86.5, 92.4, 'ボール', 5, 5, 25, 'B19');"
"INSERT INTO ballinfo VALUES ('2019-04-09', 2019040903, '広島', 'ヤクルト', '原 樹理', '右', 'ヤクルト', '長野 久義', '右', '広島', 4, 2, 4, 2, 4, 1, 2, 142, 'シュート', 51.5, 88.8, 'ボール', 5, 3, 23, 'B17');"
"INSERT INTO ballinfo VALUES ('2019-04-09', 2019040903, '広島', 'ヤクルト', '原 樹理', '右', 'ヤクルト', '長野 久義', '右', '広島', 4, 2, 4, 2, 5, 2, 2, 141, 'シュート', 50.0, 29.2, 'ファウル', 2, 3, 8, 'S2');"
"INSERT INTO ballinfo VALUES ('2019-04-09', 2019040903, '広島', 'ヤクルト', '原 樹理', '右', 'ヤクルト', '長野 久義', '右', '広島', 4, 2, 4, 2, 6, 2, 3, 142, 'シュート', 15.5, 15.2, 'ボール', 1, 1, 1, 'B1');"
"INSERT INTO ballinfo VALUES ('2019-04-09', 2019040903, '広島', 'ヤクルト', '原 樹理', '右', 'ヤクルト', '長野 久義', '右', '広島', 4, 2, 4, 2, 7, 3, 3, 141, 'シュート', 56.5, 35.6, 'ファウル', 2, 3, 8, 'S2');"
"INSERT INTO ballinfo VALUES ('2019-04-09', 2019040903, '広島', 'ヤクルト', '原 樹理', '右', 'ヤクルト', '長野 久義', '右', '広島', 4, 2, 4, 2, 8, 3, 4, 119, 'スライダー', 85.5, 35.2, 'ファウル', 2, 5, 10, 'B7');"
"INSERT INTO ballinfo VALUES ('2019-04-09', 2019040903, '広島', 'ヤクルト', '原 樹理', '右', 'ヤクルト', '長野 久義', '右', '広島', 4, 2, 4, 2, 9, 3, 5, 121, 'スライダー', 51.0, 34.0, '見三振', 2, 3, 8, 'S2');"
"INSERT INTO ballinfo VALUES ('2019-04-09', 2019040903, '広島', 'ヤクルト', '原 樹理', '右', 'ヤクルト', '安部 友裕', '左', '広島', 4, 2, 5, 3, 1, 0, 0, 126, 'スライダー', 50.5, 84.4, 'ボール', 5, 3, 23, 'B17');"
"INSERT INTO ballinfo VALUES ('2019-04-09', 2019040903, '広島', 'ヤクルト', '原 樹理', '右', 'ヤクルト', '安部 友裕', '左', '広島', 4, 2, 5, 3, 2, 1, 0, 121, 'スライダー', 51.0, 69.2, '見逃し', 4, 3, 18, 'S8');"
"INSERT INTO ballinfo VALUES ('2019-04-09', 2019040903, '広島', 'ヤクルト', '原 樹理', '右', 'ヤクルト', '安部 友裕', '左', '広島', 4, 2, 5, 3, 3, 1, 1, 139, 'シュート', 36.5, 70.8, '見逃し', 4, 2, 17, 'S7');"
"INSERT INTO ballinfo VALUES ('2019-04-09', 2019040903, '広島', 'ヤクルト', '原 樹理', '右', 'ヤクルト', '安部 友裕', '左', '広島', 4, 2, 5, 3, 4, 1, 2, 133, 'フォーク', 51.5, 91.6, 'ボール', 5, 3, 23, 'B17');"
"INSERT INTO ballinfo VALUES ('2019-04-09', 2019040903, '広島', 'ヤクルト', '原 樹理', '右', 'ヤクルト', '安部 友裕', '左', '広島', 4, 2, 5, 3, 5, 2, 2, 140, 'ストレート', 69.0, 53.2, 'ファウル', 3, 4, 14, 'S6');"
"INSERT INTO ballinfo VALUES ('2019-04-09', 2019040903, '広島', 'ヤクルト', '原 樹理', '右', 'ヤクルト', '安部 友裕', '左', '広島', 4, 2, 5, 3, 6, 2, 3, 123, 'スライダー', 30.5, 32.4, 'ファウル', 2, 2, 7, 'S1');"
"INSERT INTO ballinfo VALUES ('2019-04-09', 2019040903, '広島', 'ヤクルト', '原 樹理', '右', 'ヤクルト', '安部 友裕', '左', '広島', 4, 2, 5, 3, 7, 2, 4, 117, 'スライダー', 88.5, 91.2, 'ボール', 5, 5, 25, 'B19');"
"INSERT INTO ballinfo VALUES ('2019-04-09', 2019040903, '広島', 'ヤクルト', '原 樹理', '右', 'ヤクルト', '安部 友裕', '左', '広島', 4, 2, 5, 3, 8, 3, 4, 136, 'シュート', 48.0, 52.0, '二ゴロ', 3, 3, 13, 'S5');"
"INSERT INTO ballinfo VALUES ('2019-04-09', 2019040903, '広島', 'ヤクルト', '藤井 皓哉', '右', '広島', '西浦 直亨', '右', 'ヤクルト', 5, 1, 1, 1, 1, 0, 0, 142, 'ストレート', 33.0, 28.4, '見逃し', 2, 2, 7, 'S1');"
"INSERT INTO ballinfo VALUES ('2019-04-09', 2019040903, '広島', 'ヤクルト', '藤井 皓哉', '右', '広島', '西浦 直亨', '右', 'ヤクルト', 5, 1, 1, 1, 2, 0, 1, 132, 'フォーク', 51.5, 89.2, 'ボール', 5, 3, 23, 'B17');"
"INSERT INTO ballinfo VALUES ('2019-04-09', 2019040903, '広島', 'ヤクルト', '藤井 皓哉', '右', '広島', '西浦 直亨', '右', 'ヤクルト', 5, 1, 1, 1, 3, 1, 1, 130, 'フォーク', 72.5, 89.6, '空振り', 5, 4, 24, 'B18');"
"INSERT INTO ballinfo VALUES ('2019-04-09', 2019040903, '広島', 'ヤクルト', '藤井 皓哉', '右', '広島', '西浦 直亨', '右', 'ヤクルト', 5, 1, 1, 1, 4, 1, 2, 0, 'ストレート', 31.5, 16.4, 'ボール', 1, 2, 2, 'B2');"
"INSERT INTO ballinfo VALUES ('2019-04-09', 2019040903, '広島', 'ヤクルト', '藤井 皓哉', '右', '広島', '西浦 直亨', '右', 'ヤクルト', 5, 1, 1, 1, 5, 2, 2, 0, 'ストレート', 49.5, 16.0, '空三振', 1, 3, 3, 'B3');"
"INSERT INTO ballinfo VALUES ('2019-04-09', 2019040903, '広島', 'ヤクルト', '藤井 皓哉', '右', '広島', '村上 宗隆', '左', 'ヤクルト', 5, 1, 2, 1, 1, 0, 0, 0, 'ストレート', 85.5, 71.6, 'ボール', 4, 5, 20, 'B11');"
"INSERT INTO ballinfo VALUES ('2019-04-09', 2019040903, '広島', 'ヤクルト', '藤井 皓哉', '右', '広島', '村上 宗隆', '左', 'ヤクルト', 5, 1, 2, 1, 2, 1, 0, 131, 'フォーク', 54.5, 69.2, '空振り', 4, 3, 18, 'S8');"
"INSERT INTO ballinfo VALUES ('2019-04-09', 2019040903, '広島', 'ヤクルト', '藤井 皓哉', '右', '広島', '村上 宗隆', '左', 'ヤクルト', 5, 1, 2, 1, 3, 1, 1, 0, 'ストレート', 72.5, 51.6, 'ファウル', 3, 4, 14, 'S6');"
"INSERT INTO ballinfo VALUES ('2019-04-09', 2019040903, '広島', 'ヤクルト', '藤井 皓哉', '右', '広島', '村上 宗隆', '左', 'ヤクルト', 5, 1, 2, 1, 4, 1, 2, 141, 'ストレート', 71.5, 74.4, 'ファウル', 4, 4, 19, 'S9');"
"INSERT INTO ballinfo VALUES ('2019-04-09', 2019040903, '広島', 'ヤクルト', '藤井 皓哉', '右', '広島', '村上 宗隆', '左', 'ヤクルト', 5, 1, 2, 1, 5, 1, 3, 131, 'フォーク', 48.5, 74.4, '右２', 4, 3, 18, 'S8');"
"INSERT INTO ballinfo VALUES ('2019-04-09', 2019040903, '広島', 'ヤクルト', '藤井 皓哉', '右', '広島', '中村 悠平', '右', 'ヤクルト', 5, 1, 3, 2, 1, 0, 0, 141, 'ストレート', 87.0, 85.2, 'ボール', 5, 5, 25, 'B19');"
"INSERT INTO ballinfo VALUES ('2019-04-09', 2019040903, '広島', 'ヤクルト', '藤井 皓哉', '右', '広島', '中村 悠平', '右', 'ヤクルト', 5, 1, 3, 2, 2, 1, 0, 142, 'ストレート', 51.5, 85.2, 'ボール', 5, 3, 23, 'B17');"
"INSERT INTO ballinfo VALUES ('2019-04-09', 2019040903, '広島', 'ヤクルト', '藤井 皓哉', '右', '広島', '中村 悠平', '右', 'ヤクルト', 5, 1, 3, 2, 3, 2, 0, 140, 'ストレート', 86.5, 71.2, 'ボール', 4, 5, 20, 'B11');"
"INSERT INTO ballinfo VALUES ('2019-04-09', 2019040903, '広島', 'ヤクルト', '藤井 皓哉', '右', '広島', '中村 悠平', '右', 'ヤクルト', 5, 1, 3, 2, 4, 3, 0, 141, 'ストレート', 76.0, 49.6, '見逃し', 3, 4, 14, 'S6');"
"INSERT INTO ballinfo VALUES ('2019-04-09', 2019040903, '広島', 'ヤクルト', '藤井 皓哉', '右', '広島', '中村 悠平', '右', 'ヤクルト', 5, 1, 3, 2, 5, 3, 1, 127, 'スライダー', 70.0, 55.6, '見逃し', 3, 4, 14, 'S6');"
"INSERT INTO ballinfo VALUES ('2019-04-09', 2019040903, '広島', 'ヤクルト', '藤井 皓哉', '右', '広島', '中村 悠平', '右', 'ヤクルト', 5, 1, 3, 2, 6, 3, 2, 0, 'スライダー', 51.0, 68.4, '右飛', 4, 3, 18, 'S8');"
"INSERT INTO ballinfo VALUES ('2019-04-09', 2019040903, '広島', 'ヤクルト', '藤井 皓哉', '右', '広島', '原 樹理', '右', 'ヤクルト', 5, 1, 4, 2, 1, 0, 0, 0, 'スライダー', 72.0, 92.4, 'ボール', 5, 4, 24, 'B18');"
"INSERT INTO ballinfo VALUES ('2019-04-09', 2019040903, '広島', 'ヤクルト', '藤井 皓哉', '右', '広島', '原 樹理', '右', 'ヤクルト', 5, 1, 4, 2, 2, 1, 0, 140, 'ストレート', 50.5, 29.6, '見逃し', 2, 3, 8, 'S2');"
"INSERT INTO ballinfo VALUES ('2019-04-09', 2019040903, '広島', 'ヤクルト', '藤井 皓哉', '右', '広島', '原 樹理', '右', 'ヤクルト', 5, 1, 4, 2, 3, 1, 1, 127, 'スライダー', 69.5, 51.2, 'ファウル', 3, 4, 14, 'S6');"
"INSERT INTO ballinfo VALUES ('2019-04-09', 2019040903, '広島', 'ヤクルト', '藤井 皓哉', '右', '広島', '原 樹理', '右', 'ヤクルト', 5, 1, 4, 2, 4, 1, 2, 129, 'フォーク', 49.5, 66.8, '遊安', 4, 3, 18, 'S8');"
"INSERT INTO ballinfo VALUES ('2019-04-09', 2019040903, '広島', 'ヤクルト', '藤井 皓哉', '右', '広島', '太田 賢吾', '左', 'ヤクルト', 5, 1, 5, 2, 1, 0, 0, 123, 'フォーク', 48.0, 25.6, 'ファウル', 2, 3, 8, 'S2');"
"INSERT INTO ballinfo VALUES ('2019-04-09', 2019040903, '広島', 'ヤクルト', '藤井 皓哉', '右', '広島', '太田 賢吾', '左', 'ヤクルト', 5, 1, 5, 2, 2, 0, 1, 128, 'フォーク', 50.0, 70.0, '左安', 4, 3, 18, 'S8');"
"INSERT INTO ballinfo VALUES ('2019-04-09', 2019040903, '広島', 'ヤクルト', '藤井 皓哉', '右', '広島', '青木 宣親', '左', 'ヤクルト', 5, 1, 6, 2, 1, 0, 0, 140, 'ストレート', 50.5, 14.4, 'ボール', 1, 3, 3, 'B3');"
"INSERT INTO ballinfo VALUES ('2019-04-09', 2019040903, '広島', 'ヤクルト', '藤井 皓哉', '右', '広島', '青木 宣親', '左', 'ヤクルト', 5, 1, 6, 2, 2, 1, 0, 140, 'ストレート', 51.0, 25.2, '見逃し', 2, 3, 8, 'S2');"
"INSERT INTO ballinfo VALUES ('2019-04-09', 2019040903, '広島', 'ヤクルト', '藤井 皓哉', '右', '広島', '青木 宣親', '左', 'ヤクルト', 5, 1, 6, 2, 3, 1, 1, 128, 'フォーク', 27.5, 48.4, 'ファウル', 3, 2, 12, 'S4');"
"INSERT INTO ballinfo VALUES ('2019-04-09', 2019040903, '広島', 'ヤクルト', '藤井 皓哉', '右', '広島', '青木 宣親', '左', 'ヤクルト', 5, 1, 6, 2, 4, 1, 2, 141, 'ストレート', 32.5, 85.2, 'ボール', 5, 2, 22, 'B16');"
"INSERT INTO ballinfo VALUES ('2019-04-09', 2019040903, '広島', 'ヤクルト', '藤井 皓哉', '右', '広島', '青木 宣親', '左', 'ヤクルト', 5, 1, 6, 2, 5, 2, 2, 128, 'フォーク', 49.5, 90.0, 'ボール', 5, 3, 23, 'B17');"
"INSERT INTO ballinfo VALUES ('2019-04-09', 2019040903, '広島', 'ヤクルト', '藤井 皓哉', '右', '広島', '青木 宣親', '左', 'ヤクルト', 5, 1, 6, 2, 6, 3, 2, 142, 'ストレート', 16.5, 76.4, '四球', 4, 1, 16, 'B10');"
"INSERT INTO ballinfo VALUES ('2019-04-09', 2019040903, '広島', 'ヤクルト', '藤井 皓哉', '右', '広島', '山田 哲人', '右', 'ヤクルト', 5, 1, 7, 2, 1, 0, 0, 127, 'スライダー', 69.0, 32.0, 'ファウル', 2, 4, 9, 'S3');"
"INSERT INTO ballinfo VALUES ('2019-04-09', 2019040903, '広島', 'ヤクルト', '藤井 皓哉', '右', '広島', '山田 哲人', '右', 'ヤクルト', 5, 1, 7, 2, 2, 0, 1, 126, 'スライダー', 89.5, 91.2, 'ボール', 5, 5, 25, 'B19');"
"INSERT INTO ballinfo VALUES ('2019-04-09', 2019040903, '広島', 'ヤクルト', '藤井 皓哉', '右', '広島', '山田 哲人', '右', 'ヤクルト', 5, 1, 7, 2, 3, 1, 1, 0, 'ストレート', 71.5, 88.8, 'ボール', 5, 4, 24, 'B18');"
"INSERT INTO ballinfo VALUES ('2019-04-09', 2019040903, '広島', 'ヤクルト', '藤井 皓哉', '右', '広島', '山田 哲人', '右', 'ヤクルト', 5, 1, 7, 2, 4, 2, 1, 125, 'スライダー', 74.5, 73.2, 'ファウル', 4, 4, 19, 'S9');"
"INSERT INTO ballinfo VALUES ('2019-04-09', 2019040903, '広島', 'ヤクルト', '藤井 皓哉', '右', '広島', '山田 哲人', '右', 'ヤクルト', 5, 1, 7, 2, 5, 2, 2, 126, 'スライダー', 85.5, 87.2, 'ボール', 5, 5, 25, 'B19');"
"INSERT INTO ballinfo VALUES ('2019-04-09', 2019040903, '広島', 'ヤクルト', '藤井 皓哉', '右', '広島', '山田 哲人', '右', 'ヤクルト', 5, 1, 7, 2, 6, 3, 2, 142, 'ストレート', 51.0, 89.6, '四球', 5, 3, 23, 'B17');"
"INSERT INTO ballinfo VALUES ('2019-04-09', 2019040903, '広島', 'ヤクルト', '藤井 皓哉', '右', '広島', 'バレンティン', '右', 'ヤクルト', 5, 1, 8, 2, 1, 0, 0, 140, 'ストレート', 70.0, 70.4, '見逃し', 4, 4, 19, 'S9');"
"INSERT INTO ballinfo VALUES ('2019-04-09', 2019040903, '広島', 'ヤクルト', '藤井 皓哉', '右', '広島', 'バレンティン', '右', 'ヤクルト', 5, 1, 8, 2, 2, 0, 1, 126, 'スライダー', 89.5, 92.0, 'ボール', 5, 5, 25, 'B19');"
"INSERT INTO ballinfo VALUES ('2019-04-09', 2019040903, '広島', 'ヤクルト', '藤井 皓哉', '右', '広島', 'バレンティン', '右', 'ヤクルト', 5, 1, 8, 2, 3, 1, 1, 127, 'スライダー', 70.5, 88.8, 'ボール', 5, 4, 24, 'B18');"
"INSERT INTO ballinfo VALUES ('2019-04-09', 2019040903, '広島', 'ヤクルト', '藤井 皓哉', '右', '広島', 'バレンティン', '右', 'ヤクルト', 5, 1, 8, 2, 4, 2, 1, 138, 'ストレート', 75.5, 93.2, 'ボール', 5, 4, 24, 'B18');"
"INSERT INTO ballinfo VALUES ('2019-04-09', 2019040903, '広島', 'ヤクルト', '藤井 皓哉', '右', '広島', 'バレンティン', '右', 'ヤクルト', 5, 1, 8, 2, 5, 3, 1, 128, 'スライダー', 51.5, 51.6, 'ファウル', 3, 3, 13, 'S5');"
"INSERT INTO ballinfo VALUES ('2019-04-09', 2019040903, '広島', 'ヤクルト', '藤井 皓哉', '右', '広島', 'バレンティン', '右', 'ヤクルト', 5, 1, 8, 2, 6, 3, 2, 126, 'スライダー', 76.0, 84.8, '四球', 5, 4, 24, 'B18');"
"INSERT INTO ballinfo VALUES ('2019-04-09', 2019040903, '広島', 'ヤクルト', '藤井 皓哉', '右', '広島', '雄平', '左', 'ヤクルト', 5, 1, 9, 3, 1, 0, 0, 140, 'ストレート', 51.5, 73.2, '見逃し', 4, 3, 18, 'S8');"
"INSERT INTO ballinfo VALUES ('2019-04-09', 2019040903, '広島', 'ヤクルト', '藤井 皓哉', '右', '広島', '雄平', '左', 'ヤクルト', 5, 1, 9, 3, 2, 0, 1, 138, 'ストレート', 55.5, 77.2, 'ファウル', 4, 3, 18, 'S8');"
"INSERT INTO ballinfo VALUES ('2019-04-09', 2019040903, '広島', 'ヤクルト', '藤井 皓哉', '右', '広島', '雄平', '左', 'ヤクルト', 5, 1, 9, 3, 3, 0, 2, 138, 'ストレート', 34.0, 29.2, 'ファウル', 2, 2, 7, 'S1');"
"INSERT INTO ballinfo VALUES ('2019-04-09', 2019040903, '広島', 'ヤクルト', '藤井 皓哉', '右', '広島', '雄平', '左', 'ヤクルト', 5, 1, 9, 3, 4, 0, 3, 129, 'ストレート', 73.5, 87.2, '空三振', 5, 4, 24, 'B18');"
"INSERT INTO ballinfo VALUES ('2019-04-09', 2019040903, '広島', 'ヤクルト', '原 樹理', '右', 'ヤクルト', '曽根 海成', '左', '広島', 5, 2, 1, 0, 1, 0, 0, 123, 'スライダー', 52.5, 86.8, 'ボール', 5, 3, 23, 'B17');"
"INSERT INTO ballinfo VALUES ('2019-04-09', 2019040903, '広島', 'ヤクルト', '原 樹理', '右', 'ヤクルト', '曽根 海成', '左', '広島', 5, 2, 1, 0, 2, 1, 0, 122, 'スライダー', 54.5, 51.2, '見逃し', 3, 3, 13, 'S5');"
"INSERT INTO ballinfo VALUES ('2019-04-09', 2019040903, '広島', 'ヤクルト', '原 樹理', '右', 'ヤクルト', '曽根 海成', '左', '広島', 5, 2, 1, 0, 3, 1, 1, 124, 'スライダー', 76.0, 90.4, 'ボール', 5, 4, 24, 'B18');"
"INSERT INTO ballinfo VALUES ('2019-04-09', 2019040903, '広島', 'ヤクルト', '原 樹理', '右', 'ヤクルト', '曽根 海成', '左', '広島', 5, 2, 1, 0, 4, 2, 1, 134, 'ストレート', 86.0, 71.2, 'ボール', 4, 5, 20, 'B11');"
"INSERT INTO ballinfo VALUES ('2019-04-09', 2019040903, '広島', 'ヤクルト', '原 樹理', '右', 'ヤクルト', '曽根 海成', '左', '広島', 5, 2, 1, 0, 5, 3, 1, 138, 'シュート', 35.0, 48.4, 'ファウル', 3, 2, 12, 'S4');"
"INSERT INTO ballinfo VALUES ('2019-04-09', 2019040903, '広島', 'ヤクルト', '原 樹理', '右', 'ヤクルト', '曽根 海成', '左', '広島', 5, 2, 1, 0, 6, 3, 2, 139, 'シュート', 51.0, 10.8, '四球', 1, 3, 3, 'B3');"
"INSERT INTO ballinfo VALUES ('2019-04-09', 2019040903, '広島', 'ヤクルト', '原 樹理', '右', 'ヤクルト', '磯村 嘉孝', '右', '広島', 5, 2, 2, 0, 1, 0, 0, 138, 'シュート', 65.5, 45.6, '左安', 3, 4, 14, 'S6');"
"INSERT INTO ballinfo VALUES ('2019-04-09', 2019040903, '広島', 'ヤクルト', '原 樹理', '右', 'ヤクルト', '田中 広輔', '左', '広島', 5, 2, 3, 1, 1, 0, 0, 139, 'シュート', 26.5, 26.4, '見逃し', 2, 2, 7, 'S1');"
"INSERT INTO ballinfo VALUES ('2019-04-09', 2019040903, '広島', 'ヤクルト', '原 樹理', '右', 'ヤクルト', '田中 広輔', '左', '広島', 5, 2, 3, 1, 2, 0, 1, 126, 'スライダー', 51.5, 51.2, 'ファウル', 3, 3, 13, 'S5');"
"INSERT INTO ballinfo VALUES ('2019-04-09', 2019040903, '広島', 'ヤクルト', '原 樹理', '右', 'ヤクルト', '田中 広輔', '左', '広島', 5, 2, 3, 1, 3, 0, 2, 132, 'スライダー', 11.0, 11.2, 'ボール', 1, 1, 1, 'B1');"
"INSERT INTO ballinfo VALUES ('2019-04-09', 2019040903, '広島', 'ヤクルト', '原 樹理', '右', 'ヤクルト', '田中 広輔', '左', '広島', 5, 2, 3, 1, 4, 1, 2, 142, 'ストレート', 54.5, 15.6, 'ファウル', 1, 3, 3, 'B3');"
"INSERT INTO ballinfo VALUES ('2019-04-09', 2019040903, '広島', 'ヤクルト', '原 樹理', '右', 'ヤクルト', '田中 広輔', '左', '広島', 5, 2, 3, 1, 5, 1, 3, 136, 'ストレート', 86.0, 31.6, 'ボール', 2, 5, 10, 'B7');"
"INSERT INTO ballinfo VALUES ('2019-04-09', 2019040903, '広島', 'ヤクルト', '原 樹理', '右', 'ヤクルト', '田中 広輔', '左', '広島', 5, 2, 3, 1, 6, 2, 3, 136, 'ストレート', 66.5, 33.2, '一邪飛', 2, 4, 9, 'S3');"
"INSERT INTO ballinfo VALUES ('2019-04-09', 2019040903, '広島', 'ヤクルト', '原 樹理', '右', 'ヤクルト', '菊池 涼介', '右', '広島', 5, 2, 4, 1, 1, 0, 0, 121, 'スライダー', 49.5, 16.8, 'ボール', 1, 3, 3, 'B3');"
"INSERT INTO ballinfo VALUES ('2019-04-09', 2019040903, '広島', 'ヤクルト', '原 樹理', '右', 'ヤクルト', '菊池 涼介', '右', '広島', 5, 2, 4, 1, 2, 1, 0, 142, 'シュート', 52.0, 49.2, '空振り', 3, 3, 13, 'S5');"
"INSERT INTO ballinfo VALUES ('2019-04-09', 2019040903, '広島', 'ヤクルト', '原 樹理', '右', 'ヤクルト', '菊池 涼介', '右', '広島', 5, 2, 4, 1, 3, 1, 1, 124, 'スライダー', 66.5, 46.0, '左安', 3, 4, 14, 'S6');"
"INSERT INTO ballinfo VALUES ('2019-04-09', 2019040903, '広島', 'ヤクルト', '原 樹理', '右', 'ヤクルト', '野間 峻祥', '左', '広島', 5, 2, 5, 3, 1, 0, 0, 137, 'ストレート', 31.5, 69.2, '見逃し', 4, 2, 17, 'S7');"
"INSERT INTO ballinfo VALUES ('2019-04-09', 2019040903, '広島', 'ヤクルト', '原 樹理', '右', 'ヤクルト', '野間 峻祥', '左', '広島', 5, 2, 5, 3, 2, 0, 1, 127, 'スライダー', 33.5, 51.6, '遊併打', 3, 2, 12, 'S4');"
"INSERT INTO ballinfo VALUES ('2019-04-09', 2019040903, '広島', 'ヤクルト', 'レグナルト', '左', '広島', '西浦 直亨', '右', 'ヤクルト', 6, 1, 1, 1, 1, 0, 0, 146, 'ストレート', 68.0, 29.2, '見逃し', 2, 4, 9, 'S3');"
"INSERT INTO ballinfo VALUES ('2019-04-09', 2019040903, '広島', 'ヤクルト', 'レグナルト', '左', '広島', '西浦 直亨', '右', 'ヤクルト', 6, 1, 1, 1, 2, 0, 1, 150, 'ストレート', 36.5, 57.2, '見逃し', 3, 2, 12, 'S4');"
"INSERT INTO ballinfo VALUES ('2019-04-09', 2019040903, '広島', 'ヤクルト', 'レグナルト', '左', '広島', '西浦 直亨', '右', 'ヤクルト', 6, 1, 1, 1, 3, 0, 2, 121, 'カーブ', 13.5, 89.6, 'ボール', 5, 1, 21, 'B15');"
"INSERT INTO ballinfo VALUES ('2019-04-09', 2019040903, '広島', 'ヤクルト', 'レグナルト', '左', '広島', '西浦 直亨', '右', 'ヤクルト', 6, 1, 1, 1, 4, 1, 2, 140, 'ストレート', 86.5, 14.4, 'ボール', 1, 5, 5, 'B5');"
"INSERT INTO ballinfo VALUES ('2019-04-09', 2019040903, '広島', 'ヤクルト', 'レグナルト', '左', '広島', '西浦 直亨', '右', 'ヤクルト', 6, 1, 1, 1, 5, 2, 2, 0, 'ストレート', 71.5, 46.4, 'ファウル', 3, 4, 14, 'S6');"
"INSERT INTO ballinfo VALUES ('2019-04-09', 2019040903, '広島', 'ヤクルト', 'レグナルト', '左', '広島', '西浦 直亨', '右', 'ヤクルト', 6, 1, 1, 1, 6, 2, 3, 149, 'ストレート', 71.5, 56.0, '見三振', 3, 4, 14, 'S6');"
"INSERT INTO ballinfo VALUES ('2019-04-09', 2019040903, '広島', 'ヤクルト', 'レグナルト', '左', '広島', '村上 宗隆', '左', 'ヤクルト', 6, 1, 2, 2, 1, 0, 0, 150, 'ストレート', 29.5, 65.2, '見逃し', 4, 2, 17, 'S7');"
"INSERT INTO ballinfo VALUES ('2019-04-09', 2019040903, '広島', 'ヤクルト', 'レグナルト', '左', '広島', '村上 宗隆', '左', 'ヤクルト', 6, 1, 2, 2, 2, 0, 1, 148, 'ストレート', 51.5, 83.6, 'ファウル', 5, 3, 23, 'B17');"
"INSERT INTO ballinfo VALUES ('2019-04-09', 2019040903, '広島', 'ヤクルト', 'レグナルト', '左', '広島', '村上 宗隆', '左', 'ヤクルト', 6, 1, 2, 2, 3, 0, 2, 122, 'カーブ', 35.5, 57.6, 'ファウル', 3, 2, 12, 'S4');"
"INSERT INTO ballinfo VALUES ('2019-04-09', 2019040903, '広島', 'ヤクルト', 'レグナルト', '左', '広島', '村上 宗隆', '左', 'ヤクルト', 6, 1, 2, 2, 4, 0, 3, 124, 'カーブ', 31.0, 92.8, 'ボール', 5, 2, 22, 'B16');"
"INSERT INTO ballinfo VALUES ('2019-04-09', 2019040903, '広島', 'ヤクルト', 'レグナルト', '左', '広島', '村上 宗隆', '左', 'ヤクルト', 6, 1, 2, 2, 5, 1, 3, 150, 'ストレート', 71.5, 50.8, '空三振', 3, 4, 14, 'S6');"
"INSERT INTO ballinfo VALUES ('2019-04-09', 2019040903, '広島', 'ヤクルト', 'レグナルト', '左', '広島', '中村 悠平', '右', 'ヤクルト', 6, 1, 3, 3, 1, 0, 0, 144, 'ストレート', 71.5, 86.0, 'ボール', 5, 4, 24, 'B18');"
"INSERT INTO ballinfo VALUES ('2019-04-09', 2019040903, '広島', 'ヤクルト', 'レグナルト', '左', '広島', '中村 悠平', '右', 'ヤクルト', 6, 1, 3, 3, 2, 1, 0, 140, 'ストレート', 75.5, 91.2, 'ファウル', 5, 4, 24, 'B18');"
"INSERT INTO ballinfo VALUES ('2019-04-09', 2019040903, '広島', 'ヤクルト', 'レグナルト', '左', '広島', '中村 悠平', '右', 'ヤクルト', 6, 1, 3, 3, 3, 1, 1, 135, 'チェンジアップ', 69.5, 74.8, '投ゴロ', 4, 4, 19, 'S9');"
"INSERT INTO ballinfo VALUES ('2019-04-09', 2019040903, '広島', 'ヤクルト', '原 樹理', '右', 'ヤクルト', '鈴木 誠也', '右', '広島', 6, 2, 1, 1, 1, 0, 0, 140, 'シュート', 70.0, 54.0, '遊ゴロ', 3, 4, 14, 'S6');"
"INSERT INTO ballinfo VALUES ('2019-04-09', 2019040903, '広島', 'ヤクルト', '原 樹理', '右', 'ヤクルト', '松山 竜平', '左', '広島', 6, 2, 2, 2, 1, 0, 0, 107, 'カーブ', 51.5, 69.2, '見逃し', 4, 3, 18, 'S8');"
"INSERT INTO ballinfo VALUES ('2019-04-09', 2019040903, '広島', 'ヤクルト', '原 樹理', '右', 'ヤクルト', '松山 竜平', '左', '広島', 6, 2, 2, 2, 2, 0, 1, 102, 'カーブ', 51.5, 91.6, 'ボール', 5, 3, 23, 'B17');"
"INSERT INTO ballinfo VALUES ('2019-04-09', 2019040903, '広島', 'ヤクルト', '原 樹理', '右', 'ヤクルト', '松山 竜平', '左', '広島', 6, 2, 2, 2, 3, 1, 1, 136, 'ストレート', 73.0, 27.6, '遊飛', 2, 4, 9, 'S3');"
"INSERT INTO ballinfo VALUES ('2019-04-09', 2019040903, '広島', 'ヤクルト', '原 樹理', '右', 'ヤクルト', '長野 久義', '右', '広島', 6, 2, 3, 3, 1, 0, 0, 134, 'ストレート', 71.5, 30.0, '見逃し', 2, 4, 9, 'S3');"
"INSERT INTO ballinfo VALUES ('2019-04-09', 2019040903, '広島', 'ヤクルト', '原 樹理', '右', 'ヤクルト', '長野 久義', '右', '広島', 6, 2, 3, 3, 2, 0, 1, 142, 'ストレート', 74.0, 17.2, 'ファウル', 1, 4, 4, 'B4');"
"INSERT INTO ballinfo VALUES ('2019-04-09', 2019040903, '広島', 'ヤクルト', '原 樹理', '右', 'ヤクルト', '長野 久義', '右', '広島', 6, 2, 3, 3, 3, 0, 2, 106, 'カーブ', 51.5, 91.6, '空三振', 5, 3, 23, 'B17');"
"INSERT INTO ballinfo VALUES ('2019-04-09', 2019040903, '広島', 'ヤクルト', 'レグナルト', '左', '広島', '原 樹理', '右', 'ヤクルト', 7, 1, 1, 1, 1, 0, 0, 136, 'ストレート', 70.0, 15.6, 'ボール', 1, 4, 4, 'B4');"
"INSERT INTO ballinfo VALUES ('2019-04-09', 2019040903, '広島', 'ヤクルト', 'レグナルト', '左', '広島', '原 樹理', '右', 'ヤクルト', 7, 1, 1, 1, 2, 1, 0, 138, 'ストレート', 28.0, 50.0, '見逃し', 3, 2, 12, 'S4');"
"INSERT INTO ballinfo VALUES ('2019-04-09', 2019040903, '広島', 'ヤクルト', 'レグナルト', '左', '広島', '原 樹理', '右', 'ヤクルト', 7, 1, 1, 1, 3, 1, 1, 144, 'ストレート', 74.5, 84.4, 'ボール', 5, 4, 24, 'B18');"
"INSERT INTO ballinfo VALUES ('2019-04-09', 2019040903, '広島', 'ヤクルト', 'レグナルト', '左', '広島', '原 樹理', '右', 'ヤクルト', 7, 1, 1, 1, 4, 2, 1, 140, 'ストレート', 67.0, 29.2, '見逃し', 2, 4, 9, 'S3');"
"INSERT INTO ballinfo VALUES ('2019-04-09', 2019040903, '広島', 'ヤクルト', 'レグナルト', '左', '広島', '原 樹理', '右', 'ヤクルト', 7, 1, 1, 1, 5, 2, 2, 138, 'ストレート', 68.0, 47.6, '見三振', 3, 4, 14, 'S6');"
"INSERT INTO ballinfo VALUES ('2019-04-09', 2019040903, '広島', 'ヤクルト', 'レグナルト', '左', '広島', '太田 賢吾', '左', 'ヤクルト', 7, 1, 2, 2, 1, 0, 0, 147, 'ストレート', 9.0, 53.2, 'ボール', 3, 1, 11, 'B8');"
"INSERT INTO ballinfo VALUES ('2019-04-09', 2019040903, '広島', 'ヤクルト', 'レグナルト', '左', '広島', '太田 賢吾', '左', 'ヤクルト', 7, 1, 2, 2, 2, 1, 0, 148, 'ストレート', 33.5, 24.8, '見逃し', 2, 2, 7, 'S1');"
"INSERT INTO ballinfo VALUES ('2019-04-09', 2019040903, '広島', 'ヤクルト', 'レグナルト', '左', '広島', '太田 賢吾', '左', 'ヤクルト', 7, 1, 2, 2, 3, 1, 1, 147, 'ストレート', 66.0, 27.2, 'ファウル', 2, 4, 9, 'S3');"
"INSERT INTO ballinfo VALUES ('2019-04-09', 2019040903, '広島', 'ヤクルト', 'レグナルト', '左', '広島', '太田 賢吾', '左', 'ヤクルト', 7, 1, 2, 2, 4, 1, 2, 121, 'カーブ', 16.5, 54.8, 'ボール', 3, 1, 11, 'B8');"
"INSERT INTO ballinfo VALUES ('2019-04-09', 2019040903, '広島', 'ヤクルト', 'レグナルト', '左', '広島', '太田 賢吾', '左', 'ヤクルト', 7, 1, 2, 2, 5, 2, 2, 148, 'ストレート', 16.5, 31.2, '空三振', 2, 1, 6, 'B6');"
"INSERT INTO ballinfo VALUES ('2019-04-09', 2019040903, '広島', 'ヤクルト', 'レグナルト', '左', '広島', '青木 宣親', '左', 'ヤクルト', 7, 1, 3, 3, 1, 0, 0, 134, 'スライダー', 31.5, 49.2, 'ファウル', 3, 2, 12, 'S4');"
"INSERT INTO ballinfo VALUES ('2019-04-09', 2019040903, '広島', 'ヤクルト', 'レグナルト', '左', '広島', '青木 宣親', '左', 'ヤクルト', 7, 1, 3, 3, 2, 0, 1, 149, 'ストレート', 36.5, 53.2, 'ファウル', 3, 2, 12, 'S4');"
"INSERT INTO ballinfo VALUES ('2019-04-09', 2019040903, '広島', 'ヤクルト', 'レグナルト', '左', '広島', '青木 宣親', '左', 'ヤクルト', 7, 1, 3, 3, 3, 0, 2, 116, 'カーブ', 68.5, 52.4, '投ゴロ', 3, 4, 14, 'S6');"
"INSERT INTO ballinfo VALUES ('2019-04-09', 2019040903, '広島', 'ヤクルト', '原 樹理', '右', 'ヤクルト', '安部 友裕', '左', '広島', 7, 2, 1, 1, 1, 0, 0, 137, 'ストレート', 50.5, 86.0, 'ボール', 5, 3, 23, 'B17');"
"INSERT INTO ballinfo VALUES ('2019-04-09', 2019040903, '広島', 'ヤクルト', '原 樹理', '右', 'ヤクルト', '安部 友裕', '左', '広島', 7, 2, 1, 1, 2, 1, 0, 139, 'ストレート', 31.5, 50.8, '見逃し', 3, 2, 12, 'S4');"
"INSERT INTO ballinfo VALUES ('2019-04-09', 2019040903, '広島', 'ヤクルト', '原 樹理', '右', 'ヤクルト', '安部 友裕', '左', '広島', 7, 2, 1, 1, 3, 1, 1, 107, 'カーブ', 57.0, 84.4, 'ファウル', 5, 3, 23, 'B17');"
"INSERT INTO ballinfo VALUES ('2019-04-09', 2019040903, '広島', 'ヤクルト', '原 樹理', '右', 'ヤクルト', '安部 友裕', '左', '広島', 7, 2, 1, 1, 4, 1, 2, 130, 'フォーク', 32.5, 84.8, 'ボール', 5, 2, 22, 'B16');"
"INSERT INTO ballinfo VALUES ('2019-04-09', 2019040903, '広島', 'ヤクルト', '原 樹理', '右', 'ヤクルト', '安部 友裕', '左', '広島', 7, 2, 1, 1, 5, 2, 2, 133, 'シュート', 31.5, 29.6, '空三振', 2, 2, 7, 'S1');"
"INSERT INTO ballinfo VALUES ('2019-04-09', 2019040903, '広島', 'ヤクルト', '原 樹理', '右', 'ヤクルト', '曽根 海成', '左', '広島', 7, 2, 2, 2, 1, 0, 0, 99, 'カーブ', 29.5, 71.2, '見逃し', 4, 2, 17, 'S7');"
"INSERT INTO ballinfo VALUES ('2019-04-09', 2019040903, '広島', 'ヤクルト', '原 樹理', '右', 'ヤクルト', '曽根 海成', '左', '広島', 7, 2, 2, 2, 2, 0, 1, 0, 'ストレート', 26.5, 76.0, '見逃し', 4, 2, 17, 'S7');"
"INSERT INTO ballinfo VALUES ('2019-04-09', 2019040903, '広島', 'ヤクルト', '原 樹理', '右', 'ヤクルト', '曽根 海成', '左', '広島', 7, 2, 2, 2, 3, 0, 2, 130, 'フォーク', 51.0, 90.0, '空三振', 5, 3, 23, 'B17');"
"INSERT INTO ballinfo VALUES ('2019-04-09', 2019040903, '広島', 'ヤクルト', '原 樹理', '右', 'ヤクルト', '磯村 嘉孝', '右', '広島', 7, 2, 3, 3, 1, 0, 0, 121, 'スライダー', 66.5, 52.4, '見逃し', 3, 4, 14, 'S6');"
"INSERT INTO ballinfo VALUES ('2019-04-09', 2019040903, '広島', 'ヤクルト', '原 樹理', '右', 'ヤクルト', '磯村 嘉孝', '右', '広島', 7, 2, 3, 3, 2, 0, 1, 123, 'スライダー', 66.5, 73.6, 'ファウル', 4, 4, 19, 'S9');"
"INSERT INTO ballinfo VALUES ('2019-04-09', 2019040903, '広島', 'ヤクルト', '原 樹理', '右', 'ヤクルト', '磯村 嘉孝', '右', '広島', 7, 2, 3, 3, 3, 0, 2, 131, 'フォーク', 52.0, 89.2, '空三振', 5, 3, 23, 'B17');"
"INSERT INTO ballinfo VALUES ('2019-04-09', 2019040903, '広島', 'ヤクルト', '中田 廉', '右', '広島', '山田 哲人', '右', 'ヤクルト', 8, 1, 1, 0, 1, 0, 0, 131, 'カットボール', 74.5, 89.6, 'ボール', 5, 4, 24, 'B18');"
"INSERT INTO ballinfo VALUES ('2019-04-09', 2019040903, '広島', 'ヤクルト', '中田 廉', '右', '広島', '山田 哲人', '右', 'ヤクルト', 8, 1, 1, 0, 2, 1, 0, 138, 'シュート', 14.5, 67.2, 'ボール', 4, 1, 16, 'B10');"
"INSERT INTO ballinfo VALUES ('2019-04-09', 2019040903, '広島', 'ヤクルト', '中田 廉', '右', '広島', '山田 哲人', '右', 'ヤクルト', 8, 1, 1, 0, 3, 2, 0, 136, 'シュート', 16.5, 44.4, 'ボール', 3, 1, 11, 'B8');"
"INSERT INTO ballinfo VALUES ('2019-04-09', 2019040903, '広島', 'ヤクルト', '中田 廉', '右', '広島', '山田 哲人', '右', 'ヤクルト', 8, 1, 1, 0, 4, 3, 0, 138, 'ストレート', 51.0, 32.8, '見逃し', 2, 3, 8, 'S2');"
"INSERT INTO ballinfo VALUES ('2019-04-09', 2019040903, '広島', 'ヤクルト', '中田 廉', '右', '広島', '山田 哲人', '右', 'ヤクルト', 8, 1, 1, 0, 5, 3, 1, 129, 'カットボール', 51.5, 14.8, '四球', 1, 3, 3, 'B3');"
"INSERT INTO ballinfo VALUES ('2019-04-09', 2019040903, '広島', 'ヤクルト', '中田 廉', '右', '広島', 'バレンティン', '右', 'ヤクルト', 8, 1, 2, 0, 1, 0, 0, 138, 'ストレート', 46.5, 15.6, 'ファウル', 1, 3, 3, 'B3');"
"INSERT INTO ballinfo VALUES ('2019-04-09', 2019040903, '広島', 'ヤクルト', '中田 廉', '右', '広島', '雄平', '左', 'ヤクルト', 8, 1, 3, 0, 1, 0, 0, 0, 'スライダー', 71.0, 66.8, 'ファウル', 4, 4, 19, 'S9');"
"INSERT INTO ballinfo VALUES ('2019-04-09', 2019040903, '広島', 'ヤクルト', '中田 廉', '右', '広島', '雄平', '左', 'ヤクルト', 8, 1, 3, 0, 2, 0, 1, 146, 'ストレート', 11.5, 32.0, 'ボール', 2, 1, 6, 'B6');"
"INSERT INTO ballinfo VALUES ('2019-04-09', 2019040903, '広島', 'ヤクルト', '中田 廉', '右', '広島', '雄平', '左', 'ヤクルト', 8, 1, 3, 0, 3, 1, 1, 130, 'シュート', 35.0, 70.4, 'ファウル', 4, 2, 17, 'S7');"
"INSERT INTO ballinfo VALUES ('2019-04-09', 2019040903, '広島', 'ヤクルト', '中田 廉', '右', '広島', '雄平', '左', 'ヤクルト', 8, 1, 3, 0, 4, 1, 2, 0, 'フォーク', 30.5, 84.8, '投失', 5, 2, 22, 'B16');"
"INSERT INTO ballinfo VALUES ('2019-04-09', 2019040903, '広島', 'ヤクルト', '中田 廉', '右', '広島', '西浦 直亨', '右', 'ヤクルト', 8, 1, 4, 1, 1, 0, 0, 115, 'カーブ', 74.0, 68.4, '見逃し', 4, 4, 19, 'S9');"
"INSERT INTO ballinfo VALUES ('2019-04-09', 2019040903, '広島', 'ヤクルト', '中田 廉', '右', '広島', '西浦 直亨', '右', 'ヤクルト', 8, 1, 4, 1, 2, 0, 1, 142, 'ストレート', 65.5, 49.2, '空振り', 3, 4, 14, 'S6');"
"INSERT INTO ballinfo VALUES ('2019-04-09', 2019040903, '広島', 'ヤクルト', '中田 廉', '右', '広島', '西浦 直亨', '右', 'ヤクルト', 8, 1, 4, 1, 3, 0, 2, 145, 'ストレート', 51.5, 36.0, '二飛', 2, 3, 8, 'S2');"
"INSERT INTO ballinfo VALUES ('2019-04-09', 2019040903, '広島', 'ヤクルト', '中田 廉', '右', '広島', '村上 宗隆', '左', 'ヤクルト', 8, 1, 5, 2, 1, 0, 0, 139, 'シュート', 14.0, 14.4, 'ボール', 1, 1, 1, 'B1');"
"INSERT INTO ballinfo VALUES ('2019-04-09', 2019040903, '広島', 'ヤクルト', '中田 廉', '右', '広島', '村上 宗隆', '左', 'ヤクルト', 8, 1, 5, 2, 2, 1, 0, 139, 'シュート', 30.5, 30.0, '空振り', 2, 2, 7, 'S1');"
"INSERT INTO ballinfo VALUES ('2019-04-09', 2019040903, '広島', 'ヤクルト', '中田 廉', '右', '広島', '村上 宗隆', '左', 'ヤクルト', 8, 1, 5, 2, 3, 1, 1, 136, 'フォーク', 50.0, 88.8, '空振り', 5, 3, 23, 'B17');"
"INSERT INTO ballinfo VALUES ('2019-04-09', 2019040903, '広島', 'ヤクルト', '中田 廉', '右', '広島', '村上 宗隆', '左', 'ヤクルト', 8, 1, 5, 2, 4, 1, 2, 145, 'ストレート', 17.0, 69.6, 'ボール', 4, 1, 16, 'B10');"
"INSERT INTO ballinfo VALUES ('2019-04-09', 2019040903, '広島', 'ヤクルト', '中田 廉', '右', '広島', '村上 宗隆', '左', 'ヤクルト', 8, 1, 5, 2, 5, 2, 2, 136, 'フォーク', 34.0, 86.0, '三ゴロ', 5, 2, 22, 'B16');"
"INSERT INTO ballinfo VALUES ('2019-04-09', 2019040903, '広島', 'ヤクルト', '中田 廉', '右', '広島', '中村 悠平', '右', 'ヤクルト', 8, 1, 6, 3, 1, 0, 0, 143, 'ストレート', 70.5, 51.6, '見逃し', 3, 4, 14, 'S6');"
"INSERT INTO ballinfo VALUES ('2019-04-09', 2019040903, '広島', 'ヤクルト', '中田 廉', '右', '広島', '中村 悠平', '右', 'ヤクルト', 8, 1, 6, 3, 2, 0, 1, 136, 'フォーク', 50.5, 91.6, 'ボール', 5, 3, 23, 'B17');"
"INSERT INTO ballinfo VALUES ('2019-04-09', 2019040903, '広島', 'ヤクルト', '中田 廉', '右', '広島', '中村 悠平', '右', 'ヤクルト', 8, 1, 6, 3, 3, 1, 1, 134, 'フォーク', 73.5, 85.2, '二ゴロ', 5, 4, 24, 'B18');"
"INSERT INTO ballinfo VALUES ('2019-04-09', 2019040903, '広島', 'ヤクルト', '原 樹理', '右', 'ヤクルト', '田中 広輔', '左', '広島', 8, 2, 1, 1, 1, 0, 0, 141, 'ストレート', 47.0, 28.4, '空振り', 2, 3, 8, 'S2');"
"INSERT INTO ballinfo VALUES ('2019-04-09', 2019040903, '広島', 'ヤクルト', '原 樹理', '右', 'ヤクルト', '田中 広輔', '左', '広島', 8, 2, 1, 1, 2, 0, 1, 107, 'カーブ', 14.5, 49.2, 'ボール', 3, 1, 11, 'B8');"
"INSERT INTO ballinfo VALUES ('2019-04-09', 2019040903, '広島', 'ヤクルト', '原 樹理', '右', 'ヤクルト', '田中 広輔', '左', '広島', 8, 2, 1, 1, 3, 1, 1, 141, 'シュート', 29.5, 26.4, 'ファウル', 2, 2, 7, 'S1');"
"INSERT INTO ballinfo VALUES ('2019-04-09', 2019040903, '広島', 'ヤクルト', '原 樹理', '右', 'ヤクルト', '田中 広輔', '左', '広島', 8, 2, 1, 1, 4, 1, 2, 123, 'スライダー', 68.0, 46.8, '遊飛', 3, 4, 14, 'S6');"
"INSERT INTO ballinfo VALUES ('2019-04-09', 2019040903, '広島', 'ヤクルト', '原 樹理', '右', 'ヤクルト', '西川 龍馬', '左', '広島', 8, 2, 2, 2, 1, 0, 0, 0, 'スライダー', 49.5, 68.8, '見逃し', 4, 3, 18, 'S8');"
"INSERT INTO ballinfo VALUES ('2019-04-09', 2019040903, '広島', 'ヤクルト', '原 樹理', '右', 'ヤクルト', '西川 龍馬', '左', '広島', 8, 2, 2, 2, 2, 0, 1, 107, 'カーブ', 71.5, 90.8, 'ボール', 5, 4, 24, 'B18');"
"INSERT INTO ballinfo VALUES ('2019-04-09', 2019040903, '広島', 'ヤクルト', '原 樹理', '右', 'ヤクルト', '西川 龍馬', '左', '広島', 8, 2, 2, 2, 3, 1, 1, 141, 'シュート', 30.5, 15.6, '空振り', 1, 2, 2, 'B2');"
"INSERT INTO ballinfo VALUES ('2019-04-09', 2019040903, '広島', 'ヤクルト', '原 樹理', '右', 'ヤクルト', '西川 龍馬', '左', '広島', 8, 2, 2, 2, 4, 1, 2, 131, 'カットボール', 49.5, 85.2, '二ゴロ', 5, 3, 23, 'B17');"
"INSERT INTO ballinfo VALUES ('2019-04-09', 2019040903, '広島', 'ヤクルト', '原 樹理', '右', 'ヤクルト', '野間 峻祥', '左', '広島', 8, 2, 3, 3, 1, 0, 0, 141, 'ストレート', 86.5, 15.6, 'ボール', 1, 5, 5, 'B5');"
"INSERT INTO ballinfo VALUES ('2019-04-09', 2019040903, '広島', 'ヤクルト', '原 樹理', '右', 'ヤクルト', '野間 峻祥', '左', '広島', 8, 2, 3, 3, 2, 1, 0, 138, 'ストレート', 87.5, 89.2, 'ボール', 5, 5, 25, 'B19');"
"INSERT INTO ballinfo VALUES ('2019-04-09', 2019040903, '広島', 'ヤクルト', '原 樹理', '右', 'ヤクルト', '野間 峻祥', '左', '広島', 8, 2, 3, 3, 3, 2, 0, 139, 'ストレート', 51.5, 65.2, '見逃し', 4, 3, 18, 'S8');"
"INSERT INTO ballinfo VALUES ('2019-04-09', 2019040903, '広島', 'ヤクルト', '原 樹理', '右', 'ヤクルト', '野間 峻祥', '左', '広島', 8, 2, 3, 3, 4, 2, 1, 141, 'ストレート', 49.0, 25.6, '空振り', 2, 3, 8, 'S2');"
"INSERT INTO ballinfo VALUES ('2019-04-09', 2019040903, '広島', 'ヤクルト', '原 樹理', '右', 'ヤクルト', '野間 峻祥', '左', '広島', 8, 2, 3, 3, 5, 2, 2, 141, 'ストレート', 32.5, 34.4, '空三振', 2, 2, 7, 'S1');"
"INSERT INTO ballinfo VALUES ('2019-04-09', 2019040903, '広島', 'ヤクルト', '菊池 保則', '右', '広島', '塩見 泰隆', '右', 'ヤクルト', 9, 1, 1, 1, 1, 0, 0, 138, 'ストレート', 51.5, 33.2, '空振り', 2, 3, 8, 'S2');"
"INSERT INTO ballinfo VALUES ('2019-04-09', 2019040903, '広島', 'ヤクルト', '菊池 保則', '右', '広島', '塩見 泰隆', '右', 'ヤクルト', 9, 1, 1, 1, 2, 0, 1, 131, 'ストレート', 86.5, 66.8, 'ボール', 4, 5, 20, 'B11');"
"INSERT INTO ballinfo VALUES ('2019-04-09', 2019040903, '広島', 'ヤクルト', '菊池 保則', '右', '広島', '塩見 泰隆', '右', 'ヤクルト', 9, 1, 1, 1, 3, 1, 1, 138, 'シュート', 27.0, 50.0, 'ファウル', 3, 2, 12, 'S4');"
"INSERT INTO ballinfo VALUES ('2019-04-09', 2019040903, '広島', 'ヤクルト', '菊池 保則', '右', '広島', '塩見 泰隆', '右', 'ヤクルト', 9, 1, 1, 1, 4, 1, 2, 133, 'スライダー', 85.5, 86.0, 'ボール', 5, 5, 25, 'B19');"
"INSERT INTO ballinfo VALUES ('2019-04-09', 2019040903, '広島', 'ヤクルト', '菊池 保則', '右', '広島', '塩見 泰隆', '右', 'ヤクルト', 9, 1, 1, 1, 5, 2, 2, 140, 'シュート', 16.0, 32.4, 'ボール', 2, 1, 6, 'B6');"
"INSERT INTO ballinfo VALUES ('2019-04-09', 2019040903, '広島', 'ヤクルト', '菊池 保則', '右', '広島', '塩見 泰隆', '右', 'ヤクルト', 9, 1, 1, 1, 6, 3, 2, 134, 'スライダー', 85.0, 73.2, '一直', 4, 5, 20, 'B11');"
"INSERT INTO ballinfo VALUES ('2019-04-09', 2019040903, '広島', 'ヤクルト', '菊池 保則', '右', '広島', '廣岡 大志', '右', 'ヤクルト', 9, 1, 2, 2, 1, 0, 0, 0, 'ストレート', 73.0, 87.6, 'ボール', 5, 4, 24, 'B18');"
"INSERT INTO ballinfo VALUES ('2019-04-09', 2019040903, '広島', 'ヤクルト', '菊池 保則', '右', '広島', '廣岡 大志', '右', 'ヤクルト', 9, 1, 2, 2, 2, 1, 0, 0, 'スライダー', 71.0, 50.8, '空振り', 3, 4, 14, 'S6');"
"INSERT INTO ballinfo VALUES ('2019-04-09', 2019040903, '広島', 'ヤクルト', '菊池 保則', '右', '広島', '廣岡 大志', '右', 'ヤクルト', 9, 1, 2, 2, 3, 1, 1, 135, 'スライダー', 89.5, 87.6, '空振り', 5, 5, 25, 'B19');"
"INSERT INTO ballinfo VALUES ('2019-04-09', 2019040903, '広島', 'ヤクルト', '菊池 保則', '右', '広島', '廣岡 大志', '右', 'ヤクルト', 9, 1, 2, 2, 4, 1, 2, 134, 'スライダー', 89.5, 93.2, 'ボール', 5, 5, 25, 'B19');"
"INSERT INTO ballinfo VALUES ('2019-04-09', 2019040903, '広島', 'ヤクルト', '菊池 保則', '右', '広島', '廣岡 大志', '右', 'ヤクルト', 9, 1, 2, 2, 5, 2, 2, 138, 'ストレート', 69.5, 69.2, 'ファウル', 4, 4, 19, 'S9');"
"INSERT INTO ballinfo VALUES ('2019-04-09', 2019040903, '広島', 'ヤクルト', '菊池 保則', '右', '広島', '廣岡 大志', '右', 'ヤクルト', 9, 1, 2, 2, 6, 2, 3, 133, 'スライダー', 51.5, 29.2, 'ファウル', 2, 3, 8, 'S2');"
"INSERT INTO ballinfo VALUES ('2019-04-09', 2019040903, '広島', 'ヤクルト', '菊池 保則', '右', '広島', '廣岡 大志', '右', 'ヤクルト', 9, 1, 2, 2, 7, 2, 4, 132, 'スライダー', 31.0, 10.0, 'ボール', 1, 2, 2, 'B2');"
"INSERT INTO ballinfo VALUES ('2019-04-09', 2019040903, '広島', 'ヤクルト', '菊池 保則', '右', '広島', '廣岡 大志', '右', 'ヤクルト', 9, 1, 2, 2, 8, 3, 4, 131, 'スライダー', 85.5, 47.2, '遊飛', 3, 5, 15, 'B9');"
"INSERT INTO ballinfo VALUES ('2019-04-09', 2019040903, '広島', 'ヤクルト', '菊池 保則', '右', '広島', '上田 剛史', '左', 'ヤクルト', 9, 1, 3, 3, 1, 0, 0, 117, 'カーブ', 88.0, 71.2, 'ボール', 4, 5, 20, 'B11');"
"INSERT INTO ballinfo VALUES ('2019-04-09', 2019040903, '広島', 'ヤクルト', '菊池 保則', '右', '広島', '上田 剛史', '左', 'ヤクルト', 9, 1, 3, 3, 2, 1, 0, 138, 'シュート', 16.5, 49.2, 'ボール', 3, 1, 11, 'B8');"
"INSERT INTO ballinfo VALUES ('2019-04-09', 2019040903, '広島', 'ヤクルト', '菊池 保則', '右', '広島', '上田 剛史', '左', 'ヤクルト', 9, 1, 3, 3, 3, 2, 0, 140, 'シュート', 34.0, 52.0, '中飛', 3, 2, 12, 'S4');"
"INSERT INTO ballinfo VALUES ('2019-04-09', 2019040903, '広島', 'ヤクルト', '大下 佑馬', '右', 'ヤクルト', '鈴木 誠也', '右', '広島', 9, 2, 1, 0, 1, 0, 0, 107, 'カーブ', 68.5, 16.4, 'ボール', 1, 4, 4, 'B4');"
"INSERT INTO ballinfo VALUES ('2019-04-09', 2019040903, '広島', 'ヤクルト', '大下 佑馬', '右', 'ヤクルト', '鈴木 誠也', '右', '広島', 9, 2, 1, 0, 2, 1, 0, 119, 'カーブ', 74.0, 91.6, 'ボール', 5, 4, 24, 'B18');"
"INSERT INTO ballinfo VALUES ('2019-04-09', 2019040903, '広島', 'ヤクルト', '大下 佑馬', '右', 'ヤクルト', '鈴木 誠也', '右', '広島', 9, 2, 1, 0, 3, 2, 0, 138, 'ストレート', 14.0, 48.8, 'ボール', 3, 1, 11, 'B8');"
"INSERT INTO ballinfo VALUES ('2019-04-09', 2019040903, '広島', 'ヤクルト', '大下 佑馬', '右', 'ヤクルト', '鈴木 誠也', '右', '広島', 9, 2, 1, 0, 4, 3, 0, 138, 'ストレート', 72.0, 46.8, '見逃し', 3, 4, 14, 'S6');"
"INSERT INTO ballinfo VALUES ('2019-04-09', 2019040903, '広島', 'ヤクルト', '大下 佑馬', '右', 'ヤクルト', '鈴木 誠也', '右', '広島', 9, 2, 1, 0, 5, 3, 1, 140, 'ストレート', 72.5, 71.2, '見逃し', 4, 4, 19, 'S9');"
"INSERT INTO ballinfo VALUES ('2019-04-09', 2019040903, '広島', 'ヤクルト', '大下 佑馬', '右', 'ヤクルト', '鈴木 誠也', '右', '広島', 9, 2, 1, 0, 6, 3, 2, 129, 'フォーク', 9.5, 8.4, '四球', 1, 1, 1, 'B1');"
"INSERT INTO ballinfo VALUES ('2019-04-09', 2019040903, '広島', 'ヤクルト', '大下 佑馬', '右', 'ヤクルト', '松山 竜平', '左', '広島', 9, 2, 2, 1, 1, 0, 0, 143, 'シュート', 11.5, 15.6, 'ボール', 1, 1, 1, 'B1');"
"INSERT INTO ballinfo VALUES ('2019-04-09', 2019040903, '広島', 'ヤクルト', '大下 佑馬', '右', 'ヤクルト', '松山 竜平', '左', '広島', 9, 2, 2, 1, 2, 1, 0, 136, 'ストレート', 85.5, 85.2, 'ボール', 5, 5, 25, 'B19');"
"INSERT INTO ballinfo VALUES ('2019-04-09', 2019040903, '広島', 'ヤクルト', '大下 佑馬', '右', 'ヤクルト', '松山 竜平', '左', '広島', 9, 2, 2, 1, 3, 2, 0, 144, 'シュート', 49.0, 17.2, 'ファウル', 1, 3, 3, 'B3');"
"INSERT INTO ballinfo VALUES ('2019-04-09', 2019040903, '広島', 'ヤクルト', '大下 佑馬', '右', 'ヤクルト', '松山 竜平', '左', '広島', 9, 2, 2, 1, 4, 2, 1, 140, 'シュート', 52.0, 68.4, '中飛', 4, 3, 18, 'S8');"
"INSERT INTO ballinfo VALUES ('2019-04-09', 2019040903, '広島', 'ヤクルト', '大下 佑馬', '右', 'ヤクルト', '長野 久義', '右', '広島', 9, 2, 3, 2, 1, 0, 0, 111, 'カーブ', 52.5, 49.2, '一ゴロ', 3, 3, 13, 'S5');"
"INSERT INTO ballinfo VALUES ('2019-04-09', 2019040903, '広島', 'ヤクルト', '大下 佑馬', '右', 'ヤクルト', 'バティスタ', '右', '広島', 9, 2, 4, 3, 1, 0, 0, 114, 'カーブ', 51.5, 88.8, 'ボール', 5, 3, 23, 'B17');"
"INSERT INTO ballinfo VALUES ('2019-04-09', 2019040903, '広島', 'ヤクルト', '大下 佑馬', '右', 'ヤクルト', 'バティスタ', '右', '広島', 9, 2, 4, 3, 2, 1, 0, 133, 'フォーク', 45.0, 89.2, 'ボール', 5, 3, 23, 'B17');"
"INSERT INTO ballinfo VALUES ('2019-04-09', 2019040903, '広島', 'ヤクルト', '大下 佑馬', '右', 'ヤクルト', 'バティスタ', '右', '広島', 9, 2, 4, 3, 3, 2, 0, 141, 'ストレート', 52.0, 69.2, 'ゴロ', 4, 3, 18, 'S8');"
