"INSERT INTO ballinfo VALUES ('2019-04-09', 2019040905, 'ロッテ', 'オリックス', '涌井 秀章', '右', 'ロッテ', '福田 周平', '左', 'オリックス', 1, 1, 1, 1, 1, 0, 0, 143, 'ストレート', 47.5, 54.8, '中飛', 3, 3, 13, 'S5');"
"INSERT INTO ballinfo VALUES ('2019-04-09', 2019040905, 'ロッテ', 'オリックス', '涌井 秀章', '右', 'ロッテ', '西浦 颯大', '左', 'オリックス', 1, 1, 2, 2, 1, 0, 0, 142, 'ストレート', 56.0, 12.4, 'ボール', 1, 3, 3, 'B3');"
"INSERT INTO ballinfo VALUES ('2019-04-09', 2019040905, 'ロッテ', 'オリックス', '涌井 秀章', '右', 'ロッテ', '西浦 颯大', '左', 'オリックス', 1, 1, 2, 2, 2, 1, 0, 121, 'スライダー', 28.0, 14.4, 'ボール', 1, 2, 2, 'B2');"
"INSERT INTO ballinfo VALUES ('2019-04-09', 2019040905, 'ロッテ', 'オリックス', '涌井 秀章', '右', 'ロッテ', '西浦 颯大', '左', 'オリックス', 1, 1, 2, 2, 3, 2, 0, 142, 'ストレート', 28.0, 24.8, '見逃し', 2, 2, 7, 'S1');"
"INSERT INTO ballinfo VALUES ('2019-04-09', 2019040905, 'ロッテ', 'オリックス', '涌井 秀章', '右', 'ロッテ', '西浦 颯大', '左', 'オリックス', 1, 1, 2, 2, 4, 2, 1, 136, 'カットボール', 25.5, 43.6, '見逃し', 3, 2, 12, 'S4');"
"INSERT INTO ballinfo VALUES ('2019-04-09', 2019040905, 'ロッテ', 'オリックス', '涌井 秀章', '右', 'ロッテ', '西浦 颯大', '左', 'オリックス', 1, 1, 2, 2, 5, 2, 2, 141, 'ストレート', 50.0, 12.0, 'ファウル', 1, 3, 3, 'B3');"
"INSERT INTO ballinfo VALUES ('2019-04-09', 2019040905, 'ロッテ', 'オリックス', '涌井 秀章', '右', 'ロッテ', '西浦 颯大', '左', 'オリックス', 1, 1, 2, 2, 6, 2, 3, 144, 'ストレート', 55.0, 18.0, '空三振', 1, 3, 3, 'B3');"
"INSERT INTO ballinfo VALUES ('2019-04-09', 2019040905, 'ロッテ', 'オリックス', '涌井 秀章', '右', 'ロッテ', '吉田 正尚', '左', 'オリックス', 1, 1, 3, 3, 1, 0, 0, 131, 'チェンジアップ', 36.5, 25.2, '見逃し', 2, 2, 7, 'S1');"
"INSERT INTO ballinfo VALUES ('2019-04-09', 2019040905, 'ロッテ', 'オリックス', '涌井 秀章', '右', 'ロッテ', '吉田 正尚', '左', 'オリックス', 1, 1, 3, 3, 2, 0, 1, 130, 'スライダー', 86.5, 86.0, '空振り', 5, 5, 25, 'B19');"
"INSERT INTO ballinfo VALUES ('2019-04-09', 2019040905, 'ロッテ', 'オリックス', '涌井 秀章', '右', 'ロッテ', '吉田 正尚', '左', 'オリックス', 1, 1, 3, 3, 3, 0, 2, 142, 'ストレート', 8.0, 23.6, 'ボール', 2, 1, 6, 'B6');"
"INSERT INTO ballinfo VALUES ('2019-04-09', 2019040905, 'ロッテ', 'オリックス', '涌井 秀章', '右', 'ロッテ', '吉田 正尚', '左', 'オリックス', 1, 1, 3, 3, 4, 1, 2, 127, 'フォーク', 32.0, 85.6, '二ゴロ', 5, 2, 22, 'B16');"
"INSERT INTO ballinfo VALUES ('2019-04-09', 2019040905, 'ロッテ', 'オリックス', 'アルバース', '左', 'オリックス', '菅野 剛士', '左', 'ロッテ', 1, 2, 1, 1, 1, 0, 0, 132, 'シュート', 49.5, 56.0, '一ゴロ', 3, 3, 13, 'S5');"
"INSERT INTO ballinfo VALUES ('2019-04-09', 2019040905, 'ロッテ', 'オリックス', 'アルバース', '左', 'オリックス', '加藤 翔平', '右', 'ロッテ', 1, 2, 2, 2, 1, 0, 0, 132, 'シュート', 76.0, 44.8, '二ゴロ', 3, 4, 14, 'S6');"
"INSERT INTO ballinfo VALUES ('2019-04-09', 2019040905, 'ロッテ', 'オリックス', 'アルバース', '左', 'オリックス', '中村 奨吾', '右', 'ロッテ', 1, 2, 3, 3, 1, 0, 0, 130, 'シュート', 67.0, 72.0, '見逃し', 4, 4, 19, 'S9');"
"INSERT INTO ballinfo VALUES ('2019-04-09', 2019040905, 'ロッテ', 'オリックス', 'アルバース', '左', 'オリックス', '中村 奨吾', '右', 'ロッテ', 1, 2, 3, 3, 2, 0, 1, 135, 'シュート', 56.5, 26.0, 'ファウル', 2, 3, 8, 'S2');"
"INSERT INTO ballinfo VALUES ('2019-04-09', 2019040905, 'ロッテ', 'オリックス', 'アルバース', '左', 'オリックス', '中村 奨吾', '右', 'ロッテ', 1, 2, 3, 3, 3, 0, 2, 135, 'ストレート', 49.5, 6.4, 'ボール', 1, 3, 3, 'B3');"
"INSERT INTO ballinfo VALUES ('2019-04-09', 2019040905, 'ロッテ', 'オリックス', 'アルバース', '左', 'オリックス', '中村 奨吾', '右', 'ロッテ', 1, 2, 3, 3, 4, 1, 2, 123, 'チェンジアップ', 86.5, 86.0, 'ファウル', 5, 5, 25, 'B19');"
"INSERT INTO ballinfo VALUES ('2019-04-09', 2019040905, 'ロッテ', 'オリックス', 'アルバース', '左', 'オリックス', '中村 奨吾', '右', 'ロッテ', 1, 2, 3, 3, 5, 1, 3, 123, 'チェンジアップ', 74.5, 86.4, 'ボール', 5, 4, 24, 'B18');"
"INSERT INTO ballinfo VALUES ('2019-04-09', 2019040905, 'ロッテ', 'オリックス', 'アルバース', '左', 'オリックス', '中村 奨吾', '右', 'ロッテ', 1, 2, 3, 3, 6, 2, 3, 135, 'シュート', 74.5, 67.6, '二飛', 4, 4, 19, 'S9');"
"INSERT INTO ballinfo VALUES ('2019-04-09', 2019040905, 'ロッテ', 'オリックス', '涌井 秀章', '右', 'ロッテ', 'メネセス', '右', 'オリックス', 2, 1, 1, 1, 1, 0, 0, 139, 'ストレート', 55.0, 54.0, '見逃し', 3, 3, 13, 'S5');"
"INSERT INTO ballinfo VALUES ('2019-04-09', 2019040905, 'ロッテ', 'オリックス', '涌井 秀章', '右', 'ロッテ', 'メネセス', '右', 'オリックス', 2, 1, 1, 1, 2, 0, 1, 131, 'スライダー', 87.5, 86.4, 'ボール', 5, 5, 25, 'B19');"
"INSERT INTO ballinfo VALUES ('2019-04-09', 2019040905, 'ロッテ', 'オリックス', '涌井 秀章', '右', 'ロッテ', 'メネセス', '右', 'オリックス', 2, 1, 1, 1, 3, 1, 1, 130, 'フォーク', 56.5, 64.0, '左飛', 4, 3, 18, 'S8');"
"INSERT INTO ballinfo VALUES ('2019-04-09', 2019040905, 'ロッテ', 'オリックス', '涌井 秀章', '右', 'ロッテ', '頓宮 裕真', '右', 'オリックス', 2, 1, 2, 2, 1, 0, 0, 140, 'シュート', 37.0, 10.4, 'ボール', 1, 2, 2, 'B2');"
"INSERT INTO ballinfo VALUES ('2019-04-09', 2019040905, 'ロッテ', 'オリックス', '涌井 秀章', '右', 'ロッテ', '頓宮 裕真', '右', 'オリックス', 2, 1, 2, 2, 2, 1, 0, 127, 'スライダー', 73.0, 30.4, '見逃し', 2, 4, 9, 'S3');"
"INSERT INTO ballinfo VALUES ('2019-04-09', 2019040905, 'ロッテ', 'オリックス', '涌井 秀章', '右', 'ロッテ', '頓宮 裕真', '右', 'オリックス', 2, 1, 2, 2, 3, 1, 1, 136, 'シュート', 27.5, 34.8, '二飛', 2, 2, 7, 'S1');"
"INSERT INTO ballinfo VALUES ('2019-04-09', 2019040905, 'ロッテ', 'オリックス', '涌井 秀章', '右', 'ロッテ', '西野 真弘', '左', 'オリックス', 2, 1, 3, 3, 1, 0, 0, 123, 'チェンジアップ', 29.0, 15.2, 'ボール', 1, 2, 2, 'B2');"
"INSERT INTO ballinfo VALUES ('2019-04-09', 2019040905, 'ロッテ', 'オリックス', '涌井 秀章', '右', 'ロッテ', '西野 真弘', '左', 'オリックス', 2, 1, 3, 3, 2, 1, 0, 141, 'ストレート', 36.0, 51.6, '右飛', 3, 2, 12, 'S4');"
"INSERT INTO ballinfo VALUES ('2019-04-09', 2019040905, 'ロッテ', 'オリックス', 'アルバース', '左', 'オリックス', '角中 勝也', '左', 'ロッテ', 2, 2, 1, 0, 1, 0, 0, 133, 'ストレート', 28.5, 47.6, '見逃し', 3, 2, 12, 'S4');"
"INSERT INTO ballinfo VALUES ('2019-04-09', 2019040905, 'ロッテ', 'オリックス', 'アルバース', '左', 'オリックス', '角中 勝也', '左', 'ロッテ', 2, 2, 1, 0, 2, 0, 1, 123, 'スライダー', 16.5, 88.0, 'ボール', 5, 1, 21, 'B15');"
"INSERT INTO ballinfo VALUES ('2019-04-09', 2019040905, 'ロッテ', 'オリックス', 'アルバース', '左', 'オリックス', '角中 勝也', '左', 'ロッテ', 2, 2, 1, 0, 3, 1, 1, 105, 'カーブ', 36.5, 30.4, '見逃し', 2, 2, 7, 'S1');"
"INSERT INTO ballinfo VALUES ('2019-04-09', 2019040905, 'ロッテ', 'オリックス', 'アルバース', '左', 'オリックス', '角中 勝也', '左', 'ロッテ', 2, 2, 1, 0, 4, 1, 2, 134, 'シュート', 77.5, 84.4, '中安', 5, 4, 24, 'B18');"
"INSERT INTO ballinfo VALUES ('2019-04-09', 2019040905, 'ロッテ', 'オリックス', 'アルバース', '左', 'オリックス', 'レアード', '右', 'ロッテ', 2, 2, 2, 1, 1, 0, 0, 135, 'シュート', 76.5, 35.6, '見逃し', 2, 4, 9, 'S3');"
"INSERT INTO ballinfo VALUES ('2019-04-09', 2019040905, 'ロッテ', 'オリックス', 'アルバース', '左', 'オリックス', 'レアード', '右', 'ロッテ', 2, 2, 2, 1, 2, 0, 1, 134, 'ストレート', 26.5, 34.8, '見逃し', 2, 2, 7, 'S1');"
"INSERT INTO ballinfo VALUES ('2019-04-09', 2019040905, 'ロッテ', 'オリックス', 'アルバース', '左', 'オリックス', 'レアード', '右', 'ロッテ', 2, 2, 2, 1, 3, 0, 2, 125, 'チェンジアップ', 75.5, 89.6, 'ボール', 5, 4, 24, 'B18');"
"INSERT INTO ballinfo VALUES ('2019-04-09', 2019040905, 'ロッテ', 'オリックス', 'アルバース', '左', 'オリックス', 'レアード', '右', 'ロッテ', 2, 2, 2, 1, 4, 1, 2, 134, 'ストレート', 36.5, 55.6, '右飛', 3, 2, 12, 'S4');"
"INSERT INTO ballinfo VALUES ('2019-04-09', 2019040905, 'ロッテ', 'オリックス', 'アルバース', '左', 'オリックス', '鈴木 大地', '左', 'ロッテ', 2, 2, 3, 2, 1, 0, 0, 121, 'スライダー', 50.5, 48.8, '右２', 3, 3, 13, 'S5');"
"INSERT INTO ballinfo VALUES ('2019-04-09', 2019040905, 'ロッテ', 'オリックス', 'アルバース', '左', 'オリックス', 'バルガス', '右', 'ロッテ', 2, 2, 4, 3, 1, 0, 0, 135, 'シュート', 55.5, 12.0, 'ボール', 1, 3, 3, 'B3');"
"INSERT INTO ballinfo VALUES ('2019-04-09', 2019040905, 'ロッテ', 'オリックス', 'アルバース', '左', 'オリックス', 'バルガス', '右', 'ロッテ', 2, 2, 4, 3, 2, 1, 0, 133, 'シュート', 70.0, 36.4, 'ファウル', 2, 4, 9, 'S3');"
"INSERT INTO ballinfo VALUES ('2019-04-09', 2019040905, 'ロッテ', 'オリックス', 'アルバース', '左', 'オリックス', 'バルガス', '右', 'ロッテ', 2, 2, 4, 3, 3, 1, 1, 108, 'カーブ', 75.0, 63.2, '二ゴロ', 4, 4, 19, 'S9');"
"INSERT INTO ballinfo VALUES ('2019-04-09', 2019040905, 'ロッテ', 'オリックス', '涌井 秀章', '右', 'ロッテ', 'Ｔ－岡田', '左', 'オリックス', 3, 1, 1, 1, 1, 0, 0, 135, 'シュート', 27.0, 46.4, '見逃し', 3, 2, 12, 'S4');"
"INSERT INTO ballinfo VALUES ('2019-04-09', 2019040905, 'ロッテ', 'オリックス', '涌井 秀章', '右', 'ロッテ', 'Ｔ－岡田', '左', 'オリックス', 3, 1, 1, 1, 2, 0, 1, 142, 'ストレート', 16.5, 64.4, 'ボール', 4, 1, 16, 'B10');"
"INSERT INTO ballinfo VALUES ('2019-04-09', 2019040905, 'ロッテ', 'オリックス', '涌井 秀章', '右', 'ロッテ', 'Ｔ－岡田', '左', 'オリックス', 3, 1, 1, 1, 3, 1, 1, 134, 'フォーク', 13.0, 87.6, 'ボール', 5, 1, 21, 'B15');"
"INSERT INTO ballinfo VALUES ('2019-04-09', 2019040905, 'ロッテ', 'オリックス', '涌井 秀章', '右', 'ロッテ', 'Ｔ－岡田', '左', 'オリックス', 3, 1, 1, 1, 4, 2, 1, 142, 'シュート', 29.5, 72.4, '見逃し', 4, 2, 17, 'S7');"
"INSERT INTO ballinfo VALUES ('2019-04-09', 2019040905, 'ロッテ', 'オリックス', '涌井 秀章', '右', 'ロッテ', 'Ｔ－岡田', '左', 'オリックス', 3, 1, 1, 1, 5, 2, 2, 130, 'チェンジアップ', 55.0, 65.2, '空三振', 4, 3, 18, 'S8');"
"INSERT INTO ballinfo VALUES ('2019-04-09', 2019040905, 'ロッテ', 'オリックス', '涌井 秀章', '右', 'ロッテ', '若月 健矢', '右', 'オリックス', 3, 1, 2, 2, 1, 0, 0, 140, 'シュート', 29.0, 37.2, '見逃し', 2, 2, 7, 'S1');"
"INSERT INTO ballinfo VALUES ('2019-04-09', 2019040905, 'ロッテ', 'オリックス', '涌井 秀章', '右', 'ロッテ', '若月 健矢', '右', 'オリックス', 3, 1, 2, 2, 2, 0, 1, 128, 'スライダー', 71.0, 87.6, '空振り', 5, 4, 24, 'B18');"
"INSERT INTO ballinfo VALUES ('2019-04-09', 2019040905, 'ロッテ', 'オリックス', '涌井 秀章', '右', 'ロッテ', '若月 健矢', '右', 'オリックス', 3, 1, 2, 2, 3, 0, 2, 143, 'ストレート', 67.5, 54.8, 'ファウル', 3, 4, 14, 'S6');"
"INSERT INTO ballinfo VALUES ('2019-04-09', 2019040905, 'ロッテ', 'オリックス', '涌井 秀章', '右', 'ロッテ', '若月 健矢', '右', 'オリックス', 3, 1, 2, 2, 4, 0, 3, 127, 'スライダー', 72.5, 75.6, '中飛', 4, 4, 19, 'S9');"
"INSERT INTO ballinfo VALUES ('2019-04-09', 2019040905, 'ロッテ', 'オリックス', '涌井 秀章', '右', 'ロッテ', '後藤 駿太', '左', 'オリックス', 3, 1, 3, 3, 1, 0, 0, 107, 'カーブ', 37.0, 47.6, '見逃し', 3, 2, 12, 'S4');"
"INSERT INTO ballinfo VALUES ('2019-04-09', 2019040905, 'ロッテ', 'オリックス', '涌井 秀章', '右', 'ロッテ', '後藤 駿太', '左', 'オリックス', 3, 1, 3, 3, 2, 0, 1, 128, 'チェンジアップ', 33.5, 11.2, 'ボール', 1, 2, 2, 'B2');"
"INSERT INTO ballinfo VALUES ('2019-04-09', 2019040905, 'ロッテ', 'オリックス', '涌井 秀章', '右', 'ロッテ', '後藤 駿太', '左', 'オリックス', 3, 1, 3, 3, 3, 1, 1, 143, 'ストレート', 25.0, 48.8, 'ファウル', 3, 2, 12, 'S4');"
"INSERT INTO ballinfo VALUES ('2019-04-09', 2019040905, 'ロッテ', 'オリックス', '涌井 秀章', '右', 'ロッテ', '後藤 駿太', '左', 'オリックス', 3, 1, 3, 3, 4, 1, 2, 144, 'ストレート', 36.0, 70.0, '見三振', 4, 2, 17, 'S7');"
"INSERT INTO ballinfo VALUES ('2019-04-09', 2019040905, 'ロッテ', 'オリックス', 'アルバース', '左', 'オリックス', '田村 龍弘', '右', 'ロッテ', 3, 2, 1, 1, 1, 0, 0, 132, 'シュート', 76.5, 46.0, '見逃し', 3, 4, 14, 'S6');"
"INSERT INTO ballinfo VALUES ('2019-04-09', 2019040905, 'ロッテ', 'オリックス', 'アルバース', '左', 'オリックス', '田村 龍弘', '右', 'ロッテ', 3, 2, 1, 1, 2, 0, 1, 121, 'チェンジアップ', 76.5, 86.8, 'ファウル', 5, 4, 24, 'B18');"
"INSERT INTO ballinfo VALUES ('2019-04-09', 2019040905, 'ロッテ', 'オリックス', 'アルバース', '左', 'オリックス', '田村 龍弘', '右', 'ロッテ', 3, 2, 1, 1, 3, 0, 2, 132, 'ストレート', 26.5, 24.0, '空三振', 2, 2, 7, 'S1');"
"INSERT INTO ballinfo VALUES ('2019-04-09', 2019040905, 'ロッテ', 'オリックス', 'アルバース', '左', 'オリックス', '藤岡 裕大', '左', 'ロッテ', 3, 2, 2, 2, 1, 0, 0, 102, 'カーブ', 29.5, 74.0, '見逃し', 4, 2, 17, 'S7');"
"INSERT INTO ballinfo VALUES ('2019-04-09', 2019040905, 'ロッテ', 'オリックス', 'アルバース', '左', 'オリックス', '藤岡 裕大', '左', 'ロッテ', 3, 2, 2, 2, 2, 0, 1, 130, 'シュート', 56.5, 28.8, '中飛', 2, 3, 8, 'S2');"
"INSERT INTO ballinfo VALUES ('2019-04-09', 2019040905, 'ロッテ', 'オリックス', 'アルバース', '左', 'オリックス', '菅野 剛士', '左', 'ロッテ', 3, 2, 3, 3, 1, 0, 0, 131, 'シュート', 51.5, 56.0, '投ゴロ', 3, 3, 13, 'S5');"
"INSERT INTO ballinfo VALUES ('2019-04-09', 2019040905, 'ロッテ', 'オリックス', '涌井 秀章', '右', 'ロッテ', '福田 周平', '左', 'オリックス', 4, 1, 1, 0, 1, 0, 0, 123, 'スライダー', 36.5, 45.2, '見逃し', 3, 2, 12, 'S4');"
"INSERT INTO ballinfo VALUES ('2019-04-09', 2019040905, 'ロッテ', 'オリックス', '涌井 秀章', '右', 'ロッテ', '福田 周平', '左', 'オリックス', 4, 1, 1, 0, 2, 0, 1, 139, 'フォーク', 31.5, 56.4, 'ファウル', 3, 2, 12, 'S4');"
"INSERT INTO ballinfo VALUES ('2019-04-09', 2019040905, 'ロッテ', 'オリックス', '涌井 秀章', '右', 'ロッテ', '福田 周平', '左', 'オリックス', 4, 1, 1, 0, 3, 0, 2, 125, 'スライダー', 55.0, 89.6, 'ボール', 5, 3, 23, 'B17');"
"INSERT INTO ballinfo VALUES ('2019-04-09', 2019040905, 'ロッテ', 'オリックス', '涌井 秀章', '右', 'ロッテ', '福田 周平', '左', 'オリックス', 4, 1, 1, 0, 4, 1, 2, 141, 'ストレート', 86.5, 87.2, 'ボール', 5, 5, 25, 'B19');"
"INSERT INTO ballinfo VALUES ('2019-04-09', 2019040905, 'ロッテ', 'オリックス', '涌井 秀章', '右', 'ロッテ', '福田 周平', '左', 'オリックス', 4, 1, 1, 0, 5, 2, 2, 125, 'スライダー', 29.5, 47.6, '左安', 3, 2, 12, 'S4');"
"INSERT INTO ballinfo VALUES ('2019-04-09', 2019040905, 'ロッテ', 'オリックス', '涌井 秀章', '右', 'ロッテ', '西浦 颯大', '左', 'オリックス', 4, 1, 2, 0, 1, 0, 0, 126, 'スライダー', 9.5, 24.0, 'ボール', 2, 1, 6, 'B6');"
"INSERT INTO ballinfo VALUES ('2019-04-09', 2019040905, 'ロッテ', 'オリックス', '涌井 秀章', '右', 'ロッテ', '西浦 颯大', '左', 'オリックス', 4, 1, 2, 0, 2, 1, 0, 141, 'ストレート', 34.5, 13.6, 'ボール', 1, 2, 2, 'B2');"
"INSERT INTO ballinfo VALUES ('2019-04-09', 2019040905, 'ロッテ', 'オリックス', '涌井 秀章', '右', 'ロッテ', '西浦 颯大', '左', 'オリックス', 4, 1, 2, 0, 3, 2, 0, 141, 'ストレート', 31.0, 72.4, '見逃し', 4, 2, 17, 'S7');"
"INSERT INTO ballinfo VALUES ('2019-04-09', 2019040905, 'ロッテ', 'オリックス', '涌井 秀章', '右', 'ロッテ', '西浦 颯大', '左', 'オリックス', 4, 1, 2, 0, 4, 2, 1, 140, 'カットボール', 70.5, 35.6, '右安', 2, 4, 9, 'S3');"
"INSERT INTO ballinfo VALUES ('2019-04-09', 2019040905, 'ロッテ', 'オリックス', '涌井 秀章', '右', 'ロッテ', '吉田 正尚', '左', 'オリックス', 4, 1, 3, 0, 1, 0, 0, 136, 'フォーク', 56.0, 94.0, 'ボール', 5, 3, 23, 'B17');"
"INSERT INTO ballinfo VALUES ('2019-04-09', 2019040905, 'ロッテ', 'オリックス', '涌井 秀章', '右', 'ロッテ', '吉田 正尚', '左', 'オリックス', 4, 1, 3, 0, 2, 1, 0, 127, 'スライダー', 36.5, 54.8, 'ファウル', 3, 2, 12, 'S4');"
"INSERT INTO ballinfo VALUES ('2019-04-09', 2019040905, 'ロッテ', 'オリックス', '涌井 秀章', '右', 'ロッテ', '吉田 正尚', '左', 'オリックス', 4, 1, 3, 0, 3, 1, 1, 141, 'ストレート', 14.5, 48.0, 'ボール', 3, 1, 11, 'B8');"
"INSERT INTO ballinfo VALUES ('2019-04-09', 2019040905, 'ロッテ', 'オリックス', '涌井 秀章', '右', 'ロッテ', '吉田 正尚', '左', 'オリックス', 4, 1, 3, 0, 4, 2, 1, 130, 'フォーク', 72.5, 76.0, '空振り', 4, 4, 19, 'S9');"
"INSERT INTO ballinfo VALUES ('2019-04-09', 2019040905, 'ロッテ', 'オリックス', '涌井 秀章', '右', 'ロッテ', '吉田 正尚', '左', 'オリックス', 4, 1, 3, 0, 5, 2, 2, 129, 'チェンジアップ', 54.5, 85.2, '中２', 5, 3, 23, 'B17');"
"INSERT INTO ballinfo VALUES ('2019-04-09', 2019040905, 'ロッテ', 'オリックス', '涌井 秀章', '右', 'ロッテ', 'メネセス', '右', 'オリックス', 4, 1, 4, 1, 1, 0, 0, 139, 'シュート', 26.5, 16.8, 'ボール', 1, 2, 2, 'B2');"
"INSERT INTO ballinfo VALUES ('2019-04-09', 2019040905, 'ロッテ', 'オリックス', '涌井 秀章', '右', 'ロッテ', 'メネセス', '右', 'オリックス', 4, 1, 4, 1, 2, 1, 0, 124, 'スライダー', 72.5, 25.2, '見逃し', 2, 4, 9, 'S3');"
"INSERT INTO ballinfo VALUES ('2019-04-09', 2019040905, 'ロッテ', 'オリックス', '涌井 秀章', '右', 'ロッテ', 'メネセス', '右', 'オリックス', 4, 1, 4, 1, 3, 1, 1, 141, 'シュート', 31.0, 17.2, 'ファウル', 1, 2, 2, 'B2');"
"INSERT INTO ballinfo VALUES ('2019-04-09', 2019040905, 'ロッテ', 'オリックス', '涌井 秀章', '右', 'ロッテ', 'メネセス', '右', 'オリックス', 4, 1, 4, 1, 4, 1, 2, 130, 'スライダー', 89.5, 45.2, 'ボール', 3, 5, 15, 'B9');"
"INSERT INTO ballinfo VALUES ('2019-04-09', 2019040905, 'ロッテ', 'オリックス', '涌井 秀章', '右', 'ロッテ', 'メネセス', '右', 'オリックス', 4, 1, 4, 1, 5, 2, 2, 146, 'ストレート', 89.5, 22.8, 'ボール', 2, 5, 10, 'B7');"
"INSERT INTO ballinfo VALUES ('2019-04-09', 2019040905, 'ロッテ', 'オリックス', '涌井 秀章', '右', 'ロッテ', 'メネセス', '右', 'オリックス', 4, 1, 4, 1, 6, 3, 2, 117, 'カーブ', 77.5, 26.8, '見三振', 2, 4, 9, 'S3');"
"INSERT INTO ballinfo VALUES ('2019-04-09', 2019040905, 'ロッテ', 'オリックス', '涌井 秀章', '右', 'ロッテ', '頓宮 裕真', '右', 'オリックス', 4, 1, 5, 1, 1, 0, 0, 128, 'スライダー', 76.5, 63.6, '見逃し', 4, 4, 19, 'S9');"
"INSERT INTO ballinfo VALUES ('2019-04-09', 2019040905, 'ロッテ', 'オリックス', '涌井 秀章', '右', 'ロッテ', '頓宮 裕真', '右', 'オリックス', 4, 1, 5, 1, 2, 0, 1, 144, 'ストレート', 88.0, 44.0, 'ボール', 3, 5, 15, 'B9');"
"INSERT INTO ballinfo VALUES ('2019-04-09', 2019040905, 'ロッテ', 'オリックス', '涌井 秀章', '右', 'ロッテ', '頓宮 裕真', '右', 'オリックス', 4, 1, 5, 1, 3, 1, 1, 140, 'シュート', 27.5, 46.4, '左安', 3, 2, 12, 'S4');"
"INSERT INTO ballinfo VALUES ('2019-04-09', 2019040905, 'ロッテ', 'オリックス', '涌井 秀章', '右', 'ロッテ', '西野 真弘', '左', 'オリックス', 4, 1, 6, 2, 1, 0, 0, 129, 'チェンジアップ', 67.5, 52.8, '見逃し', 3, 4, 14, 'S6');"
"INSERT INTO ballinfo VALUES ('2019-04-09', 2019040905, 'ロッテ', 'オリックス', '涌井 秀章', '右', 'ロッテ', '西野 真弘', '左', 'オリックス', 4, 1, 6, 2, 2, 0, 1, 141, 'ストレート', 36.5, 66.4, '見逃し', 4, 2, 17, 'S7');"
"INSERT INTO ballinfo VALUES ('2019-04-09', 2019040905, 'ロッテ', 'オリックス', '涌井 秀章', '右', 'ロッテ', '西野 真弘', '左', 'オリックス', 4, 1, 6, 2, 3, 0, 2, 128, 'フォーク', 54.5, 89.2, 'ボール', 5, 3, 23, 'B17');"
"INSERT INTO ballinfo VALUES ('2019-04-09', 2019040905, 'ロッテ', 'オリックス', '涌井 秀章', '右', 'ロッテ', '西野 真弘', '左', 'オリックス', 4, 1, 6, 2, 4, 1, 2, 126, 'フォーク', 47.5, 68.8, 'ファウル', 4, 3, 18, 'S8');"
"INSERT INTO ballinfo VALUES ('2019-04-09', 2019040905, 'ロッテ', 'オリックス', '涌井 秀章', '右', 'ロッテ', '西野 真弘', '左', 'オリックス', 4, 1, 6, 2, 5, 1, 3, 126, 'スライダー', 29.0, 13.2, 'ボール', 1, 2, 2, 'B2');"
"INSERT INTO ballinfo VALUES ('2019-04-09', 2019040905, 'ロッテ', 'オリックス', '涌井 秀章', '右', 'ロッテ', '西野 真弘', '左', 'オリックス', 4, 1, 6, 2, 6, 2, 3, 129, 'フォーク', 68.5, 88.4, 'ボール', 5, 4, 24, 'B18');"
"INSERT INTO ballinfo VALUES ('2019-04-09', 2019040905, 'ロッテ', 'オリックス', '涌井 秀章', '右', 'ロッテ', '西野 真弘', '左', 'オリックス', 4, 1, 6, 2, 7, 3, 3, 123, 'スライダー', 35.0, 36.8, '二ゴロ', 2, 2, 7, 'S1');"
"INSERT INTO ballinfo VALUES ('2019-04-09', 2019040905, 'ロッテ', 'オリックス', '涌井 秀章', '右', 'ロッテ', 'Ｔ－岡田', '左', 'オリックス', 4, 1, 7, 3, 1, 0, 0, 140, 'ストレート', 36.5, 57.6, '見逃し', 3, 2, 12, 'S4');"
"INSERT INTO ballinfo VALUES ('2019-04-09', 2019040905, 'ロッテ', 'オリックス', '涌井 秀章', '右', 'ロッテ', 'Ｔ－岡田', '左', 'オリックス', 4, 1, 7, 3, 2, 0, 1, 141, 'ストレート', 26.0, 45.2, '見逃し', 3, 2, 12, 'S4');"
"INSERT INTO ballinfo VALUES ('2019-04-09', 2019040905, 'ロッテ', 'オリックス', '涌井 秀章', '右', 'ロッテ', 'Ｔ－岡田', '左', 'オリックス', 4, 1, 7, 3, 3, 0, 2, 129, 'チェンジアップ', 37.5, 85.2, '空三振', 5, 2, 22, 'B16');"
"INSERT INTO ballinfo VALUES ('2019-04-09', 2019040905, 'ロッテ', 'オリックス', 'アルバース', '左', 'オリックス', '加藤 翔平', '右', 'ロッテ', 4, 2, 1, 0, 1, 0, 0, 120, 'チェンジアップ', 56.0, 86.8, 'ボール', 5, 3, 23, 'B17');"
"INSERT INTO ballinfo VALUES ('2019-04-09', 2019040905, 'ロッテ', 'オリックス', 'アルバース', '左', 'オリックス', '加藤 翔平', '右', 'ロッテ', 4, 2, 1, 0, 2, 1, 0, 132, 'シュート', 67.5, 65.6, '見逃し', 4, 4, 19, 'S9');"
"INSERT INTO ballinfo VALUES ('2019-04-09', 2019040905, 'ロッテ', 'オリックス', 'アルバース', '左', 'オリックス', '加藤 翔平', '右', 'ロッテ', 4, 2, 1, 0, 3, 1, 1, 121, 'チェンジアップ', 57.0, 76.4, '左安', 4, 3, 18, 'S8');"
"INSERT INTO ballinfo VALUES ('2019-04-09', 2019040905, 'ロッテ', 'オリックス', 'アルバース', '左', 'オリックス', '中村 奨吾', '右', 'ロッテ', 4, 2, 2, 2, 1, 0, 0, 132, 'ストレート', 26.5, 53.6, '見逃し', 3, 2, 12, 'S4');"
"INSERT INTO ballinfo VALUES ('2019-04-09', 2019040905, 'ロッテ', 'オリックス', 'アルバース', '左', 'オリックス', '中村 奨吾', '右', 'ロッテ', 4, 2, 2, 2, 2, 0, 1, 134, 'シュート', 76.5, 35.2, '投併打', 2, 4, 9, 'S3');"
"INSERT INTO ballinfo VALUES ('2019-04-09', 2019040905, 'ロッテ', 'オリックス', 'アルバース', '左', 'オリックス', '角中 勝也', '左', 'ロッテ', 4, 2, 3, 3, 1, 0, 0, 133, 'シュート', 67.0, 37.2, '見逃し', 2, 4, 9, 'S3');"
"INSERT INTO ballinfo VALUES ('2019-04-09', 2019040905, 'ロッテ', 'オリックス', 'アルバース', '左', 'オリックス', '角中 勝也', '左', 'ロッテ', 4, 2, 3, 3, 2, 0, 1, 132, 'シュート', 89.0, 68.8, 'ボール', 4, 5, 20, 'B11');"
"INSERT INTO ballinfo VALUES ('2019-04-09', 2019040905, 'ロッテ', 'オリックス', 'アルバース', '左', 'オリックス', '角中 勝也', '左', 'ロッテ', 4, 2, 3, 3, 3, 1, 1, 122, 'スライダー', 29.5, 87.6, 'ボール', 5, 2, 22, 'B16');"
"INSERT INTO ballinfo VALUES ('2019-04-09', 2019040905, 'ロッテ', 'オリックス', 'アルバース', '左', 'オリックス', '角中 勝也', '左', 'ロッテ', 4, 2, 3, 3, 4, 2, 1, 121, 'スライダー', 54.5, 23.6, 'ファウル', 2, 3, 8, 'S2');"
"INSERT INTO ballinfo VALUES ('2019-04-09', 2019040905, 'ロッテ', 'オリックス', 'アルバース', '左', 'オリックス', '角中 勝也', '左', 'ロッテ', 4, 2, 3, 3, 5, 2, 2, 135, 'シュート', 53.5, 30.8, '遊ゴロ', 2, 3, 8, 'S2');"
"INSERT INTO ballinfo VALUES ('2019-04-09', 2019040905, 'ロッテ', 'オリックス', '涌井 秀章', '右', 'ロッテ', '若月 健矢', '右', 'オリックス', 5, 1, 1, 0, 1, 0, 0, 105, 'カーブ', 51.5, 12.4, 'ボール', 1, 3, 3, 'B3');"
"INSERT INTO ballinfo VALUES ('2019-04-09', 2019040905, 'ロッテ', 'オリックス', '涌井 秀章', '右', 'ロッテ', '若月 健矢', '右', 'オリックス', 5, 1, 1, 0, 2, 1, 0, 135, 'フォーク', 54.5, 73.2, '空振り', 4, 3, 18, 'S8');"
"INSERT INTO ballinfo VALUES ('2019-04-09', 2019040905, 'ロッテ', 'オリックス', '涌井 秀章', '右', 'ロッテ', '若月 健矢', '右', 'オリックス', 5, 1, 1, 0, 3, 1, 1, 135, 'スライダー', 53.0, 32.8, '左本', 2, 3, 8, 'S2');"
"INSERT INTO ballinfo VALUES ('2019-04-09', 2019040905, 'ロッテ', 'オリックス', '涌井 秀章', '右', 'ロッテ', '後藤 駿太', '左', 'オリックス', 5, 1, 2, 1, 1, 0, 0, 125, 'スライダー', 35.0, 47.2, '見逃し', 3, 2, 12, 'S4');"
"INSERT INTO ballinfo VALUES ('2019-04-09', 2019040905, 'ロッテ', 'オリックス', '涌井 秀章', '右', 'ロッテ', '後藤 駿太', '左', 'オリックス', 5, 1, 2, 1, 2, 0, 1, 127, 'チェンジアップ', 32.5, 54.8, '三飛', 3, 2, 12, 'S4');"
"INSERT INTO ballinfo VALUES ('2019-04-09', 2019040905, 'ロッテ', 'オリックス', '涌井 秀章', '右', 'ロッテ', '福田 周平', '左', 'オリックス', 5, 1, 3, 2, 1, 0, 0, 140, 'ストレート', 36.0, 53.2, '見逃し', 3, 2, 12, 'S4');"
"INSERT INTO ballinfo VALUES ('2019-04-09', 2019040905, 'ロッテ', 'オリックス', '涌井 秀章', '右', 'ロッテ', '福田 周平', '左', 'オリックス', 5, 1, 3, 2, 2, 0, 1, 140, 'ストレート', 32.5, 70.8, '見逃し', 4, 2, 17, 'S7');"
"INSERT INTO ballinfo VALUES ('2019-04-09', 2019040905, 'ロッテ', 'オリックス', '涌井 秀章', '右', 'ロッテ', '福田 周平', '左', 'オリックス', 5, 1, 3, 2, 3, 0, 2, 141, 'ストレート', 75.0, 36.8, 'ファウル', 2, 4, 9, 'S3');"
"INSERT INTO ballinfo VALUES ('2019-04-09', 2019040905, 'ロッテ', 'オリックス', '涌井 秀章', '右', 'ロッテ', '福田 周平', '左', 'オリックス', 5, 1, 3, 2, 4, 0, 3, 142, 'ストレート', 26.0, 56.4, '見三振', 3, 2, 12, 'S4');"
"INSERT INTO ballinfo VALUES ('2019-04-09', 2019040905, 'ロッテ', 'オリックス', '涌井 秀章', '右', 'ロッテ', '西浦 颯大', '左', 'オリックス', 5, 1, 4, 2, 1, 0, 0, 0, 'カーブ', 53.5, 86.8, 'ボール', 5, 3, 23, 'B17');"
"INSERT INTO ballinfo VALUES ('2019-04-09', 2019040905, 'ロッテ', 'オリックス', '涌井 秀章', '右', 'ロッテ', '西浦 颯大', '左', 'オリックス', 5, 1, 4, 2, 2, 1, 0, 120, 'スライダー', 12.0, 24.0, 'ボール', 2, 1, 6, 'B6');"
"INSERT INTO ballinfo VALUES ('2019-04-09', 2019040905, 'ロッテ', 'オリックス', '涌井 秀章', '右', 'ロッテ', '西浦 颯大', '左', 'オリックス', 5, 1, 4, 2, 3, 2, 0, 142, 'ストレート', 35.5, 36.8, '左２', 2, 2, 7, 'S1');"
"INSERT INTO ballinfo VALUES ('2019-04-09', 2019040905, 'ロッテ', 'オリックス', '涌井 秀章', '右', 'ロッテ', '吉田 正尚', '左', 'オリックス', 5, 1, 5, 3, 1, 0, 0, 119, 'カーブ', 34.5, 66.0, 'ファウル', 4, 2, 17, 'S7');"
"INSERT INTO ballinfo VALUES ('2019-04-09', 2019040905, 'ロッテ', 'オリックス', '涌井 秀章', '右', 'ロッテ', '吉田 正尚', '左', 'オリックス', 5, 1, 5, 3, 2, 0, 1, 140, 'ストレート', 66.5, 47.6, '見逃し', 3, 4, 14, 'S6');"
"INSERT INTO ballinfo VALUES ('2019-04-09', 2019040905, 'ロッテ', 'オリックス', '涌井 秀章', '右', 'ロッテ', '吉田 正尚', '左', 'オリックス', 5, 1, 5, 3, 3, 0, 2, 141, 'ストレート', 52.0, 11.6, 'ボール', 1, 3, 3, 'B3');"
"INSERT INTO ballinfo VALUES ('2019-04-09', 2019040905, 'ロッテ', 'オリックス', '涌井 秀章', '右', 'ロッテ', '吉田 正尚', '左', 'オリックス', 5, 1, 5, 3, 4, 1, 2, 124, 'チェンジアップ', 15.0, 50.0, '空三振', 3, 1, 11, 'B8');"
"INSERT INTO ballinfo VALUES ('2019-04-09', 2019040905, 'ロッテ', 'オリックス', 'アルバース', '左', 'オリックス', 'レアード', '右', 'ロッテ', 5, 2, 1, 0, 1, 0, 0, 135, 'ストレート', 51.5, 51.6, 'ファウル', 3, 3, 13, 'S5');"
"INSERT INTO ballinfo VALUES ('2019-04-09', 2019040905, 'ロッテ', 'オリックス', 'アルバース', '左', 'オリックス', 'レアード', '右', 'ロッテ', 5, 2, 1, 0, 2, 0, 1, 121, 'チェンジアップ', 73.5, 84.8, '空振り', 5, 4, 24, 'B18');"
"INSERT INTO ballinfo VALUES ('2019-04-09', 2019040905, 'ロッテ', 'オリックス', 'アルバース', '左', 'オリックス', 'レアード', '右', 'ロッテ', 5, 2, 1, 0, 3, 0, 2, 124, 'チェンジアップ', 92.0, 89.6, 'ボール', 5, 5, 25, 'B19');"
"INSERT INTO ballinfo VALUES ('2019-04-09', 2019040905, 'ロッテ', 'オリックス', 'アルバース', '左', 'オリックス', 'レアード', '右', 'ロッテ', 5, 2, 1, 0, 4, 1, 2, 108, 'カーブ', 76.5, 91.2, 'ボール', 5, 4, 24, 'B18');"
"INSERT INTO ballinfo VALUES ('2019-04-09', 2019040905, 'ロッテ', 'オリックス', 'アルバース', '左', 'オリックス', 'レアード', '右', 'ロッテ', 5, 2, 1, 0, 5, 2, 2, 136, 'ストレート', 54.5, 17.2, '左本', 1, 3, 3, 'B3');"
"INSERT INTO ballinfo VALUES ('2019-04-09', 2019040905, 'ロッテ', 'オリックス', 'アルバース', '左', 'オリックス', '鈴木 大地', '左', 'ロッテ', 5, 2, 2, 1, 1, 0, 0, 133, 'シュート', 34.5, 52.8, '見逃し', 3, 2, 12, 'S4');"
"INSERT INTO ballinfo VALUES ('2019-04-09', 2019040905, 'ロッテ', 'オリックス', 'アルバース', '左', 'オリックス', '鈴木 大地', '左', 'ロッテ', 5, 2, 2, 1, 2, 0, 1, 132, 'シュート', 75.5, 16.0, 'ボール', 1, 4, 4, 'B4');"
"INSERT INTO ballinfo VALUES ('2019-04-09', 2019040905, 'ロッテ', 'オリックス', 'アルバース', '左', 'オリックス', '鈴木 大地', '左', 'ロッテ', 5, 2, 2, 1, 3, 1, 1, 122, 'チェンジアップ', 36.5, 87.6, 'ボール', 5, 2, 22, 'B16');"
"INSERT INTO ballinfo VALUES ('2019-04-09', 2019040905, 'ロッテ', 'オリックス', 'アルバース', '左', 'オリックス', '鈴木 大地', '左', 'ロッテ', 5, 2, 2, 1, 4, 2, 1, 134, 'シュート', 56.5, 28.8, '一ゴロ', 2, 3, 8, 'S2');"
"INSERT INTO ballinfo VALUES ('2019-04-09', 2019040905, 'ロッテ', 'オリックス', 'アルバース', '左', 'オリックス', 'バルガス', '右', 'ロッテ', 5, 2, 3, 2, 1, 0, 0, 134, 'シュート', 75.5, 24.8, 'ファウル', 2, 4, 9, 'S3');"
"INSERT INTO ballinfo VALUES ('2019-04-09', 2019040905, 'ロッテ', 'オリックス', 'アルバース', '左', 'オリックス', 'バルガス', '右', 'ロッテ', 5, 2, 3, 2, 2, 0, 1, 125, 'チェンジアップ', 57.5, 88.0, 'ボール', 5, 3, 23, 'B17');"
"INSERT INTO ballinfo VALUES ('2019-04-09', 2019040905, 'ロッテ', 'オリックス', 'アルバース', '左', 'オリックス', 'バルガス', '右', 'ロッテ', 5, 2, 3, 2, 3, 1, 1, 134, 'ストレート', 51.0, 46.0, '見逃し', 3, 3, 13, 'S5');"
"INSERT INTO ballinfo VALUES ('2019-04-09', 2019040905, 'ロッテ', 'オリックス', 'アルバース', '左', 'オリックス', 'バルガス', '右', 'ロッテ', 5, 2, 3, 2, 4, 1, 2, 135, 'ストレート', 28.0, 16.0, 'ボール', 1, 2, 2, 'B2');"
"INSERT INTO ballinfo VALUES ('2019-04-09', 2019040905, 'ロッテ', 'オリックス', 'アルバース', '左', 'オリックス', 'バルガス', '右', 'ロッテ', 5, 2, 3, 2, 5, 2, 2, 134, 'ストレート', 33.0, 54.0, '遊直', 3, 2, 12, 'S4');"
"INSERT INTO ballinfo VALUES ('2019-04-09', 2019040905, 'ロッテ', 'オリックス', 'アルバース', '左', 'オリックス', '江村 直也', '右', 'ロッテ', 5, 2, 4, 3, 1, 0, 0, 134, 'ストレート', 14.5, 25.6, 'ボール', 2, 1, 6, 'B6');"
"INSERT INTO ballinfo VALUES ('2019-04-09', 2019040905, 'ロッテ', 'オリックス', 'アルバース', '左', 'オリックス', '江村 直也', '右', 'ロッテ', 5, 2, 4, 3, 2, 1, 0, 133, 'シュート', 74.0, 37.2, '見逃し', 2, 4, 9, 'S3');"
"INSERT INTO ballinfo VALUES ('2019-04-09', 2019040905, 'ロッテ', 'オリックス', 'アルバース', '左', 'オリックス', '江村 直也', '右', 'ロッテ', 5, 2, 4, 3, 3, 1, 1, 122, 'スライダー', 36.5, 31.6, '見逃し', 2, 2, 7, 'S1');"
"INSERT INTO ballinfo VALUES ('2019-04-09', 2019040905, 'ロッテ', 'オリックス', 'アルバース', '左', 'オリックス', '江村 直也', '右', 'ロッテ', 5, 2, 4, 3, 4, 1, 2, 125, 'チェンジアップ', 65.0, 87.2, '二ゴロ', 5, 4, 24, 'B18');"
"INSERT INTO ballinfo VALUES ('2019-04-09', 2019040905, 'ロッテ', 'オリックス', '種市 篤暉', '右', 'ロッテ', 'メネセス', '右', 'オリックス', 6, 1, 1, 0, 1, 0, 0, 149, 'ストレート', 56.5, 32.0, '見逃し', 2, 3, 8, 'S2');"
"INSERT INTO ballinfo VALUES ('2019-04-09', 2019040905, 'ロッテ', 'オリックス', '種市 篤暉', '右', 'ロッテ', 'メネセス', '右', 'オリックス', 6, 1, 1, 0, 2, 0, 1, 146, 'ストレート', 92.0, 56.4, 'ボール', 3, 5, 15, 'B9');"
"INSERT INTO ballinfo VALUES ('2019-04-09', 2019040905, 'ロッテ', 'オリックス', '種市 篤暉', '右', 'ロッテ', 'メネセス', '右', 'オリックス', 6, 1, 1, 0, 3, 1, 1, 133, 'フォーク', 54.5, 88.4, 'ボール', 5, 3, 23, 'B17');"
"INSERT INTO ballinfo VALUES ('2019-04-09', 2019040905, 'ロッテ', 'オリックス', '種市 篤暉', '右', 'ロッテ', 'メネセス', '右', 'オリックス', 6, 1, 1, 0, 4, 2, 1, 149, 'ストレート', 65.0, 34.4, 'ファウル', 2, 4, 9, 'S3');"
"INSERT INTO ballinfo VALUES ('2019-04-09', 2019040905, 'ロッテ', 'オリックス', '種市 篤暉', '右', 'ロッテ', 'メネセス', '右', 'オリックス', 6, 1, 1, 0, 5, 2, 2, 149, 'ストレート', 86.5, 44.8, 'ボール', 3, 5, 15, 'B9');"
"INSERT INTO ballinfo VALUES ('2019-04-09', 2019040905, 'ロッテ', 'オリックス', '種市 篤暉', '右', 'ロッテ', 'メネセス', '右', 'オリックス', 6, 1, 1, 0, 6, 3, 2, 134, 'フォーク', 16.5, 26.8, 'ファウル', 2, 1, 6, 'B6');"
"INSERT INTO ballinfo VALUES ('2019-04-09', 2019040905, 'ロッテ', 'オリックス', '種市 篤暉', '右', 'ロッテ', 'メネセス', '右', 'オリックス', 6, 1, 1, 0, 7, 3, 3, 148, 'ストレート', 57.0, 13.6, 'ファウル', 1, 3, 3, 'B3');"
"INSERT INTO ballinfo VALUES ('2019-04-09', 2019040905, 'ロッテ', 'オリックス', '種市 篤暉', '右', 'ロッテ', 'メネセス', '右', 'オリックス', 6, 1, 1, 0, 8, 3, 4, 135, 'フォーク', 34.0, 49.6, 'ファウル', 3, 2, 12, 'S4');"
"INSERT INTO ballinfo VALUES ('2019-04-09', 2019040905, 'ロッテ', 'オリックス', '種市 篤暉', '右', 'ロッテ', 'メネセス', '右', 'オリックス', 6, 1, 1, 0, 9, 3, 5, 148, 'ストレート', 86.0, 88.4, '四球', 5, 5, 25, 'B19');"
"INSERT INTO ballinfo VALUES ('2019-04-09', 2019040905, 'ロッテ', 'オリックス', '種市 篤暉', '右', 'ロッテ', '頓宮 裕真', '右', 'オリックス', 6, 1, 2, 1, 1, 0, 0, 147, 'ストレート', 76.5, 51.6, 'ファウル', 3, 4, 14, 'S6');"
"INSERT INTO ballinfo VALUES ('2019-04-09', 2019040905, 'ロッテ', 'オリックス', '種市 篤暉', '右', 'ロッテ', '頓宮 裕真', '右', 'オリックス', 6, 1, 2, 1, 2, 0, 1, 129, 'フォーク', 14.5, 88.8, 'ボール', 5, 1, 21, 'B15');"
"INSERT INTO ballinfo VALUES ('2019-04-09', 2019040905, 'ロッテ', 'オリックス', '種市 篤暉', '右', 'ロッテ', '頓宮 裕真', '右', 'オリックス', 6, 1, 2, 1, 3, 1, 1, 143, 'ストレート', 49.5, 26.0, 'ファウル', 2, 3, 8, 'S2');"
"INSERT INTO ballinfo VALUES ('2019-04-09', 2019040905, 'ロッテ', 'オリックス', '種市 篤暉', '右', 'ロッテ', '頓宮 裕真', '右', 'オリックス', 6, 1, 2, 1, 4, 1, 2, 146, 'ストレート', 66.5, 23.6, 'ファウル', 2, 4, 9, 'S3');"
"INSERT INTO ballinfo VALUES ('2019-04-09', 2019040905, 'ロッテ', 'オリックス', '種市 篤暉', '右', 'ロッテ', '頓宮 裕真', '右', 'オリックス', 6, 1, 2, 1, 5, 1, 3, 133, 'フォーク', 36.5, 87.6, '空三振', 5, 2, 22, 'B16');"
"INSERT INTO ballinfo VALUES ('2019-04-09', 2019040905, 'ロッテ', 'オリックス', '種市 篤暉', '右', 'ロッテ', '西野 真弘', '左', 'オリックス', 6, 1, 3, 1, 1, 0, 0, 0, 'フォーク', 25.5, 51.2, '遊安', 3, 2, 12, 'S4');"
"INSERT INTO ballinfo VALUES ('2019-04-09', 2019040905, 'ロッテ', 'オリックス', '種市 篤暉', '右', 'ロッテ', 'Ｔ－岡田', '左', 'オリックス', 6, 1, 4, 2, 1, 0, 0, 144, 'ストレート', 26.5, 45.2, '空振り', 3, 2, 12, 'S4');"
"INSERT INTO ballinfo VALUES ('2019-04-09', 2019040905, 'ロッテ', 'オリックス', '種市 篤暉', '右', 'ロッテ', 'Ｔ－岡田', '左', 'オリックス', 6, 1, 4, 2, 2, 0, 1, 143, 'ストレート', 36.5, 68.0, 'ファウル', 4, 2, 17, 'S7');"
"INSERT INTO ballinfo VALUES ('2019-04-09', 2019040905, 'ロッテ', 'オリックス', '種市 篤暉', '右', 'ロッテ', 'Ｔ－岡田', '左', 'オリックス', 6, 1, 4, 2, 3, 0, 2, 134, 'フォーク', 34.0, 29.6, '二ゴロ', 2, 2, 7, 'S1');"
"INSERT INTO ballinfo VALUES ('2019-04-09', 2019040905, 'ロッテ', 'オリックス', '種市 篤暉', '右', 'ロッテ', '若月 健矢', '右', 'オリックス', 6, 1, 5, 3, 1, 0, 0, 145, 'ストレート', 31.0, 48.4, 'ファウル', 3, 2, 12, 'S4');"
"INSERT INTO ballinfo VALUES ('2019-04-09', 2019040905, 'ロッテ', 'オリックス', '種市 篤暉', '右', 'ロッテ', '若月 健矢', '右', 'オリックス', 6, 1, 5, 3, 2, 0, 1, 135, 'フォーク', 73.0, 90.0, 'ボール', 5, 4, 24, 'B18');"
"INSERT INTO ballinfo VALUES ('2019-04-09', 2019040905, 'ロッテ', 'オリックス', '種市 篤暉', '右', 'ロッテ', '若月 健矢', '右', 'オリックス', 6, 1, 5, 3, 3, 1, 1, 135, 'フォーク', 34.0, 28.0, '空振り', 2, 2, 7, 'S1');"
"INSERT INTO ballinfo VALUES ('2019-04-09', 2019040905, 'ロッテ', 'オリックス', '種市 篤暉', '右', 'ロッテ', '若月 健矢', '右', 'オリックス', 6, 1, 5, 3, 4, 1, 2, 147, 'ストレート', 16.5, 16.0, '空三振', 1, 1, 1, 'B1');"
"INSERT INTO ballinfo VALUES ('2019-04-09', 2019040905, 'ロッテ', 'オリックス', 'アルバース', '左', 'オリックス', '藤岡 裕大', '左', 'ロッテ', 6, 2, 1, 1, 1, 0, 0, 118, 'シュート', 56.5, 87.6, 'ボール', 5, 3, 23, 'B17');"
"INSERT INTO ballinfo VALUES ('2019-04-09', 2019040905, 'ロッテ', 'オリックス', 'アルバース', '左', 'オリックス', '藤岡 裕大', '左', 'ロッテ', 6, 2, 1, 1, 2, 1, 0, 117, 'スライダー', 56.5, 13.2, 'ボール', 1, 3, 3, 'B3');"
"INSERT INTO ballinfo VALUES ('2019-04-09', 2019040905, 'ロッテ', 'オリックス', 'アルバース', '左', 'オリックス', '藤岡 裕大', '左', 'ロッテ', 6, 2, 1, 1, 3, 2, 0, 132, 'シュート', 37.0, 67.6, '見逃し', 4, 2, 17, 'S7');"
"INSERT INTO ballinfo VALUES ('2019-04-09', 2019040905, 'ロッテ', 'オリックス', 'アルバース', '左', 'オリックス', '藤岡 裕大', '左', 'ロッテ', 6, 2, 1, 1, 4, 2, 1, 133, 'シュート', 57.0, 71.6, '中飛', 4, 3, 18, 'S8');"
"INSERT INTO ballinfo VALUES ('2019-04-09', 2019040905, 'ロッテ', 'オリックス', 'アルバース', '左', 'オリックス', '菅野 剛士', '左', 'ロッテ', 6, 2, 2, 2, 1, 0, 0, 130, 'シュート', 66.0, 89.2, 'ボール', 5, 4, 24, 'B18');"
"INSERT INTO ballinfo VALUES ('2019-04-09', 2019040905, 'ロッテ', 'オリックス', 'アルバース', '左', 'オリックス', '菅野 剛士', '左', 'ロッテ', 6, 2, 2, 2, 2, 1, 0, 130, 'ストレート', 34.5, 47.6, 'ファウル', 3, 2, 12, 'S4');"
"INSERT INTO ballinfo VALUES ('2019-04-09', 2019040905, 'ロッテ', 'オリックス', 'アルバース', '左', 'オリックス', '菅野 剛士', '左', 'ロッテ', 6, 2, 2, 2, 3, 1, 1, 135, 'シュート', 75.5, 17.2, '空振り', 1, 4, 4, 'B4');"
"INSERT INTO ballinfo VALUES ('2019-04-09', 2019040905, 'ロッテ', 'オリックス', 'アルバース', '左', 'オリックス', '菅野 剛士', '左', 'ロッテ', 6, 2, 2, 2, 4, 1, 2, 135, 'シュート', 57.0, 55.6, '二ゴロ', 3, 3, 13, 'S5');"
"INSERT INTO ballinfo VALUES ('2019-04-09', 2019040905, 'ロッテ', 'オリックス', 'アルバース', '左', 'オリックス', '加藤 翔平', '右', 'ロッテ', 6, 2, 3, 2, 1, 0, 0, 135, 'シュート', 88.0, 36.4, 'ボール', 2, 5, 10, 'B7');"
"INSERT INTO ballinfo VALUES ('2019-04-09', 2019040905, 'ロッテ', 'オリックス', 'アルバース', '左', 'オリックス', '加藤 翔平', '右', 'ロッテ', 6, 2, 3, 2, 2, 1, 0, 133, 'シュート', 66.0, 35.6, '中２', 2, 4, 9, 'S3');"
"INSERT INTO ballinfo VALUES ('2019-04-09', 2019040905, 'ロッテ', 'オリックス', 'アルバース', '左', 'オリックス', '中村 奨吾', '右', 'ロッテ', 6, 2, 4, 3, 1, 0, 0, 125, 'チェンジアップ', 52.5, 88.4, 'ボール', 5, 3, 23, 'B17');"
"INSERT INTO ballinfo VALUES ('2019-04-09', 2019040905, 'ロッテ', 'オリックス', 'アルバース', '左', 'オリックス', '中村 奨吾', '右', 'ロッテ', 6, 2, 4, 3, 2, 1, 0, 123, 'スライダー', 37.0, 29.2, '見逃し', 2, 2, 7, 'S1');"
"INSERT INTO ballinfo VALUES ('2019-04-09', 2019040905, 'ロッテ', 'オリックス', 'アルバース', '左', 'オリックス', '中村 奨吾', '右', 'ロッテ', 6, 2, 4, 3, 3, 1, 1, 135, 'ストレート', 32.5, 34.0, '見逃し', 2, 2, 7, 'S1');"
"INSERT INTO ballinfo VALUES ('2019-04-09', 2019040905, 'ロッテ', 'オリックス', 'アルバース', '左', 'オリックス', '中村 奨吾', '右', 'ロッテ', 6, 2, 4, 3, 4, 1, 2, 137, 'シュート', 89.0, 72.8, 'ボール', 4, 5, 20, 'B11');"
"INSERT INTO ballinfo VALUES ('2019-04-09', 2019040905, 'ロッテ', 'オリックス', 'アルバース', '左', 'オリックス', '中村 奨吾', '右', 'ロッテ', 6, 2, 4, 3, 5, 2, 2, 126, 'チェンジアップ', 71.5, 74.0, 'ファウル', 4, 4, 19, 'S9');"
"INSERT INTO ballinfo VALUES ('2019-04-09', 2019040905, 'ロッテ', 'オリックス', 'アルバース', '左', 'オリックス', '中村 奨吾', '右', 'ロッテ', 6, 2, 4, 3, 6, 2, 3, 138, 'シュート', 84.5, 44.0, 'ファウル', 3, 5, 15, 'B9');"
"INSERT INTO ballinfo VALUES ('2019-04-09', 2019040905, 'ロッテ', 'オリックス', 'アルバース', '左', 'オリックス', '中村 奨吾', '右', 'ロッテ', 6, 2, 4, 3, 7, 2, 4, 137, 'ストレート', 34.5, 52.8, '二飛', 3, 2, 12, 'S4');"
"INSERT INTO ballinfo VALUES ('2019-04-09', 2019040905, 'ロッテ', 'オリックス', '種市 篤暉', '右', 'ロッテ', '後藤 駿太', '左', 'オリックス', 7, 1, 1, 1, 1, 0, 0, 143, 'ストレート', 33.0, 49.2, '見逃し', 3, 2, 12, 'S4');"
"INSERT INTO ballinfo VALUES ('2019-04-09', 2019040905, 'ロッテ', 'オリックス', '種市 篤暉', '右', 'ロッテ', '後藤 駿太', '左', 'オリックス', 7, 1, 1, 1, 2, 0, 1, 128, 'スライダー', 54.0, 46.4, '捕邪飛', 3, 3, 13, 'S5');"
"INSERT INTO ballinfo VALUES ('2019-04-09', 2019040905, 'ロッテ', 'オリックス', '種市 篤暉', '右', 'ロッテ', '福田 周平', '左', 'オリックス', 7, 1, 2, 1, 1, 0, 0, 127, 'スライダー', 31.5, 44.0, '見逃し', 3, 2, 12, 'S4');"
"INSERT INTO ballinfo VALUES ('2019-04-09', 2019040905, 'ロッテ', 'オリックス', '種市 篤暉', '右', 'ロッテ', '福田 周平', '左', 'オリックス', 7, 1, 2, 1, 2, 0, 1, 134, 'フォーク', 26.5, 67.6, '空振り', 4, 2, 17, 'S7');"
"INSERT INTO ballinfo VALUES ('2019-04-09', 2019040905, 'ロッテ', 'オリックス', '種市 篤暉', '右', 'ロッテ', '福田 周平', '左', 'オリックス', 7, 1, 2, 1, 3, 0, 2, 147, 'ストレート', 24.5, 88.4, 'ボール', 5, 2, 22, 'B16');"
"INSERT INTO ballinfo VALUES ('2019-04-09', 2019040905, 'ロッテ', 'オリックス', '種市 篤暉', '右', 'ロッテ', '福田 周平', '左', 'オリックス', 7, 1, 2, 1, 4, 1, 2, 135, 'フォーク', 59.0, 92.8, 'ボール', 5, 3, 23, 'B17');"
"INSERT INTO ballinfo VALUES ('2019-04-09', 2019040905, 'ロッテ', 'オリックス', '種市 篤暉', '右', 'ロッテ', '福田 周平', '左', 'オリックス', 7, 1, 2, 1, 5, 2, 2, 145, 'ストレート', 52.0, 69.2, '左２', 4, 3, 18, 'S8');"
"INSERT INTO ballinfo VALUES ('2019-04-09', 2019040905, 'ロッテ', 'オリックス', '種市 篤暉', '右', 'ロッテ', '西浦 颯大', '左', 'オリックス', 7, 1, 3, 1, 1, 0, 0, 132, 'フォーク', 55.0, 88.0, 'ボール', 5, 3, 23, 'B17');"
"INSERT INTO ballinfo VALUES ('2019-04-09', 2019040905, 'ロッテ', 'オリックス', '種市 篤暉', '右', 'ロッテ', '西浦 颯大', '左', 'オリックス', 7, 1, 3, 1, 2, 1, 0, 129, 'スライダー', 15.0, 36.4, 'ボール', 2, 1, 6, 'B6');"
"INSERT INTO ballinfo VALUES ('2019-04-09', 2019040905, 'ロッテ', 'オリックス', '種市 篤暉', '右', 'ロッテ', '西浦 颯大', '左', 'オリックス', 7, 1, 3, 1, 3, 2, 0, 146, 'ストレート', 30.0, 87.2, 'ボール', 5, 2, 22, 'B16');"
"INSERT INTO ballinfo VALUES ('2019-04-09', 2019040905, 'ロッテ', 'オリックス', '種市 篤暉', '右', 'ロッテ', '西浦 颯大', '左', 'オリックス', 7, 1, 3, 1, 4, 3, 0, 139, 'ストレート', 74.5, 64.0, '見逃し', 4, 4, 19, 'S9');"
"INSERT INTO ballinfo VALUES ('2019-04-09', 2019040905, 'ロッテ', 'オリックス', '種市 篤暉', '右', 'ロッテ', '西浦 颯大', '左', 'オリックス', 7, 1, 3, 1, 5, 3, 1, 145, 'ストレート', 29.5, 10.0, '四球', 1, 2, 2, 'B2');"
"INSERT INTO ballinfo VALUES ('2019-04-09', 2019040905, 'ロッテ', 'オリックス', '種市 篤暉', '右', 'ロッテ', '吉田 正尚', '左', 'オリックス', 7, 1, 4, 2, 1, 0, 0, 134, 'フォーク', 53.5, 83.6, 'ボール', 5, 3, 23, 'B17');"
"INSERT INTO ballinfo VALUES ('2019-04-09', 2019040905, 'ロッテ', 'オリックス', '種市 篤暉', '右', 'ロッテ', '吉田 正尚', '左', 'オリックス', 7, 1, 4, 2, 2, 1, 0, 145, 'ストレート', 66.0, 66.8, '見逃し', 4, 4, 19, 'S9');"
"INSERT INTO ballinfo VALUES ('2019-04-09', 2019040905, 'ロッテ', 'オリックス', '種市 篤暉', '右', 'ロッテ', '吉田 正尚', '左', 'オリックス', 7, 1, 4, 2, 3, 1, 1, 144, 'ストレート', 47.0, 88.8, 'ボール', 5, 3, 23, 'B17');"
"INSERT INTO ballinfo VALUES ('2019-04-09', 2019040905, 'ロッテ', 'オリックス', '種市 篤暉', '右', 'ロッテ', '吉田 正尚', '左', 'オリックス', 7, 1, 4, 2, 4, 2, 1, 145, 'ストレート', 30.5, 63.6, '見逃し', 4, 2, 17, 'S7');"
"INSERT INTO ballinfo VALUES ('2019-04-09', 2019040905, 'ロッテ', 'オリックス', '種市 篤暉', '右', 'ロッテ', '吉田 正尚', '左', 'オリックス', 7, 1, 4, 2, 5, 2, 2, 134, 'フォーク', 58.0, 89.2, '空三振', 5, 3, 23, 'B17');"
"INSERT INTO ballinfo VALUES ('2019-04-09', 2019040905, 'ロッテ', 'オリックス', '種市 篤暉', '右', 'ロッテ', 'メネセス', '右', 'オリックス', 7, 1, 5, 3, 1, 0, 0, 130, 'スライダー', 13.0, 29.2, 'ボール', 2, 1, 6, 'B6');"
"INSERT INTO ballinfo VALUES ('2019-04-09', 2019040905, 'ロッテ', 'オリックス', '種市 篤暉', '右', 'ロッテ', 'メネセス', '右', 'オリックス', 7, 1, 5, 3, 2, 1, 0, 145, 'ストレート', 46.5, 37.2, 'ファウル', 2, 3, 8, 'S2');"
"INSERT INTO ballinfo VALUES ('2019-04-09', 2019040905, 'ロッテ', 'オリックス', '種市 篤暉', '右', 'ロッテ', 'メネセス', '右', 'オリックス', 7, 1, 5, 3, 3, 1, 1, 145, 'ストレート', 56.5, 56.4, '見逃し', 3, 3, 13, 'S5');"
"INSERT INTO ballinfo VALUES ('2019-04-09', 2019040905, 'ロッテ', 'オリックス', '種市 篤暉', '右', 'ロッテ', 'メネセス', '右', 'オリックス', 7, 1, 5, 3, 4, 1, 2, 147, 'ストレート', 76.5, 57.2, '見三振', 3, 4, 14, 'S6');"
"INSERT INTO ballinfo VALUES ('2019-04-09', 2019040905, 'ロッテ', 'オリックス', 'アルバース', '左', 'オリックス', '角中 勝也', '左', 'ロッテ', 7, 2, 1, 0, 1, 0, 0, 132, 'シュート', 50.0, 54.8, '二失', 3, 3, 13, 'S5');"
"INSERT INTO ballinfo VALUES ('2019-04-09', 2019040905, 'ロッテ', 'オリックス', 'アルバース', '左', 'オリックス', 'レアード', '右', 'ロッテ', 7, 2, 2, 1, 1, 0, 0, 135, 'シュート', 76.5, 55.2, '見逃し', 3, 4, 14, 'S6');"
"INSERT INTO ballinfo VALUES ('2019-04-09', 2019040905, 'ロッテ', 'オリックス', 'アルバース', '左', 'オリックス', 'レアード', '右', 'ロッテ', 7, 2, 2, 1, 2, 0, 1, 107, 'カーブ', 36.5, 67.6, '見逃し', 4, 2, 17, 'S7');"
"INSERT INTO ballinfo VALUES ('2019-04-09', 2019040905, 'ロッテ', 'オリックス', 'アルバース', '左', 'オリックス', 'レアード', '右', 'ロッテ', 7, 2, 2, 1, 3, 0, 2, 123, 'チェンジアップ', 89.5, 86.8, 'ボール', 5, 5, 25, 'B19');"
"INSERT INTO ballinfo VALUES ('2019-04-09', 2019040905, 'ロッテ', 'オリックス', 'アルバース', '左', 'オリックス', 'レアード', '右', 'ロッテ', 7, 2, 2, 1, 4, 1, 2, 137, 'シュート', 64.0, 28.4, 'ファウル', 2, 4, 9, 'S3');"
"INSERT INTO ballinfo VALUES ('2019-04-09', 2019040905, 'ロッテ', 'オリックス', 'アルバース', '左', 'オリックス', 'レアード', '右', 'ロッテ', 7, 2, 2, 1, 5, 1, 3, 136, 'ストレート', 15.5, 85.2, 'ボール', 5, 1, 21, 'B15');"
"INSERT INTO ballinfo VALUES ('2019-04-09', 2019040905, 'ロッテ', 'オリックス', 'アルバース', '左', 'オリックス', 'レアード', '右', 'ロッテ', 7, 2, 2, 1, 6, 2, 3, 137, 'シュート', 77.0, 63.6, '空三振', 4, 4, 19, 'S9');"
"INSERT INTO ballinfo VALUES ('2019-04-09', 2019040905, 'ロッテ', 'オリックス', 'アルバース', '左', 'オリックス', '鈴木 大地', '左', 'ロッテ', 7, 2, 3, 2, 1, 0, 0, 133, 'シュート', 55.0, 32.8, '一ゴロ', 2, 3, 8, 'S2');"
"INSERT INTO ballinfo VALUES ('2019-04-09', 2019040905, 'ロッテ', 'オリックス', 'アルバース', '左', 'オリックス', 'バルガス', '右', 'ロッテ', 7, 2, 4, 3, 1, 0, 0, 125, 'チェンジアップ', 74.5, 26.4, '遊ゴロ', 2, 4, 9, 'S3');"
"INSERT INTO ballinfo VALUES ('2019-04-09', 2019040905, 'ロッテ', 'オリックス', '西野 勇士', '右', 'ロッテ', '頓宮 裕真', '右', 'オリックス', 8, 1, 1, 1, 1, 0, 0, 126, 'スライダー', 72.0, 31.6, '見逃し', 2, 4, 9, 'S3');"
"INSERT INTO ballinfo VALUES ('2019-04-09', 2019040905, 'ロッテ', 'オリックス', '西野 勇士', '右', 'ロッテ', '頓宮 裕真', '右', 'オリックス', 8, 1, 1, 1, 2, 0, 1, 128, 'スライダー', 72.5, 71.6, '空振り', 4, 4, 19, 'S9');"
"INSERT INTO ballinfo VALUES ('2019-04-09', 2019040905, 'ロッテ', 'オリックス', '西野 勇士', '右', 'ロッテ', '頓宮 裕真', '右', 'オリックス', 8, 1, 1, 1, 3, 0, 2, 130, 'スライダー', 87.5, 83.6, '空三振', 5, 5, 25, 'B19');"
"INSERT INTO ballinfo VALUES ('2019-04-09', 2019040905, 'ロッテ', 'オリックス', '西野 勇士', '右', 'ロッテ', '西野 真弘', '左', 'オリックス', 8, 1, 2, 1, 1, 0, 0, 114, 'カーブ', 47.0, 27.2, '見逃し', 2, 3, 8, 'S2');"
"INSERT INTO ballinfo VALUES ('2019-04-09', 2019040905, 'ロッテ', 'オリックス', '西野 勇士', '右', 'ロッテ', '西野 真弘', '左', 'オリックス', 8, 1, 2, 1, 2, 0, 1, 144, 'ストレート', 15.0, 89.2, 'ボール', 5, 1, 21, 'B15');"
"INSERT INTO ballinfo VALUES ('2019-04-09', 2019040905, 'ロッテ', 'オリックス', '西野 勇士', '右', 'ロッテ', '西野 真弘', '左', 'オリックス', 8, 1, 2, 1, 3, 1, 1, 139, 'スライダー', 48.5, 56.4, '中安', 3, 3, 13, 'S5');"
"INSERT INTO ballinfo VALUES ('2019-04-09', 2019040905, 'ロッテ', 'オリックス', '西野 勇士', '右', 'ロッテ', 'Ｔ－岡田', '左', 'オリックス', 8, 1, 3, 3, 1, 0, 0, 145, 'ストレート', 55.5, 90.4, '二併打', 5, 3, 23, 'B17');"
"INSERT INTO ballinfo VALUES ('2019-04-09', 2019040905, 'ロッテ', 'オリックス', 'アルバース', '左', 'オリックス', '荻野 貴司', '右', 'ロッテ', 8, 2, 1, 0, 1, 0, 0, 106, 'カーブ', 93.5, 68.4, 'ボール', 4, 5, 20, 'B11');"
"INSERT INTO ballinfo VALUES ('2019-04-09', 2019040905, 'ロッテ', 'オリックス', 'アルバース', '左', 'オリックス', '荻野 貴司', '右', 'ロッテ', 8, 2, 1, 0, 2, 1, 0, 133, 'シュート', 69.5, 68.4, '見逃し', 4, 4, 19, 'S9');"
"INSERT INTO ballinfo VALUES ('2019-04-09', 2019040905, 'ロッテ', 'オリックス', 'アルバース', '左', 'オリックス', '荻野 貴司', '右', 'ロッテ', 8, 2, 1, 0, 3, 1, 1, 117, 'スライダー', 48.5, 52.4, '中安', 3, 3, 13, 'S5');"
"INSERT INTO ballinfo VALUES ('2019-04-09', 2019040905, 'ロッテ', 'オリックス', 'アルバース', '左', 'オリックス', '藤岡 裕大', '左', 'ロッテ', 8, 2, 2, 1, 1, 0, 0, 118, 'スライダー', 36.5, 46.0, '見逃し', 3, 2, 12, 'S4');"
"INSERT INTO ballinfo VALUES ('2019-04-09', 2019040905, 'ロッテ', 'オリックス', 'アルバース', '左', 'オリックス', '藤岡 裕大', '左', 'ロッテ', 8, 2, 2, 1, 2, 0, 1, 131, 'シュート', 32.5, 67.2, '見逃し', 4, 2, 17, 'S7');"
"INSERT INTO ballinfo VALUES ('2019-04-09', 2019040905, 'ロッテ', 'オリックス', 'アルバース', '左', 'オリックス', '藤岡 裕大', '左', 'ロッテ', 8, 2, 2, 1, 3, 0, 2, 119, 'スライダー', 14.5, 89.2, 'ボール', 5, 1, 21, 'B15');"
"INSERT INTO ballinfo VALUES ('2019-04-09', 2019040905, 'ロッテ', 'オリックス', 'アルバース', '左', 'オリックス', '藤岡 裕大', '左', 'ロッテ', 8, 2, 2, 1, 4, 1, 2, 137, 'シュート', 76.5, 29.6, 'ファウル', 2, 4, 9, 'S3');"
"INSERT INTO ballinfo VALUES ('2019-04-09', 2019040905, 'ロッテ', 'オリックス', 'アルバース', '左', 'オリックス', '藤岡 裕大', '左', 'ロッテ', 8, 2, 2, 1, 5, 1, 3, 137, 'シュート', 53.5, 24.4, 'ファウル', 2, 3, 8, 'S2');"
"INSERT INTO ballinfo VALUES ('2019-04-09', 2019040905, 'ロッテ', 'オリックス', 'アルバース', '左', 'オリックス', '藤岡 裕大', '左', 'ロッテ', 8, 2, 2, 1, 6, 1, 4, 125, 'スライダー', 35.0, 55.2, '空三振', 3, 2, 12, 'S4');"
"INSERT INTO ballinfo VALUES ('2019-04-09', 2019040905, 'ロッテ', 'オリックス', 'アルバース', '左', 'オリックス', '清田 育宏', '右', 'ロッテ', 8, 2, 3, 2, 1, 0, 0, 135, 'シュート', 75.5, 66.4, '見逃し', 4, 4, 19, 'S9');"
"INSERT INTO ballinfo VALUES ('2019-04-09', 2019040905, 'ロッテ', 'オリックス', 'アルバース', '左', 'オリックス', '清田 育宏', '右', 'ロッテ', 8, 2, 3, 2, 2, 0, 1, 124, 'チェンジアップ', 84.5, 26.4, 'ファウル', 2, 5, 10, 'B7');"
"INSERT INTO ballinfo VALUES ('2019-04-09', 2019040905, 'ロッテ', 'オリックス', 'アルバース', '左', 'オリックス', '清田 育宏', '右', 'ロッテ', 8, 2, 3, 2, 3, 0, 2, 137, 'ストレート', 13.5, 43.6, 'ボール', 3, 1, 11, 'B8');"
"INSERT INTO ballinfo VALUES ('2019-04-09', 2019040905, 'ロッテ', 'オリックス', 'アルバース', '左', 'オリックス', '清田 育宏', '右', 'ロッテ', 8, 2, 3, 2, 4, 1, 2, 136, 'ストレート', 26.5, 29.6, 'ファウル', 2, 2, 7, 'S1');"
"INSERT INTO ballinfo VALUES ('2019-04-09', 2019040905, 'ロッテ', 'オリックス', 'アルバース', '左', 'オリックス', '清田 育宏', '右', 'ロッテ', 8, 2, 3, 2, 5, 1, 3, 125, 'チェンジアップ', 89.5, 71.6, '三ゴロ', 4, 5, 20, 'B11');"
"INSERT INTO ballinfo VALUES ('2019-04-09', 2019040905, 'ロッテ', 'オリックス', '吉田 一将', '右', 'オリックス', '加藤 翔平', '左', 'ロッテ', 8, 2, 4, 3, 1, 0, 0, 133, 'フォーク', 89.0, 88.8, 'ボール', 5, 5, 25, 'B19');"
"INSERT INTO ballinfo VALUES ('2019-04-09', 2019040905, 'ロッテ', 'オリックス', '吉田 一将', '右', 'オリックス', '加藤 翔平', '左', 'ロッテ', 8, 2, 4, 3, 2, 1, 0, 145, 'ストレート', 55.5, 84.8, 'ボール', 5, 3, 23, 'B17');"
"INSERT INTO ballinfo VALUES ('2019-04-09', 2019040905, 'ロッテ', 'オリックス', '吉田 一将', '右', 'オリックス', '加藤 翔平', '左', 'ロッテ', 8, 2, 4, 3, 3, 2, 0, 144, 'ストレート', 66.5, 36.0, '見逃し', 2, 4, 9, 'S3');"
"INSERT INTO ballinfo VALUES ('2019-04-09', 2019040905, 'ロッテ', 'オリックス', '吉田 一将', '右', 'オリックス', '加藤 翔平', '左', 'ロッテ', 8, 2, 4, 3, 4, 2, 1, 145, 'ストレート', 34.5, 75.6, '見逃し', 4, 2, 17, 'S7');"
"INSERT INTO ballinfo VALUES ('2019-04-09', 2019040905, 'ロッテ', 'オリックス', '吉田 一将', '右', 'オリックス', '加藤 翔平', '左', 'ロッテ', 8, 2, 4, 3, 5, 2, 2, 132, 'フォーク', 73.5, 87.6, '空三振', 5, 4, 24, 'B18');"
"INSERT INTO ballinfo VALUES ('2019-04-09', 2019040905, 'ロッテ', 'オリックス', '酒居 知史', '右', 'ロッテ', '若月 健矢', '右', 'オリックス', 9, 1, 1, 1, 1, 0, 0, 142, 'ストレート', 50.0, 28.4, '見逃し', 2, 3, 8, 'S2');"
"INSERT INTO ballinfo VALUES ('2019-04-09', 2019040905, 'ロッテ', 'オリックス', '酒居 知史', '右', 'ロッテ', '若月 健矢', '右', 'オリックス', 9, 1, 1, 1, 2, 0, 1, 145, 'ストレート', 56.5, 67.2, '見逃し', 4, 3, 18, 'S8');"
"INSERT INTO ballinfo VALUES ('2019-04-09', 2019040905, 'ロッテ', 'オリックス', '酒居 知史', '右', 'ロッテ', '若月 健矢', '右', 'オリックス', 9, 1, 1, 1, 3, 0, 2, 141, 'ストレート', 90.5, 65.6, 'ボール', 4, 5, 20, 'B11');"
"INSERT INTO ballinfo VALUES ('2019-04-09', 2019040905, 'ロッテ', 'オリックス', '酒居 知史', '右', 'ロッテ', '若月 健矢', '右', 'オリックス', 9, 1, 1, 1, 4, 1, 2, 133, 'フォーク', 74.5, 86.4, 'ボール', 5, 4, 24, 'B18');"
"INSERT INTO ballinfo VALUES ('2019-04-09', 2019040905, 'ロッテ', 'オリックス', '酒居 知史', '右', 'ロッテ', '若月 健矢', '右', 'オリックス', 9, 1, 1, 1, 5, 2, 2, 132, 'フォーク', 46.5, 89.2, '空三振', 5, 3, 23, 'B17');"
"INSERT INTO ballinfo VALUES ('2019-04-09', 2019040905, 'ロッテ', 'オリックス', '酒居 知史', '右', 'ロッテ', '後藤 駿太', '左', 'オリックス', 9, 1, 2, 2, 1, 0, 0, 130, 'スライダー', 26.0, 45.2, '見逃し', 3, 2, 12, 'S4');"
"INSERT INTO ballinfo VALUES ('2019-04-09', 2019040905, 'ロッテ', 'オリックス', '酒居 知史', '右', 'ロッテ', '後藤 駿太', '左', 'オリックス', 9, 1, 2, 2, 2, 0, 1, 133, 'フォーク', 26.5, 65.6, '空振り', 4, 2, 17, 'S7');"
"INSERT INTO ballinfo VALUES ('2019-04-09', 2019040905, 'ロッテ', 'オリックス', '酒居 知史', '右', 'ロッテ', '後藤 駿太', '左', 'オリックス', 9, 1, 2, 2, 3, 0, 2, 132, 'フォーク', 34.0, 87.6, '空三振', 5, 2, 22, 'B16');"
"INSERT INTO ballinfo VALUES ('2019-04-09', 2019040905, 'ロッテ', 'オリックス', '酒居 知史', '右', 'ロッテ', '福田 周平', '左', 'オリックス', 9, 1, 3, 3, 1, 0, 0, 134, 'フォーク', 77.0, 93.2, 'ボール', 5, 4, 24, 'B18');"
"INSERT INTO ballinfo VALUES ('2019-04-09', 2019040905, 'ロッテ', 'オリックス', '酒居 知史', '右', 'ロッテ', '福田 周平', '左', 'オリックス', 9, 1, 3, 3, 2, 1, 0, 140, 'ストレート', 30.0, 8.4, 'ボール', 1, 2, 2, 'B2');"
"INSERT INTO ballinfo VALUES ('2019-04-09', 2019040905, 'ロッテ', 'オリックス', '酒居 知史', '右', 'ロッテ', '福田 周平', '左', 'オリックス', 9, 1, 3, 3, 3, 2, 0, 131, 'スライダー', 48.0, 24.0, '見逃し', 2, 3, 8, 'S2');"
"INSERT INTO ballinfo VALUES ('2019-04-09', 2019040905, 'ロッテ', 'オリックス', '酒居 知史', '右', 'ロッテ', '福田 周平', '左', 'オリックス', 9, 1, 3, 3, 4, 2, 1, 144, 'ストレート', 49.0, 31.2, 'ファウル', 2, 3, 8, 'S2');"
"INSERT INTO ballinfo VALUES ('2019-04-09', 2019040905, 'ロッテ', 'オリックス', '酒居 知史', '右', 'ロッテ', '福田 周平', '左', 'オリックス', 9, 1, 3, 3, 5, 2, 2, 134, 'フォーク', 51.0, 86.8, '一ゴロ', 5, 3, 23, 'B17');"
"INSERT INTO ballinfo VALUES ('2019-04-09', 2019040905, 'ロッテ', 'オリックス', '澤田 圭佑', '右', 'オリックス', '中村 奨吾', '右', 'ロッテ', 9, 2, 1, 0, 1, 0, 0, 144, 'ストレート', 72.0, 27.6, 'ファウル', 2, 4, 9, 'S3');"
"INSERT INTO ballinfo VALUES ('2019-04-09', 2019040905, 'ロッテ', 'オリックス', '澤田 圭佑', '右', 'オリックス', '中村 奨吾', '右', 'ロッテ', 9, 2, 1, 0, 2, 0, 1, 146, 'ストレート', 77.0, 16.4, 'ファウル', 1, 4, 4, 'B4');"
"INSERT INTO ballinfo VALUES ('2019-04-09', 2019040905, 'ロッテ', 'オリックス', '澤田 圭佑', '右', 'オリックス', '中村 奨吾', '右', 'ロッテ', 9, 2, 1, 0, 3, 0, 2, 138, 'カットボール', 76.5, 23.6, 'ファウル', 2, 4, 9, 'S3');"
"INSERT INTO ballinfo VALUES ('2019-04-09', 2019040905, 'ロッテ', 'オリックス', '澤田 圭佑', '右', 'オリックス', '中村 奨吾', '右', 'ロッテ', 9, 2, 1, 0, 4, 0, 3, 123, 'チェンジアップ', 57.0, 56.8, 'ファウル', 3, 3, 13, 'S5');"
"INSERT INTO ballinfo VALUES ('2019-04-09', 2019040905, 'ロッテ', 'オリックス', '澤田 圭佑', '右', 'オリックス', '中村 奨吾', '右', 'ロッテ', 9, 2, 1, 0, 5, 0, 4, 120, 'チェンジアップ', 78.5, 87.6, 'ボール', 5, 4, 24, 'B18');"
"INSERT INTO ballinfo VALUES ('2019-04-09', 2019040905, 'ロッテ', 'オリックス', '澤田 圭佑', '右', 'オリックス', '中村 奨吾', '右', 'ロッテ', 9, 2, 1, 0, 6, 1, 4, 146, 'ストレート', 45.0, 47.2, '左安', 3, 3, 13, 'S5');"
"INSERT INTO ballinfo VALUES ('2019-04-09', 2019040905, 'ロッテ', 'オリックス', '澤田 圭佑', '右', 'オリックス', '角中 勝也', '左', 'ロッテ', 9, 2, 2, 0, 1, 0, 0, 145, 'ストレート', 31.5, 69.6, '見逃し', 4, 2, 17, 'S7');"
"INSERT INTO ballinfo VALUES ('2019-04-09', 2019040905, 'ロッテ', 'オリックス', '澤田 圭佑', '右', 'オリックス', '角中 勝也', '左', 'ロッテ', 9, 2, 2, 0, 2, 0, 1, 121, 'チェンジアップ', 27.5, 89.2, 'ボール', 5, 2, 22, 'B16');"
"INSERT INTO ballinfo VALUES ('2019-04-09', 2019040905, 'ロッテ', 'オリックス', '澤田 圭佑', '右', 'オリックス', '角中 勝也', '左', 'ロッテ', 9, 2, 2, 0, 3, 1, 1, 142, 'ストレート', 30.0, 43.6, '空振り', 3, 2, 12, 'S4');"
"INSERT INTO ballinfo VALUES ('2019-04-09', 2019040905, 'ロッテ', 'オリックス', '澤田 圭佑', '右', 'オリックス', '角中 勝也', '左', 'ロッテ', 9, 2, 2, 0, 4, 1, 2, 144, 'ストレート', 53.0, 37.6, '中本', 2, 3, 8, 'S2');"
"INSERT INTO ballinfo VALUES ('2019-04-09', 2019040905, 'ロッテ', 'オリックス', '澤田 圭佑', '右', 'オリックス', 'レアード', '右', 'ロッテ', 9, 2, 3, 0, 1, 0, 0, 136, 'カットボール', 55.5, 55.6, '遊失', 3, 3, 13, 'S5');"
"INSERT INTO ballinfo VALUES ('2019-04-09', 2019040905, 'ロッテ', 'オリックス', '澤田 圭佑', '右', 'オリックス', '鈴木 大地', '左', 'ロッテ', 9, 2, 4, 1, 1, 0, 0, 139, 'ストレート', 86.5, 87.6, 'ボール', 5, 5, 25, 'B19');"
"INSERT INTO ballinfo VALUES ('2019-04-09', 2019040905, 'ロッテ', 'オリックス', '澤田 圭佑', '右', 'オリックス', '鈴木 大地', '左', 'ロッテ', 9, 2, 4, 1, 2, 1, 0, 137, 'ストレート', 36.0, 35.6, '三犠打', 2, 2, 7, 'S1');"
"INSERT INTO ballinfo VALUES ('2019-04-09', 2019040905, 'ロッテ', 'オリックス', '澤田 圭佑', '右', 'オリックス', '荻野 貴司', '右', 'ロッテ', 9, 2, 6, 1, 1, 0, 0, 133, 'ストレート', 71.5, 69.2, '見逃し', 4, 4, 19, 'S9');"
"INSERT INTO ballinfo VALUES ('2019-04-09', 2019040905, 'ロッテ', 'オリックス', '澤田 圭佑', '右', 'オリックス', '荻野 貴司', '右', 'ロッテ', 9, 2, 6, 1, 2, 0, 1, 135, 'カットボール', 93.0, 84.4, 'ボール', 5, 5, 25, 'B19');"
"INSERT INTO ballinfo VALUES ('2019-04-09', 2019040905, 'ロッテ', 'オリックス', '澤田 圭佑', '右', 'オリックス', '荻野 貴司', '右', 'ロッテ', 9, 2, 6, 1, 3, 1, 1, 145, 'ストレート', 73.5, 89.2, 'ボール', 5, 4, 24, 'B18');"
"INSERT INTO ballinfo VALUES ('2019-04-09', 2019040905, 'ロッテ', 'オリックス', '澤田 圭佑', '右', 'オリックス', '荻野 貴司', '右', 'ロッテ', 9, 2, 6, 1, 4, 2, 1, 145, 'ストレート', 35.5, 36.0, '中安', 2, 2, 7, 'S1');"
"INSERT INTO ballinfo VALUES ('2019-04-09', 2019040905, 'ロッテ', 'オリックス', '澤田 圭佑', '右', 'オリックス', '藤岡 裕大', '左', 'ロッテ', 9, 2, 7, 2, 1, 0, 0, 123, 'チェンジアップ', 53.5, 90.0, 'ボール', 5, 3, 23, 'B17');"
"INSERT INTO ballinfo VALUES ('2019-04-09', 2019040905, 'ロッテ', 'オリックス', '澤田 圭佑', '右', 'オリックス', '藤岡 裕大', '左', 'ロッテ', 9, 2, 7, 2, 2, 1, 0, 146, 'ストレート', 55.0, 32.8, '三飛', 2, 3, 8, 'S2');"
"INSERT INTO ballinfo VALUES ('2019-04-09', 2019040905, 'ロッテ', 'オリックス', '澤田 圭佑', '右', 'オリックス', '吉田 裕太', '右', 'ロッテ', 9, 2, 8, 3, 1, 0, 0, 137, 'カットボール', 88.5, 35.6, 'ボール', 2, 5, 10, 'B7');"
"INSERT INTO ballinfo VALUES ('2019-04-09', 2019040905, 'ロッテ', 'オリックス', '澤田 圭佑', '右', 'オリックス', '吉田 裕太', '右', 'ロッテ', 9, 2, 8, 3, 2, 1, 0, 143, 'ストレート', 50.5, 37.2, 'ファウル', 2, 3, 8, 'S2');"
"INSERT INTO ballinfo VALUES ('2019-04-09', 2019040905, 'ロッテ', 'オリックス', '澤田 圭佑', '右', 'オリックス', '吉田 裕太', '右', 'ロッテ', 9, 2, 8, 3, 3, 1, 1, 145, 'ストレート', 66.5, 53.2, '空振り', 3, 4, 14, 'S6');"
"INSERT INTO ballinfo VALUES ('2019-04-09', 2019040905, 'ロッテ', 'オリックス', '澤田 圭佑', '右', 'オリックス', '吉田 裕太', '右', 'ロッテ', 9, 2, 8, 3, 4, 1, 2, 136, 'カットボール', 90.0, 43.6, '空三振', 3, 5, 15, 'B9');"
"INSERT INTO ballinfo VALUES ('2019-04-09', 2019040905, 'ロッテ', 'オリックス', '益田 直也', '右', 'ロッテ', '西浦 颯大', '左', 'オリックス', 10, 1, 1, 1, 1, 0, 0, 129, 'シンカー', 56.5, 71.6, '見逃し', 4, 3, 18, 'S8');"
"INSERT INTO ballinfo VALUES ('2019-04-09', 2019040905, 'ロッテ', 'オリックス', '益田 直也', '右', 'ロッテ', '西浦 颯大', '左', 'オリックス', 10, 1, 1, 1, 2, 0, 1, 129, 'シンカー', 52.5, 84.8, '遊飛', 5, 3, 23, 'B17');"
"INSERT INTO ballinfo VALUES ('2019-04-09', 2019040905, 'ロッテ', 'オリックス', '益田 直也', '右', 'ロッテ', '吉田 正尚', '左', 'オリックス', 10, 1, 2, 2, 1, 0, 0, 126, 'シンカー', 13.5, 30.0, 'ボール', 2, 1, 6, 'B6');"
"INSERT INTO ballinfo VALUES ('2019-04-09', 2019040905, 'ロッテ', 'オリックス', '益田 直也', '右', 'ロッテ', '吉田 正尚', '左', 'オリックス', 10, 1, 2, 2, 2, 1, 0, 147, 'ストレート', 28.0, 65.2, '見逃し', 4, 2, 17, 'S7');"
"INSERT INTO ballinfo VALUES ('2019-04-09', 2019040905, 'ロッテ', 'オリックス', '益田 直也', '右', 'ロッテ', '吉田 正尚', '左', 'オリックス', 10, 1, 2, 2, 3, 1, 1, 147, 'ストレート', 31.0, 46.0, '左飛', 3, 2, 12, 'S4');"
"INSERT INTO ballinfo VALUES ('2019-04-09', 2019040905, 'ロッテ', 'オリックス', '益田 直也', '右', 'ロッテ', 'メネセス', '右', 'オリックス', 10, 1, 3, 3, 1, 0, 0, 136, 'カットボール', 90.5, 87.6, 'ボール', 5, 5, 25, 'B19');"
"INSERT INTO ballinfo VALUES ('2019-04-09', 2019040905, 'ロッテ', 'オリックス', '益田 直也', '右', 'ロッテ', 'メネセス', '右', 'オリックス', 10, 1, 3, 3, 2, 1, 0, 138, 'カットボール', 75.5, 90.0, 'ボール', 5, 4, 24, 'B18');"
"INSERT INTO ballinfo VALUES ('2019-04-09', 2019040905, 'ロッテ', 'オリックス', '益田 直也', '右', 'ロッテ', 'メネセス', '右', 'オリックス', 10, 1, 3, 3, 3, 2, 0, 135, 'カットボール', 74.5, 56.0, '空振り', 3, 4, 14, 'S6');"
"INSERT INTO ballinfo VALUES ('2019-04-09', 2019040905, 'ロッテ', 'オリックス', '益田 直也', '右', 'ロッテ', 'メネセス', '右', 'オリックス', 10, 1, 3, 3, 4, 2, 1, 150, 'ストレート', 68.0, 85.2, 'ボール', 5, 4, 24, 'B18');"
"INSERT INTO ballinfo VALUES ('2019-04-09', 2019040905, 'ロッテ', 'オリックス', '益田 直也', '右', 'ロッテ', 'メネセス', '右', 'オリックス', 10, 1, 3, 3, 5, 3, 1, 132, 'スライダー', 47.5, 64.4, 'ファウル', 4, 3, 18, 'S8');"
"INSERT INTO ballinfo VALUES ('2019-04-09', 2019040905, 'ロッテ', 'オリックス', '益田 直也', '右', 'ロッテ', 'メネセス', '右', 'オリックス', 10, 1, 3, 3, 6, 3, 2, 138, 'カットボール', 86.5, 91.2, '空三振', 5, 5, 25, 'B19');"
"INSERT INTO ballinfo VALUES ('2019-04-09', 2019040905, 'ロッテ', 'オリックス', '近藤 大亮', '右', 'オリックス', '加藤 翔平', '左', 'ロッテ', 10, 2, 1, 1, 1, 0, 0, 148, 'ストレート', 96.5, 52.4, 'ボール', 3, 5, 15, 'B9');"
"INSERT INTO ballinfo VALUES ('2019-04-09', 2019040905, 'ロッテ', 'オリックス', '近藤 大亮', '右', 'オリックス', '加藤 翔平', '左', 'ロッテ', 10, 2, 1, 1, 2, 1, 0, 145, 'ストレート', 35.5, 77.2, 'ファウル', 4, 2, 17, 'S7');"
"INSERT INTO ballinfo VALUES ('2019-04-09', 2019040905, 'ロッテ', 'オリックス', '近藤 大亮', '右', 'オリックス', '加藤 翔平', '左', 'ロッテ', 10, 2, 1, 1, 3, 1, 1, 132, 'フォーク', 29.5, 9.6, 'ボール', 1, 2, 2, 'B2');"
"INSERT INTO ballinfo VALUES ('2019-04-09', 2019040905, 'ロッテ', 'オリックス', '近藤 大亮', '右', 'オリックス', '加藤 翔平', '左', 'ロッテ', 10, 2, 1, 1, 4, 2, 1, 144, 'ストレート', 48.5, 48.4, 'ファウル', 3, 3, 13, 'S5');"
"INSERT INTO ballinfo VALUES ('2019-04-09', 2019040905, 'ロッテ', 'オリックス', '近藤 大亮', '右', 'オリックス', '加藤 翔平', '左', 'ロッテ', 10, 2, 1, 1, 5, 2, 2, 133, 'フォーク', 26.0, 48.0, '空三振', 3, 2, 12, 'S4');"
"INSERT INTO ballinfo VALUES ('2019-04-09', 2019040905, 'ロッテ', 'オリックス', '近藤 大亮', '右', 'オリックス', '中村 奨吾', '右', 'ロッテ', 10, 2, 2, 1, 1, 0, 0, 136, 'カットボール', 76.0, 87.2, 'ボール', 5, 4, 24, 'B18');"
"INSERT INTO ballinfo VALUES ('2019-04-09', 2019040905, 'ロッテ', 'オリックス', '近藤 大亮', '右', 'オリックス', '中村 奨吾', '右', 'ロッテ', 10, 2, 2, 1, 2, 1, 0, 145, 'ストレート', 64.5, 64.8, '見逃し', 4, 4, 19, 'S9');"
"INSERT INTO ballinfo VALUES ('2019-04-09', 2019040905, 'ロッテ', 'オリックス', '近藤 大亮', '右', 'オリックス', '中村 奨吾', '右', 'ロッテ', 10, 2, 2, 1, 3, 1, 1, 136, 'カットボール', 65.0, 71.6, '見逃し', 4, 4, 19, 'S9');"
"INSERT INTO ballinfo VALUES ('2019-04-09', 2019040905, 'ロッテ', 'オリックス', '近藤 大亮', '右', 'オリックス', '中村 奨吾', '右', 'ロッテ', 10, 2, 2, 1, 4, 1, 2, 136, 'カットボール', 86.0, 88.4, 'ボール', 5, 5, 25, 'B19');"
"INSERT INTO ballinfo VALUES ('2019-04-09', 2019040905, 'ロッテ', 'オリックス', '近藤 大亮', '右', 'オリックス', '中村 奨吾', '右', 'ロッテ', 10, 2, 2, 1, 5, 2, 2, 135, 'カットボール', 87.5, 92.4, 'ボール', 5, 5, 25, 'B19');"
"INSERT INTO ballinfo VALUES ('2019-04-09', 2019040905, 'ロッテ', 'オリックス', '近藤 大亮', '右', 'オリックス', '中村 奨吾', '右', 'ロッテ', 10, 2, 2, 1, 6, 3, 2, 134, 'カットボール', 85.5, 83.6, '四球', 5, 5, 25, 'B19');"
"INSERT INTO ballinfo VALUES ('2019-04-09', 2019040905, 'ロッテ', 'オリックス', '近藤 大亮', '右', 'オリックス', '角中 勝也', '左', 'ロッテ', 10, 2, 3, 1, 1, 0, 0, 146, 'ストレート', 86.5, 90.4, 'ボール', 5, 5, 25, 'B19');"
"INSERT INTO ballinfo VALUES ('2019-04-09', 2019040905, 'ロッテ', 'オリックス', '近藤 大亮', '右', 'オリックス', '角中 勝也', '左', 'ロッテ', 10, 2, 3, 1, 2, 1, 0, 146, 'ストレート', 69.5, 28.8, 'ファウル', 2, 4, 9, 'S3');"
"INSERT INTO ballinfo VALUES ('2019-04-09', 2019040905, 'ロッテ', 'オリックス', '近藤 大亮', '右', 'オリックス', '角中 勝也', '左', 'ロッテ', 10, 2, 3, 1, 3, 1, 1, 120, 'フォーク', 54.5, 16.4, '敬遠', 1, 3, 3, 'B3');"
"INSERT INTO ballinfo VALUES ('2019-04-09', 2019040905, 'ロッテ', 'オリックス', '近藤 大亮', '右', 'オリックス', '三木 亮', '右', 'ロッテ', 10, 2, 4, 1, 1, 0, 0, 133, 'カットボール', 86.0, 85.6, '捕安', 5, 5, 25, 'B19');"
"INSERT INTO ballinfo VALUES ('2019-04-09', 2019040905, 'ロッテ', 'オリックス', '近藤 大亮', '右', 'オリックス', '鈴木 大地', '左', 'ロッテ', 10, 2, 5, 1, 1, 0, 0, 146, 'ストレート', 53.0, 69.6, 'ヒットライナー', 4, 3, 18, 'S8');"
