"INSERT INTO ballinfo VALUES ('2019-04-14', 2019041403, '阪神', '中日', '西 勇輝', '右', '阪神', '京田 陽太', '左', '中日', 1, 1, 1, 1, 1, 0, 0, 0, 'ストレート', 27.5, 88.8, 'ボール', 5, 2, 22, 'B16');"
"INSERT INTO ballinfo VALUES ('2019-04-14', 2019041403, '阪神', '中日', '西 勇輝', '右', '阪神', '京田 陽太', '左', '中日', 1, 1, 1, 1, 2, 1, 0, 0, 'シュート', 14.5, 72.4, 'ファウル', 4, 1, 16, 'B10');"
"INSERT INTO ballinfo VALUES ('2019-04-14', 2019041403, '阪神', '中日', '西 勇輝', '右', '阪神', '京田 陽太', '左', '中日', 1, 1, 1, 1, 3, 1, 1, 0, 'シュート', 30.5, 55.6, '二ゴロ', 3, 2, 12, 'S4');"
"INSERT INTO ballinfo VALUES ('2019-04-14', 2019041403, '阪神', '中日', '西 勇輝', '右', '阪神', '遠藤 一星', '左', '中日', 1, 1, 2, 1, 1, 0, 0, 130, 'シュート', 10.5, 75.6, 'ボール', 4, 1, 16, 'B10');"
"INSERT INTO ballinfo VALUES ('2019-04-14', 2019041403, '阪神', '中日', '西 勇輝', '右', '阪神', '遠藤 一星', '左', '中日', 1, 1, 2, 1, 2, 1, 0, 0, 'シュート', 29.0, 85.2, 'ボール', 5, 2, 22, 'B16');"
"INSERT INTO ballinfo VALUES ('2019-04-14', 2019041403, '阪神', '中日', '西 勇輝', '右', '阪神', '遠藤 一星', '左', '中日', 1, 1, 2, 1, 3, 2, 0, 0, 'シュート', 36.5, 30.8, 'ファウル', 2, 2, 7, 'S1');"
"INSERT INTO ballinfo VALUES ('2019-04-14', 2019041403, '阪神', '中日', '西 勇輝', '右', '阪神', '遠藤 一星', '左', '中日', 1, 1, 2, 1, 4, 2, 1, 137, 'シュート', 28.5, 55.6, '遊安', 3, 2, 12, 'S4');"
"INSERT INTO ballinfo VALUES ('2019-04-14', 2019041403, '阪神', '中日', '西 勇輝', '右', '阪神', '大島 洋平', '左', '中日', 1, 1, 3, 2, 1, 0, 0, 0, 'シュート', 31.5, 73.2, '一飛', 4, 2, 17, 'S7');"
"INSERT INTO ballinfo VALUES ('2019-04-14', 2019041403, '阪神', '中日', '西 勇輝', '右', '阪神', 'ビシエド', '右', '中日', 1, 1, 4, 2, 1, 0, 0, 136, 'シュート', 16.0, 27.6, 'ボール', 2, 1, 6, 'B6');"
"INSERT INTO ballinfo VALUES ('2019-04-14', 2019041403, '阪神', '中日', '西 勇輝', '右', '阪神', 'ビシエド', '右', '中日', 1, 1, 4, 2, 2, 1, 0, 134, 'シュート', 51.0, 52.0, '左安', 3, 3, 13, 'S5');"
"INSERT INTO ballinfo VALUES ('2019-04-14', 2019041403, '阪神', '中日', '西 勇輝', '右', '阪神', 'アルモンテ', '左', '中日', 1, 1, 5, 3, 1, 0, 0, 127, 'チェンジアップ', 54.0, 90.0, 'ファウル', 5, 3, 23, 'B17');"
"INSERT INTO ballinfo VALUES ('2019-04-14', 2019041403, '阪神', '中日', '西 勇輝', '右', '阪神', 'アルモンテ', '左', '中日', 1, 1, 5, 3, 2, 0, 1, 0, 'ストレート', 89.5, 26.8, 'ボール', 2, 5, 10, 'B7');"
"INSERT INTO ballinfo VALUES ('2019-04-14', 2019041403, '阪神', '中日', '西 勇輝', '右', '阪神', 'アルモンテ', '左', '中日', 1, 1, 5, 3, 3, 1, 1, 127, 'スライダー', 26.5, 64.4, '見逃し', 4, 2, 17, 'S7');"
"INSERT INTO ballinfo VALUES ('2019-04-14', 2019041403, '阪神', '中日', '西 勇輝', '右', '阪神', 'アルモンテ', '左', '中日', 1, 1, 5, 3, 4, 1, 2, 139, 'ストレート', 86.5, 44.8, 'ボール', 3, 5, 15, 'B9');"
"INSERT INTO ballinfo VALUES ('2019-04-14', 2019041403, '阪神', '中日', '西 勇輝', '右', '阪神', 'アルモンテ', '左', '中日', 1, 1, 5, 3, 5, 2, 2, 134, 'シュート', 27.5, 76.8, '見三振', 4, 2, 17, 'S7');"
"INSERT INTO ballinfo VALUES ('2019-04-14', 2019041403, '阪神', '中日', '吉見 一起', '右', '中日', '近本 光司', '左', '阪神', 1, 2, 1, 1, 1, 0, 0, 136, 'シュート', 48.0, 46.4, 'ファウル', 3, 3, 13, 'S5');"
"INSERT INTO ballinfo VALUES ('2019-04-14', 2019041403, '阪神', '中日', '吉見 一起', '右', '中日', '近本 光司', '左', '阪神', 1, 2, 1, 1, 2, 0, 1, 124, 'スライダー', 34.5, 49.6, 'ファウル', 3, 2, 12, 'S4');"
"INSERT INTO ballinfo VALUES ('2019-04-14', 2019041403, '阪神', '中日', '吉見 一起', '右', '中日', '近本 光司', '左', '阪神', 1, 2, 1, 1, 3, 0, 2, 134, 'フォーク', 48.0, 93.2, 'ボール', 5, 3, 23, 'B17');"
"INSERT INTO ballinfo VALUES ('2019-04-14', 2019041403, '阪神', '中日', '吉見 一起', '右', '中日', '近本 光司', '左', '阪神', 1, 2, 1, 1, 4, 1, 2, 134, 'フォーク', 36.5, 93.2, 'ボール', 5, 2, 22, 'B16');"
"INSERT INTO ballinfo VALUES ('2019-04-14', 2019041403, '阪神', '中日', '吉見 一起', '右', '中日', '近本 光司', '左', '阪神', 1, 2, 1, 1, 5, 2, 2, 138, 'ストレート', 27.0, 44.4, 'ファウル', 3, 2, 12, 'S4');"
"INSERT INTO ballinfo VALUES ('2019-04-14', 2019041403, '阪神', '中日', '吉見 一起', '右', '中日', '近本 光司', '左', '阪神', 1, 2, 1, 1, 6, 2, 3, 120, 'スライダー', 15.5, 57.2, 'ファウル', 3, 1, 11, 'B8');"
"INSERT INTO ballinfo VALUES ('2019-04-14', 2019041403, '阪神', '中日', '吉見 一起', '右', '中日', '近本 光司', '左', '阪神', 1, 2, 1, 1, 7, 2, 4, 137, 'シュート', 28.0, 56.0, '投ゴロ', 3, 2, 12, 'S4');"
"INSERT INTO ballinfo VALUES ('2019-04-14', 2019041403, '阪神', '中日', '吉見 一起', '右', '中日', '糸原 健斗', '左', '阪神', 1, 2, 2, 2, 1, 0, 0, 129, 'シュート', 68.5, 94.0, 'ボール', 5, 4, 24, 'B18');"
"INSERT INTO ballinfo VALUES ('2019-04-14', 2019041403, '阪神', '中日', '吉見 一起', '右', '中日', '糸原 健斗', '左', '阪神', 1, 2, 2, 2, 2, 1, 0, 135, 'ストレート', 75.5, 16.8, 'ボール', 1, 4, 4, 'B4');"
"INSERT INTO ballinfo VALUES ('2019-04-14', 2019041403, '阪神', '中日', '吉見 一起', '右', '中日', '糸原 健斗', '左', '阪神', 1, 2, 2, 2, 3, 2, 0, 137, 'ストレート', 35.0, 25.2, '見逃し', 2, 2, 7, 'S1');"
"INSERT INTO ballinfo VALUES ('2019-04-14', 2019041403, '阪神', '中日', '吉見 一起', '右', '中日', '糸原 健斗', '左', '阪神', 1, 2, 2, 2, 4, 2, 1, 137, 'ストレート', 73.5, 26.0, '一ゴロ', 2, 4, 9, 'S3');"
"INSERT INTO ballinfo VALUES ('2019-04-14', 2019041403, '阪神', '中日', '吉見 一起', '右', '中日', '糸井 嘉男', '左', '阪神', 1, 2, 3, 2, 1, 0, 0, 135, 'ストレート', 14.5, 27.2, 'ボール', 2, 1, 6, 'B6');"
"INSERT INTO ballinfo VALUES ('2019-04-14', 2019041403, '阪神', '中日', '吉見 一起', '右', '中日', '糸井 嘉男', '左', '阪神', 1, 2, 3, 2, 2, 1, 0, 137, 'シュート', 27.5, 57.6, '見逃し', 3, 2, 12, 'S4');"
"INSERT INTO ballinfo VALUES ('2019-04-14', 2019041403, '阪神', '中日', '吉見 一起', '右', '中日', '糸井 嘉男', '左', '阪神', 1, 2, 3, 2, 3, 1, 1, 127, 'スライダー', 32.0, 76.4, '右安', 4, 2, 17, 'S7');"
"INSERT INTO ballinfo VALUES ('2019-04-14', 2019041403, '阪神', '中日', '吉見 一起', '右', '中日', '大山 悠輔', '右', '阪神', 1, 2, 4, 2, 1, 0, 0, 126, 'ストレート', 66.5, 45.6, '見逃し', 3, 4, 14, 'S6');"
"INSERT INTO ballinfo VALUES ('2019-04-14', 2019041403, '阪神', '中日', '吉見 一起', '右', '中日', '大山 悠輔', '右', '阪神', 1, 2, 4, 2, 2, 0, 1, 131, 'ストレート', 51.5, 51.2, '左安', 3, 3, 13, 'S5');"
"INSERT INTO ballinfo VALUES ('2019-04-14', 2019041403, '阪神', '中日', '吉見 一起', '右', '中日', '福留 孝介', '左', '阪神', 1, 2, 5, 3, 1, 0, 0, 116, 'チェンジアップ', 25.0, 91.6, '空振り', 5, 2, 22, 'B16');"
"INSERT INTO ballinfo VALUES ('2019-04-14', 2019041403, '阪神', '中日', '吉見 一起', '右', '中日', '福留 孝介', '左', '阪神', 1, 2, 5, 3, 2, 0, 1, 140, 'ストレート', 94.0, 77.6, 'ボール', 4, 5, 20, 'B11');"
"INSERT INTO ballinfo VALUES ('2019-04-14', 2019041403, '阪神', '中日', '吉見 一起', '右', '中日', '福留 孝介', '左', '阪神', 1, 2, 5, 3, 3, 1, 1, 131, 'フォーク', 34.0, 92.0, 'ボール', 5, 2, 22, 'B16');"
"INSERT INTO ballinfo VALUES ('2019-04-14', 2019041403, '阪神', '中日', '吉見 一起', '右', '中日', '福留 孝介', '左', '阪神', 1, 2, 5, 3, 4, 2, 1, 130, 'スライダー', 94.0, 72.8, 'ボール', 4, 5, 20, 'B11');"
"INSERT INTO ballinfo VALUES ('2019-04-14', 2019041403, '阪神', '中日', '吉見 一起', '右', '中日', '福留 孝介', '左', '阪神', 1, 2, 5, 3, 5, 3, 1, 138, 'ストレート', 27.0, 50.8, '見逃し', 3, 2, 12, 'S4');"
"INSERT INTO ballinfo VALUES ('2019-04-14', 2019041403, '阪神', '中日', '吉見 一起', '右', '中日', '福留 孝介', '左', '阪神', 1, 2, 5, 3, 6, 3, 2, 131, 'フォーク', 53.5, 93.2, '空三振', 5, 3, 23, 'B17');"
"INSERT INTO ballinfo VALUES ('2019-04-14', 2019041403, '阪神', '中日', '西 勇輝', '右', '阪神', '高橋 周平', '左', '中日', 2, 1, 1, 0, 1, 0, 0, 124, 'スライダー', 26.5, 36.4, '見逃し', 2, 2, 7, 'S1');"
"INSERT INTO ballinfo VALUES ('2019-04-14', 2019041403, '阪神', '中日', '西 勇輝', '右', '阪神', '高橋 周平', '左', '中日', 2, 1, 1, 0, 2, 0, 1, 125, 'チェンジアップ', 26.5, 86.4, '右安', 5, 2, 22, 'B16');"
"INSERT INTO ballinfo VALUES ('2019-04-14', 2019041403, '阪神', '中日', '西 勇輝', '右', '阪神', '堂上 直倫', '右', '中日', 2, 1, 2, 1, 1, 0, 0, 129, 'スライダー', 74.5, 91.6, 'ボール', 5, 4, 24, 'B18');"
"INSERT INTO ballinfo VALUES ('2019-04-14', 2019041403, '阪神', '中日', '西 勇輝', '右', '阪神', '堂上 直倫', '右', '中日', 2, 1, 2, 1, 2, 1, 0, 136, 'ストレート', 74.5, 9.2, 'ボール', 1, 4, 4, 'B4');"
"INSERT INTO ballinfo VALUES ('2019-04-14', 2019041403, '阪神', '中日', '西 勇輝', '右', '阪神', '堂上 直倫', '右', '中日', 2, 1, 2, 1, 3, 2, 0, 138, 'ストレート', 70.5, 34.0, '投犠打', 2, 4, 9, 'S3');"
"INSERT INTO ballinfo VALUES ('2019-04-14', 2019041403, '阪神', '中日', '西 勇輝', '右', '阪神', '加藤 匠馬', '右', '中日', 2, 1, 3, 1, 1, 0, 0, 132, 'チェンジアップ', 53.5, 92.4, '空振り', 5, 3, 23, 'B17');"
"INSERT INTO ballinfo VALUES ('2019-04-14', 2019041403, '阪神', '中日', '西 勇輝', '右', '阪神', '加藤 匠馬', '右', '中日', 2, 1, 3, 1, 2, 0, 1, 133, 'ストレート', 75.5, 56.0, '見逃し', 3, 4, 14, 'S6');"
"INSERT INTO ballinfo VALUES ('2019-04-14', 2019041403, '阪神', '中日', '西 勇輝', '右', '阪神', '加藤 匠馬', '右', '中日', 2, 1, 3, 1, 3, 0, 2, 133, 'チェンジアップ', 75.5, 74.8, '中安', 4, 4, 19, 'S9');"
"INSERT INTO ballinfo VALUES ('2019-04-14', 2019041403, '阪神', '中日', '西 勇輝', '右', '阪神', '吉見 一起', '右', '中日', 2, 1, 4, 3, 1, 0, 0, 130, 'スライダー', 94.5, 75.6, 'ボール', 4, 5, 20, 'B11');"
"INSERT INTO ballinfo VALUES ('2019-04-14', 2019041403, '阪神', '中日', '西 勇輝', '右', '阪神', '吉見 一起', '右', '中日', 2, 1, 4, 3, 2, 1, 0, 135, 'ストレート', 69.5, 33.6, 'ファウル', 2, 4, 9, 'S3');"
"INSERT INTO ballinfo VALUES ('2019-04-14', 2019041403, '阪神', '中日', '西 勇輝', '右', '阪神', '吉見 一起', '右', '中日', 2, 1, 4, 3, 3, 1, 1, 121, 'スライダー', 75.5, 56.8, '見逃し', 3, 4, 14, 'S6');"
"INSERT INTO ballinfo VALUES ('2019-04-14', 2019041403, '阪神', '中日', '西 勇輝', '右', '阪神', '吉見 一起', '右', '中日', 2, 1, 4, 3, 4, 1, 2, 123, 'スライダー', 75.0, 27.6, '捕併打', 2, 4, 9, 'S3');"
"INSERT INTO ballinfo VALUES ('2019-04-14', 2019041403, '阪神', '中日', '吉見 一起', '右', '中日', '鳥谷 敬', '左', '阪神', 2, 2, 1, 1, 1, 0, 0, 138, 'シュート', 67.0, 51.6, '見逃し', 3, 4, 14, 'S6');"
"INSERT INTO ballinfo VALUES ('2019-04-14', 2019041403, '阪神', '中日', '吉見 一起', '右', '中日', '鳥谷 敬', '左', '阪神', 2, 2, 1, 1, 2, 0, 1, 135, 'ストレート', 11.0, 34.4, 'ボール', 2, 1, 6, 'B6');"
"INSERT INTO ballinfo VALUES ('2019-04-14', 2019041403, '阪神', '中日', '吉見 一起', '右', '中日', '鳥谷 敬', '左', '阪神', 2, 2, 1, 1, 3, 1, 1, 132, 'フォーク', 31.5, 92.0, '空振り', 5, 2, 22, 'B16');"
"INSERT INTO ballinfo VALUES ('2019-04-14', 2019041403, '阪神', '中日', '吉見 一起', '右', '中日', '鳥谷 敬', '左', '阪神', 2, 2, 1, 1, 4, 1, 2, 131, 'フォーク', 10.0, 84.8, 'ファウル', 5, 1, 21, 'B15');"
"INSERT INTO ballinfo VALUES ('2019-04-14', 2019041403, '阪神', '中日', '吉見 一起', '右', '中日', '鳥谷 敬', '左', '阪神', 2, 2, 1, 1, 5, 1, 3, 137, 'ストレート', 27.5, 14.8, 'ボール', 1, 2, 2, 'B2');"
"INSERT INTO ballinfo VALUES ('2019-04-14', 2019041403, '阪神', '中日', '吉見 一起', '右', '中日', '鳥谷 敬', '左', '阪神', 2, 2, 1, 1, 6, 2, 3, 132, 'スライダー', 68.5, 68.0, 'ファウル', 4, 4, 19, 'S9');"
"INSERT INTO ballinfo VALUES ('2019-04-14', 2019041403, '阪神', '中日', '吉見 一起', '右', '中日', '鳥谷 敬', '左', '阪神', 2, 2, 1, 1, 7, 2, 4, 138, 'ストレート', 34.0, 44.8, '左飛', 3, 2, 12, 'S4');"
"INSERT INTO ballinfo VALUES ('2019-04-14', 2019041403, '阪神', '中日', '吉見 一起', '右', '中日', '梅野 隆太郎', '右', '阪神', 2, 2, 2, 2, 1, 0, 0, 137, 'ストレート', 75.0, 35.6, '見逃し', 2, 4, 9, 'S3');"
"INSERT INTO ballinfo VALUES ('2019-04-14', 2019041403, '阪神', '中日', '吉見 一起', '右', '中日', '梅野 隆太郎', '右', '阪神', 2, 2, 2, 2, 2, 0, 1, 131, 'シュート', 67.0, 30.4, '見逃し', 2, 4, 9, 'S3');"
"INSERT INTO ballinfo VALUES ('2019-04-14', 2019041403, '阪神', '中日', '吉見 一起', '右', '中日', '梅野 隆太郎', '右', '阪神', 2, 2, 2, 2, 3, 0, 2, 116, 'チェンジアップ', 74.5, 51.6, '右飛', 3, 4, 14, 'S6');"
"INSERT INTO ballinfo VALUES ('2019-04-14', 2019041403, '阪神', '中日', '吉見 一起', '右', '中日', '木浪 聖也', '左', '阪神', 2, 2, 3, 3, 1, 0, 0, 129, 'フォーク', 69.0, 87.6, 'ボール', 5, 4, 24, 'B18');"
"INSERT INTO ballinfo VALUES ('2019-04-14', 2019041403, '阪神', '中日', '吉見 一起', '右', '中日', '木浪 聖也', '左', '阪神', 2, 2, 3, 3, 2, 1, 0, 132, 'ストレート', 29.5, 92.4, 'ボール', 5, 2, 22, 'B16');"
"INSERT INTO ballinfo VALUES ('2019-04-14', 2019041403, '阪神', '中日', '吉見 一起', '右', '中日', '木浪 聖也', '左', '阪神', 2, 2, 3, 3, 3, 2, 0, 133, 'フォーク', 32.5, 76.4, '二ゴロ', 4, 2, 17, 'S7');"
"INSERT INTO ballinfo VALUES ('2019-04-14', 2019041403, '阪神', '中日', '西 勇輝', '右', '阪神', '京田 陽太', '左', '中日', 3, 1, 1, 1, 1, 0, 0, 125, 'シュート', 29.0, 93.2, 'ボール', 5, 2, 22, 'B16');"
"INSERT INTO ballinfo VALUES ('2019-04-14', 2019041403, '阪神', '中日', '西 勇輝', '右', '阪神', '京田 陽太', '左', '中日', 3, 1, 1, 1, 2, 1, 0, 127, 'シュート', 11.5, 26.0, 'ボール', 2, 1, 6, 'B6');"
"INSERT INTO ballinfo VALUES ('2019-04-14', 2019041403, '阪神', '中日', '西 勇輝', '右', '阪神', '京田 陽太', '左', '中日', 3, 1, 1, 1, 3, 2, 0, 131, 'シュート', 52.5, 86.8, 'ボール', 5, 3, 23, 'B17');"
"INSERT INTO ballinfo VALUES ('2019-04-14', 2019041403, '阪神', '中日', '西 勇輝', '右', '阪神', '京田 陽太', '左', '中日', 3, 1, 1, 1, 4, 3, 0, 0, 'ストレート', 67.5, 71.6, '見逃し', 4, 4, 19, 'S9');"
"INSERT INTO ballinfo VALUES ('2019-04-14', 2019041403, '阪神', '中日', '西 勇輝', '右', '阪神', '京田 陽太', '左', '中日', 3, 1, 1, 1, 5, 3, 1, 135, 'シュート', 17.0, 33.6, '三ゴロ', 2, 1, 6, 'B6');"
"INSERT INTO ballinfo VALUES ('2019-04-14', 2019041403, '阪神', '中日', '西 勇輝', '右', '阪神', '遠藤 一星', '左', '中日', 3, 1, 2, 2, 1, 0, 0, 126, 'スライダー', 55.5, 56.0, '二飛', 3, 3, 13, 'S5');"
"INSERT INTO ballinfo VALUES ('2019-04-14', 2019041403, '阪神', '中日', '西 勇輝', '右', '阪神', '大島 洋平', '左', '中日', 3, 1, 3, 3, 1, 0, 0, 130, 'シュート', 36.5, 51.6, '左飛', 3, 2, 12, 'S4');"
"INSERT INTO ballinfo VALUES ('2019-04-14', 2019041403, '阪神', '中日', '吉見 一起', '右', '中日', '西 勇輝', '右', '阪神', 3, 2, 1, 1, 1, 0, 0, 129, 'ストレート', 68.0, 30.8, '中飛', 2, 4, 9, 'S3');"
"INSERT INTO ballinfo VALUES ('2019-04-14', 2019041403, '阪神', '中日', '吉見 一起', '右', '中日', '近本 光司', '左', '阪神', 3, 2, 2, 2, 1, 0, 0, 132, 'シュート', 36.5, 36.0, '見逃し', 2, 2, 7, 'S1');"
"INSERT INTO ballinfo VALUES ('2019-04-14', 2019041403, '阪神', '中日', '吉見 一起', '右', '中日', '近本 光司', '左', '阪神', 3, 2, 2, 2, 2, 0, 1, 128, 'スライダー', 13.0, 74.0, 'ボール', 4, 1, 16, 'B10');"
"INSERT INTO ballinfo VALUES ('2019-04-14', 2019041403, '阪神', '中日', '吉見 一起', '右', '中日', '近本 光司', '左', '阪神', 3, 2, 2, 2, 3, 1, 1, 125, 'スライダー', 74.5, 86.0, '空振り', 5, 4, 24, 'B18');"
"INSERT INTO ballinfo VALUES ('2019-04-14', 2019041403, '阪神', '中日', '吉見 一起', '右', '中日', '近本 光司', '左', '阪神', 3, 2, 2, 2, 4, 1, 2, 130, 'フォーク', 65.5, 93.2, 'ボール', 5, 4, 24, 'B18');"
"INSERT INTO ballinfo VALUES ('2019-04-14', 2019041403, '阪神', '中日', '吉見 一起', '右', '中日', '近本 光司', '左', '阪神', 3, 2, 2, 2, 5, 2, 2, 135, 'シュート', 14.5, 33.6, '投ゴロ', 2, 1, 6, 'B6');"
"INSERT INTO ballinfo VALUES ('2019-04-14', 2019041403, '阪神', '中日', '吉見 一起', '右', '中日', '糸原 健斗', '左', '阪神', 3, 2, 3, 3, 1, 0, 0, 129, 'シュート', 13.0, 25.2, 'ボール', 2, 1, 6, 'B6');"
"INSERT INTO ballinfo VALUES ('2019-04-14', 2019041403, '阪神', '中日', '吉見 一起', '右', '中日', '糸原 健斗', '左', '阪神', 3, 2, 3, 3, 2, 1, 0, 133, 'シュート', 27.0, 56.4, '見逃し', 3, 2, 12, 'S4');"
"INSERT INTO ballinfo VALUES ('2019-04-14', 2019041403, '阪神', '中日', '吉見 一起', '右', '中日', '糸原 健斗', '左', '阪神', 3, 2, 3, 3, 3, 1, 1, 122, 'スライダー', 31.5, 14.0, 'ボール', 1, 2, 2, 'B2');"
"INSERT INTO ballinfo VALUES ('2019-04-14', 2019041403, '阪神', '中日', '吉見 一起', '右', '中日', '糸原 健斗', '左', '阪神', 3, 2, 3, 3, 4, 2, 1, 135, 'ストレート', 75.5, 45.2, '見逃し', 3, 4, 14, 'S6');"
"INSERT INTO ballinfo VALUES ('2019-04-14', 2019041403, '阪神', '中日', '吉見 一起', '右', '中日', '糸原 健斗', '左', '阪神', 3, 2, 3, 3, 5, 2, 2, 133, 'ストレート', 75.0, 51.6, 'ファウル', 3, 4, 14, 'S6');"
"INSERT INTO ballinfo VALUES ('2019-04-14', 2019041403, '阪神', '中日', '吉見 一起', '右', '中日', '糸原 健斗', '左', '阪神', 3, 2, 3, 3, 6, 2, 3, 135, 'シュート', 27.5, 36.8, 'ファウル', 2, 2, 7, 'S1');"
"INSERT INTO ballinfo VALUES ('2019-04-14', 2019041403, '阪神', '中日', '吉見 一起', '右', '中日', '糸原 健斗', '左', '阪神', 3, 2, 3, 3, 7, 2, 4, 129, 'スライダー', 55.0, 47.6, '一ゴロ', 3, 3, 13, 'S5');"
"INSERT INTO ballinfo VALUES ('2019-04-14', 2019041403, '阪神', '中日', '西 勇輝', '右', '阪神', 'ビシエド', '右', '中日', 4, 1, 1, 0, 1, 0, 0, 125, 'スライダー', 92.0, 92.0, 'ボール', 5, 5, 25, 'B19');"
"INSERT INTO ballinfo VALUES ('2019-04-14', 2019041403, '阪神', '中日', '西 勇輝', '右', '阪神', 'ビシエド', '右', '中日', 4, 1, 1, 0, 2, 1, 0, 127, 'シュート', 28.0, 77.2, 'ファウル', 4, 2, 17, 'S7');"
"INSERT INTO ballinfo VALUES ('2019-04-14', 2019041403, '阪神', '中日', '西 勇輝', '右', '阪神', 'ビシエド', '右', '中日', 4, 1, 1, 0, 3, 1, 1, 127, 'スライダー', 75.5, 83.6, 'ボール', 5, 4, 24, 'B18');"
"INSERT INTO ballinfo VALUES ('2019-04-14', 2019041403, '阪神', '中日', '西 勇輝', '右', '阪神', 'ビシエド', '右', '中日', 4, 1, 1, 0, 4, 2, 1, 134, 'シュート', 29.5, 85.2, '左安', 5, 2, 22, 'B16');"
"INSERT INTO ballinfo VALUES ('2019-04-14', 2019041403, '阪神', '中日', '西 勇輝', '右', '阪神', 'アルモンテ', '左', '中日', 4, 1, 2, 1, 1, 0, 0, 126, 'シュート', 14.0, 11.6, 'ボール', 1, 1, 1, 'B1');"
"INSERT INTO ballinfo VALUES ('2019-04-14', 2019041403, '阪神', '中日', '西 勇輝', '右', '阪神', 'アルモンテ', '左', '中日', 4, 1, 2, 1, 2, 1, 0, 133, 'シュート', 47.0, 30.8, '三邪飛', 2, 3, 8, 'S2');"
"INSERT INTO ballinfo VALUES ('2019-04-14', 2019041403, '阪神', '中日', '西 勇輝', '右', '阪神', '高橋 周平', '左', '中日', 4, 1, 3, 3, 1, 0, 0, 134, 'シュート', 29.0, 65.2, 'ファウル', 4, 2, 17, 'S7');"
"INSERT INTO ballinfo VALUES ('2019-04-14', 2019041403, '阪神', '中日', '西 勇輝', '右', '阪神', '高橋 周平', '左', '中日', 4, 1, 3, 3, 2, 0, 1, 125, 'チェンジアップ', 27.5, 77.2, 'ファウル', 4, 2, 17, 'S7');"
"INSERT INTO ballinfo VALUES ('2019-04-14', 2019041403, '阪神', '中日', '西 勇輝', '右', '阪神', '高橋 周平', '左', '中日', 4, 1, 3, 3, 3, 0, 2, 135, 'ストレート', 29.5, 49.2, '投併打', 3, 2, 12, 'S4');"
"INSERT INTO ballinfo VALUES ('2019-04-14', 2019041403, '阪神', '中日', '吉見 一起', '右', '中日', '糸井 嘉男', '左', '阪神', 4, 2, 1, 0, 1, 0, 0, 127, 'ストレート', 46.5, 71.2, '見逃し', 4, 3, 18, 'S8');"
"INSERT INTO ballinfo VALUES ('2019-04-14', 2019041403, '阪神', '中日', '吉見 一起', '右', '中日', '糸井 嘉男', '左', '阪神', 4, 2, 1, 0, 2, 0, 1, 127, 'スライダー', 91.5, 92.8, 'ボール', 5, 5, 25, 'B19');"
"INSERT INTO ballinfo VALUES ('2019-04-14', 2019041403, '阪神', '中日', '吉見 一起', '右', '中日', '糸井 嘉男', '左', '阪神', 4, 2, 1, 0, 3, 1, 1, 122, 'フォーク', 11.5, 29.2, 'ボール', 2, 1, 6, 'B6');"
"INSERT INTO ballinfo VALUES ('2019-04-14', 2019041403, '阪神', '中日', '吉見 一起', '右', '中日', '糸井 嘉男', '左', '阪神', 4, 2, 1, 0, 4, 2, 1, 0, 'シュート', 32.0, 47.6, '左２', 3, 2, 12, 'S4');"
"INSERT INTO ballinfo VALUES ('2019-04-14', 2019041403, '阪神', '中日', '吉見 一起', '右', '中日', '大山 悠輔', '右', '阪神', 4, 2, 2, 1, 1, 0, 0, 136, 'ストレート', 26.5, 28.0, 'ファウル', 2, 2, 7, 'S1');"
"INSERT INTO ballinfo VALUES ('2019-04-14', 2019041403, '阪神', '中日', '吉見 一起', '右', '中日', '大山 悠輔', '右', '阪神', 4, 2, 2, 1, 2, 0, 1, 121, 'スライダー', 88.5, 92.8, 'ボール', 5, 5, 25, 'B19');"
"INSERT INTO ballinfo VALUES ('2019-04-14', 2019041403, '阪神', '中日', '吉見 一起', '右', '中日', '大山 悠輔', '右', '阪神', 4, 2, 2, 1, 3, 1, 1, 123, 'スライダー', 67.5, 52.0, '遊ゴロ', 3, 4, 14, 'S6');"
"INSERT INTO ballinfo VALUES ('2019-04-14', 2019041403, '阪神', '中日', '吉見 一起', '右', '中日', '福留 孝介', '左', '阪神', 4, 2, 3, 1, 1, 0, 0, 0, 'フォーク', 34.5, 47.2, '右安', 3, 2, 12, 'S4');"
"INSERT INTO ballinfo VALUES ('2019-04-14', 2019041403, '阪神', '中日', '吉見 一起', '右', '中日', '鳥谷 敬', '左', '阪神', 4, 2, 4, 1, 1, 0, 0, 132, 'フォーク', 26.5, 76.4, '空振り', 4, 2, 17, 'S7');"
"INSERT INTO ballinfo VALUES ('2019-04-14', 2019041403, '阪神', '中日', '吉見 一起', '右', '中日', '鳥谷 敬', '左', '阪神', 4, 2, 4, 1, 2, 0, 1, 122, 'スライダー', 29.5, 49.6, '見逃し', 3, 2, 12, 'S4');"
"INSERT INTO ballinfo VALUES ('2019-04-14', 2019041403, '阪神', '中日', '吉見 一起', '右', '中日', '鳥谷 敬', '左', '阪神', 4, 2, 4, 1, 3, 0, 2, 116, 'チェンジアップ', 11.5, 12.8, 'ボール', 1, 1, 1, 'B1');"
"INSERT INTO ballinfo VALUES ('2019-04-14', 2019041403, '阪神', '中日', '吉見 一起', '右', '中日', '鳥谷 敬', '左', '阪神', 4, 2, 4, 1, 4, 1, 2, 131, 'フォーク', 52.5, 92.8, 'ボール', 5, 3, 23, 'B17');"
"INSERT INTO ballinfo VALUES ('2019-04-14', 2019041403, '阪神', '中日', '吉見 一起', '右', '中日', '鳥谷 敬', '左', '阪神', 4, 2, 4, 1, 5, 2, 2, 126, 'フォーク', 55.5, 86.8, 'ファウル', 5, 3, 23, 'B17');"
"INSERT INTO ballinfo VALUES ('2019-04-14', 2019041403, '阪神', '中日', '吉見 一起', '右', '中日', '鳥谷 敬', '左', '阪神', 4, 2, 4, 1, 6, 2, 3, 127, 'フォーク', 46.5, 87.2, 'ファウル', 5, 3, 23, 'B17');"
"INSERT INTO ballinfo VALUES ('2019-04-14', 2019041403, '阪神', '中日', '吉見 一起', '右', '中日', '鳥谷 敬', '左', '阪神', 4, 2, 4, 1, 7, 2, 4, 133, 'ストレート', 14.5, 55.2, 'ボール', 3, 1, 11, 'B8');"
"INSERT INTO ballinfo VALUES ('2019-04-14', 2019041403, '阪神', '中日', '吉見 一起', '右', '中日', '鳥谷 敬', '左', '阪神', 4, 2, 4, 1, 8, 3, 4, 125, 'フォーク', 15.5, 48.4, '四球', 3, 1, 11, 'B8');"
"INSERT INTO ballinfo VALUES ('2019-04-14', 2019041403, '阪神', '中日', '吉見 一起', '右', '中日', '梅野 隆太郎', '右', '阪神', 4, 2, 5, 1, 1, 0, 0, 124, 'スライダー', 68.5, 51.2, '中安', 3, 4, 14, 'S6');"
"INSERT INTO ballinfo VALUES ('2019-04-14', 2019041403, '阪神', '中日', '吉見 一起', '右', '中日', '木浪 聖也', '左', '阪神', 4, 2, 6, 1, 1, 0, 0, 128, 'フォーク', 27.0, 25.6, 'ファウル', 2, 2, 7, 'S1');"
"INSERT INTO ballinfo VALUES ('2019-04-14', 2019041403, '阪神', '中日', '吉見 一起', '右', '中日', '木浪 聖也', '左', '阪神', 4, 2, 6, 1, 2, 0, 1, 130, 'スライダー', 69.5, 70.8, '見逃し', 4, 4, 19, 'S9');"
"INSERT INTO ballinfo VALUES ('2019-04-14', 2019041403, '阪神', '中日', '吉見 一起', '右', '中日', '木浪 聖也', '左', '阪神', 4, 2, 6, 1, 3, 0, 2, 132, 'フォーク', 89.5, 95.2, 'ボール', 5, 5, 25, 'B19');"
"INSERT INTO ballinfo VALUES ('2019-04-14', 2019041403, '阪神', '中日', '吉見 一起', '右', '中日', '木浪 聖也', '左', '阪神', 4, 2, 6, 1, 4, 1, 2, 136, 'ストレート', 94.5, 57.2, 'ボール', 3, 5, 15, 'B9');"
"INSERT INTO ballinfo VALUES ('2019-04-14', 2019041403, '阪神', '中日', '吉見 一起', '右', '中日', '木浪 聖也', '左', '阪神', 4, 2, 6, 1, 5, 2, 2, 131, 'フォーク', 50.5, 88.4, '右安', 5, 3, 23, 'B17');"
"INSERT INTO ballinfo VALUES ('2019-04-14', 2019041403, '阪神', '中日', '吉見 一起', '右', '中日', '西 勇輝', '右', '阪神', 4, 2, 7, 1, 1, 0, 0, 136, 'ストレート', 91.5, 69.2, 'ボール', 4, 5, 20, 'B11');"
"INSERT INTO ballinfo VALUES ('2019-04-14', 2019041403, '阪神', '中日', '吉見 一起', '右', '中日', '西 勇輝', '右', '阪神', 4, 2, 7, 1, 2, 1, 0, 137, 'ストレート', 95.0, 79.2, 'ボール', 4, 5, 20, 'B11');"
"INSERT INTO ballinfo VALUES ('2019-04-14', 2019041403, '阪神', '中日', '吉見 一起', '右', '中日', '西 勇輝', '右', '阪神', 4, 2, 7, 1, 3, 2, 0, 133, 'ストレート', 71.5, 55.6, 'ファウル', 3, 4, 14, 'S6');"
"INSERT INTO ballinfo VALUES ('2019-04-14', 2019041403, '阪神', '中日', '吉見 一起', '右', '中日', '西 勇輝', '右', '阪神', 4, 2, 7, 1, 4, 2, 1, 135, 'ストレート', 54.5, 72.0, '左安', 4, 3, 18, 'S8');"
"INSERT INTO ballinfo VALUES ('2019-04-14', 2019041403, '阪神', '中日', '又吉 克樹', '右', '中日', '近本 光司', '左', '阪神', 4, 2, 8, 1, 1, 0, 0, 124, 'スライダー', 35.5, 51.2, '見逃し', 3, 2, 12, 'S4');"
"INSERT INTO ballinfo VALUES ('2019-04-14', 2019041403, '阪神', '中日', '又吉 克樹', '右', '中日', '近本 光司', '左', '阪神', 4, 2, 8, 1, 2, 0, 1, 121, 'スライダー', 76.0, 65.6, 'ファウル', 4, 4, 19, 'S9');"
"INSERT INTO ballinfo VALUES ('2019-04-14', 2019041403, '阪神', '中日', '又吉 克樹', '右', '中日', '近本 光司', '左', '阪神', 4, 2, 8, 1, 3, 0, 2, 142, 'ストレート', 12.0, 66.8, 'ボール', 4, 1, 16, 'B10');"
"INSERT INTO ballinfo VALUES ('2019-04-14', 2019041403, '阪神', '中日', '又吉 克樹', '右', '中日', '近本 光司', '左', '阪神', 4, 2, 8, 1, 4, 1, 2, 142, 'シュート', 50.0, 70.4, 'ファウル', 4, 3, 18, 'S8');"
"INSERT INTO ballinfo VALUES ('2019-04-14', 2019041403, '阪神', '中日', '又吉 克樹', '右', '中日', '近本 光司', '左', '阪神', 4, 2, 8, 1, 5, 1, 3, 139, 'シンカー', 27.0, 57.2, '左安', 3, 2, 12, 'S4');"
"INSERT INTO ballinfo VALUES ('2019-04-14', 2019041403, '阪神', '中日', '又吉 克樹', '右', '中日', '糸原 健斗', '左', '阪神', 4, 2, 9, 2, 1, 0, 0, 123, 'スライダー', 36.0, 45.2, '見逃し', 3, 2, 12, 'S4');"
"INSERT INTO ballinfo VALUES ('2019-04-14', 2019041403, '阪神', '中日', '又吉 克樹', '右', '中日', '糸原 健斗', '左', '阪神', 4, 2, 9, 2, 2, 0, 1, 123, 'スライダー', 26.5, 93.2, 'ボール', 5, 2, 22, 'B16');"
"INSERT INTO ballinfo VALUES ('2019-04-14', 2019041403, '阪神', '中日', '又吉 克樹', '右', '中日', '糸原 健斗', '左', '阪神', 4, 2, 9, 2, 3, 1, 1, 144, 'ストレート', 96.5, 57.2, 'ボール', 3, 5, 15, 'B9');"
"INSERT INTO ballinfo VALUES ('2019-04-14', 2019041403, '阪神', '中日', '又吉 克樹', '右', '中日', '糸原 健斗', '左', '阪神', 4, 2, 9, 2, 4, 2, 1, 123, 'スライダー', 34.5, 78.0, '見逃し', 4, 2, 17, 'S7');"
"INSERT INTO ballinfo VALUES ('2019-04-14', 2019041403, '阪神', '中日', '又吉 克樹', '右', '中日', '糸原 健斗', '左', '阪神', 4, 2, 9, 2, 5, 2, 2, 143, 'ストレート', 75.5, 25.2, 'ファウル', 2, 4, 9, 'S3');"
"INSERT INTO ballinfo VALUES ('2019-04-14', 2019041403, '阪神', '中日', '又吉 克樹', '右', '中日', '糸原 健斗', '左', '阪神', 4, 2, 9, 2, 6, 2, 3, 122, 'スライダー', 13.5, 92.8, 'ボール', 5, 1, 21, 'B15');"
"INSERT INTO ballinfo VALUES ('2019-04-14', 2019041403, '阪神', '中日', '又吉 克樹', '右', '中日', '糸原 健斗', '左', '阪神', 4, 2, 9, 2, 7, 3, 3, 125, 'スライダー', 35.5, 37.6, '空三振', 2, 2, 7, 'S1');"
"INSERT INTO ballinfo VALUES ('2019-04-14', 2019041403, '阪神', '中日', '又吉 克樹', '右', '中日', '糸井 嘉男', '左', '阪神', 4, 2, 10, 3, 1, 0, 0, 126, 'スライダー', 36.0, 70.0, '見逃し', 4, 2, 17, 'S7');"
"INSERT INTO ballinfo VALUES ('2019-04-14', 2019041403, '阪神', '中日', '又吉 克樹', '右', '中日', '糸井 嘉男', '左', '阪神', 4, 2, 10, 3, 2, 0, 1, 145, 'ストレート', 12.5, 30.8, 'ボール', 2, 1, 6, 'B6');"
"INSERT INTO ballinfo VALUES ('2019-04-14', 2019041403, '阪神', '中日', '又吉 克樹', '右', '中日', '糸井 嘉男', '左', '阪神', 4, 2, 10, 3, 3, 1, 1, 147, 'ストレート', 14.5, 54.8, 'ボール', 3, 1, 11, 'B8');"
"INSERT INTO ballinfo VALUES ('2019-04-14', 2019041403, '阪神', '中日', '又吉 克樹', '右', '中日', '糸井 嘉男', '左', '阪神', 4, 2, 10, 3, 4, 2, 1, 124, 'スライダー', 26.5, 45.2, '見逃し', 3, 2, 12, 'S4');"
"INSERT INTO ballinfo VALUES ('2019-04-14', 2019041403, '阪神', '中日', '又吉 克樹', '右', '中日', '糸井 嘉男', '左', '阪神', 4, 2, 10, 3, 5, 2, 2, 145, 'ストレート', 36.0, 44.8, 'ファウル', 3, 2, 12, 'S4');"
"INSERT INTO ballinfo VALUES ('2019-04-14', 2019041403, '阪神', '中日', '又吉 克樹', '右', '中日', '糸井 嘉男', '左', '阪神', 4, 2, 10, 3, 6, 2, 3, 143, 'ストレート', 47.0, 45.2, '空三振', 3, 3, 13, 'S5');"
"INSERT INTO ballinfo VALUES ('2019-04-14', 2019041403, '阪神', '中日', '西 勇輝', '右', '阪神', '堂上 直倫', '右', '中日', 5, 1, 1, 1, 1, 0, 0, 136, 'シュート', 76.5, 25.2, '見逃し', 2, 4, 9, 'S3');"
"INSERT INTO ballinfo VALUES ('2019-04-14', 2019041403, '阪神', '中日', '西 勇輝', '右', '阪神', '堂上 直倫', '右', '中日', 5, 1, 1, 1, 2, 0, 1, 123, 'スライダー', 47.0, 85.2, 'ボール', 5, 3, 23, 'B17');"
"INSERT INTO ballinfo VALUES ('2019-04-14', 2019041403, '阪神', '中日', '西 勇輝', '右', '阪神', '堂上 直倫', '右', '中日', 5, 1, 1, 1, 3, 1, 1, 103, 'カーブ', 67.0, 45.2, 'ファウル', 3, 4, 14, 'S6');"
"INSERT INTO ballinfo VALUES ('2019-04-14', 2019041403, '阪神', '中日', '西 勇輝', '右', '阪神', '堂上 直倫', '右', '中日', 5, 1, 1, 1, 4, 1, 2, 128, 'スライダー', 94.0, 91.6, 'ボール', 5, 5, 25, 'B19');"
"INSERT INTO ballinfo VALUES ('2019-04-14', 2019041403, '阪神', '中日', '西 勇輝', '右', '阪神', '堂上 直倫', '右', '中日', 5, 1, 1, 1, 5, 2, 2, 130, 'スライダー', 86.5, 56.0, 'ファウル', 3, 5, 15, 'B9');"
"INSERT INTO ballinfo VALUES ('2019-04-14', 2019041403, '阪神', '中日', '西 勇輝', '右', '阪神', '堂上 直倫', '右', '中日', 5, 1, 1, 1, 6, 2, 3, 136, 'シュート', 51.5, 16.0, '二飛', 1, 3, 3, 'B3');"
"INSERT INTO ballinfo VALUES ('2019-04-14', 2019041403, '阪神', '中日', '西 勇輝', '右', '阪神', '加藤 匠馬', '右', '中日', 5, 1, 2, 2, 1, 0, 0, 138, 'ストレート', 75.5, 45.2, '見逃し', 3, 4, 14, 'S6');"
"INSERT INTO ballinfo VALUES ('2019-04-14', 2019041403, '阪神', '中日', '西 勇輝', '右', '阪神', '加藤 匠馬', '右', '中日', 5, 1, 2, 2, 2, 0, 1, 134, 'ストレート', 89.5, 57.6, 'ボール', 3, 5, 15, 'B9');"
"INSERT INTO ballinfo VALUES ('2019-04-14', 2019041403, '阪神', '中日', '西 勇輝', '右', '阪神', '加藤 匠馬', '右', '中日', 5, 1, 2, 2, 3, 1, 1, 127, 'スライダー', 34.0, 85.2, 'ボール', 5, 2, 22, 'B16');"
"INSERT INTO ballinfo VALUES ('2019-04-14', 2019041403, '阪神', '中日', '西 勇輝', '右', '阪神', '加藤 匠馬', '右', '中日', 5, 1, 2, 2, 4, 2, 1, 140, 'シュート', 76.5, 12.4, 'ファウル', 1, 4, 4, 'B4');"
"INSERT INTO ballinfo VALUES ('2019-04-14', 2019041403, '阪神', '中日', '西 勇輝', '右', '阪神', '加藤 匠馬', '右', '中日', 5, 1, 2, 2, 5, 2, 2, 138, 'シュート', 35.5, 30.8, 'ファウル', 2, 2, 7, 'S1');"
"INSERT INTO ballinfo VALUES ('2019-04-14', 2019041403, '阪神', '中日', '西 勇輝', '右', '阪神', '加藤 匠馬', '右', '中日', 5, 1, 2, 2, 6, 2, 3, 130, 'スライダー', 55.5, 66.4, 'ファウル', 4, 3, 18, 'S8');"
"INSERT INTO ballinfo VALUES ('2019-04-14', 2019041403, '阪神', '中日', '西 勇輝', '右', '阪神', '加藤 匠馬', '右', '中日', 5, 1, 2, 2, 7, 2, 4, 140, 'シュート', 49.0, 14.0, '空三振', 1, 3, 3, 'B3');"
"INSERT INTO ballinfo VALUES ('2019-04-14', 2019041403, '阪神', '中日', '西 勇輝', '右', '阪神', '渡辺 勝', '左', '中日', 5, 1, 3, 2, 1, 0, 0, 131, 'チェンジアップ', 34.5, 70.0, '中安', 4, 2, 17, 'S7');"
"INSERT INTO ballinfo VALUES ('2019-04-14', 2019041403, '阪神', '中日', '西 勇輝', '右', '阪神', '京田 陽太', '左', '中日', 5, 1, 4, 3, 1, 0, 0, 0, 'シュート', 14.5, 57.2, 'ボール', 3, 1, 11, 'B8');"
"INSERT INTO ballinfo VALUES ('2019-04-14', 2019041403, '阪神', '中日', '西 勇輝', '右', '阪神', '京田 陽太', '左', '中日', 5, 1, 4, 3, 2, 1, 0, 126, 'スライダー', 31.5, 74.0, '見逃し', 4, 2, 17, 'S7');"
"INSERT INTO ballinfo VALUES ('2019-04-14', 2019041403, '阪神', '中日', '西 勇輝', '右', '阪神', '京田 陽太', '左', '中日', 5, 1, 4, 3, 3, 1, 1, 131, 'チェンジアップ', 13.5, 29.2, 'ボール', 2, 1, 6, 'B6');"
"INSERT INTO ballinfo VALUES ('2019-04-14', 2019041403, '阪神', '中日', '西 勇輝', '右', '阪神', '京田 陽太', '左', '中日', 5, 1, 4, 3, 4, 2, 1, 131, 'チェンジアップ', 27.5, 47.6, '左飛', 3, 2, 12, 'S4');"
"INSERT INTO ballinfo VALUES ('2019-04-14', 2019041403, '阪神', '中日', '佐藤 優', '右', '中日', '大山 悠輔', '右', '阪神', 5, 2, 1, 1, 1, 0, 0, 127, 'スライダー', 69.0, 36.0, '見逃し', 2, 4, 9, 'S3');"
"INSERT INTO ballinfo VALUES ('2019-04-14', 2019041403, '阪神', '中日', '佐藤 優', '右', '中日', '大山 悠輔', '右', '阪神', 5, 2, 1, 1, 2, 0, 1, 142, 'ストレート', 86.5, 91.2, 'ボール', 5, 5, 25, 'B19');"
"INSERT INTO ballinfo VALUES ('2019-04-14', 2019041403, '阪神', '中日', '佐藤 優', '右', '中日', '大山 悠輔', '右', '阪神', 5, 2, 1, 1, 3, 1, 1, 129, 'スライダー', 67.5, 48.4, '一邪飛', 3, 4, 14, 'S6');"
"INSERT INTO ballinfo VALUES ('2019-04-14', 2019041403, '阪神', '中日', '佐藤 優', '右', '中日', '福留 孝介', '左', '阪神', 5, 2, 2, 2, 1, 0, 0, 143, 'ストレート', 34.5, 50.0, 'ファウル', 3, 2, 12, 'S4');"
"INSERT INTO ballinfo VALUES ('2019-04-14', 2019041403, '阪神', '中日', '佐藤 優', '右', '中日', '福留 孝介', '左', '阪神', 5, 2, 2, 2, 2, 0, 1, 137, 'シュート', 14.0, 15.2, 'ボール', 1, 1, 1, 'B1');"
"INSERT INTO ballinfo VALUES ('2019-04-14', 2019041403, '阪神', '中日', '佐藤 優', '右', '中日', '福留 孝介', '左', '阪神', 5, 2, 2, 2, 3, 1, 1, 137, 'シュート', 55.5, 30.0, 'ファウル', 2, 3, 8, 'S2');"
"INSERT INTO ballinfo VALUES ('2019-04-14', 2019041403, '阪神', '中日', '佐藤 優', '右', '中日', '福留 孝介', '左', '阪神', 5, 2, 2, 2, 4, 1, 2, 125, 'フォーク', 10.5, 6.4, 'ボール', 1, 1, 1, 'B1');"
"INSERT INTO ballinfo VALUES ('2019-04-14', 2019041403, '阪神', '中日', '佐藤 優', '右', '中日', '福留 孝介', '左', '阪神', 5, 2, 2, 2, 5, 2, 2, 129, 'スライダー', 56.0, 71.6, '右飛', 4, 3, 18, 'S8');"
"INSERT INTO ballinfo VALUES ('2019-04-14', 2019041403, '阪神', '中日', '佐藤 優', '右', '中日', '鳥谷 敬', '左', '阪神', 5, 2, 3, 3, 1, 0, 0, 141, 'ストレート', 31.5, 51.6, '二ゴロ', 3, 2, 12, 'S4');"
"INSERT INTO ballinfo VALUES ('2019-04-14', 2019041403, '阪神', '中日', '西 勇輝', '右', '阪神', '遠藤 一星', '左', '中日', 6, 1, 1, 1, 1, 0, 0, 123, 'スライダー', 76.5, 10.4, 'ボール', 1, 4, 4, 'B4');"
"INSERT INTO ballinfo VALUES ('2019-04-14', 2019041403, '阪神', '中日', '西 勇輝', '右', '阪神', '遠藤 一星', '左', '中日', 6, 1, 1, 1, 2, 1, 0, 135, 'シュート', 67.0, 68.4, '見逃し', 4, 4, 19, 'S9');"
"INSERT INTO ballinfo VALUES ('2019-04-14', 2019041403, '阪神', '中日', '西 勇輝', '右', '阪神', '遠藤 一星', '左', '中日', 6, 1, 1, 1, 3, 1, 1, 130, 'スライダー', 87.5, 55.6, 'ファウル', 3, 5, 15, 'B9');"
"INSERT INTO ballinfo VALUES ('2019-04-14', 2019041403, '阪神', '中日', '西 勇輝', '右', '阪神', '遠藤 一星', '左', '中日', 6, 1, 1, 1, 4, 1, 2, 104, 'カーブ', 25.0, 9.2, 'ボール', 1, 2, 2, 'B2');"
"INSERT INTO ballinfo VALUES ('2019-04-14', 2019041403, '阪神', '中日', '西 勇輝', '右', '阪神', '遠藤 一星', '左', '中日', 6, 1, 1, 1, 5, 2, 2, 140, 'シュート', 67.0, 25.6, 'ファウル', 2, 4, 9, 'S3');"
"INSERT INTO ballinfo VALUES ('2019-04-14', 2019041403, '阪神', '中日', '西 勇輝', '右', '阪神', '遠藤 一星', '左', '中日', 6, 1, 1, 1, 6, 2, 3, 133, 'スライダー', 67.0, 51.6, '三ゴロ', 3, 4, 14, 'S6');"
"INSERT INTO ballinfo VALUES ('2019-04-14', 2019041403, '阪神', '中日', '西 勇輝', '右', '阪神', '大島 洋平', '左', '中日', 6, 1, 2, 1, 1, 0, 0, 125, 'スライダー', 12.0, 23.6, 'ボール', 2, 1, 6, 'B6');"
"INSERT INTO ballinfo VALUES ('2019-04-14', 2019041403, '阪神', '中日', '西 勇輝', '右', '阪神', '大島 洋平', '左', '中日', 6, 1, 2, 1, 2, 1, 0, 131, 'スライダー', 86.5, 30.0, 'ボール', 2, 5, 10, 'B7');"
"INSERT INTO ballinfo VALUES ('2019-04-14', 2019041403, '阪神', '中日', '西 勇輝', '右', '阪神', '大島 洋平', '左', '中日', 6, 1, 2, 1, 3, 2, 0, 139, 'シュート', 54.5, 6.4, 'ボール', 1, 3, 3, 'B3');"
"INSERT INTO ballinfo VALUES ('2019-04-14', 2019041403, '阪神', '中日', '西 勇輝', '右', '阪神', '大島 洋平', '左', '中日', 6, 1, 2, 1, 4, 3, 0, 135, 'シュート', 29.5, 16.4, '四球', 1, 2, 2, 'B2');"
"INSERT INTO ballinfo VALUES ('2019-04-14', 2019041403, '阪神', '中日', '西 勇輝', '右', '阪神', 'ビシエド', '右', '中日', 6, 1, 3, 1, 1, 0, 0, 130, 'シュート', 26.5, 71.6, '見逃し', 4, 2, 17, 'S7');"
"INSERT INTO ballinfo VALUES ('2019-04-14', 2019041403, '阪神', '中日', '西 勇輝', '右', '阪神', 'ビシエド', '右', '中日', 6, 1, 3, 1, 2, 0, 1, 131, 'シュート', 94.0, 69.2, 'ボール', 4, 5, 20, 'B11');"
"INSERT INTO ballinfo VALUES ('2019-04-14', 2019041403, '阪神', '中日', '西 勇輝', '右', '阪神', 'ビシエド', '右', '中日', 6, 1, 3, 1, 3, 1, 1, 101, 'カーブ', 90.5, 92.4, '空振り', 5, 5, 25, 'B19');"
"INSERT INTO ballinfo VALUES ('2019-04-14', 2019041403, '阪神', '中日', '西 勇輝', '右', '阪神', 'ビシエド', '右', '中日', 6, 1, 3, 1, 4, 1, 2, 127, 'スライダー', 88.0, 51.2, 'ファウル', 3, 5, 15, 'B9');"
"INSERT INTO ballinfo VALUES ('2019-04-14', 2019041403, '阪神', '中日', '西 勇輝', '右', '阪神', 'ビシエド', '右', '中日', 6, 1, 3, 1, 5, 1, 3, 135, 'シュート', 12.0, 30.0, '死球', 2, 1, 6, 'B6');"
"INSERT INTO ballinfo VALUES ('2019-04-14', 2019041403, '阪神', '中日', '西 勇輝', '右', '阪神', 'アルモンテ', '左', '中日', 6, 1, 4, 2, 1, 0, 0, 137, 'シュート', 9.5, 70.0, 'ボール', 4, 1, 16, 'B10');"
"INSERT INTO ballinfo VALUES ('2019-04-14', 2019041403, '阪神', '中日', '西 勇輝', '右', '阪神', 'アルモンテ', '左', '中日', 6, 1, 4, 2, 2, 1, 0, 131, 'シュート', 27.5, 76.0, '一ゴロ', 4, 2, 17, 'S7');"
"INSERT INTO ballinfo VALUES ('2019-04-14', 2019041403, '阪神', '中日', '西 勇輝', '右', '阪神', '高橋 周平', '左', '中日', 6, 1, 5, 3, 1, 0, 0, 135, 'ストレート', 76.5, 53.6, '左飛', 3, 4, 14, 'S6');"
"INSERT INTO ballinfo VALUES ('2019-04-14', 2019041403, '阪神', '中日', '佐藤 優', '右', '中日', '梅野 隆太郎', '右', '阪神', 6, 2, 1, 1, 1, 0, 0, 130, 'ストレート', 36.0, 33.2, '見逃し', 2, 2, 7, 'S1');"
"INSERT INTO ballinfo VALUES ('2019-04-14', 2019041403, '阪神', '中日', '佐藤 優', '右', '中日', '梅野 隆太郎', '右', '阪神', 6, 2, 1, 1, 2, 0, 1, 129, 'スライダー', 89.0, 68.4, 'ボール', 4, 5, 20, 'B11');"
"INSERT INTO ballinfo VALUES ('2019-04-14', 2019041403, '阪神', '中日', '佐藤 優', '右', '中日', '梅野 隆太郎', '右', '阪神', 6, 2, 1, 1, 3, 1, 1, 133, 'ストレート', 54.0, 72.8, '遊ゴロ', 4, 3, 18, 'S8');"
"INSERT INTO ballinfo VALUES ('2019-04-14', 2019041403, '阪神', '中日', '佐藤 優', '右', '中日', '木浪 聖也', '左', '阪神', 6, 2, 2, 2, 1, 0, 0, 114, 'カーブ', 11.5, 10.4, 'ボール', 1, 1, 1, 'B1');"
"INSERT INTO ballinfo VALUES ('2019-04-14', 2019041403, '阪神', '中日', '佐藤 優', '右', '中日', '木浪 聖也', '左', '阪神', 6, 2, 2, 2, 2, 1, 0, 136, 'ストレート', 16.5, 48.4, 'ボール', 3, 1, 11, 'B8');"
"INSERT INTO ballinfo VALUES ('2019-04-14', 2019041403, '阪神', '中日', '佐藤 優', '右', '中日', '木浪 聖也', '左', '阪神', 6, 2, 2, 2, 3, 2, 0, 136, 'ストレート', 26.5, 14.8, 'ファウル', 1, 2, 2, 'B2');"
"INSERT INTO ballinfo VALUES ('2019-04-14', 2019041403, '阪神', '中日', '佐藤 優', '右', '中日', '木浪 聖也', '左', '阪神', 6, 2, 2, 2, 4, 2, 1, 141, 'ストレート', 55.0, 14.0, 'ファウル', 1, 3, 3, 'B3');"
"INSERT INTO ballinfo VALUES ('2019-04-14', 2019041403, '阪神', '中日', '佐藤 優', '右', '中日', '木浪 聖也', '左', '阪神', 6, 2, 2, 2, 5, 2, 2, 134, 'フォーク', 26.5, 77.2, 'ファウル', 4, 2, 17, 'S7');"
"INSERT INTO ballinfo VALUES ('2019-04-14', 2019041403, '阪神', '中日', '佐藤 優', '右', '中日', '木浪 聖也', '左', '阪神', 6, 2, 2, 2, 6, 2, 3, 142, 'ストレート', 48.5, 18.0, '左飛', 1, 3, 3, 'B3');"
"INSERT INTO ballinfo VALUES ('2019-04-14', 2019041403, '阪神', '中日', '佐藤 優', '右', '中日', '西 勇輝', '右', '阪神', 6, 2, 3, 3, 1, 0, 0, 142, 'ストレート', 11.5, 13.6, 'ボール', 1, 1, 1, 'B1');"
"INSERT INTO ballinfo VALUES ('2019-04-14', 2019041403, '阪神', '中日', '佐藤 優', '右', '中日', '西 勇輝', '右', '阪神', 6, 2, 3, 3, 2, 1, 0, 141, 'ストレート', 69.0, 32.0, '見逃し', 2, 4, 9, 'S3');"
"INSERT INTO ballinfo VALUES ('2019-04-14', 2019041403, '阪神', '中日', '佐藤 優', '右', '中日', '西 勇輝', '右', '阪神', 6, 2, 3, 3, 3, 1, 1, 135, 'ストレート', 72.5, 71.6, '見逃し', 4, 4, 19, 'S9');"
"INSERT INTO ballinfo VALUES ('2019-04-14', 2019041403, '阪神', '中日', '佐藤 優', '右', '中日', '西 勇輝', '右', '阪神', 6, 2, 3, 3, 4, 1, 2, 141, 'ストレート', 67.0, 37.2, '三ゴロ', 2, 4, 9, 'S3');"
"INSERT INTO ballinfo VALUES ('2019-04-14', 2019041403, '阪神', '中日', '西 勇輝', '右', '阪神', '堂上 直倫', '右', '中日', 7, 1, 1, 1, 1, 0, 0, 127, 'スライダー', 66.5, 32.4, '二飛', 2, 4, 9, 'S3');"
"INSERT INTO ballinfo VALUES ('2019-04-14', 2019041403, '阪神', '中日', '西 勇輝', '右', '阪神', '加藤 匠馬', '右', '中日', 7, 1, 2, 1, 1, 0, 0, 129, 'シュート', 90.0, 11.2, 'ボール', 1, 5, 5, 'B5');"
"INSERT INTO ballinfo VALUES ('2019-04-14', 2019041403, '阪神', '中日', '西 勇輝', '右', '阪神', '加藤 匠馬', '右', '中日', 7, 1, 2, 1, 2, 1, 0, 125, 'スライダー', 73.5, 89.2, '中安', 5, 4, 24, 'B18');"
"INSERT INTO ballinfo VALUES ('2019-04-14', 2019041403, '阪神', '中日', '西 勇輝', '右', '阪神', '井領 雅貴', '左', '中日', 7, 1, 3, 2, 1, 0, 0, 135, 'シュート', 27.5, 56.4, '見逃し', 3, 2, 12, 'S4');"
"INSERT INTO ballinfo VALUES ('2019-04-14', 2019041403, '阪神', '中日', '西 勇輝', '右', '阪神', '井領 雅貴', '左', '中日', 7, 1, 3, 2, 2, 0, 1, 135, 'ストレート', 76.0, 35.6, '一飛', 2, 4, 9, 'S3');"
"INSERT INTO ballinfo VALUES ('2019-04-14', 2019041403, '阪神', '中日', '西 勇輝', '右', '阪神', '京田 陽太', '左', '中日', 7, 1, 4, 2, 1, 0, 0, 139, 'ストレート', 34.5, 50.4, '中２', 3, 2, 12, 'S4');"
"INSERT INTO ballinfo VALUES ('2019-04-14', 2019041403, '阪神', '中日', '西 勇輝', '右', '阪神', '遠藤 一星', '左', '中日', 7, 1, 5, 3, 1, 0, 0, 129, 'チェンジアップ', 29.5, 33.6, 'ファウル', 2, 2, 7, 'S1');"
"INSERT INTO ballinfo VALUES ('2019-04-14', 2019041403, '阪神', '中日', '西 勇輝', '右', '阪神', '遠藤 一星', '左', '中日', 7, 1, 5, 3, 2, 0, 1, 103, 'カーブ', 74.5, 91.2, 'ファウル', 5, 4, 24, 'B18');"
"INSERT INTO ballinfo VALUES ('2019-04-14', 2019041403, '阪神', '中日', '西 勇輝', '右', '阪神', '遠藤 一星', '左', '中日', 7, 1, 5, 3, 3, 0, 2, 100, 'カーブ', 15.5, 14.0, 'ボール', 1, 1, 1, 'B1');"
"INSERT INTO ballinfo VALUES ('2019-04-14', 2019041403, '阪神', '中日', '西 勇輝', '右', '阪神', '遠藤 一星', '左', '中日', 7, 1, 5, 3, 4, 1, 2, 127, 'チェンジアップ', 29.5, 91.2, '三邪飛', 5, 2, 22, 'B16');"
"INSERT INTO ballinfo VALUES ('2019-04-14', 2019041403, '阪神', '中日', '谷元 圭介', '右', '中日', '近本 光司', '左', '阪神', 7, 2, 1, 1, 1, 0, 0, 138, 'ストレート', 67.5, 13.2, 'ボール', 1, 4, 4, 'B4');"
"INSERT INTO ballinfo VALUES ('2019-04-14', 2019041403, '阪神', '中日', '谷元 圭介', '右', '中日', '近本 光司', '左', '阪神', 7, 2, 1, 1, 2, 1, 0, 137, 'ストレート', 28.0, 75.2, '二ゴロ', 4, 2, 17, 'S7');"
"INSERT INTO ballinfo VALUES ('2019-04-14', 2019041403, '阪神', '中日', '谷元 圭介', '右', '中日', '糸原 健斗', '左', '阪神', 7, 2, 2, 2, 1, 0, 0, 104, 'カーブ', 26.0, 57.2, '見逃し', 3, 2, 12, 'S4');"
"INSERT INTO ballinfo VALUES ('2019-04-14', 2019041403, '阪神', '中日', '谷元 圭介', '右', '中日', '糸原 健斗', '左', '阪神', 7, 2, 2, 2, 2, 0, 1, 135, 'ストレート', 70.5, 71.6, '一ゴロ', 4, 4, 19, 'S9');"
"INSERT INTO ballinfo VALUES ('2019-04-14', 2019041403, '阪神', '中日', '谷元 圭介', '右', '中日', '糸井 嘉男', '左', '阪神', 7, 2, 3, 2, 1, 0, 0, 135, 'ストレート', 75.5, 51.2, '見逃し', 3, 4, 14, 'S6');"
"INSERT INTO ballinfo VALUES ('2019-04-14', 2019041403, '阪神', '中日', '谷元 圭介', '右', '中日', '糸井 嘉男', '左', '阪神', 7, 2, 3, 2, 2, 0, 1, 108, 'カーブ', 9.0, 23.6, 'ボール', 2, 1, 6, 'B6');"
"INSERT INTO ballinfo VALUES ('2019-04-14', 2019041403, '阪神', '中日', '谷元 圭介', '右', '中日', '糸井 嘉男', '左', '阪神', 7, 2, 3, 2, 3, 1, 1, 136, 'シュート', 16.5, 51.2, 'ボール', 3, 1, 11, 'B8');"
"INSERT INTO ballinfo VALUES ('2019-04-14', 2019041403, '阪神', '中日', '谷元 圭介', '右', '中日', '糸井 嘉男', '左', '阪神', 7, 2, 3, 2, 4, 2, 1, 136, 'ストレート', 34.0, 88.8, 'ファウル', 5, 2, 22, 'B16');"
"INSERT INTO ballinfo VALUES ('2019-04-14', 2019041403, '阪神', '中日', '谷元 圭介', '右', '中日', '糸井 嘉男', '左', '阪神', 7, 2, 3, 2, 5, 2, 2, 136, 'ストレート', 76.0, 91.6, 'ボール', 5, 4, 24, 'B18');"
"INSERT INTO ballinfo VALUES ('2019-04-14', 2019041403, '阪神', '中日', '谷元 圭介', '右', '中日', '糸井 嘉男', '左', '阪神', 7, 2, 3, 2, 6, 3, 2, 143, 'ストレート', 74.5, 84.4, '四球', 5, 4, 24, 'B18');"
"INSERT INTO ballinfo VALUES ('2019-04-14', 2019041403, '阪神', '中日', '谷元 圭介', '右', '中日', '大山 悠輔', '右', '阪神', 7, 2, 4, 2, 1, 0, 0, 130, 'シュート', 67.0, 51.2, '左２', 3, 4, 14, 'S6');"
"INSERT INTO ballinfo VALUES ('2019-04-14', 2019041403, '阪神', '中日', '谷元 圭介', '右', '中日', '福留 孝介', '左', '阪神', 7, 2, 5, 2, 1, 0, 0, 128, 'フォーク', 54.5, 91.2, '空振り', 5, 3, 23, 'B17');"
"INSERT INTO ballinfo VALUES ('2019-04-14', 2019041403, '阪神', '中日', '谷元 圭介', '右', '中日', '福留 孝介', '左', '阪神', 7, 2, 5, 2, 2, 0, 1, 137, 'ストレート', 74.5, 11.6, 'ボール', 1, 4, 4, 'B4');"
"INSERT INTO ballinfo VALUES ('2019-04-14', 2019041403, '阪神', '中日', '谷元 圭介', '右', '中日', '福留 孝介', '左', '阪神', 7, 2, 5, 2, 3, 1, 1, 140, 'ストレート', 27.0, 85.2, 'ボール', 5, 2, 22, 'B16');"
"INSERT INTO ballinfo VALUES ('2019-04-14', 2019041403, '阪神', '中日', '谷元 圭介', '右', '中日', '福留 孝介', '左', '阪神', 7, 2, 5, 2, 4, 2, 1, 128, 'カットボール', 88.5, 89.2, 'ボール', 5, 5, 25, 'B19');"
"INSERT INTO ballinfo VALUES ('2019-04-14', 2019041403, '阪神', '中日', '谷元 圭介', '右', '中日', '福留 孝介', '左', '阪神', 7, 2, 5, 2, 5, 3, 1, 127, 'カットボール', 76.0, 92.0, '四球', 5, 4, 24, 'B18');"
"INSERT INTO ballinfo VALUES ('2019-04-14', 2019041403, '阪神', '中日', '谷元 圭介', '右', '中日', '鳥谷 敬', '左', '阪神', 7, 2, 6, 3, 1, 0, 0, 135, 'ストレート', 47.0, 47.6, '左飛', 3, 3, 13, 'S5');"
"INSERT INTO ballinfo VALUES ('2019-04-14', 2019041403, '阪神', '中日', 'ジョンソン', '右', '阪神', '大島 洋平', '左', '中日', 8, 1, 1, 1, 1, 0, 0, 141, 'ストレート', 49.5, 32.0, '見逃し', 2, 3, 8, 'S2');"
"INSERT INTO ballinfo VALUES ('2019-04-14', 2019041403, '阪神', '中日', 'ジョンソン', '右', '阪神', '大島 洋平', '左', '中日', 8, 1, 1, 1, 2, 0, 1, 0, 'カットボール', 26.5, 49.2, '見逃し', 3, 2, 12, 'S4');"
"INSERT INTO ballinfo VALUES ('2019-04-14', 2019041403, '阪神', '中日', 'ジョンソン', '右', '阪神', '大島 洋平', '左', '中日', 8, 1, 1, 1, 3, 0, 2, 0, 'カーブ', 90.5, 89.2, 'ボール', 5, 5, 25, 'B19');"
"INSERT INTO ballinfo VALUES ('2019-04-14', 2019041403, '阪神', '中日', 'ジョンソン', '右', '阪神', '大島 洋平', '左', '中日', 8, 1, 1, 1, 4, 1, 2, 0, 'ストレート', 54.5, 37.6, '二ゴロ', 2, 3, 8, 'S2');"
"INSERT INTO ballinfo VALUES ('2019-04-14', 2019041403, '阪神', '中日', 'ジョンソン', '右', '阪神', 'ビシエド', '右', '中日', 8, 1, 2, 2, 1, 0, 0, 142, 'ストレート', 47.5, 50.4, 'ファウル', 3, 3, 13, 'S5');"
"INSERT INTO ballinfo VALUES ('2019-04-14', 2019041403, '阪神', '中日', 'ジョンソン', '右', '阪神', 'ビシエド', '右', '中日', 8, 1, 2, 2, 2, 0, 1, 129, 'カーブ', 77.0, 26.8, '見逃し', 2, 4, 9, 'S3');"
"INSERT INTO ballinfo VALUES ('2019-04-14', 2019041403, '阪神', '中日', 'ジョンソン', '右', '阪神', 'ビシエド', '右', '中日', 8, 1, 2, 2, 3, 0, 2, 133, 'カーブ', 86.5, 92.4, 'ボール', 5, 5, 25, 'B19');"
"INSERT INTO ballinfo VALUES ('2019-04-14', 2019041403, '阪神', '中日', 'ジョンソン', '右', '阪神', 'ビシエド', '右', '中日', 8, 1, 2, 2, 4, 1, 2, 132, 'カーブ', 70.5, 85.2, '空三振', 5, 4, 24, 'B18');"
"INSERT INTO ballinfo VALUES ('2019-04-14', 2019041403, '阪神', '中日', 'ジョンソン', '右', '阪神', 'アルモンテ', '左', '中日', 8, 1, 3, 3, 1, 0, 0, 141, 'ストレート', 26.5, 56.8, '空振り', 3, 2, 12, 'S4');"
"INSERT INTO ballinfo VALUES ('2019-04-14', 2019041403, '阪神', '中日', 'ジョンソン', '右', '阪神', 'アルモンテ', '左', '中日', 8, 1, 3, 3, 2, 0, 1, 137, 'ストレート', 71.0, 86.8, 'ボール', 5, 4, 24, 'B18');"
"INSERT INTO ballinfo VALUES ('2019-04-14', 2019041403, '阪神', '中日', 'ジョンソン', '右', '阪神', 'アルモンテ', '左', '中日', 8, 1, 3, 3, 3, 1, 1, 130, 'カーブ', 77.5, 91.6, '空振り', 5, 4, 24, 'B18');"
"INSERT INTO ballinfo VALUES ('2019-04-14', 2019041403, '阪神', '中日', 'ジョンソン', '右', '阪神', 'アルモンテ', '左', '中日', 8, 1, 3, 3, 4, 1, 2, 0, 'ストレート', 36.5, 50.8, 'ファウル', 3, 2, 12, 'S4');"
"INSERT INTO ballinfo VALUES ('2019-04-14', 2019041403, '阪神', '中日', 'ジョンソン', '右', '阪神', 'アルモンテ', '左', '中日', 8, 1, 3, 3, 5, 1, 3, 134, 'カーブ', 88.5, 91.6, '空三振', 5, 5, 25, 'B19');"
"INSERT INTO ballinfo VALUES ('2019-04-14', 2019041403, '阪神', '中日', '祖父江 大輔', '右', '中日', '梅野 隆太郎', '右', '阪神', 8, 2, 1, 0, 1, 0, 0, 139, 'ストレート', 16.0, 24.8, 'ボール', 2, 1, 6, 'B6');"
"INSERT INTO ballinfo VALUES ('2019-04-14', 2019041403, '阪神', '中日', '祖父江 大輔', '右', '中日', '梅野 隆太郎', '右', '阪神', 8, 2, 1, 0, 2, 1, 0, 137, 'ストレート', 76.5, 44.0, '見逃し', 3, 4, 14, 'S6');"
"INSERT INTO ballinfo VALUES ('2019-04-14', 2019041403, '阪神', '中日', '祖父江 大輔', '右', '中日', '梅野 隆太郎', '右', '阪神', 8, 2, 1, 0, 3, 1, 1, 136, 'ストレート', 54.5, 44.8, '中安', 3, 3, 13, 'S5');"
"INSERT INTO ballinfo VALUES ('2019-04-14', 2019041403, '阪神', '中日', '祖父江 大輔', '右', '中日', '木浪 聖也', '左', '阪神', 8, 2, 2, 1, 1, 0, 0, 141, 'ストレート', 26.5, 9.2, 'ボール', 1, 2, 2, 'B2');"
"INSERT INTO ballinfo VALUES ('2019-04-14', 2019041403, '阪神', '中日', '祖父江 大輔', '右', '中日', '木浪 聖也', '左', '阪神', 8, 2, 2, 1, 2, 1, 0, 139, 'ストレート', 27.5, 30.0, '見逃し', 2, 2, 7, 'S1');"
"INSERT INTO ballinfo VALUES ('2019-04-14', 2019041403, '阪神', '中日', '祖父江 大輔', '右', '中日', '木浪 聖也', '左', '阪神', 8, 2, 2, 1, 3, 1, 1, 131, 'スライダー', 32.0, 49.2, '空振り', 3, 2, 12, 'S4');"
"INSERT INTO ballinfo VALUES ('2019-04-14', 2019041403, '阪神', '中日', '祖父江 大輔', '右', '中日', '木浪 聖也', '左', '阪神', 8, 2, 2, 1, 4, 1, 2, 126, 'チェンジアップ', 12.0, 9.2, 'ボール', 1, 1, 1, 'B1');"
"INSERT INTO ballinfo VALUES ('2019-04-14', 2019041403, '阪神', '中日', '祖父江 大輔', '右', '中日', '木浪 聖也', '左', '阪神', 8, 2, 2, 1, 5, 2, 2, 139, 'ストレート', 33.0, 89.6, '一ゴロ', 5, 2, 22, 'B16');"
"INSERT INTO ballinfo VALUES ('2019-04-14', 2019041403, '阪神', '中日', '祖父江 大輔', '右', '中日', 'ナバーロ', '左', '阪神', 8, 2, 3, 2, 1, 0, 0, 135, 'ストレート', 27.0, 45.6, '遊直', 3, 2, 12, 'S4');"
"INSERT INTO ballinfo VALUES ('2019-04-14', 2019041403, '阪神', '中日', '祖父江 大輔', '右', '中日', '近本 光司', '左', '阪神', 8, 2, 4, 3, 1, 0, 0, 130, 'スライダー', 35.0, 50.8, '見逃し', 3, 2, 12, 'S4');"
"INSERT INTO ballinfo VALUES ('2019-04-14', 2019041403, '阪神', '中日', '祖父江 大輔', '右', '中日', '近本 光司', '左', '阪神', 8, 2, 4, 3, 2, 0, 1, 143, 'ストレート', 74.0, 51.6, 'ファウル', 3, 4, 14, 'S6');"
"INSERT INTO ballinfo VALUES ('2019-04-14', 2019041403, '阪神', '中日', '祖父江 大輔', '右', '中日', '近本 光司', '左', '阪神', 8, 2, 4, 3, 3, 0, 2, 133, 'チェンジアップ', 15.5, 89.2, 'ボール', 5, 1, 21, 'B15');"
"INSERT INTO ballinfo VALUES ('2019-04-14', 2019041403, '阪神', '中日', '祖父江 大輔', '右', '中日', '近本 光司', '左', '阪神', 8, 2, 4, 3, 4, 1, 2, 131, 'チェンジアップ', 47.5, 49.2, '遊ゴロ', 3, 3, 13, 'S5');"
"INSERT INTO ballinfo VALUES ('2019-04-14', 2019041403, '阪神', '中日', 'ドリス', '右', '阪神', '高橋 周平', '左', '中日', 9, 1, 1, 1, 1, 0, 0, 153, 'シュート', 47.0, 75.6, 'ファウル', 4, 3, 18, 'S8');"
"INSERT INTO ballinfo VALUES ('2019-04-14', 2019041403, '阪神', '中日', 'ドリス', '右', '阪神', '高橋 周平', '左', '中日', 9, 1, 1, 1, 2, 0, 1, 151, 'ストレート', 75.5, 31.6, '見逃し', 2, 4, 9, 'S3');"
"INSERT INTO ballinfo VALUES ('2019-04-14', 2019041403, '阪神', '中日', 'ドリス', '右', '阪神', '高橋 周平', '左', '中日', 9, 1, 1, 1, 3, 0, 2, 154, 'ストレート', 56.5, 25.2, 'ファウル', 2, 3, 8, 'S2');"
"INSERT INTO ballinfo VALUES ('2019-04-14', 2019041403, '阪神', '中日', 'ドリス', '右', '阪神', '高橋 周平', '左', '中日', 9, 1, 1, 1, 4, 0, 3, 0, 'シュート', 67.0, 16.8, 'ファウル', 1, 4, 4, 'B4');"
"INSERT INTO ballinfo VALUES ('2019-04-14', 2019041403, '阪神', '中日', 'ドリス', '右', '阪神', '高橋 周平', '左', '中日', 9, 1, 1, 1, 5, 0, 4, 155, 'シュート', 56.0, 10.8, 'ファウル', 1, 3, 3, 'B3');"
"INSERT INTO ballinfo VALUES ('2019-04-14', 2019041403, '阪神', '中日', 'ドリス', '右', '阪神', '高橋 周平', '左', '中日', 9, 1, 1, 1, 6, 0, 5, 138, 'フォーク', 34.0, 91.6, '二ゴロ', 5, 2, 22, 'B16');"
"INSERT INTO ballinfo VALUES ('2019-04-14', 2019041403, '阪神', '中日', 'ドリス', '右', '阪神', '堂上 直倫', '右', '中日', 9, 1, 2, 1, 1, 0, 0, 151, 'シュート', 11.5, 6.4, 'ボール', 1, 1, 1, 'B1');"
"INSERT INTO ballinfo VALUES ('2019-04-14', 2019041403, '阪神', '中日', 'ドリス', '右', '阪神', '堂上 直倫', '右', '中日', 9, 1, 2, 1, 2, 1, 0, 145, 'シュート', 67.5, 50.4, 'ファウル', 3, 4, 14, 'S6');"
"INSERT INTO ballinfo VALUES ('2019-04-14', 2019041403, '阪神', '中日', 'ドリス', '右', '阪神', '堂上 直倫', '右', '中日', 9, 1, 2, 1, 3, 1, 1, 146, 'シュート', 53.5, 35.2, '中安', 2, 3, 8, 'S2');"
"INSERT INTO ballinfo VALUES ('2019-04-14', 2019041403, '阪神', '中日', 'ドリス', '右', '阪神', '福田 永将', '右', '中日', 9, 1, 3, 1, 1, 0, 0, 140, 'シュート', 12.0, 12.0, 'ボール', 1, 1, 1, 'B1');"
"INSERT INTO ballinfo VALUES ('2019-04-14', 2019041403, '阪神', '中日', 'ドリス', '右', '阪神', '福田 永将', '右', '中日', 9, 1, 3, 1, 2, 1, 0, 146, 'シュート', 55.5, 71.6, '中安', 4, 3, 18, 'S8');"
"INSERT INTO ballinfo VALUES ('2019-04-14', 2019041403, '阪神', '中日', 'ドリス', '右', '阪神', '井領 雅貴', '左', '中日', 9, 1, 4, 2, 1, 0, 0, 148, 'シュート', 47.0, 52.4, 'ファウル', 3, 3, 13, 'S5');"
"INSERT INTO ballinfo VALUES ('2019-04-14', 2019041403, '阪神', '中日', 'ドリス', '右', '阪神', '井領 雅貴', '左', '中日', 9, 1, 4, 2, 2, 0, 1, 147, 'シュート', 19.0, 72.0, 'ボール', 4, 1, 16, 'B10');"
"INSERT INTO ballinfo VALUES ('2019-04-14', 2019041403, '阪神', '中日', 'ドリス', '右', '阪神', '井領 雅貴', '左', '中日', 9, 1, 4, 2, 3, 1, 1, 136, 'フォーク', 26.5, 51.6, 'ファウル', 3, 2, 12, 'S4');"
"INSERT INTO ballinfo VALUES ('2019-04-14', 2019041403, '阪神', '中日', 'ドリス', '右', '阪神', '井領 雅貴', '左', '中日', 9, 1, 4, 2, 4, 1, 2, 137, 'フォーク', 77.5, 93.2, 'ボール', 5, 4, 24, 'B18');"
"INSERT INTO ballinfo VALUES ('2019-04-14', 2019041403, '阪神', '中日', 'ドリス', '右', '阪神', '井領 雅貴', '左', '中日', 9, 1, 4, 2, 5, 2, 2, 137, 'フォーク', 47.0, 93.6, '空三振', 5, 3, 23, 'B17');"
"INSERT INTO ballinfo VALUES ('2019-04-14', 2019041403, '阪神', '中日', 'ドリス', '右', '阪神', '京田 陽太', '左', '中日', 9, 1, 5, 3, 1, 0, 0, 135, 'フォーク', 34.5, 93.2, '空振り', 5, 2, 22, 'B16');"
"INSERT INTO ballinfo VALUES ('2019-04-14', 2019041403, '阪神', '中日', 'ドリス', '右', '阪神', '京田 陽太', '左', '中日', 9, 1, 5, 3, 2, 0, 1, 139, 'フォーク', 50.5, 97.2, 'ボール', 5, 3, 23, 'B17');"
"INSERT INTO ballinfo VALUES ('2019-04-14', 2019041403, '阪神', '中日', 'ドリス', '右', '阪神', '京田 陽太', '左', '中日', 9, 1, 5, 3, 3, 1, 1, 137, 'フォーク', 66.5, 46.0, '見逃し', 3, 4, 14, 'S6');"
"INSERT INTO ballinfo VALUES ('2019-04-14', 2019041403, '阪神', '中日', 'ドリス', '右', '阪神', '京田 陽太', '左', '中日', 9, 1, 5, 3, 4, 1, 2, 149, 'シュート', 71.5, 72.4, 'ゴロ', 4, 4, 19, 'S9');"
