"INSERT INTO ballinfo VALUES ('2019-04-14', 2019041401, '巨人', 'ヤクルト', '畠 世周', '右', '巨人', '太田 賢吾', '左', 'ヤクルト', 1, 1, 1, 1, 1, 0, 0, 150, 'ストレート', 76.5, 54.8, 'ファウル', 3, 4, 14, 'S6');"
"INSERT INTO ballinfo VALUES ('2019-04-14', 2019041401, '巨人', 'ヤクルト', '畠 世周', '右', '巨人', '太田 賢吾', '左', 'ヤクルト', 1, 1, 1, 1, 2, 0, 1, 150, 'ストレート', 54.5, 51.2, '右飛', 3, 3, 13, 'S5');"
"INSERT INTO ballinfo VALUES ('2019-04-14', 2019041401, '巨人', 'ヤクルト', '畠 世周', '右', '巨人', '青木 宣親', '左', 'ヤクルト', 1, 1, 2, 1, 1, 0, 0, 149, 'ストレート', 29.5, 48.8, '右本', 3, 2, 12, 'S4');"
"INSERT INTO ballinfo VALUES ('2019-04-14', 2019041401, '巨人', 'ヤクルト', '畠 世周', '右', '巨人', '山田 哲人', '右', 'ヤクルト', 1, 1, 3, 1, 1, 0, 0, 150, 'ストレート', 86.5, 86.8, 'ボール', 5, 5, 25, 'B19');"
"INSERT INTO ballinfo VALUES ('2019-04-14', 2019041401, '巨人', 'ヤクルト', '畠 世周', '右', '巨人', '山田 哲人', '右', 'ヤクルト', 1, 1, 3, 1, 2, 1, 0, 141, 'カットボール', 74.5, 86.4, 'ボール', 5, 4, 24, 'B18');"
"INSERT INTO ballinfo VALUES ('2019-04-14', 2019041401, '巨人', 'ヤクルト', '畠 世周', '右', '巨人', '山田 哲人', '右', 'ヤクルト', 1, 1, 3, 1, 3, 2, 0, 140, 'カットボール', 87.5, 93.2, 'ボール', 5, 5, 25, 'B19');"
"INSERT INTO ballinfo VALUES ('2019-04-14', 2019041401, '巨人', 'ヤクルト', '畠 世周', '右', '巨人', '山田 哲人', '右', 'ヤクルト', 1, 1, 3, 1, 4, 3, 0, 147, 'ストレート', 74.0, 93.2, '四球', 5, 4, 24, 'B18');"
"INSERT INTO ballinfo VALUES ('2019-04-14', 2019041401, '巨人', 'ヤクルト', '畠 世周', '右', '巨人', 'バレンティン', '右', 'ヤクルト', 1, 1, 4, 1, 1, 0, 0, 146, 'ストレート', 16.0, 77.6, 'ボール', 4, 1, 16, 'B10');"
"INSERT INTO ballinfo VALUES ('2019-04-14', 2019041401, '巨人', 'ヤクルト', '畠 世周', '右', '巨人', 'バレンティン', '右', 'ヤクルト', 1, 1, 4, 1, 2, 1, 0, 130, 'スライダー', 91.0, 86.0, 'ボール', 5, 5, 25, 'B19');"
"INSERT INTO ballinfo VALUES ('2019-04-14', 2019041401, '巨人', 'ヤクルト', '畠 世周', '右', '巨人', 'バレンティン', '右', 'ヤクルト', 1, 1, 4, 1, 3, 2, 0, 127, 'スライダー', 95.0, 91.6, 'ボール', 5, 5, 25, 'B19');"
"INSERT INTO ballinfo VALUES ('2019-04-14', 2019041401, '巨人', 'ヤクルト', '畠 世周', '右', '巨人', 'バレンティン', '右', 'ヤクルト', 1, 1, 4, 1, 4, 3, 0, 128, 'スライダー', 87.0, 91.6, '四球', 5, 5, 25, 'B19');"
"INSERT INTO ballinfo VALUES ('2019-04-14', 2019041401, '巨人', 'ヤクルト', '畠 世周', '右', '巨人', '雄平', '左', 'ヤクルト', 1, 1, 5, 2, 1, 0, 0, 139, 'カットボール', 47.5, 77.2, 'ファウル', 4, 3, 18, 'S8');"
"INSERT INTO ballinfo VALUES ('2019-04-14', 2019041401, '巨人', 'ヤクルト', '畠 世周', '右', '巨人', '雄平', '左', 'ヤクルト', 1, 1, 5, 2, 2, 0, 1, 150, 'ストレート', 54.5, 35.6, '遊飛', 2, 3, 8, 'S2');"
"INSERT INTO ballinfo VALUES ('2019-04-14', 2019041401, '巨人', 'ヤクルト', '畠 世周', '右', '巨人', '西浦 直亨', '右', 'ヤクルト', 1, 1, 6, 2, 1, 0, 0, 139, 'カットボール', 55.0, 33.6, 'ファウル', 2, 3, 8, 'S2');"
"INSERT INTO ballinfo VALUES ('2019-04-14', 2019041401, '巨人', 'ヤクルト', '畠 世周', '右', '巨人', '西浦 直亨', '右', 'ヤクルト', 1, 1, 6, 2, 2, 0, 1, 148, 'ストレート', 87.0, 75.2, '投安', 4, 5, 20, 'B11');"
"INSERT INTO ballinfo VALUES ('2019-04-14', 2019041401, '巨人', 'ヤクルト', '畠 世周', '右', '巨人', '村上 宗隆', '左', 'ヤクルト', 1, 1, 7, 3, 1, 0, 0, 148, 'ストレート', 94.5, 93.6, 'ボール', 5, 5, 25, 'B19');"
"INSERT INTO ballinfo VALUES ('2019-04-14', 2019041401, '巨人', 'ヤクルト', '畠 世周', '右', '巨人', '村上 宗隆', '左', 'ヤクルト', 1, 1, 7, 3, 2, 1, 0, 142, 'カットボール', 88.0, 68.8, '空振り', 4, 5, 20, 'B11');"
"INSERT INTO ballinfo VALUES ('2019-04-14', 2019041401, '巨人', 'ヤクルト', '畠 世周', '右', '巨人', '村上 宗隆', '左', 'ヤクルト', 1, 1, 7, 3, 3, 1, 1, 141, 'カットボール', 88.0, 56.0, 'ボール', 3, 5, 15, 'B9');"
"INSERT INTO ballinfo VALUES ('2019-04-14', 2019041401, '巨人', 'ヤクルト', '畠 世周', '右', '巨人', '村上 宗隆', '左', 'ヤクルト', 1, 1, 7, 3, 4, 2, 1, 142, 'カットボール', 96.5, 56.0, 'ボール', 3, 5, 15, 'B9');"
"INSERT INTO ballinfo VALUES ('2019-04-14', 2019041401, '巨人', 'ヤクルト', '畠 世周', '右', '巨人', '村上 宗隆', '左', 'ヤクルト', 1, 1, 7, 3, 5, 3, 1, 150, 'ストレート', 27.0, 26.0, '空振り', 2, 2, 7, 'S1');"
"INSERT INTO ballinfo VALUES ('2019-04-14', 2019041401, '巨人', 'ヤクルト', '畠 世周', '右', '巨人', '村上 宗隆', '左', 'ヤクルト', 1, 1, 7, 3, 6, 3, 2, 152, 'ストレート', 75.0, 68.4, '遊飛', 4, 4, 19, 'S9');"
"INSERT INTO ballinfo VALUES ('2019-04-14', 2019041401, '巨人', 'ヤクルト', '高橋 奎二', '左', 'ヤクルト', '吉川 大幾', '右', '巨人', 1, 2, 1, 1, 1, 0, 0, 146, 'ストレート', 17.5, 65.6, '左飛', 4, 1, 16, 'B10');"
"INSERT INTO ballinfo VALUES ('2019-04-14', 2019041401, '巨人', 'ヤクルト', '高橋 奎二', '左', 'ヤクルト', '坂本 勇人', '右', '巨人', 1, 2, 2, 2, 1, 0, 0, 145, 'ストレート', 66.0, 46.0, '見逃し', 3, 4, 14, 'S6');"
"INSERT INTO ballinfo VALUES ('2019-04-14', 2019041401, '巨人', 'ヤクルト', '高橋 奎二', '左', 'ヤクルト', '坂本 勇人', '右', '巨人', 1, 2, 2, 2, 2, 0, 1, 113, 'カーブ', 27.0, 85.2, 'ボール', 5, 2, 22, 'B16');"
"INSERT INTO ballinfo VALUES ('2019-04-14', 2019041401, '巨人', 'ヤクルト', '高橋 奎二', '左', 'ヤクルト', '坂本 勇人', '右', '巨人', 1, 2, 2, 2, 3, 1, 1, 146, 'ストレート', 37.0, 29.2, 'ファウル', 2, 2, 7, 'S1');"
"INSERT INTO ballinfo VALUES ('2019-04-14', 2019041401, '巨人', 'ヤクルト', '高橋 奎二', '左', 'ヤクルト', '坂本 勇人', '右', '巨人', 1, 2, 2, 2, 4, 1, 2, 131, 'チェンジアップ', 56.0, 72.4, 'ファウル', 4, 3, 18, 'S8');"
"INSERT INTO ballinfo VALUES ('2019-04-14', 2019041401, '巨人', 'ヤクルト', '高橋 奎二', '左', 'ヤクルト', '坂本 勇人', '右', '巨人', 1, 2, 2, 2, 5, 1, 3, 122, 'スライダー', 49.5, 47.6, '空三振', 3, 3, 13, 'S5');"
"INSERT INTO ballinfo VALUES ('2019-04-14', 2019041401, '巨人', 'ヤクルト', '高橋 奎二', '左', 'ヤクルト', '丸 佳浩', '左', '巨人', 1, 2, 3, 2, 1, 0, 0, 148, 'ストレート', 46.5, 89.2, 'ボール', 5, 3, 23, 'B17');"
"INSERT INTO ballinfo VALUES ('2019-04-14', 2019041401, '巨人', 'ヤクルト', '高橋 奎二', '左', 'ヤクルト', '丸 佳浩', '左', '巨人', 1, 2, 3, 2, 2, 1, 0, 147, 'ストレート', 12.5, 84.4, 'ボール', 5, 1, 21, 'B15');"
"INSERT INTO ballinfo VALUES ('2019-04-14', 2019041401, '巨人', 'ヤクルト', '高橋 奎二', '左', 'ヤクルト', '丸 佳浩', '左', '巨人', 1, 2, 3, 2, 3, 2, 0, 122, 'スライダー', 26.0, 91.6, 'ボール', 5, 2, 22, 'B16');"
"INSERT INTO ballinfo VALUES ('2019-04-14', 2019041401, '巨人', 'ヤクルト', '高橋 奎二', '左', 'ヤクルト', '丸 佳浩', '左', '巨人', 1, 2, 3, 2, 4, 3, 0, 142, 'ストレート', 67.5, 16.0, '四球', 1, 4, 4, 'B4');"
"INSERT INTO ballinfo VALUES ('2019-04-14', 2019041401, '巨人', 'ヤクルト', '高橋 奎二', '左', 'ヤクルト', '岡本 和真', '右', '巨人', 1, 2, 4, 2, 1, 0, 0, 148, 'ストレート', 56.5, 45.2, 'ファウル', 3, 3, 13, 'S5');"
"INSERT INTO ballinfo VALUES ('2019-04-14', 2019041401, '巨人', 'ヤクルト', '高橋 奎二', '左', 'ヤクルト', '岡本 和真', '右', '巨人', 1, 2, 4, 2, 2, 0, 1, 0, 'カーブ', 12.0, 85.2, 'ボール', 5, 1, 21, 'B15');"
"INSERT INTO ballinfo VALUES ('2019-04-14', 2019041401, '巨人', 'ヤクルト', '高橋 奎二', '左', 'ヤクルト', '岡本 和真', '右', '巨人', 1, 2, 4, 2, 3, 1, 1, 141, 'ストレート', 6.0, 52.0, 'ボール', 3, 1, 11, 'B8');"
"INSERT INTO ballinfo VALUES ('2019-04-14', 2019041401, '巨人', 'ヤクルト', '高橋 奎二', '左', 'ヤクルト', '岡本 和真', '右', '巨人', 1, 2, 4, 2, 4, 2, 1, 118, 'スライダー', 26.5, 66.8, 'ファウル', 4, 2, 17, 'S7');"
"INSERT INTO ballinfo VALUES ('2019-04-14', 2019041401, '巨人', 'ヤクルト', '高橋 奎二', '左', 'ヤクルト', '岡本 和真', '右', '巨人', 1, 2, 4, 2, 5, 2, 2, 145, 'ストレート', 67.5, 46.0, 'ファウル', 3, 4, 14, 'S6');"
"INSERT INTO ballinfo VALUES ('2019-04-14', 2019041401, '巨人', 'ヤクルト', '高橋 奎二', '左', 'ヤクルト', '岡本 和真', '右', '巨人', 1, 2, 4, 2, 6, 2, 3, 129, 'チェンジアップ', 12.5, 91.6, 'ボール', 5, 1, 21, 'B15');"
"INSERT INTO ballinfo VALUES ('2019-04-14', 2019041401, '巨人', 'ヤクルト', '高橋 奎二', '左', 'ヤクルト', '岡本 和真', '右', '巨人', 1, 2, 4, 2, 7, 3, 3, 144, 'ストレート', 67.5, 34.4, '左本', 2, 4, 9, 'S3');"
"INSERT INTO ballinfo VALUES ('2019-04-14', 2019041401, '巨人', 'ヤクルト', '高橋 奎二', '左', 'ヤクルト', 'ビヤヌエバ', '右', '巨人', 1, 2, 5, 3, 1, 0, 0, 143, 'ストレート', 55.0, 92.8, 'ボール', 5, 3, 23, 'B17');"
"INSERT INTO ballinfo VALUES ('2019-04-14', 2019041401, '巨人', 'ヤクルト', '高橋 奎二', '左', 'ヤクルト', 'ビヤヌエバ', '右', '巨人', 1, 2, 5, 3, 2, 1, 0, 148, 'ストレート', 29.0, 67.6, 'ファウル', 4, 2, 17, 'S7');"
"INSERT INTO ballinfo VALUES ('2019-04-14', 2019041401, '巨人', 'ヤクルト', '高橋 奎二', '左', 'ヤクルト', 'ビヤヌエバ', '右', '巨人', 1, 2, 5, 3, 3, 1, 1, 146, 'ストレート', 34.5, 28.8, '空振り', 2, 2, 7, 'S1');"
"INSERT INTO ballinfo VALUES ('2019-04-14', 2019041401, '巨人', 'ヤクルト', '高橋 奎二', '左', 'ヤクルト', 'ビヤヌエバ', '右', '巨人', 1, 2, 5, 3, 4, 1, 2, 147, 'ストレート', 17.5, 70.4, 'ファウル', 4, 1, 16, 'B10');"
"INSERT INTO ballinfo VALUES ('2019-04-14', 2019041401, '巨人', 'ヤクルト', '高橋 奎二', '左', 'ヤクルト', 'ビヤヌエバ', '右', '巨人', 1, 2, 5, 3, 5, 1, 3, 120, 'スライダー', 35.0, 91.6, '空三振', 5, 2, 22, 'B16');"
"INSERT INTO ballinfo VALUES ('2019-04-14', 2019041401, '巨人', 'ヤクルト', '畠 世周', '右', '巨人', '中村 悠平', '右', 'ヤクルト', 2, 1, 1, 1, 1, 0, 0, 147, 'ストレート', 69.0, 8.0, 'ボール', 1, 4, 4, 'B4');"
"INSERT INTO ballinfo VALUES ('2019-04-14', 2019041401, '巨人', 'ヤクルト', '畠 世周', '右', '巨人', '中村 悠平', '右', 'ヤクルト', 2, 1, 1, 1, 2, 1, 0, 146, 'ストレート', 55.0, 6.0, 'ボール', 1, 3, 3, 'B3');"
"INSERT INTO ballinfo VALUES ('2019-04-14', 2019041401, '巨人', 'ヤクルト', '畠 世周', '右', '巨人', '中村 悠平', '右', 'ヤクルト', 2, 1, 1, 1, 3, 2, 0, 148, 'ストレート', 27.5, 24.8, '見逃し', 2, 2, 7, 'S1');"
"INSERT INTO ballinfo VALUES ('2019-04-14', 2019041401, '巨人', 'ヤクルト', '畠 世周', '右', '巨人', '中村 悠平', '右', 'ヤクルト', 2, 1, 1, 1, 4, 2, 1, 147, 'ストレート', 34.5, 29.6, '左飛', 2, 2, 7, 'S1');"
"INSERT INTO ballinfo VALUES ('2019-04-14', 2019041401, '巨人', 'ヤクルト', '畠 世周', '右', '巨人', '高橋 奎二', '左', 'ヤクルト', 2, 1, 2, 2, 1, 0, 0, 147, 'ストレート', 69.5, 11.6, 'ボール', 1, 4, 4, 'B4');"
"INSERT INTO ballinfo VALUES ('2019-04-14', 2019041401, '巨人', 'ヤクルト', '畠 世周', '右', '巨人', '高橋 奎二', '左', 'ヤクルト', 2, 1, 2, 2, 2, 1, 0, 146, 'ストレート', 35.5, 28.4, '見逃し', 2, 2, 7, 'S1');"
"INSERT INTO ballinfo VALUES ('2019-04-14', 2019041401, '巨人', 'ヤクルト', '畠 世周', '右', '巨人', '高橋 奎二', '左', 'ヤクルト', 2, 1, 2, 2, 3, 1, 1, 148, 'ストレート', 33.5, 18.0, 'ファウル', 1, 2, 2, 'B2');"
"INSERT INTO ballinfo VALUES ('2019-04-14', 2019041401, '巨人', 'ヤクルト', '畠 世周', '右', '巨人', '高橋 奎二', '左', 'ヤクルト', 2, 1, 2, 2, 4, 1, 2, 123, 'スライダー', 34.0, 35.2, '見三振', 2, 2, 7, 'S1');"
"INSERT INTO ballinfo VALUES ('2019-04-14', 2019041401, '巨人', 'ヤクルト', '畠 世周', '右', '巨人', '太田 賢吾', '左', 'ヤクルト', 2, 1, 3, 3, 1, 0, 0, 114, 'カーブ', 45.0, 16.0, 'ボール', 1, 3, 3, 'B3');"
"INSERT INTO ballinfo VALUES ('2019-04-14', 2019041401, '巨人', 'ヤクルト', '畠 世周', '右', '巨人', '太田 賢吾', '左', 'ヤクルト', 2, 1, 3, 3, 2, 1, 0, 149, 'ストレート', 76.0, 75.2, 'ファウル', 4, 4, 19, 'S9');"
"INSERT INTO ballinfo VALUES ('2019-04-14', 2019041401, '巨人', 'ヤクルト', '畠 世周', '右', '巨人', '太田 賢吾', '左', 'ヤクルト', 2, 1, 3, 3, 3, 1, 1, 116, 'カーブ', 71.0, 28.0, '見逃し', 2, 4, 9, 'S3');"
"INSERT INTO ballinfo VALUES ('2019-04-14', 2019041401, '巨人', 'ヤクルト', '畠 世周', '右', '巨人', '太田 賢吾', '左', 'ヤクルト', 2, 1, 3, 3, 4, 1, 2, 133, 'フォーク', 36.0, 91.2, '空三振', 5, 2, 22, 'B16');"
"INSERT INTO ballinfo VALUES ('2019-04-14', 2019041401, '巨人', 'ヤクルト', '高橋 奎二', '左', 'ヤクルト', 'ゲレーロ', '右', '巨人', 2, 2, 1, 1, 1, 0, 0, 144, 'ストレート', 25.0, 12.8, 'ボール', 1, 2, 2, 'B2');"
"INSERT INTO ballinfo VALUES ('2019-04-14', 2019041401, '巨人', 'ヤクルト', '高橋 奎二', '左', 'ヤクルト', 'ゲレーロ', '右', '巨人', 2, 2, 1, 1, 2, 1, 0, 142, 'ストレート', 8.5, 45.2, 'ボール', 3, 1, 11, 'B8');"
"INSERT INTO ballinfo VALUES ('2019-04-14', 2019041401, '巨人', 'ヤクルト', '高橋 奎二', '左', 'ヤクルト', 'ゲレーロ', '右', '巨人', 2, 2, 1, 1, 3, 2, 0, 141, 'ストレート', 6.5, 50.8, 'ボール', 3, 1, 11, 'B8');"
"INSERT INTO ballinfo VALUES ('2019-04-14', 2019041401, '巨人', 'ヤクルト', '高橋 奎二', '左', 'ヤクルト', 'ゲレーロ', '右', '巨人', 2, 2, 1, 1, 4, 3, 0, 146, 'ストレート', 48.0, 56.8, '見逃し', 3, 3, 13, 'S5');"
"INSERT INTO ballinfo VALUES ('2019-04-14', 2019041401, '巨人', 'ヤクルト', '高橋 奎二', '左', 'ヤクルト', 'ゲレーロ', '右', '巨人', 2, 2, 1, 1, 5, 3, 1, 144, 'ストレート', 25.0, 63.6, 'ファウル', 4, 2, 17, 'S7');"
"INSERT INTO ballinfo VALUES ('2019-04-14', 2019041401, '巨人', 'ヤクルト', '高橋 奎二', '左', 'ヤクルト', 'ゲレーロ', '右', '巨人', 2, 2, 1, 1, 6, 3, 2, 131, 'チェンジアップ', 73.5, 35.2, '中飛', 2, 4, 9, 'S3');"
"INSERT INTO ballinfo VALUES ('2019-04-14', 2019041401, '巨人', 'ヤクルト', '高橋 奎二', '左', 'ヤクルト', '石川 慎吾', '右', '巨人', 2, 2, 2, 2, 1, 0, 0, 111, 'カーブ', 31.5, 45.2, 'ファウル', 3, 2, 12, 'S4');"
"INSERT INTO ballinfo VALUES ('2019-04-14', 2019041401, '巨人', 'ヤクルト', '高橋 奎二', '左', 'ヤクルト', '石川 慎吾', '右', '巨人', 2, 2, 2, 2, 2, 0, 1, 145, 'ストレート', 17.0, 28.0, 'ファウル', 2, 1, 6, 'B6');"
"INSERT INTO ballinfo VALUES ('2019-04-14', 2019041401, '巨人', 'ヤクルト', '高橋 奎二', '左', 'ヤクルト', '石川 慎吾', '右', '巨人', 2, 2, 2, 2, 3, 0, 2, 140, 'ストレート', 54.5, 15.6, 'ファウル', 1, 3, 3, 'B3');"
"INSERT INTO ballinfo VALUES ('2019-04-14', 2019041401, '巨人', 'ヤクルト', '高橋 奎二', '左', 'ヤクルト', '石川 慎吾', '右', '巨人', 2, 2, 2, 2, 4, 0, 3, 111, 'カーブ', 88.5, 86.8, 'ボール', 5, 5, 25, 'B19');"
"INSERT INTO ballinfo VALUES ('2019-04-14', 2019041401, '巨人', 'ヤクルト', '高橋 奎二', '左', 'ヤクルト', '石川 慎吾', '右', '巨人', 2, 2, 2, 2, 5, 1, 3, 130, 'チェンジアップ', 86.5, 31.6, '三ゴロ', 2, 5, 10, 'B7');"
"INSERT INTO ballinfo VALUES ('2019-04-14', 2019041401, '巨人', 'ヤクルト', '高橋 奎二', '左', 'ヤクルト', '小林 誠司', '右', '巨人', 2, 2, 3, 3, 1, 0, 0, 145, 'ストレート', 11.5, 87.2, 'ボール', 5, 1, 21, 'B15');"
"INSERT INTO ballinfo VALUES ('2019-04-14', 2019041401, '巨人', 'ヤクルト', '高橋 奎二', '左', 'ヤクルト', '小林 誠司', '右', '巨人', 2, 2, 3, 3, 2, 1, 0, 116, 'スライダー', 35.0, 75.6, '見逃し', 4, 2, 17, 'S7');"
"INSERT INTO ballinfo VALUES ('2019-04-14', 2019041401, '巨人', 'ヤクルト', '高橋 奎二', '左', 'ヤクルト', '小林 誠司', '右', '巨人', 2, 2, 3, 3, 3, 1, 1, 118, 'スライダー', 69.5, 89.2, 'ボール', 5, 4, 24, 'B18');"
"INSERT INTO ballinfo VALUES ('2019-04-14', 2019041401, '巨人', 'ヤクルト', '高橋 奎二', '左', 'ヤクルト', '小林 誠司', '右', '巨人', 2, 2, 3, 3, 4, 2, 1, 143, 'ストレート', 36.5, 47.6, 'ファウル', 3, 2, 12, 'S4');"
"INSERT INTO ballinfo VALUES ('2019-04-14', 2019041401, '巨人', 'ヤクルト', '高橋 奎二', '左', 'ヤクルト', '小林 誠司', '右', '巨人', 2, 2, 3, 3, 5, 2, 2, 143, 'ストレート', 28.5, 34.8, 'ファウル', 2, 2, 7, 'S1');"
"INSERT INTO ballinfo VALUES ('2019-04-14', 2019041401, '巨人', 'ヤクルト', '高橋 奎二', '左', 'ヤクルト', '小林 誠司', '右', '巨人', 2, 2, 3, 3, 6, 2, 3, 142, 'ストレート', 13.0, 77.2, 'ボール', 4, 1, 16, 'B10');"
"INSERT INTO ballinfo VALUES ('2019-04-14', 2019041401, '巨人', 'ヤクルト', '高橋 奎二', '左', 'ヤクルト', '小林 誠司', '右', '巨人', 2, 2, 3, 3, 7, 3, 3, 140, 'ストレート', 13.0, 24.4, 'ファウル', 2, 1, 6, 'B6');"
"INSERT INTO ballinfo VALUES ('2019-04-14', 2019041401, '巨人', 'ヤクルト', '高橋 奎二', '左', 'ヤクルト', '小林 誠司', '右', '巨人', 2, 2, 3, 3, 8, 3, 4, 144, 'ストレート', 36.5, 67.6, 'ファウル', 4, 2, 17, 'S7');"
"INSERT INTO ballinfo VALUES ('2019-04-14', 2019041401, '巨人', 'ヤクルト', '高橋 奎二', '左', 'ヤクルト', '小林 誠司', '右', '巨人', 2, 2, 3, 3, 9, 3, 5, 141, 'ストレート', 27.0, 28.8, 'ファウル', 2, 2, 7, 'S1');"
"INSERT INTO ballinfo VALUES ('2019-04-14', 2019041401, '巨人', 'ヤクルト', '高橋 奎二', '左', 'ヤクルト', '小林 誠司', '右', '巨人', 2, 2, 3, 3, 10, 3, 6, 144, 'ストレート', 38.0, 33.6, 'ファウル', 2, 2, 7, 'S1');"
"INSERT INTO ballinfo VALUES ('2019-04-14', 2019041401, '巨人', 'ヤクルト', '高橋 奎二', '左', 'ヤクルト', '小林 誠司', '右', '巨人', 2, 2, 3, 3, 11, 3, 7, 143, 'ストレート', 17.0, 45.2, '左飛', 3, 1, 11, 'B8');"
"INSERT INTO ballinfo VALUES ('2019-04-14', 2019041401, '巨人', 'ヤクルト', '畠 世周', '右', '巨人', '青木 宣親', '左', 'ヤクルト', 3, 1, 1, 0, 1, 0, 0, 149, 'ストレート', 76.5, 49.2, 'ファウル', 3, 4, 14, 'S6');"
"INSERT INTO ballinfo VALUES ('2019-04-14', 2019041401, '巨人', 'ヤクルト', '畠 世周', '右', '巨人', '青木 宣親', '左', 'ヤクルト', 3, 1, 1, 0, 2, 0, 1, 148, 'ストレート', 70.5, 27.2, '三安', 2, 4, 9, 'S3');"
"INSERT INTO ballinfo VALUES ('2019-04-14', 2019041401, '巨人', 'ヤクルト', '畠 世周', '右', '巨人', '山田 哲人', '右', 'ヤクルト', 3, 1, 2, 0, 1, 0, 0, 148, 'ストレート', 27.0, 64.0, '見逃し', 4, 2, 17, 'S7');"
"INSERT INTO ballinfo VALUES ('2019-04-14', 2019041401, '巨人', 'ヤクルト', '畠 世周', '右', '巨人', '山田 哲人', '右', 'ヤクルト', 3, 1, 2, 0, 2, 0, 1, 144, 'ストレート', 33.5, 93.2, 'ボール', 5, 2, 22, 'B16');"
"INSERT INTO ballinfo VALUES ('2019-04-14', 2019041401, '巨人', 'ヤクルト', '畠 世周', '右', '巨人', '山田 哲人', '右', 'ヤクルト', 3, 1, 2, 0, 3, 1, 1, 144, 'ストレート', 29.5, 34.0, '見逃し', 2, 2, 7, 'S1');"
"INSERT INTO ballinfo VALUES ('2019-04-14', 2019041401, '巨人', 'ヤクルト', '畠 世周', '右', '巨人', '山田 哲人', '右', 'ヤクルト', 3, 1, 2, 0, 4, 1, 2, 136, 'カットボール', 68.0, 36.4, 'ファウル', 2, 4, 9, 'S3');"
"INSERT INTO ballinfo VALUES ('2019-04-14', 2019041401, '巨人', 'ヤクルト', '畠 世周', '右', '巨人', '山田 哲人', '右', 'ヤクルト', 3, 1, 2, 0, 5, 1, 3, 132, 'フォーク', 76.5, 92.8, 'ボール', 5, 4, 24, 'B18');"
"INSERT INTO ballinfo VALUES ('2019-04-14', 2019041401, '巨人', 'ヤクルト', '畠 世周', '右', '巨人', '山田 哲人', '右', 'ヤクルト', 3, 1, 2, 0, 6, 2, 3, 128, 'スライダー', 94.0, 76.0, 'ボール', 4, 5, 20, 'B11');"
"INSERT INTO ballinfo VALUES ('2019-04-14', 2019041401, '巨人', 'ヤクルト', '畠 世周', '右', '巨人', '山田 哲人', '右', 'ヤクルト', 3, 1, 2, 0, 7, 3, 3, 126, 'スライダー', 75.5, 75.2, 'ファウル', 4, 4, 19, 'S9');"
"INSERT INTO ballinfo VALUES ('2019-04-14', 2019041401, '巨人', 'ヤクルト', '畠 世周', '右', '巨人', '山田 哲人', '右', 'ヤクルト', 3, 1, 2, 0, 8, 3, 4, 136, 'カットボール', 54.5, 72.0, '中安', 4, 3, 18, 'S8');"
"INSERT INTO ballinfo VALUES ('2019-04-14', 2019041401, '巨人', 'ヤクルト', '畠 世周', '右', '巨人', 'バレンティン', '右', 'ヤクルト', 3, 1, 3, 0, 1, 0, 0, 130, 'フォーク', 53.0, 92.0, 'ボール', 5, 3, 23, 'B17');"
"INSERT INTO ballinfo VALUES ('2019-04-14', 2019041401, '巨人', 'ヤクルト', '畠 世周', '右', '巨人', 'バレンティン', '右', 'ヤクルト', 3, 1, 3, 0, 2, 1, 0, 147, 'ストレート', 43.5, 86.4, '左安', 5, 3, 23, 'B17');"
"INSERT INTO ballinfo VALUES ('2019-04-14', 2019041401, '巨人', 'ヤクルト', '畠 世周', '右', '巨人', '雄平', '左', 'ヤクルト', 3, 1, 4, 1, 1, 0, 0, 146, 'ストレート', 34.5, 14.0, '遊飛', 1, 2, 2, 'B2');"
"INSERT INTO ballinfo VALUES ('2019-04-14', 2019041401, '巨人', 'ヤクルト', '畠 世周', '右', '巨人', '西浦 直亨', '右', 'ヤクルト', 3, 1, 5, 1, 1, 0, 0, 147, 'ストレート', 87.5, 91.6, 'ボール', 5, 5, 25, 'B19');"
"INSERT INTO ballinfo VALUES ('2019-04-14', 2019041401, '巨人', 'ヤクルト', '畠 世周', '右', '巨人', '西浦 直亨', '右', 'ヤクルト', 3, 1, 5, 1, 2, 1, 0, 147, 'ストレート', 67.5, 55.6, 'ファウル', 3, 4, 14, 'S6');"
"INSERT INTO ballinfo VALUES ('2019-04-14', 2019041401, '巨人', 'ヤクルト', '畠 世周', '右', '巨人', '西浦 直亨', '右', 'ヤクルト', 3, 1, 5, 1, 3, 1, 1, 147, 'ストレート', 67.0, 68.8, '左本', 4, 4, 19, 'S9');"
"INSERT INTO ballinfo VALUES ('2019-04-14', 2019041401, '巨人', 'ヤクルト', '畠 世周', '右', '巨人', '村上 宗隆', '左', 'ヤクルト', 3, 1, 6, 2, 1, 0, 0, 116, 'カーブ', 47.5, 12.0, 'ボール', 1, 3, 3, 'B3');"
"INSERT INTO ballinfo VALUES ('2019-04-14', 2019041401, '巨人', 'ヤクルト', '畠 世周', '右', '巨人', '村上 宗隆', '左', 'ヤクルト', 3, 1, 6, 2, 2, 1, 0, 124, 'スライダー', 56.0, 45.2, '見逃し', 3, 3, 13, 'S5');"
"INSERT INTO ballinfo VALUES ('2019-04-14', 2019041401, '巨人', 'ヤクルト', '畠 世周', '右', '巨人', '村上 宗隆', '左', 'ヤクルト', 3, 1, 6, 2, 3, 1, 1, 147, 'ストレート', 48.5, 35.6, '空振り', 2, 3, 8, 'S2');"
"INSERT INTO ballinfo VALUES ('2019-04-14', 2019041401, '巨人', 'ヤクルト', '畠 世周', '右', '巨人', '村上 宗隆', '左', 'ヤクルト', 3, 1, 6, 2, 4, 1, 2, 146, 'ストレート', 92.5, 86.8, 'ボール', 5, 5, 25, 'B19');"
"INSERT INTO ballinfo VALUES ('2019-04-14', 2019041401, '巨人', 'ヤクルト', '畠 世周', '右', '巨人', '村上 宗隆', '左', 'ヤクルト', 3, 1, 6, 2, 5, 2, 2, 127, 'スライダー', 76.0, 50.0, 'ファウル', 3, 4, 14, 'S6');"
"INSERT INTO ballinfo VALUES ('2019-04-14', 2019041401, '巨人', 'ヤクルト', '畠 世周', '右', '巨人', '村上 宗隆', '左', 'ヤクルト', 3, 1, 6, 2, 6, 2, 3, 130, 'チェンジアップ', 70.0, 72.0, '空三振', 4, 4, 19, 'S9');"
"INSERT INTO ballinfo VALUES ('2019-04-14', 2019041401, '巨人', 'ヤクルト', '畠 世周', '右', '巨人', '中村 悠平', '右', 'ヤクルト', 3, 1, 7, 2, 1, 0, 0, 134, 'カットボール', 57.5, 34.8, '見逃し', 2, 3, 8, 'S2');"
"INSERT INTO ballinfo VALUES ('2019-04-14', 2019041401, '巨人', 'ヤクルト', '畠 世周', '右', '巨人', '中村 悠平', '右', 'ヤクルト', 3, 1, 7, 2, 2, 0, 1, 126, 'スライダー', 91.0, 92.0, 'ボール', 5, 5, 25, 'B19');"
"INSERT INTO ballinfo VALUES ('2019-04-14', 2019041401, '巨人', 'ヤクルト', '畠 世周', '右', '巨人', '中村 悠平', '右', 'ヤクルト', 3, 1, 7, 2, 3, 1, 1, 135, 'カットボール', 27.0, 15.6, 'ボール', 1, 2, 2, 'B2');"
"INSERT INTO ballinfo VALUES ('2019-04-14', 2019041401, '巨人', 'ヤクルト', '畠 世周', '右', '巨人', '中村 悠平', '右', 'ヤクルト', 3, 1, 7, 2, 4, 2, 1, 136, 'カットボール', 51.0, 91.6, '空振り', 5, 3, 23, 'B17');"
"INSERT INTO ballinfo VALUES ('2019-04-14', 2019041401, '巨人', 'ヤクルト', '畠 世周', '右', '巨人', '中村 悠平', '右', 'ヤクルト', 3, 1, 7, 2, 5, 2, 2, 146, 'ストレート', 94.5, 74.0, 'ボール', 4, 5, 20, 'B11');"
"INSERT INTO ballinfo VALUES ('2019-04-14', 2019041401, '巨人', 'ヤクルト', '畠 世周', '右', '巨人', '中村 悠平', '右', 'ヤクルト', 3, 1, 7, 2, 6, 3, 2, 147, 'ストレート', 74.0, 74.8, '左安', 4, 4, 19, 'S9');"
"INSERT INTO ballinfo VALUES ('2019-04-14', 2019041401, '巨人', 'ヤクルト', '畠 世周', '右', '巨人', '高橋 奎二', '左', 'ヤクルト', 3, 1, 8, 2, 1, 0, 0, 145, 'ストレート', 89.5, 28.4, '左安', 2, 5, 10, 'B7');"
"INSERT INTO ballinfo VALUES ('2019-04-14', 2019041401, '巨人', 'ヤクルト', '畠 世周', '右', '巨人', '太田 賢吾', '左', 'ヤクルト', 3, 1, 9, 2, 1, 0, 0, 125, 'スライダー', 54.5, 74.0, '見逃し', 4, 3, 18, 'S8');"
"INSERT INTO ballinfo VALUES ('2019-04-14', 2019041401, '巨人', 'ヤクルト', '畠 世周', '右', '巨人', '太田 賢吾', '左', 'ヤクルト', 3, 1, 9, 2, 2, 0, 1, 125, 'チェンジアップ', 31.0, 90.8, '空振り', 5, 2, 22, 'B16');"
"INSERT INTO ballinfo VALUES ('2019-04-14', 2019041401, '巨人', 'ヤクルト', '畠 世周', '右', '巨人', '太田 賢吾', '左', 'ヤクルト', 3, 1, 9, 2, 3, 0, 2, 129, 'フォーク', 24.5, 92.4, 'ボール', 5, 2, 22, 'B16');"
"INSERT INTO ballinfo VALUES ('2019-04-14', 2019041401, '巨人', 'ヤクルト', '畠 世周', '右', '巨人', '太田 賢吾', '左', 'ヤクルト', 3, 1, 9, 2, 4, 1, 2, 128, 'チェンジアップ', 14.5, 31.6, '右安', 2, 1, 6, 'B6');"
"INSERT INTO ballinfo VALUES ('2019-04-14', 2019041401, '巨人', 'ヤクルト', '畠 世周', '右', '巨人', '青木 宣親', '左', 'ヤクルト', 3, 1, 10, 3, 1, 0, 0, 123, 'チェンジアップ', 28.5, 45.6, '見逃し', 3, 2, 12, 'S4');"
"INSERT INTO ballinfo VALUES ('2019-04-14', 2019041401, '巨人', 'ヤクルト', '畠 世周', '右', '巨人', '青木 宣親', '左', 'ヤクルト', 3, 1, 10, 3, 2, 0, 1, 143, 'ストレート', 88.0, 70.0, 'ボール', 4, 5, 20, 'B11');"
"INSERT INTO ballinfo VALUES ('2019-04-14', 2019041401, '巨人', 'ヤクルト', '畠 世周', '右', '巨人', '青木 宣親', '左', 'ヤクルト', 3, 1, 10, 3, 3, 1, 1, 145, 'ストレート', 67.0, 53.2, 'ファウル', 3, 4, 14, 'S6');"
"INSERT INTO ballinfo VALUES ('2019-04-14', 2019041401, '巨人', 'ヤクルト', '畠 世周', '右', '巨人', '青木 宣親', '左', 'ヤクルト', 3, 1, 10, 3, 4, 1, 2, 128, 'フォーク', 86.0, 90.8, 'ボール', 5, 5, 25, 'B19');"
"INSERT INTO ballinfo VALUES ('2019-04-14', 2019041401, '巨人', 'ヤクルト', '畠 世周', '右', '巨人', '青木 宣親', '左', 'ヤクルト', 3, 1, 10, 3, 5, 2, 2, 124, 'スライダー', 65.0, 57.6, 'ファウル', 3, 4, 14, 'S6');"
"INSERT INTO ballinfo VALUES ('2019-04-14', 2019041401, '巨人', 'ヤクルト', '畠 世周', '右', '巨人', '青木 宣親', '左', 'ヤクルト', 3, 1, 10, 3, 6, 2, 3, 144, 'ストレート', 15.5, 35.6, 'ボール', 2, 1, 6, 'B6');"
"INSERT INTO ballinfo VALUES ('2019-04-14', 2019041401, '巨人', 'ヤクルト', '畠 世周', '右', '巨人', '青木 宣親', '左', 'ヤクルト', 3, 1, 10, 3, 7, 3, 3, 124, 'スライダー', 65.5, 38.0, 'ファウル', 2, 4, 9, 'S3');"
"INSERT INTO ballinfo VALUES ('2019-04-14', 2019041401, '巨人', 'ヤクルト', '畠 世周', '右', '巨人', '青木 宣親', '左', 'ヤクルト', 3, 1, 10, 3, 8, 3, 4, 123, 'スライダー', 33.0, 28.8, '三ゴロ', 2, 2, 7, 'S1');"
"INSERT INTO ballinfo VALUES ('2019-04-14', 2019041401, '巨人', 'ヤクルト', '高橋 奎二', '左', 'ヤクルト', '中島 宏之', '右', '巨人', 3, 2, 1, 1, 1, 0, 0, 139, 'ストレート', 15.0, 70.4, 'ボール', 4, 1, 16, 'B10');"
"INSERT INTO ballinfo VALUES ('2019-04-14', 2019041401, '巨人', 'ヤクルト', '高橋 奎二', '左', 'ヤクルト', '中島 宏之', '右', '巨人', 3, 2, 1, 1, 2, 1, 0, 139, 'ストレート', 16.5, 28.4, 'ファウル', 2, 1, 6, 'B6');"
"INSERT INTO ballinfo VALUES ('2019-04-14', 2019041401, '巨人', 'ヤクルト', '高橋 奎二', '左', 'ヤクルト', '中島 宏之', '右', '巨人', 3, 2, 1, 1, 3, 1, 1, 117, 'スライダー', 66.5, 32.4, '見逃し', 2, 4, 9, 'S3');"
"INSERT INTO ballinfo VALUES ('2019-04-14', 2019041401, '巨人', 'ヤクルト', '高橋 奎二', '左', 'ヤクルト', '中島 宏之', '右', '巨人', 3, 2, 1, 1, 4, 1, 2, 140, 'ストレート', 15.0, 83.6, 'ボール', 5, 1, 21, 'B15');"
"INSERT INTO ballinfo VALUES ('2019-04-14', 2019041401, '巨人', 'ヤクルト', '高橋 奎二', '左', 'ヤクルト', '中島 宏之', '右', '巨人', 3, 2, 1, 1, 5, 2, 2, 141, 'ストレート', 34.5, 15.2, '一邪飛', 1, 2, 2, 'B2');"
"INSERT INTO ballinfo VALUES ('2019-04-14', 2019041401, '巨人', 'ヤクルト', '高橋 奎二', '左', 'ヤクルト', '吉川 大幾', '右', '巨人', 3, 2, 2, 2, 1, 0, 0, 141, 'ストレート', 35.5, 35.6, '見逃し', 2, 2, 7, 'S1');"
"INSERT INTO ballinfo VALUES ('2019-04-14', 2019041401, '巨人', 'ヤクルト', '高橋 奎二', '左', 'ヤクルト', '吉川 大幾', '右', '巨人', 3, 2, 2, 2, 2, 0, 1, 121, 'スライダー', 10.5, 84.4, '空振り', 5, 1, 21, 'B15');"
"INSERT INTO ballinfo VALUES ('2019-04-14', 2019041401, '巨人', 'ヤクルト', '高橋 奎二', '左', 'ヤクルト', '吉川 大幾', '右', '巨人', 3, 2, 2, 2, 3, 0, 2, 132, 'チェンジアップ', 89.5, 91.6, 'ボール', 5, 5, 25, 'B19');"
"INSERT INTO ballinfo VALUES ('2019-04-14', 2019041401, '巨人', 'ヤクルト', '高橋 奎二', '左', 'ヤクルト', '吉川 大幾', '右', '巨人', 3, 2, 2, 2, 4, 1, 2, 144, 'ストレート', 49.0, 69.2, '見三振', 4, 3, 18, 'S8');"
"INSERT INTO ballinfo VALUES ('2019-04-14', 2019041401, '巨人', 'ヤクルト', '高橋 奎二', '左', 'ヤクルト', '坂本 勇人', '右', '巨人', 3, 2, 3, 2, 1, 0, 0, 112, 'スライダー', 74.5, 69.2, '見逃し', 4, 4, 19, 'S9');"
"INSERT INTO ballinfo VALUES ('2019-04-14', 2019041401, '巨人', 'ヤクルト', '高橋 奎二', '左', 'ヤクルト', '坂本 勇人', '右', '巨人', 3, 2, 3, 2, 2, 0, 1, 129, 'チェンジアップ', 71.5, 54.0, 'ファウル', 3, 4, 14, 'S6');"
"INSERT INTO ballinfo VALUES ('2019-04-14', 2019041401, '巨人', 'ヤクルト', '高橋 奎二', '左', 'ヤクルト', '坂本 勇人', '右', '巨人', 3, 2, 3, 2, 3, 0, 2, 130, 'チェンジアップ', 89.5, 28.4, 'ボール', 2, 5, 10, 'B7');"
"INSERT INTO ballinfo VALUES ('2019-04-14', 2019041401, '巨人', 'ヤクルト', '高橋 奎二', '左', 'ヤクルト', '坂本 勇人', '右', '巨人', 3, 2, 3, 2, 4, 1, 2, 147, 'ストレート', 31.5, 57.2, 'ファウル', 3, 2, 12, 'S4');"
"INSERT INTO ballinfo VALUES ('2019-04-14', 2019041401, '巨人', 'ヤクルト', '高橋 奎二', '左', 'ヤクルト', '坂本 勇人', '右', '巨人', 3, 2, 3, 2, 5, 1, 3, 145, 'ストレート', 56.5, 27.6, 'ファウル', 2, 3, 8, 'S2');"
"INSERT INTO ballinfo VALUES ('2019-04-14', 2019041401, '巨人', 'ヤクルト', '高橋 奎二', '左', 'ヤクルト', '坂本 勇人', '右', '巨人', 3, 2, 3, 2, 6, 1, 4, 110, 'カーブ', 92.5, 70.8, 'ボール', 4, 5, 20, 'B11');"
"INSERT INTO ballinfo VALUES ('2019-04-14', 2019041401, '巨人', 'ヤクルト', '高橋 奎二', '左', 'ヤクルト', '坂本 勇人', '右', '巨人', 3, 2, 3, 2, 7, 2, 4, 132, 'チェンジアップ', 11.0, 90.8, 'ボール', 5, 1, 21, 'B15');"
"INSERT INTO ballinfo VALUES ('2019-04-14', 2019041401, '巨人', 'ヤクルト', '高橋 奎二', '左', 'ヤクルト', '坂本 勇人', '右', '巨人', 3, 2, 3, 2, 8, 3, 4, 0, 'ストレート', 67.0, 64.0, '左安', 4, 4, 19, 'S9');"
"INSERT INTO ballinfo VALUES ('2019-04-14', 2019041401, '巨人', 'ヤクルト', '高橋 奎二', '左', 'ヤクルト', '丸 佳浩', '左', '巨人', 3, 2, 4, 2, 1, 0, 0, 119, 'スライダー', 46.5, 50.0, '中本', 3, 3, 13, 'S5');"
"INSERT INTO ballinfo VALUES ('2019-04-14', 2019041401, '巨人', 'ヤクルト', '高橋 奎二', '左', 'ヤクルト', '岡本 和真', '右', '巨人', 3, 2, 5, 2, 1, 0, 0, 147, 'ストレート', 27.0, 93.2, 'ボール', 5, 2, 22, 'B16');"
"INSERT INTO ballinfo VALUES ('2019-04-14', 2019041401, '巨人', 'ヤクルト', '高橋 奎二', '左', 'ヤクルト', '岡本 和真', '右', '巨人', 3, 2, 5, 2, 2, 1, 0, 120, 'スライダー', 47.5, 92.8, 'ボール', 5, 3, 23, 'B17');"
"INSERT INTO ballinfo VALUES ('2019-04-14', 2019041401, '巨人', 'ヤクルト', '高橋 奎二', '左', 'ヤクルト', '岡本 和真', '右', '巨人', 3, 2, 5, 2, 3, 2, 0, 119, 'スライダー', 11.5, 89.2, 'ボール', 5, 1, 21, 'B15');"
"INSERT INTO ballinfo VALUES ('2019-04-14', 2019041401, '巨人', 'ヤクルト', '高橋 奎二', '左', 'ヤクルト', '岡本 和真', '右', '巨人', 3, 2, 5, 2, 4, 3, 0, 143, 'ストレート', 75.0, 74.4, '見逃し', 4, 4, 19, 'S9');"
"INSERT INTO ballinfo VALUES ('2019-04-14', 2019041401, '巨人', 'ヤクルト', '高橋 奎二', '左', 'ヤクルト', '岡本 和真', '右', '巨人', 3, 2, 5, 2, 5, 3, 1, 119, 'スライダー', 36.0, 85.6, '四球', 5, 2, 22, 'B16');"
"INSERT INTO ballinfo VALUES ('2019-04-14', 2019041401, '巨人', 'ヤクルト', '高橋 奎二', '左', 'ヤクルト', 'ビヤヌエバ', '右', '巨人', 3, 2, 6, 2, 1, 0, 0, 145, 'ストレート', 28.5, 72.8, '左本', 4, 2, 17, 'S7');"
"INSERT INTO ballinfo VALUES ('2019-04-14', 2019041401, '巨人', 'ヤクルト', '高橋 奎二', '左', 'ヤクルト', 'ゲレーロ', '右', '巨人', 3, 2, 7, 3, 1, 0, 0, 143, 'ストレート', 35.5, 47.2, 'ファウル', 3, 2, 12, 'S4');"
"INSERT INTO ballinfo VALUES ('2019-04-14', 2019041401, '巨人', 'ヤクルト', '高橋 奎二', '左', 'ヤクルト', 'ゲレーロ', '右', '巨人', 3, 2, 7, 3, 2, 0, 1, 119, 'スライダー', 28.0, 91.6, 'ボール', 5, 2, 22, 'B16');"
"INSERT INTO ballinfo VALUES ('2019-04-14', 2019041401, '巨人', 'ヤクルト', '高橋 奎二', '左', 'ヤクルト', 'ゲレーロ', '右', '巨人', 3, 2, 7, 3, 3, 1, 1, 131, 'チェンジアップ', 54.5, 55.6, '中飛', 3, 3, 13, 'S5');"
"INSERT INTO ballinfo VALUES ('2019-04-14', 2019041401, '巨人', 'ヤクルト', '宮國 椋丞', '右', '巨人', '山田 哲人', '右', 'ヤクルト', 4, 1, 1, 1, 1, 0, 0, 139, 'ストレート', 31.5, 70.8, '見逃し', 4, 2, 17, 'S7');"
"INSERT INTO ballinfo VALUES ('2019-04-14', 2019041401, '巨人', 'ヤクルト', '宮國 椋丞', '右', '巨人', '山田 哲人', '右', 'ヤクルト', 4, 1, 1, 1, 2, 0, 1, 132, 'フォーク', 67.0, 87.6, 'ボール', 5, 4, 24, 'B18');"
"INSERT INTO ballinfo VALUES ('2019-04-14', 2019041401, '巨人', 'ヤクルト', '宮國 椋丞', '右', '巨人', '山田 哲人', '右', 'ヤクルト', 4, 1, 1, 1, 3, 1, 1, 136, 'カットボール', 54.5, 74.4, 'ファウル', 4, 3, 18, 'S8');"
"INSERT INTO ballinfo VALUES ('2019-04-14', 2019041401, '巨人', 'ヤクルト', '宮國 椋丞', '右', '巨人', '山田 哲人', '右', 'ヤクルト', 4, 1, 1, 1, 4, 1, 2, 139, 'シュート', 37.0, 64.4, 'ファウル', 4, 2, 17, 'S7');"
"INSERT INTO ballinfo VALUES ('2019-04-14', 2019041401, '巨人', 'ヤクルト', '宮國 椋丞', '右', '巨人', '山田 哲人', '右', 'ヤクルト', 4, 1, 1, 1, 5, 1, 3, 143, 'ストレート', 89.0, 87.2, 'ボール', 5, 5, 25, 'B19');"
"INSERT INTO ballinfo VALUES ('2019-04-14', 2019041401, '巨人', 'ヤクルト', '宮國 椋丞', '右', '巨人', '山田 哲人', '右', 'ヤクルト', 4, 1, 1, 1, 6, 2, 3, 133, 'スライダー', 91.0, 26.8, 'ボール', 2, 5, 10, 'B7');"
"INSERT INTO ballinfo VALUES ('2019-04-14', 2019041401, '巨人', 'ヤクルト', '宮國 椋丞', '右', '巨人', '山田 哲人', '右', 'ヤクルト', 4, 1, 1, 1, 7, 3, 3, 145, 'ストレート', 48.0, 69.2, 'ファウル', 4, 3, 18, 'S8');"
"INSERT INTO ballinfo VALUES ('2019-04-14', 2019041401, '巨人', 'ヤクルト', '宮國 椋丞', '右', '巨人', '山田 哲人', '右', 'ヤクルト', 4, 1, 1, 1, 8, 3, 4, 142, 'シュート', 36.5, 33.6, 'ファウル', 2, 2, 7, 'S1');"
"INSERT INTO ballinfo VALUES ('2019-04-14', 2019041401, '巨人', 'ヤクルト', '宮國 椋丞', '右', '巨人', '山田 哲人', '右', 'ヤクルト', 4, 1, 1, 1, 9, 3, 5, 132, 'カットボール', 77.5, 54.0, '遊ゴロ', 3, 4, 14, 'S6');"
"INSERT INTO ballinfo VALUES ('2019-04-14', 2019041401, '巨人', 'ヤクルト', '宮國 椋丞', '右', '巨人', 'バレンティン', '右', 'ヤクルト', 4, 1, 2, 2, 1, 0, 0, 140, 'シュート', 33.5, 47.6, '見逃し', 3, 2, 12, 'S4');"
"INSERT INTO ballinfo VALUES ('2019-04-14', 2019041401, '巨人', 'ヤクルト', '宮國 椋丞', '右', '巨人', 'バレンティン', '右', 'ヤクルト', 4, 1, 2, 2, 2, 0, 1, 130, 'フォーク', 50.5, 91.6, 'ボール', 5, 3, 23, 'B17');"
"INSERT INTO ballinfo VALUES ('2019-04-14', 2019041401, '巨人', 'ヤクルト', '宮國 椋丞', '右', '巨人', 'バレンティン', '右', 'ヤクルト', 4, 1, 2, 2, 3, 1, 1, 139, 'シュート', 7.5, 43.6, 'ボール', 3, 1, 11, 'B8');"
"INSERT INTO ballinfo VALUES ('2019-04-14', 2019041401, '巨人', 'ヤクルト', '宮國 椋丞', '右', '巨人', 'バレンティン', '右', 'ヤクルト', 4, 1, 2, 2, 4, 2, 1, 137, 'スライダー', 87.5, 86.4, '空振り', 5, 5, 25, 'B19');"
"INSERT INTO ballinfo VALUES ('2019-04-14', 2019041401, '巨人', 'ヤクルト', '宮國 椋丞', '右', '巨人', 'バレンティン', '右', 'ヤクルト', 4, 1, 2, 2, 5, 2, 2, 142, 'シュート', 26.5, 56.8, 'ファウル', 3, 2, 12, 'S4');"
"INSERT INTO ballinfo VALUES ('2019-04-14', 2019041401, '巨人', 'ヤクルト', '宮國 椋丞', '右', '巨人', 'バレンティン', '右', 'ヤクルト', 4, 1, 2, 2, 6, 2, 3, 120, 'スライダー', 75.0, 45.2, '三ゴロ', 3, 4, 14, 'S6');"
"INSERT INTO ballinfo VALUES ('2019-04-14', 2019041401, '巨人', 'ヤクルト', '宮國 椋丞', '右', '巨人', '雄平', '左', 'ヤクルト', 4, 1, 3, 2, 1, 0, 0, 141, 'シュート', 47.5, 53.2, '見逃し', 3, 3, 13, 'S5');"
"INSERT INTO ballinfo VALUES ('2019-04-14', 2019041401, '巨人', 'ヤクルト', '宮國 椋丞', '右', '巨人', '雄平', '左', 'ヤクルト', 4, 1, 3, 2, 2, 0, 1, 135, 'フォーク', 34.5, 90.0, 'ボール', 5, 2, 22, 'B16');"
"INSERT INTO ballinfo VALUES ('2019-04-14', 2019041401, '巨人', 'ヤクルト', '宮國 椋丞', '右', '巨人', '雄平', '左', 'ヤクルト', 4, 1, 3, 2, 3, 1, 1, 136, 'カットボール', 73.0, 55.6, 'ファウル', 3, 4, 14, 'S6');"
"INSERT INTO ballinfo VALUES ('2019-04-14', 2019041401, '巨人', 'ヤクルト', '宮國 椋丞', '右', '巨人', '雄平', '左', 'ヤクルト', 4, 1, 3, 2, 4, 1, 2, 141, 'ストレート', 94.5, 71.2, '死球', 4, 5, 20, 'B11');"
"INSERT INTO ballinfo VALUES ('2019-04-14', 2019041401, '巨人', 'ヤクルト', '宮國 椋丞', '右', '巨人', '西浦 直亨', '右', 'ヤクルト', 4, 1, 4, 3, 1, 0, 0, 134, 'カットボール', 94.0, 73.6, 'ボール', 4, 5, 20, 'B11');"
"INSERT INTO ballinfo VALUES ('2019-04-14', 2019041401, '巨人', 'ヤクルト', '宮國 椋丞', '右', '巨人', '西浦 直亨', '右', 'ヤクルト', 4, 1, 4, 3, 2, 1, 0, 105, 'カーブ', 54.0, 46.4, '見逃し', 3, 3, 13, 'S5');"
"INSERT INTO ballinfo VALUES ('2019-04-14', 2019041401, '巨人', 'ヤクルト', '宮國 椋丞', '右', '巨人', '西浦 直亨', '右', 'ヤクルト', 4, 1, 4, 3, 3, 1, 1, 134, 'カットボール', 69.5, 35.6, 'ファウル', 2, 4, 9, 'S3');"
"INSERT INTO ballinfo VALUES ('2019-04-14', 2019041401, '巨人', 'ヤクルト', '宮國 椋丞', '右', '巨人', '西浦 直亨', '右', 'ヤクルト', 4, 1, 4, 3, 4, 1, 2, 139, 'シュート', 49.5, 53.2, '右飛', 3, 3, 13, 'S5');"
"INSERT INTO ballinfo VALUES ('2019-04-14', 2019041401, '巨人', 'ヤクルト', '五十嵐 亮太', '右', 'ヤクルト', '石川 慎吾', '右', '巨人', 4, 2, 1, 1, 1, 0, 0, 0, 'ストレート', 70.0, 33.2, '見逃し', 2, 4, 9, 'S3');"
"INSERT INTO ballinfo VALUES ('2019-04-14', 2019041401, '巨人', 'ヤクルト', '五十嵐 亮太', '右', 'ヤクルト', '石川 慎吾', '右', '巨人', 4, 2, 1, 1, 2, 0, 1, 0, 'カーブ', 52.5, 15.6, 'ボール', 1, 3, 3, 'B3');"
"INSERT INTO ballinfo VALUES ('2019-04-14', 2019041401, '巨人', 'ヤクルト', '五十嵐 亮太', '右', 'ヤクルト', '石川 慎吾', '右', '巨人', 4, 2, 1, 1, 3, 1, 1, 0, 'カーブ', 51.5, 72.4, '遊直', 4, 3, 18, 'S8');"
"INSERT INTO ballinfo VALUES ('2019-04-14', 2019041401, '巨人', 'ヤクルト', '五十嵐 亮太', '右', 'ヤクルト', '小林 誠司', '右', '巨人', 4, 2, 2, 2, 1, 0, 0, 145, 'ストレート', 74.5, 55.6, '見逃し', 3, 4, 14, 'S6');"
"INSERT INTO ballinfo VALUES ('2019-04-14', 2019041401, '巨人', 'ヤクルト', '五十嵐 亮太', '右', 'ヤクルト', '小林 誠司', '右', '巨人', 4, 2, 2, 2, 2, 0, 1, 136, 'フォーク', 69.0, 86.0, 'ボール', 5, 4, 24, 'B18');"
"INSERT INTO ballinfo VALUES ('2019-04-14', 2019041401, '巨人', 'ヤクルト', '五十嵐 亮太', '右', 'ヤクルト', '小林 誠司', '右', '巨人', 4, 2, 2, 2, 3, 1, 1, 148, 'ストレート', 35.0, 16.8, 'ファウル', 1, 2, 2, 'B2');"
"INSERT INTO ballinfo VALUES ('2019-04-14', 2019041401, '巨人', 'ヤクルト', '五十嵐 亮太', '右', 'ヤクルト', '小林 誠司', '右', '巨人', 4, 2, 2, 2, 4, 1, 2, 134, 'フォーク', 36.5, 47.6, '左飛', 3, 2, 12, 'S4');"
"INSERT INTO ballinfo VALUES ('2019-04-14', 2019041401, '巨人', 'ヤクルト', '五十嵐 亮太', '右', 'ヤクルト', '宮國 椋丞', '右', '巨人', 4, 2, 3, 3, 1, 0, 0, 146, 'ストレート', 54.5, 27.6, '見逃し', 2, 3, 8, 'S2');"
"INSERT INTO ballinfo VALUES ('2019-04-14', 2019041401, '巨人', 'ヤクルト', '五十嵐 亮太', '右', 'ヤクルト', '宮國 椋丞', '右', '巨人', 4, 2, 3, 3, 2, 0, 1, 146, 'ストレート', 49.0, 35.6, '見逃し', 2, 3, 8, 'S2');"
"INSERT INTO ballinfo VALUES ('2019-04-14', 2019041401, '巨人', 'ヤクルト', '五十嵐 亮太', '右', 'ヤクルト', '宮國 椋丞', '右', '巨人', 4, 2, 3, 3, 3, 0, 2, 148, 'ストレート', 87.5, 26.0, 'ボール', 2, 5, 10, 'B7');"
"INSERT INTO ballinfo VALUES ('2019-04-14', 2019041401, '巨人', 'ヤクルト', '五十嵐 亮太', '右', 'ヤクルト', '宮國 椋丞', '右', '巨人', 4, 2, 3, 3, 4, 1, 2, 148, 'ストレート', 86.5, 16.4, '空三振', 1, 5, 5, 'B5');"
"INSERT INTO ballinfo VALUES ('2019-04-14', 2019041401, '巨人', 'ヤクルト', '宮國 椋丞', '右', '巨人', '村上 宗隆', '左', 'ヤクルト', 5, 1, 1, 0, 1, 0, 0, 107, 'カーブ', 32.5, 26.4, '見逃し', 2, 2, 7, 'S1');"
"INSERT INTO ballinfo VALUES ('2019-04-14', 2019041401, '巨人', 'ヤクルト', '宮國 椋丞', '右', '巨人', '村上 宗隆', '左', 'ヤクルト', 5, 1, 1, 0, 2, 0, 1, 138, 'ストレート', 90.5, 11.6, 'ボール', 1, 5, 5, 'B5');"
"INSERT INTO ballinfo VALUES ('2019-04-14', 2019041401, '巨人', 'ヤクルト', '宮國 椋丞', '右', '巨人', '村上 宗隆', '左', 'ヤクルト', 5, 1, 1, 0, 3, 1, 1, 141, 'ストレート', 36.0, 32.4, '右本', 2, 2, 7, 'S1');"
"INSERT INTO ballinfo VALUES ('2019-04-14', 2019041401, '巨人', 'ヤクルト', '宮國 椋丞', '右', '巨人', '中村 悠平', '右', 'ヤクルト', 5, 1, 2, 0, 1, 0, 0, 127, 'カットボール', 72.5, 31.2, '見逃し', 2, 4, 9, 'S3');"
"INSERT INTO ballinfo VALUES ('2019-04-14', 2019041401, '巨人', 'ヤクルト', '宮國 椋丞', '右', '巨人', '中村 悠平', '右', 'ヤクルト', 5, 1, 2, 0, 2, 0, 1, 109, 'カーブ', 34.5, 15.6, 'ボール', 1, 2, 2, 'B2');"
"INSERT INTO ballinfo VALUES ('2019-04-14', 2019041401, '巨人', 'ヤクルト', '宮國 椋丞', '右', '巨人', '中村 悠平', '右', 'ヤクルト', 5, 1, 2, 0, 3, 1, 1, 131, 'カットボール', 73.5, 51.6, '見逃し', 3, 4, 14, 'S6');"
"INSERT INTO ballinfo VALUES ('2019-04-14', 2019041401, '巨人', 'ヤクルト', '宮國 椋丞', '右', '巨人', '中村 悠平', '右', 'ヤクルト', 5, 1, 2, 0, 4, 1, 2, 146, 'ストレート', 95.5, 24.0, 'ボール', 2, 5, 10, 'B7');"
"INSERT INTO ballinfo VALUES ('2019-04-14', 2019041401, '巨人', 'ヤクルト', '宮國 椋丞', '右', '巨人', '中村 悠平', '右', 'ヤクルト', 5, 1, 2, 0, 5, 2, 2, 111, 'カーブ', 68.5, 45.2, 'ファウル', 3, 4, 14, 'S6');"
"INSERT INTO ballinfo VALUES ('2019-04-14', 2019041401, '巨人', 'ヤクルト', '宮國 椋丞', '右', '巨人', '中村 悠平', '右', 'ヤクルト', 5, 1, 2, 0, 6, 2, 3, 143, 'ストレート', 89.5, 49.2, 'ファウル', 3, 5, 15, 'B9');"
"INSERT INTO ballinfo VALUES ('2019-04-14', 2019041401, '巨人', 'ヤクルト', '宮國 椋丞', '右', '巨人', '中村 悠平', '右', 'ヤクルト', 5, 1, 2, 0, 7, 2, 4, 129, 'スライダー', 86.5, 55.2, '右２', 3, 5, 15, 'B9');"
"INSERT INTO ballinfo VALUES ('2019-04-14', 2019041401, '巨人', 'ヤクルト', '宮國 椋丞', '右', '巨人', '廣岡 大志', '右', 'ヤクルト', 5, 1, 3, 0, 1, 0, 0, 128, 'カットボール', 56.5, 32.8, 'ファウル', 2, 3, 8, 'S2');"
"INSERT INTO ballinfo VALUES ('2019-04-14', 2019041401, '巨人', 'ヤクルト', '宮國 椋丞', '右', '巨人', '廣岡 大志', '右', 'ヤクルト', 5, 1, 3, 0, 2, 0, 1, 127, 'カットボール', 54.5, 13.2, 'ボール', 1, 3, 3, 'B3');"
"INSERT INTO ballinfo VALUES ('2019-04-14', 2019041401, '巨人', 'ヤクルト', '宮國 椋丞', '右', '巨人', '廣岡 大志', '右', 'ヤクルト', 5, 1, 3, 0, 3, 1, 1, 130, 'カットボール', 53.5, 49.6, '投失', 3, 3, 13, 'S5');"
"INSERT INTO ballinfo VALUES ('2019-04-14', 2019041401, '巨人', 'ヤクルト', '宮國 椋丞', '右', '巨人', '太田 賢吾', '左', 'ヤクルト', 5, 1, 4, 1, 1, 0, 0, 123, 'カットボール', 11.0, 27.6, 'ファウル', 2, 1, 6, 'B6');"
"INSERT INTO ballinfo VALUES ('2019-04-14', 2019041401, '巨人', 'ヤクルト', '宮國 椋丞', '右', '巨人', '太田 賢吾', '左', 'ヤクルト', 5, 1, 4, 1, 2, 0, 1, 128, 'カットボール', 31.5, 50.8, 'ファウル', 3, 2, 12, 'S4');"
"INSERT INTO ballinfo VALUES ('2019-04-14', 2019041401, '巨人', 'ヤクルト', '宮國 椋丞', '右', '巨人', '太田 賢吾', '左', 'ヤクルト', 5, 1, 4, 1, 3, 0, 2, 130, 'フォーク', 52.0, 69.2, 'ファウル', 4, 3, 18, 'S8');"
"INSERT INTO ballinfo VALUES ('2019-04-14', 2019041401, '巨人', 'ヤクルト', '宮國 椋丞', '右', '巨人', '太田 賢吾', '左', 'ヤクルト', 5, 1, 4, 1, 4, 0, 3, 130, 'フォーク', 52.5, 90.4, 'ボール', 5, 3, 23, 'B17');"
"INSERT INTO ballinfo VALUES ('2019-04-14', 2019041401, '巨人', 'ヤクルト', '宮國 椋丞', '右', '巨人', '太田 賢吾', '左', 'ヤクルト', 5, 1, 4, 1, 5, 1, 3, 130, 'フォーク', 46.5, 92.8, '二ゴロ', 5, 3, 23, 'B17');"
"INSERT INTO ballinfo VALUES ('2019-04-14', 2019041401, '巨人', 'ヤクルト', '宮國 椋丞', '右', '巨人', '青木 宣親', '左', 'ヤクルト', 5, 1, 5, 2, 1, 0, 0, 132, 'フォーク', 55.0, 75.2, 'ファウル', 4, 3, 18, 'S8');"
"INSERT INTO ballinfo VALUES ('2019-04-14', 2019041401, '巨人', 'ヤクルト', '宮國 椋丞', '右', '巨人', '青木 宣親', '左', 'ヤクルト', 5, 1, 5, 2, 2, 0, 1, 136, 'シュート', 29.0, 72.0, '左犠飛', 4, 2, 17, 'S7');"
"INSERT INTO ballinfo VALUES ('2019-04-14', 2019041401, '巨人', 'ヤクルト', '宮國 椋丞', '右', '巨人', '山田 哲人', '右', 'ヤクルト', 5, 1, 6, 3, 1, 0, 0, 133, 'カットボール', 72.5, 44.4, '見逃し', 3, 4, 14, 'S6');"
"INSERT INTO ballinfo VALUES ('2019-04-14', 2019041401, '巨人', 'ヤクルト', '宮國 椋丞', '右', '巨人', '山田 哲人', '右', 'ヤクルト', 5, 1, 6, 3, 2, 0, 1, 135, 'シュート', 16.5, 68.4, 'ボール', 4, 1, 16, 'B10');"
"INSERT INTO ballinfo VALUES ('2019-04-14', 2019041401, '巨人', 'ヤクルト', '宮國 椋丞', '右', '巨人', '山田 哲人', '右', 'ヤクルト', 5, 1, 6, 3, 3, 1, 1, 137, 'シュート', 17.0, 49.2, 'ボール', 3, 1, 11, 'B8');"
"INSERT INTO ballinfo VALUES ('2019-04-14', 2019041401, '巨人', 'ヤクルト', '宮國 椋丞', '右', '巨人', '山田 哲人', '右', 'ヤクルト', 5, 1, 6, 3, 4, 2, 1, 0, 'シュート', 53.5, 68.0, 'ファウル', 4, 3, 18, 'S8');"
"INSERT INTO ballinfo VALUES ('2019-04-14', 2019041401, '巨人', 'ヤクルト', '宮國 椋丞', '右', '巨人', '山田 哲人', '右', 'ヤクルト', 5, 1, 6, 3, 5, 2, 2, 130, 'フォーク', 51.5, 92.4, 'ボール', 5, 3, 23, 'B17');"
"INSERT INTO ballinfo VALUES ('2019-04-14', 2019041401, '巨人', 'ヤクルト', '宮國 椋丞', '右', '巨人', '山田 哲人', '右', 'ヤクルト', 5, 1, 6, 3, 6, 3, 2, 145, 'ストレート', 74.5, 73.2, '見三振', 4, 4, 19, 'S9');"
"INSERT INTO ballinfo VALUES ('2019-04-14', 2019041401, '巨人', 'ヤクルト', 'ハフ', '左', 'ヤクルト', '吉川 大幾', '右', '巨人', 5, 2, 1, 1, 1, 0, 0, 0, 'ストレート', 74.0, 38.0, '空振り', 2, 4, 9, 'S3');"
"INSERT INTO ballinfo VALUES ('2019-04-14', 2019041401, '巨人', 'ヤクルト', 'ハフ', '左', 'ヤクルト', '吉川 大幾', '右', '巨人', 5, 2, 1, 1, 2, 0, 1, 0, 'ストレート', 88.5, 69.6, 'ボール', 4, 5, 20, 'B11');"
"INSERT INTO ballinfo VALUES ('2019-04-14', 2019041401, '巨人', 'ヤクルト', 'ハフ', '左', 'ヤクルト', '吉川 大幾', '右', '巨人', 5, 2, 1, 1, 3, 1, 1, 138, 'カットボール', 32.5, 85.6, '空振り', 5, 2, 22, 'B16');"
"INSERT INTO ballinfo VALUES ('2019-04-14', 2019041401, '巨人', 'ヤクルト', 'ハフ', '左', 'ヤクルト', '吉川 大幾', '右', '巨人', 5, 2, 1, 1, 4, 1, 2, 142, 'ストレート', 70.0, 70.8, '空三振', 4, 4, 19, 'S9');"
"INSERT INTO ballinfo VALUES ('2019-04-14', 2019041401, '巨人', 'ヤクルト', 'ハフ', '左', 'ヤクルト', '坂本 勇人', '右', '巨人', 5, 2, 2, 1, 1, 0, 0, 143, 'ストレート', 74.5, 71.6, '見逃し', 4, 4, 19, 'S9');"
"INSERT INTO ballinfo VALUES ('2019-04-14', 2019041401, '巨人', 'ヤクルト', 'ハフ', '左', 'ヤクルト', '坂本 勇人', '右', '巨人', 5, 2, 2, 1, 2, 0, 1, 137, 'カットボール', 12.5, 71.6, 'ボール', 4, 1, 16, 'B10');"
"INSERT INTO ballinfo VALUES ('2019-04-14', 2019041401, '巨人', 'ヤクルト', 'ハフ', '左', 'ヤクルト', '坂本 勇人', '右', '巨人', 5, 2, 2, 1, 3, 1, 1, 129, 'チェンジアップ', 94.5, 77.2, 'ボール', 4, 5, 20, 'B11');"
"INSERT INTO ballinfo VALUES ('2019-04-14', 2019041401, '巨人', 'ヤクルト', 'ハフ', '左', 'ヤクルト', '坂本 勇人', '右', '巨人', 5, 2, 2, 1, 4, 2, 1, 136, 'カットボール', 76.0, 88.8, 'ボール', 5, 4, 24, 'B18');"
"INSERT INTO ballinfo VALUES ('2019-04-14', 2019041401, '巨人', 'ヤクルト', 'ハフ', '左', 'ヤクルト', '坂本 勇人', '右', '巨人', 5, 2, 2, 1, 5, 3, 1, 143, 'ストレート', 75.5, 77.2, '見逃し', 4, 4, 19, 'S9');"
"INSERT INTO ballinfo VALUES ('2019-04-14', 2019041401, '巨人', 'ヤクルト', 'ハフ', '左', 'ヤクルト', '坂本 勇人', '右', '巨人', 5, 2, 2, 1, 6, 3, 2, 137, 'ストレート', 77.5, 34.4, '右安', 2, 4, 9, 'S3');"
"INSERT INTO ballinfo VALUES ('2019-04-14', 2019041401, '巨人', 'ヤクルト', 'ハフ', '左', 'ヤクルト', '丸 佳浩', '左', '巨人', 5, 2, 3, 1, 1, 0, 0, 142, 'ストレート', 29.5, 76.0, '見逃し', 4, 2, 17, 'S7');"
"INSERT INTO ballinfo VALUES ('2019-04-14', 2019041401, '巨人', 'ヤクルト', 'ハフ', '左', 'ヤクルト', '丸 佳浩', '左', '巨人', 5, 2, 3, 1, 2, 0, 1, 0, 'ストレート', 34.0, 46.4, '左２', 3, 2, 12, 'S4');"
"INSERT INTO ballinfo VALUES ('2019-04-14', 2019041401, '巨人', 'ヤクルト', 'ハフ', '左', 'ヤクルト', '岡本 和真', '右', '巨人', 5, 2, 4, 2, 1, 0, 0, 123, 'チェンジアップ', 74.5, 72.4, '見逃し', 4, 4, 19, 'S9');"
"INSERT INTO ballinfo VALUES ('2019-04-14', 2019041401, '巨人', 'ヤクルト', 'ハフ', '左', 'ヤクルト', '岡本 和真', '右', '巨人', 5, 2, 4, 2, 2, 0, 1, 126, 'チェンジアップ', 87.0, 32.0, '空振り', 2, 5, 10, 'B7');"
"INSERT INTO ballinfo VALUES ('2019-04-14', 2019041401, '巨人', 'ヤクルト', 'ハフ', '左', 'ヤクルト', '岡本 和真', '右', '巨人', 5, 2, 4, 2, 3, 0, 2, 137, 'カットボール', 34.0, 66.4, '空三振', 4, 2, 17, 'S7');"
"INSERT INTO ballinfo VALUES ('2019-04-14', 2019041401, '巨人', 'ヤクルト', 'ハフ', '左', 'ヤクルト', 'ビヤヌエバ', '右', '巨人', 5, 2, 5, 3, 1, 0, 0, 134, 'カットボール', 30.5, 52.4, '空振り', 3, 2, 12, 'S4');"
"INSERT INTO ballinfo VALUES ('2019-04-14', 2019041401, '巨人', 'ヤクルト', 'ハフ', '左', 'ヤクルト', 'ビヤヌエバ', '右', '巨人', 5, 2, 5, 3, 2, 0, 1, 137, 'ストレート', 13.5, 31.6, 'ボール', 2, 1, 6, 'B6');"
"INSERT INTO ballinfo VALUES ('2019-04-14', 2019041401, '巨人', 'ヤクルト', 'ハフ', '左', 'ヤクルト', 'ビヤヌエバ', '右', '巨人', 5, 2, 5, 3, 3, 1, 1, 128, 'カットボール', 36.0, 31.6, 'ファウル', 2, 2, 7, 'S1');"
"INSERT INTO ballinfo VALUES ('2019-04-14', 2019041401, '巨人', 'ヤクルト', 'ハフ', '左', 'ヤクルト', 'ビヤヌエバ', '右', '巨人', 5, 2, 5, 3, 4, 1, 2, 136, 'ストレート', 46.0, 36.0, 'ファウル', 2, 3, 8, 'S2');"
"INSERT INTO ballinfo VALUES ('2019-04-14', 2019041401, '巨人', 'ヤクルト', 'ハフ', '左', 'ヤクルト', 'ビヤヌエバ', '右', '巨人', 5, 2, 5, 3, 5, 1, 3, 135, 'ストレート', 73.0, 26.0, 'ファウル', 2, 4, 9, 'S3');"
"INSERT INTO ballinfo VALUES ('2019-04-14', 2019041401, '巨人', 'ヤクルト', 'ハフ', '左', 'ヤクルト', 'ビヤヌエバ', '右', '巨人', 5, 2, 5, 3, 6, 1, 4, 136, 'カットボール', 37.5, 46.0, 'ファウル', 3, 2, 12, 'S4');"
"INSERT INTO ballinfo VALUES ('2019-04-14', 2019041401, '巨人', 'ヤクルト', 'ハフ', '左', 'ヤクルト', 'ビヤヌエバ', '右', '巨人', 5, 2, 5, 3, 7, 1, 5, 141, 'ストレート', 87.5, 67.6, 'ボール', 4, 5, 20, 'B11');"
"INSERT INTO ballinfo VALUES ('2019-04-14', 2019041401, '巨人', 'ヤクルト', 'ハフ', '左', 'ヤクルト', 'ビヤヌエバ', '右', '巨人', 5, 2, 5, 3, 8, 2, 5, 129, 'チェンジアップ', 91.5, 76.4, '空三振', 4, 5, 20, 'B11');"
"INSERT INTO ballinfo VALUES ('2019-04-14', 2019041401, '巨人', 'ヤクルト', '戸根 千明', '左', '巨人', 'バレンティン', '右', 'ヤクルト', 6, 1, 1, 0, 1, 0, 0, 127, 'スライダー', 9.5, 50.8, 'ボール', 3, 1, 11, 'B8');"
"INSERT INTO ballinfo VALUES ('2019-04-14', 2019041401, '巨人', 'ヤクルト', '戸根 千明', '左', '巨人', 'バレンティン', '右', 'ヤクルト', 6, 1, 1, 0, 2, 1, 0, 140, 'ストレート', 34.5, 56.0, '見逃し', 3, 2, 12, 'S4');"
"INSERT INTO ballinfo VALUES ('2019-04-14', 2019041401, '巨人', 'ヤクルト', '戸根 千明', '左', '巨人', 'バレンティン', '右', 'ヤクルト', 6, 1, 1, 0, 3, 1, 1, 123, 'チェンジアップ', 74.5, 16.0, 'ボール', 1, 4, 4, 'B4');"
"INSERT INTO ballinfo VALUES ('2019-04-14', 2019041401, '巨人', 'ヤクルト', '戸根 千明', '左', '巨人', 'バレンティン', '右', 'ヤクルト', 6, 1, 1, 0, 4, 2, 1, 144, 'ストレート', 74.5, 30.4, 'ファウル', 2, 4, 9, 'S3');"
"INSERT INTO ballinfo VALUES ('2019-04-14', 2019041401, '巨人', 'ヤクルト', '戸根 千明', '左', '巨人', 'バレンティン', '右', 'ヤクルト', 6, 1, 1, 0, 5, 2, 2, 147, 'ストレート', 30.0, 8.0, 'ボール', 1, 2, 2, 'B2');"
"INSERT INTO ballinfo VALUES ('2019-04-14', 2019041401, '巨人', 'ヤクルト', '戸根 千明', '左', '巨人', 'バレンティン', '右', 'ヤクルト', 6, 1, 1, 0, 6, 3, 2, 118, 'チェンジアップ', 97.5, 5.2, '四球', 1, 5, 5, 'B5');"
"INSERT INTO ballinfo VALUES ('2019-04-14', 2019041401, '巨人', 'ヤクルト', '戸根 千明', '左', '巨人', '雄平', '左', 'ヤクルト', 6, 1, 2, 1, 1, 0, 0, 141, 'ストレート', 14.5, 85.6, 'ボール', 5, 1, 21, 'B15');"
"INSERT INTO ballinfo VALUES ('2019-04-14', 2019041401, '巨人', 'ヤクルト', '戸根 千明', '左', '巨人', '雄平', '左', 'ヤクルト', 6, 1, 2, 1, 2, 1, 0, 144, 'ストレート', 26.0, 27.2, '見逃し', 2, 2, 7, 'S1');"
"INSERT INTO ballinfo VALUES ('2019-04-14', 2019041401, '巨人', 'ヤクルト', '戸根 千明', '左', '巨人', '雄平', '左', 'ヤクルト', 6, 1, 2, 1, 3, 1, 1, 143, 'ストレート', 74.0, 17.2, 'ファウル', 1, 4, 4, 'B4');"
"INSERT INTO ballinfo VALUES ('2019-04-14', 2019041401, '巨人', 'ヤクルト', '戸根 千明', '左', '巨人', '雄平', '左', 'ヤクルト', 6, 1, 2, 1, 4, 1, 2, 127, 'スライダー', 16.0, 73.2, 'ボール', 4, 1, 16, 'B10');"
"INSERT INTO ballinfo VALUES ('2019-04-14', 2019041401, '巨人', 'ヤクルト', '戸根 千明', '左', '巨人', '雄平', '左', 'ヤクルト', 6, 1, 2, 1, 5, 2, 2, 141, 'ストレート', 48.0, 31.2, 'ファウル', 2, 3, 8, 'S2');"
"INSERT INTO ballinfo VALUES ('2019-04-14', 2019041401, '巨人', 'ヤクルト', '戸根 千明', '左', '巨人', '雄平', '左', 'ヤクルト', 6, 1, 2, 1, 6, 2, 3, 143, 'ストレート', 26.5, 15.6, 'ボール', 1, 2, 2, 'B2');"
"INSERT INTO ballinfo VALUES ('2019-04-14', 2019041401, '巨人', 'ヤクルト', '戸根 千明', '左', '巨人', '雄平', '左', 'ヤクルト', 6, 1, 2, 1, 7, 3, 3, 127, 'スライダー', 78.0, 11.2, 'ファウル', 1, 4, 4, 'B4');"
"INSERT INTO ballinfo VALUES ('2019-04-14', 2019041401, '巨人', 'ヤクルト', '戸根 千明', '左', '巨人', '雄平', '左', 'ヤクルト', 6, 1, 2, 1, 8, 3, 4, 128, 'スライダー', 50.0, 52.8, '中飛', 3, 3, 13, 'S5');"
"INSERT INTO ballinfo VALUES ('2019-04-14', 2019041401, '巨人', 'ヤクルト', '戸根 千明', '左', '巨人', '西浦 直亨', '右', 'ヤクルト', 6, 1, 3, 2, 1, 0, 0, 116, 'カーブ', 94.5, 10.0, 'ボール', 1, 5, 5, 'B5');"
"INSERT INTO ballinfo VALUES ('2019-04-14', 2019041401, '巨人', 'ヤクルト', '戸根 千明', '左', '巨人', '西浦 直亨', '右', 'ヤクルト', 6, 1, 3, 2, 2, 1, 0, 145, 'ストレート', 70.0, 50.8, '遊ゴロ', 3, 4, 14, 'S6');"
"INSERT INTO ballinfo VALUES ('2019-04-14', 2019041401, '巨人', 'ヤクルト', '戸根 千明', '左', '巨人', '村上 宗隆', '左', 'ヤクルト', 6, 1, 4, 3, 1, 0, 0, 128, 'スライダー', 77.0, 10.0, 'ボール', 1, 4, 4, 'B4');"
"INSERT INTO ballinfo VALUES ('2019-04-14', 2019041401, '巨人', 'ヤクルト', '戸根 千明', '左', '巨人', '村上 宗隆', '左', 'ヤクルト', 6, 1, 4, 3, 2, 1, 0, 129, 'スライダー', 10.5, 55.6, 'ボール', 3, 1, 11, 'B8');"
"INSERT INTO ballinfo VALUES ('2019-04-14', 2019041401, '巨人', 'ヤクルト', '戸根 千明', '左', '巨人', '村上 宗隆', '左', 'ヤクルト', 6, 1, 4, 3, 3, 2, 0, 142, 'ストレート', 27.5, 55.6, '見逃し', 3, 2, 12, 'S4');"
"INSERT INTO ballinfo VALUES ('2019-04-14', 2019041401, '巨人', 'ヤクルト', '戸根 千明', '左', '巨人', '村上 宗隆', '左', 'ヤクルト', 6, 1, 4, 3, 4, 2, 1, 143, 'ストレート', 47.0, 53.2, '空振り', 3, 3, 13, 'S5');"
"INSERT INTO ballinfo VALUES ('2019-04-14', 2019041401, '巨人', 'ヤクルト', '戸根 千明', '左', '巨人', '村上 宗隆', '左', 'ヤクルト', 6, 1, 4, 3, 5, 2, 2, 144, 'ストレート', 37.0, 36.0, '空三振', 2, 2, 7, 'S1');"
"INSERT INTO ballinfo VALUES ('2019-04-14', 2019041401, '巨人', 'ヤクルト', 'ハフ', '左', 'ヤクルト', 'ゲレーロ', '右', '巨人', 6, 2, 1, 1, 1, 0, 0, 137, 'カットボール', 45.5, 34.0, '見逃し', 2, 3, 8, 'S2');"
"INSERT INTO ballinfo VALUES ('2019-04-14', 2019041401, '巨人', 'ヤクルト', 'ハフ', '左', 'ヤクルト', 'ゲレーロ', '右', '巨人', 6, 2, 1, 1, 2, 0, 1, 125, 'チェンジアップ', 89.0, 74.0, 'ボール', 4, 5, 20, 'B11');"
"INSERT INTO ballinfo VALUES ('2019-04-14', 2019041401, '巨人', 'ヤクルト', 'ハフ', '左', 'ヤクルト', 'ゲレーロ', '右', '巨人', 6, 2, 1, 1, 3, 1, 1, 137, 'ストレート', 15.5, 54.0, 'ボール', 3, 1, 11, 'B8');"
"INSERT INTO ballinfo VALUES ('2019-04-14', 2019041401, '巨人', 'ヤクルト', 'ハフ', '左', 'ヤクルト', 'ゲレーロ', '右', '巨人', 6, 2, 1, 1, 4, 2, 1, 135, 'カットボール', 28.5, 28.4, 'ファウル', 2, 2, 7, 'S1');"
"INSERT INTO ballinfo VALUES ('2019-04-14', 2019041401, '巨人', 'ヤクルト', 'ハフ', '左', 'ヤクルト', 'ゲレーロ', '右', '巨人', 6, 2, 1, 1, 5, 2, 2, 133, 'カットボール', 56.5, 51.2, 'ファウル', 3, 3, 13, 'S5');"
"INSERT INTO ballinfo VALUES ('2019-04-14', 2019041401, '巨人', 'ヤクルト', 'ハフ', '左', 'ヤクルト', 'ゲレーロ', '右', '巨人', 6, 2, 1, 1, 6, 2, 3, 0, 'ストレート', 76.0, 64.8, '遊ゴロ', 4, 4, 19, 'S9');"
"INSERT INTO ballinfo VALUES ('2019-04-14', 2019041401, '巨人', 'ヤクルト', 'ハフ', '左', 'ヤクルト', '石川 慎吾', '右', '巨人', 6, 2, 2, 2, 1, 0, 0, 133, 'カットボール', 28.5, 85.6, 'ファウル', 5, 2, 22, 'B16');"
"INSERT INTO ballinfo VALUES ('2019-04-14', 2019041401, '巨人', 'ヤクルト', 'ハフ', '左', 'ヤクルト', '石川 慎吾', '右', '巨人', 6, 2, 2, 2, 2, 0, 1, 127, 'チェンジアップ', 93.5, 91.6, 'ボール', 5, 5, 25, 'B19');"
"INSERT INTO ballinfo VALUES ('2019-04-14', 2019041401, '巨人', 'ヤクルト', 'ハフ', '左', 'ヤクルト', '石川 慎吾', '右', '巨人', 6, 2, 2, 2, 3, 1, 1, 132, 'チェンジアップ', 94.5, 14.4, 'ボール', 1, 5, 5, 'B5');"
"INSERT INTO ballinfo VALUES ('2019-04-14', 2019041401, '巨人', 'ヤクルト', 'ハフ', '左', 'ヤクルト', '石川 慎吾', '右', '巨人', 6, 2, 2, 2, 4, 2, 1, 126, 'カットボール', 16.5, 54.0, 'ファウル', 3, 1, 11, 'B8');"
"INSERT INTO ballinfo VALUES ('2019-04-14', 2019041401, '巨人', 'ヤクルト', 'ハフ', '左', 'ヤクルト', '石川 慎吾', '右', '巨人', 6, 2, 2, 2, 5, 2, 2, 138, 'ストレート', 73.0, 27.6, 'ファウル', 2, 4, 9, 'S3');"
"INSERT INTO ballinfo VALUES ('2019-04-14', 2019041401, '巨人', 'ヤクルト', 'ハフ', '左', 'ヤクルト', '石川 慎吾', '右', '巨人', 6, 2, 2, 2, 6, 2, 3, 139, 'ストレート', 76.5, 34.4, 'ファウル', 2, 4, 9, 'S3');"
"INSERT INTO ballinfo VALUES ('2019-04-14', 2019041401, '巨人', 'ヤクルト', 'ハフ', '左', 'ヤクルト', '石川 慎吾', '右', '巨人', 6, 2, 2, 2, 7, 2, 4, 140, 'ストレート', 54.5, 36.4, 'ファウル', 2, 3, 8, 'S2');"
"INSERT INTO ballinfo VALUES ('2019-04-14', 2019041401, '巨人', 'ヤクルト', 'ハフ', '左', 'ヤクルト', '石川 慎吾', '右', '巨人', 6, 2, 2, 2, 8, 2, 5, 139, 'ストレート', 27.5, 55.6, '見三振', 3, 2, 12, 'S4');"
"INSERT INTO ballinfo VALUES ('2019-04-14', 2019041401, '巨人', 'ヤクルト', 'ハフ', '左', 'ヤクルト', '小林 誠司', '右', '巨人', 6, 2, 3, 2, 1, 0, 0, 136, 'カットボール', 74.5, 89.2, 'ボール', 5, 4, 24, 'B18');"
"INSERT INTO ballinfo VALUES ('2019-04-14', 2019041401, '巨人', 'ヤクルト', 'ハフ', '左', 'ヤクルト', '小林 誠司', '右', '巨人', 6, 2, 3, 2, 2, 1, 0, 135, 'カットボール', 36.5, 48.4, 'ファウル', 3, 2, 12, 'S4');"
"INSERT INTO ballinfo VALUES ('2019-04-14', 2019041401, '巨人', 'ヤクルト', 'ハフ', '左', 'ヤクルト', '小林 誠司', '右', '巨人', 6, 2, 3, 2, 3, 1, 1, 124, 'チェンジアップ', 91.0, 32.8, 'ボール', 2, 5, 10, 'B7');"
"INSERT INTO ballinfo VALUES ('2019-04-14', 2019041401, '巨人', 'ヤクルト', 'ハフ', '左', 'ヤクルト', '小林 誠司', '右', '巨人', 6, 2, 3, 2, 4, 2, 1, 130, 'カットボール', 48.5, 49.2, '左安', 3, 3, 13, 'S5');"
"INSERT INTO ballinfo VALUES ('2019-04-14', 2019041401, '巨人', 'ヤクルト', 'ハフ', '左', 'ヤクルト', '陽 岱鋼', '右', '巨人', 6, 2, 4, 2, 1, 0, 0, 136, 'カットボール', 38.0, 36.4, 'ファウル', 2, 2, 7, 'S1');"
"INSERT INTO ballinfo VALUES ('2019-04-14', 2019041401, '巨人', 'ヤクルト', 'ハフ', '左', 'ヤクルト', '陽 岱鋼', '右', '巨人', 6, 2, 4, 2, 2, 0, 1, 139, 'ストレート', 35.5, 48.8, '見逃し', 3, 2, 12, 'S4');"
"INSERT INTO ballinfo VALUES ('2019-04-14', 2019041401, '巨人', 'ヤクルト', 'ハフ', '左', 'ヤクルト', '陽 岱鋼', '右', '巨人', 6, 2, 4, 2, 3, 0, 2, 138, 'カットボール', 29.5, 54.4, 'ファウル', 3, 2, 12, 'S4');"
"INSERT INTO ballinfo VALUES ('2019-04-14', 2019041401, '巨人', 'ヤクルト', 'ハフ', '左', 'ヤクルト', '陽 岱鋼', '右', '巨人', 6, 2, 4, 2, 4, 0, 3, 148, 'ストレート', 74.5, 71.6, '中安', 4, 4, 19, 'S9');"
"INSERT INTO ballinfo VALUES ('2019-04-14', 2019041401, '巨人', 'ヤクルト', 'ハフ', '左', 'ヤクルト', '大城 卓三', '左', '巨人', 6, 2, 5, 3, 1, 0, 0, 135, 'カットボール', 14.5, 90.0, 'ボール', 5, 1, 21, 'B15');"
"INSERT INTO ballinfo VALUES ('2019-04-14', 2019041401, '巨人', 'ヤクルト', 'ハフ', '左', 'ヤクルト', '大城 卓三', '左', '巨人', 6, 2, 5, 3, 2, 1, 0, 129, 'カットボール', 33.5, 73.2, '見逃し', 4, 2, 17, 'S7');"
"INSERT INTO ballinfo VALUES ('2019-04-14', 2019041401, '巨人', 'ヤクルト', 'ハフ', '左', 'ヤクルト', '大城 卓三', '左', '巨人', 6, 2, 5, 3, 3, 1, 1, 138, 'ストレート', 28.5, 31.6, '見逃し', 2, 2, 7, 'S1');"
"INSERT INTO ballinfo VALUES ('2019-04-14', 2019041401, '巨人', 'ヤクルト', 'ハフ', '左', 'ヤクルト', '大城 卓三', '左', '巨人', 6, 2, 5, 3, 4, 1, 2, 137, 'カットボール', 26.5, 90.0, 'ボール', 5, 2, 22, 'B16');"
"INSERT INTO ballinfo VALUES ('2019-04-14', 2019041401, '巨人', 'ヤクルト', 'ハフ', '左', 'ヤクルト', '大城 卓三', '左', '巨人', 6, 2, 5, 3, 5, 2, 2, 128, 'チェンジアップ', 51.5, 85.6, 'ファウル', 5, 3, 23, 'B17');"
"INSERT INTO ballinfo VALUES ('2019-04-14', 2019041401, '巨人', 'ヤクルト', 'ハフ', '左', 'ヤクルト', '大城 卓三', '左', '巨人', 6, 2, 5, 3, 6, 2, 3, 141, 'ストレート', 11.0, 71.2, 'ボール', 4, 1, 16, 'B10');"
"INSERT INTO ballinfo VALUES ('2019-04-14', 2019041401, '巨人', 'ヤクルト', 'ハフ', '左', 'ヤクルト', '大城 卓三', '左', '巨人', 6, 2, 5, 3, 7, 3, 3, 134, 'カットボール', 33.0, 15.2, '空三振', 1, 2, 2, 'B2');"
"INSERT INTO ballinfo VALUES ('2019-04-14', 2019041401, '巨人', 'ヤクルト', '桜井 俊貴', '右', '巨人', '中村 悠平', '右', 'ヤクルト', 7, 1, 1, 0, 1, 0, 0, 0, 'ストレート', 72.0, 30.4, '中安', 2, 4, 9, 'S3');"
"INSERT INTO ballinfo VALUES ('2019-04-14', 2019041401, '巨人', 'ヤクルト', '桜井 俊貴', '右', '巨人', '廣岡 大志', '右', 'ヤクルト', 7, 1, 2, 1, 1, 0, 0, 142, 'カットボール', 46.0, 75.6, 'ファウル', 4, 3, 18, 'S8');"
"INSERT INTO ballinfo VALUES ('2019-04-14', 2019041401, '巨人', 'ヤクルト', '桜井 俊貴', '右', '巨人', '廣岡 大志', '右', 'ヤクルト', 7, 1, 2, 1, 2, 0, 1, 141, 'カットボール', 73.5, 33.2, '投犠打', 2, 4, 9, 'S3');"
"INSERT INTO ballinfo VALUES ('2019-04-14', 2019041401, '巨人', 'ヤクルト', '桜井 俊貴', '右', '巨人', '西田 明央', '右', 'ヤクルト', 7, 1, 3, 1, 1, 0, 0, 141, 'カットボール', 72.5, 30.8, '中２', 2, 4, 9, 'S3');"
"INSERT INTO ballinfo VALUES ('2019-04-14', 2019041401, '巨人', 'ヤクルト', '桜井 俊貴', '右', '巨人', '青木 宣親', '左', 'ヤクルト', 7, 1, 4, 2, 1, 0, 0, 117, 'カーブ', 78.0, 91.2, 'ボール', 5, 4, 24, 'B18');"
"INSERT INTO ballinfo VALUES ('2019-04-14', 2019041401, '巨人', 'ヤクルト', '桜井 俊貴', '右', '巨人', '青木 宣親', '左', 'ヤクルト', 7, 1, 4, 2, 2, 1, 0, 137, 'カットボール', 66.5, 43.2, 'ファウル', 3, 4, 14, 'S6');"
"INSERT INTO ballinfo VALUES ('2019-04-14', 2019041401, '巨人', 'ヤクルト', '桜井 俊貴', '右', '巨人', '青木 宣親', '左', 'ヤクルト', 7, 1, 4, 2, 3, 1, 1, 146, 'ストレート', 25.5, 56.0, '見逃し', 3, 2, 12, 'S4');"
"INSERT INTO ballinfo VALUES ('2019-04-14', 2019041401, '巨人', 'ヤクルト', '桜井 俊貴', '右', '巨人', '青木 宣親', '左', 'ヤクルト', 7, 1, 4, 2, 4, 1, 2, 131, 'チェンジアップ', 46.0, 66.8, '二ゴロ', 4, 3, 18, 'S8');"
"INSERT INTO ballinfo VALUES ('2019-04-14', 2019041401, '巨人', 'ヤクルト', '桜井 俊貴', '右', '巨人', '山田 哲人', '右', 'ヤクルト', 7, 1, 5, 2, 1, 0, 0, 139, 'ストレート', 36.5, 50.0, '見逃し', 3, 2, 12, 'S4');"
"INSERT INTO ballinfo VALUES ('2019-04-14', 2019041401, '巨人', 'ヤクルト', '桜井 俊貴', '右', '巨人', '山田 哲人', '右', 'ヤクルト', 7, 1, 5, 2, 2, 0, 1, 147, 'ストレート', 52.5, 89.2, 'ボール', 5, 3, 23, 'B17');"
"INSERT INTO ballinfo VALUES ('2019-04-14', 2019041401, '巨人', 'ヤクルト', '桜井 俊貴', '右', '巨人', '山田 哲人', '右', 'ヤクルト', 7, 1, 5, 2, 3, 1, 1, 137, 'カットボール', 68.0, 12.8, 'ボール', 1, 4, 4, 'B4');"
"INSERT INTO ballinfo VALUES ('2019-04-14', 2019041401, '巨人', 'ヤクルト', '桜井 俊貴', '右', '巨人', '山田 哲人', '右', 'ヤクルト', 7, 1, 5, 2, 4, 2, 1, 147, 'ストレート', 25.5, 86.0, 'ボール', 5, 2, 22, 'B16');"
"INSERT INTO ballinfo VALUES ('2019-04-14', 2019041401, '巨人', 'ヤクルト', '桜井 俊貴', '右', '巨人', '山田 哲人', '右', 'ヤクルト', 7, 1, 5, 2, 5, 3, 1, 137, 'カットボール', 74.5, 76.8, '見逃し', 4, 4, 19, 'S9');"
"INSERT INTO ballinfo VALUES ('2019-04-14', 2019041401, '巨人', 'ヤクルト', '桜井 俊貴', '右', '巨人', '山田 哲人', '右', 'ヤクルト', 7, 1, 5, 2, 6, 3, 2, 149, 'ストレート', 86.5, 33.2, 'ファウル', 2, 5, 10, 'B7');"
"INSERT INTO ballinfo VALUES ('2019-04-14', 2019041401, '巨人', 'ヤクルト', '桜井 俊貴', '右', '巨人', '山田 哲人', '右', 'ヤクルト', 7, 1, 5, 2, 7, 3, 3, 148, 'ストレート', 72.5, 54.8, '中安', 3, 4, 14, 'S6');"
"INSERT INTO ballinfo VALUES ('2019-04-14', 2019041401, '巨人', 'ヤクルト', '桜井 俊貴', '右', '巨人', 'バレンティン', '右', 'ヤクルト', 7, 1, 6, 2, 1, 0, 0, 145, 'ストレート', 12.0, 64.8, 'ボール', 4, 1, 16, 'B10');"
"INSERT INTO ballinfo VALUES ('2019-04-14', 2019041401, '巨人', 'ヤクルト', '桜井 俊貴', '右', '巨人', 'バレンティン', '右', 'ヤクルト', 7, 1, 6, 2, 2, 1, 0, 142, 'ストレート', 34.5, 56.0, 'ファウル', 3, 2, 12, 'S4');"
"INSERT INTO ballinfo VALUES ('2019-04-14', 2019041401, '巨人', 'ヤクルト', '桜井 俊貴', '右', '巨人', 'バレンティン', '右', 'ヤクルト', 7, 1, 6, 2, 3, 1, 1, 107, 'カーブ', 33.0, 15.2, 'ファウル', 1, 2, 2, 'B2');"
"INSERT INTO ballinfo VALUES ('2019-04-14', 2019041401, '巨人', 'ヤクルト', '桜井 俊貴', '右', '巨人', 'バレンティン', '右', 'ヤクルト', 7, 1, 6, 2, 4, 1, 2, 136, 'カットボール', 87.0, 66.8, 'ボール', 4, 5, 20, 'B11');"
"INSERT INTO ballinfo VALUES ('2019-04-14', 2019041401, '巨人', 'ヤクルト', '桜井 俊貴', '右', '巨人', 'バレンティン', '右', 'ヤクルト', 7, 1, 6, 2, 5, 2, 2, 136, 'カットボール', 86.0, 56.8, 'ボール', 3, 5, 15, 'B9');"
"INSERT INTO ballinfo VALUES ('2019-04-14', 2019041401, '巨人', 'ヤクルト', '桜井 俊貴', '右', '巨人', 'バレンティン', '右', 'ヤクルト', 7, 1, 6, 2, 6, 3, 2, 148, 'ストレート', 33.0, 47.2, 'ファウル', 3, 2, 12, 'S4');"
"INSERT INTO ballinfo VALUES ('2019-04-14', 2019041401, '巨人', 'ヤクルト', '桜井 俊貴', '右', '巨人', 'バレンティン', '右', 'ヤクルト', 7, 1, 6, 2, 7, 3, 3, 132, 'カットボール', 11.0, 28.4, '四球', 2, 1, 6, 'B6');"
"INSERT INTO ballinfo VALUES ('2019-04-14', 2019041401, '巨人', 'ヤクルト', '桜井 俊貴', '右', '巨人', '雄平', '左', 'ヤクルト', 7, 1, 7, 3, 1, 0, 0, 132, 'チェンジアップ', 33.0, 54.4, '空振り', 3, 2, 12, 'S4');"
"INSERT INTO ballinfo VALUES ('2019-04-14', 2019041401, '巨人', 'ヤクルト', '桜井 俊貴', '右', '巨人', '雄平', '左', 'ヤクルト', 7, 1, 7, 3, 2, 0, 1, 134, 'チェンジアップ', 55.0, 93.2, '空振り', 5, 3, 23, 'B17');"
"INSERT INTO ballinfo VALUES ('2019-04-14', 2019041401, '巨人', 'ヤクルト', '桜井 俊貴', '右', '巨人', '雄平', '左', 'ヤクルト', 7, 1, 7, 3, 3, 0, 2, 145, 'ストレート', 12.5, 14.4, 'ボール', 1, 1, 1, 'B1');"
"INSERT INTO ballinfo VALUES ('2019-04-14', 2019041401, '巨人', 'ヤクルト', '桜井 俊貴', '右', '巨人', '雄平', '左', 'ヤクルト', 7, 1, 7, 3, 4, 1, 2, 131, 'チェンジアップ', 15.0, 26.0, '空三振', 2, 1, 6, 'B6');"
"INSERT INTO ballinfo VALUES ('2019-04-14', 2019041401, '巨人', 'ヤクルト', '梅野 雄吾', '右', 'ヤクルト', '坂本 勇人', '右', '巨人', 7, 2, 1, 0, 1, 0, 0, 148, 'ストレート', 87.5, 30.8, 'ボール', 2, 5, 10, 'B7');"
"INSERT INTO ballinfo VALUES ('2019-04-14', 2019041401, '巨人', 'ヤクルト', '梅野 雄吾', '右', 'ヤクルト', '坂本 勇人', '右', '巨人', 7, 2, 1, 0, 2, 1, 0, 146, 'ストレート', 87.0, 54.0, 'ボール', 3, 5, 15, 'B9');"
"INSERT INTO ballinfo VALUES ('2019-04-14', 2019041401, '巨人', 'ヤクルト', '梅野 雄吾', '右', 'ヤクルト', '坂本 勇人', '右', '巨人', 7, 2, 1, 0, 3, 2, 0, 143, 'ストレート', 74.0, 51.6, 'ファウル', 3, 4, 14, 'S6');"
"INSERT INTO ballinfo VALUES ('2019-04-14', 2019041401, '巨人', 'ヤクルト', '梅野 雄吾', '右', 'ヤクルト', '坂本 勇人', '右', '巨人', 7, 2, 1, 0, 4, 2, 1, 142, 'カットボール', 70.5, 56.8, '中安', 3, 4, 14, 'S6');"
"INSERT INTO ballinfo VALUES ('2019-04-14', 2019041401, '巨人', 'ヤクルト', '梅野 雄吾', '右', 'ヤクルト', '丸 佳浩', '左', '巨人', 7, 2, 2, 1, 1, 0, 0, 148, 'ストレート', 72.5, 16.0, 'ボール', 1, 4, 4, 'B4');"
"INSERT INTO ballinfo VALUES ('2019-04-14', 2019041401, '巨人', 'ヤクルト', '梅野 雄吾', '右', 'ヤクルト', '丸 佳浩', '左', '巨人', 7, 2, 2, 1, 2, 1, 0, 142, 'カットボール', 87.5, 67.6, 'ボール', 4, 5, 20, 'B11');"
"INSERT INTO ballinfo VALUES ('2019-04-14', 2019041401, '巨人', 'ヤクルト', '梅野 雄吾', '右', 'ヤクルト', '丸 佳浩', '左', '巨人', 7, 2, 2, 1, 3, 2, 0, 141, 'カットボール', 76.5, 65.6, 'ファウル', 4, 4, 19, 'S9');"
"INSERT INTO ballinfo VALUES ('2019-04-14', 2019041401, '巨人', 'ヤクルト', '梅野 雄吾', '右', 'ヤクルト', '丸 佳浩', '左', '巨人', 7, 2, 2, 1, 4, 2, 1, 146, 'ストレート', 15.0, 15.6, 'ボール', 1, 1, 1, 'B1');"
"INSERT INTO ballinfo VALUES ('2019-04-14', 2019041401, '巨人', 'ヤクルト', '梅野 雄吾', '右', 'ヤクルト', '丸 佳浩', '左', '巨人', 7, 2, 2, 1, 5, 3, 1, 142, 'ストレート', 74.5, 47.6, '見逃し', 3, 4, 14, 'S6');"
"INSERT INTO ballinfo VALUES ('2019-04-14', 2019041401, '巨人', 'ヤクルト', '梅野 雄吾', '右', 'ヤクルト', '丸 佳浩', '左', '巨人', 7, 2, 2, 1, 6, 3, 2, 149, 'ストレート', 48.5, 55.2, '空三振', 3, 3, 13, 'S5');"
"INSERT INTO ballinfo VALUES ('2019-04-14', 2019041401, '巨人', 'ヤクルト', '梅野 雄吾', '右', 'ヤクルト', '岡本 和真', '右', '巨人', 7, 2, 3, 2, 1, 0, 0, 138, 'スライダー', 87.5, 57.2, '空振り', 3, 5, 15, 'B9');"
"INSERT INTO ballinfo VALUES ('2019-04-14', 2019041401, '巨人', 'ヤクルト', '梅野 雄吾', '右', 'ヤクルト', '岡本 和真', '右', '巨人', 7, 2, 3, 2, 2, 0, 1, 141, 'カットボール', 74.5, 51.6, '空振り', 3, 4, 14, 'S6');"
"INSERT INTO ballinfo VALUES ('2019-04-14', 2019041401, '巨人', 'ヤクルト', '梅野 雄吾', '右', 'ヤクルト', '岡本 和真', '右', '巨人', 7, 2, 3, 2, 3, 0, 2, 133, 'フォーク', 66.5, 64.0, 'ファウル', 4, 4, 19, 'S9');"
"INSERT INTO ballinfo VALUES ('2019-04-14', 2019041401, '巨人', 'ヤクルト', '梅野 雄吾', '右', 'ヤクルト', '岡本 和真', '右', '巨人', 7, 2, 3, 2, 4, 0, 3, 130, 'スライダー', 75.5, 84.8, '左飛', 5, 4, 24, 'B18');"
"INSERT INTO ballinfo VALUES ('2019-04-14', 2019041401, '巨人', 'ヤクルト', '梅野 雄吾', '右', 'ヤクルト', 'ビヤヌエバ', '右', '巨人', 7, 2, 4, 3, 1, 0, 0, 149, 'ストレート', 89.0, 86.8, 'ボール', 5, 5, 25, 'B19');"
"INSERT INTO ballinfo VALUES ('2019-04-14', 2019041401, '巨人', 'ヤクルト', '梅野 雄吾', '右', 'ヤクルト', 'ビヤヌエバ', '右', '巨人', 7, 2, 4, 3, 2, 1, 0, 144, 'ストレート', 54.0, 92.8, 'ボール', 5, 3, 23, 'B17');"
"INSERT INTO ballinfo VALUES ('2019-04-14', 2019041401, '巨人', 'ヤクルト', '梅野 雄吾', '右', 'ヤクルト', 'ビヤヌエバ', '右', '巨人', 7, 2, 4, 3, 3, 2, 0, 148, 'ストレート', 74.5, 45.2, 'ファウル', 3, 4, 14, 'S6');"
"INSERT INTO ballinfo VALUES ('2019-04-14', 2019041401, '巨人', 'ヤクルト', '梅野 雄吾', '右', 'ヤクルト', 'ビヤヌエバ', '右', '巨人', 7, 2, 4, 3, 4, 2, 1, 136, 'スライダー', 55.5, 55.6, 'ファウル', 3, 3, 13, 'S5');"
"INSERT INTO ballinfo VALUES ('2019-04-14', 2019041401, '巨人', 'ヤクルト', '梅野 雄吾', '右', 'ヤクルト', 'ビヤヌエバ', '右', '巨人', 7, 2, 4, 3, 5, 2, 2, 134, 'フォーク', 45.0, 93.2, '空三振', 5, 3, 23, 'B17');"
"INSERT INTO ballinfo VALUES ('2019-04-14', 2019041401, '巨人', 'ヤクルト', '中川 皓太', '左', '巨人', '西浦 直亨', '右', 'ヤクルト', 8, 1, 1, 0, 1, 0, 0, 121, 'スライダー', 57.0, 57.6, '見逃し', 3, 3, 13, 'S5');"
"INSERT INTO ballinfo VALUES ('2019-04-14', 2019041401, '巨人', 'ヤクルト', '中川 皓太', '左', '巨人', '西浦 直亨', '右', 'ヤクルト', 8, 1, 1, 0, 2, 0, 1, 143, 'シュート', 90.0, 54.0, 'ボール', 3, 5, 15, 'B9');"
"INSERT INTO ballinfo VALUES ('2019-04-14', 2019041401, '巨人', 'ヤクルト', '中川 皓太', '左', '巨人', '西浦 直亨', '右', 'ヤクルト', 8, 1, 1, 0, 3, 1, 1, 143, 'ストレート', 56.5, 28.8, '左２', 2, 3, 8, 'S2');"
"INSERT INTO ballinfo VALUES ('2019-04-14', 2019041401, '巨人', 'ヤクルト', '中川 皓太', '左', '巨人', '村上 宗隆', '左', 'ヤクルト', 8, 1, 2, 1, 1, 0, 0, 0, 'ストレート', 48.5, 36.0, '中飛', 2, 3, 8, 'S2');"
"INSERT INTO ballinfo VALUES ('2019-04-14', 2019041401, '巨人', 'ヤクルト', '中川 皓太', '左', '巨人', '中村 悠平', '右', 'ヤクルト', 8, 1, 3, 2, 1, 0, 0, 146, 'ストレート', 28.0, 44.8, '見逃し', 3, 2, 12, 'S4');"
"INSERT INTO ballinfo VALUES ('2019-04-14', 2019041401, '巨人', 'ヤクルト', '中川 皓太', '左', '巨人', '中村 悠平', '右', 'ヤクルト', 8, 1, 3, 2, 2, 0, 1, 144, 'ストレート', 36.5, 37.2, 'ファウル', 2, 2, 7, 'S1');"
"INSERT INTO ballinfo VALUES ('2019-04-14', 2019041401, '巨人', 'ヤクルト', '中川 皓太', '左', '巨人', '中村 悠平', '右', 'ヤクルト', 8, 1, 3, 2, 3, 0, 2, 145, 'ストレート', 34.5, 28.0, '三ゴロ', 2, 2, 7, 'S1');"
"INSERT INTO ballinfo VALUES ('2019-04-14', 2019041401, '巨人', 'ヤクルト', '中川 皓太', '左', '巨人', '廣岡 大志', '右', 'ヤクルト', 8, 1, 4, 3, 1, 0, 0, 120, 'スライダー', 75.0, 26.8, '見逃し', 2, 4, 9, 'S3');"
"INSERT INTO ballinfo VALUES ('2019-04-14', 2019041401, '巨人', 'ヤクルト', '中川 皓太', '左', '巨人', '廣岡 大志', '右', 'ヤクルト', 8, 1, 4, 3, 2, 0, 1, 145, 'シュート', 91.5, 10.8, 'ボール', 1, 5, 5, 'B5');"
"INSERT INTO ballinfo VALUES ('2019-04-14', 2019041401, '巨人', 'ヤクルト', '中川 皓太', '左', '巨人', '廣岡 大志', '右', 'ヤクルト', 8, 1, 4, 3, 3, 1, 1, 116, 'スライダー', 66.0, 69.2, '空振り', 4, 4, 19, 'S9');"
"INSERT INTO ballinfo VALUES ('2019-04-14', 2019041401, '巨人', 'ヤクルト', '中川 皓太', '左', '巨人', '廣岡 大志', '右', 'ヤクルト', 8, 1, 4, 3, 4, 1, 2, 127, 'スライダー', 34.0, 64.4, 'ファウル', 4, 2, 17, 'S7');"
"INSERT INTO ballinfo VALUES ('2019-04-14', 2019041401, '巨人', 'ヤクルト', '中川 皓太', '左', '巨人', '廣岡 大志', '右', 'ヤクルト', 8, 1, 4, 3, 5, 1, 3, 141, 'ストレート', 56.0, 34.8, '右飛', 2, 3, 8, 'S2');"
"INSERT INTO ballinfo VALUES ('2019-04-14', 2019041401, '巨人', 'ヤクルト', '近藤 一樹', '右', 'ヤクルト', 'ゲレーロ', '右', '巨人', 8, 2, 1, 1, 1, 0, 0, 143, 'ストレート', 89.0, 67.2, 'ボール', 4, 5, 20, 'B11');"
"INSERT INTO ballinfo VALUES ('2019-04-14', 2019041401, '巨人', 'ヤクルト', '近藤 一樹', '右', 'ヤクルト', 'ゲレーロ', '右', '巨人', 8, 2, 1, 1, 2, 1, 0, 143, 'ストレート', 35.5, 15.2, 'ファウル', 1, 2, 2, 'B2');"
"INSERT INTO ballinfo VALUES ('2019-04-14', 2019041401, '巨人', 'ヤクルト', '近藤 一樹', '右', 'ヤクルト', 'ゲレーロ', '右', '巨人', 8, 2, 1, 1, 3, 1, 1, 142, 'ストレート', 56.0, 29.2, 'ファウル', 2, 3, 8, 'S2');"
"INSERT INTO ballinfo VALUES ('2019-04-14', 2019041401, '巨人', 'ヤクルト', '近藤 一樹', '右', 'ヤクルト', 'ゲレーロ', '右', '巨人', 8, 2, 1, 1, 4, 1, 2, 131, 'スライダー', 54.5, 15.6, 'ファウル', 1, 3, 3, 'B3');"
"INSERT INTO ballinfo VALUES ('2019-04-14', 2019041401, '巨人', 'ヤクルト', '近藤 一樹', '右', 'ヤクルト', 'ゲレーロ', '右', '巨人', 8, 2, 1, 1, 5, 1, 3, 132, 'スライダー', 89.0, 91.6, 'ボール', 5, 5, 25, 'B19');"
"INSERT INTO ballinfo VALUES ('2019-04-14', 2019041401, '巨人', 'ヤクルト', '近藤 一樹', '右', 'ヤクルト', 'ゲレーロ', '右', '巨人', 8, 2, 1, 1, 6, 2, 3, 146, 'ストレート', 15.5, 13.6, 'ボール', 1, 1, 1, 'B1');"
"INSERT INTO ballinfo VALUES ('2019-04-14', 2019041401, '巨人', 'ヤクルト', '近藤 一樹', '右', 'ヤクルト', 'ゲレーロ', '右', '巨人', 8, 2, 1, 1, 7, 3, 3, 0, 'スライダー', 70.5, 27.6, '中飛', 2, 4, 9, 'S3');"
"INSERT INTO ballinfo VALUES ('2019-04-14', 2019041401, '巨人', 'ヤクルト', '近藤 一樹', '右', 'ヤクルト', '亀井 善行', '左', '巨人', 8, 2, 2, 1, 1, 0, 0, 135, 'フォーク', 90.5, 94.0, 'ボール', 5, 5, 25, 'B19');"
"INSERT INTO ballinfo VALUES ('2019-04-14', 2019041401, '巨人', 'ヤクルト', '近藤 一樹', '右', 'ヤクルト', '亀井 善行', '左', '巨人', 8, 2, 2, 1, 2, 1, 0, 146, 'ストレート', 71.5, 15.6, 'ファウル', 1, 4, 4, 'B4');"
"INSERT INTO ballinfo VALUES ('2019-04-14', 2019041401, '巨人', 'ヤクルト', '近藤 一樹', '右', 'ヤクルト', '亀井 善行', '左', '巨人', 8, 2, 2, 1, 3, 1, 1, 133, 'スライダー', 74.5, 88.0, '空振り', 5, 4, 24, 'B18');"
"INSERT INTO ballinfo VALUES ('2019-04-14', 2019041401, '巨人', 'ヤクルト', '近藤 一樹', '右', 'ヤクルト', '亀井 善行', '左', '巨人', 8, 2, 2, 1, 4, 1, 2, 135, 'フォーク', 51.5, 90.0, 'ファウル', 5, 3, 23, 'B17');"
"INSERT INTO ballinfo VALUES ('2019-04-14', 2019041401, '巨人', 'ヤクルト', '近藤 一樹', '右', 'ヤクルト', '亀井 善行', '左', '巨人', 8, 2, 2, 1, 5, 1, 3, 145, 'ストレート', 28.0, 15.6, 'ファウル', 1, 2, 2, 'B2');"
"INSERT INTO ballinfo VALUES ('2019-04-14', 2019041401, '巨人', 'ヤクルト', '近藤 一樹', '右', 'ヤクルト', '亀井 善行', '左', '巨人', 8, 2, 2, 1, 6, 1, 4, 144, 'ストレート', 91.5, 29.2, 'ボール', 2, 5, 10, 'B7');"
"INSERT INTO ballinfo VALUES ('2019-04-14', 2019041401, '巨人', 'ヤクルト', '近藤 一樹', '右', 'ヤクルト', '亀井 善行', '左', '巨人', 8, 2, 2, 1, 7, 2, 4, 146, 'ストレート', 12.0, 11.2, 'ボール', 1, 1, 1, 'B1');"
"INSERT INTO ballinfo VALUES ('2019-04-14', 2019041401, '巨人', 'ヤクルト', '近藤 一樹', '右', 'ヤクルト', '亀井 善行', '左', '巨人', 8, 2, 2, 1, 8, 3, 4, 145, 'ストレート', 36.5, 14.0, 'ファウル', 1, 2, 2, 'B2');"
"INSERT INTO ballinfo VALUES ('2019-04-14', 2019041401, '巨人', 'ヤクルト', '近藤 一樹', '右', 'ヤクルト', '亀井 善行', '左', '巨人', 8, 2, 2, 1, 9, 3, 5, 143, 'ストレート', 36.5, 68.0, 'ファウル', 4, 2, 17, 'S7');"
"INSERT INTO ballinfo VALUES ('2019-04-14', 2019041401, '巨人', 'ヤクルト', '近藤 一樹', '右', 'ヤクルト', '亀井 善行', '左', '巨人', 8, 2, 2, 1, 10, 3, 6, 148, 'ストレート', 88.5, 66.0, '四球', 4, 5, 20, 'B11');"
"INSERT INTO ballinfo VALUES ('2019-04-14', 2019041401, '巨人', 'ヤクルト', '近藤 一樹', '右', 'ヤクルト', '田中 俊太', '左', '巨人', 8, 2, 3, 2, 1, 0, 0, 130, 'スライダー', 55.5, 49.2, '見逃し', 3, 3, 13, 'S5');"
"INSERT INTO ballinfo VALUES ('2019-04-14', 2019041401, '巨人', 'ヤクルト', '近藤 一樹', '右', 'ヤクルト', '田中 俊太', '左', '巨人', 8, 2, 3, 2, 2, 0, 1, 0, 'スライダー', 51.5, 29.6, '一ゴロ', 2, 3, 8, 'S2');"
"INSERT INTO ballinfo VALUES ('2019-04-14', 2019041401, '巨人', 'ヤクルト', '近藤 一樹', '右', 'ヤクルト', '陽 岱鋼', '右', '巨人', 8, 2, 4, 3, 1, 0, 0, 131, 'スライダー', 72.0, 55.2, 'ファウル', 3, 4, 14, 'S6');"
"INSERT INTO ballinfo VALUES ('2019-04-14', 2019041401, '巨人', 'ヤクルト', '近藤 一樹', '右', 'ヤクルト', '陽 岱鋼', '右', '巨人', 8, 2, 4, 3, 2, 0, 1, 144, 'ストレート', 48.5, 48.4, 'ファウル', 3, 3, 13, 'S5');"
"INSERT INTO ballinfo VALUES ('2019-04-14', 2019041401, '巨人', 'ヤクルト', '近藤 一樹', '右', 'ヤクルト', '陽 岱鋼', '右', '巨人', 8, 2, 4, 3, 3, 0, 2, 133, 'フォーク', 29.0, 50.0, 'ファウル', 3, 2, 12, 'S4');"
"INSERT INTO ballinfo VALUES ('2019-04-14', 2019041401, '巨人', 'ヤクルト', '近藤 一樹', '右', 'ヤクルト', '陽 岱鋼', '右', '巨人', 8, 2, 4, 3, 4, 0, 3, 112, 'カーブ', 44.5, 25.6, 'ファウル', 2, 3, 8, 'S2');"
"INSERT INTO ballinfo VALUES ('2019-04-14', 2019041401, '巨人', 'ヤクルト', '近藤 一樹', '右', 'ヤクルト', '陽 岱鋼', '右', '巨人', 8, 2, 4, 3, 5, 0, 4, 132, 'スライダー', 88.5, 48.8, '三ゴロ', 3, 5, 15, 'B9');"
"INSERT INTO ballinfo VALUES ('2019-04-14', 2019041401, '巨人', 'ヤクルト', '坂本 工宜', '右', '巨人', '塩見 泰隆', '右', 'ヤクルト', 9, 1, 1, 1, 1, 0, 0, 127, 'スライダー', 74.5, 91.6, 'ボール', 5, 4, 24, 'B18');"
"INSERT INTO ballinfo VALUES ('2019-04-14', 2019041401, '巨人', 'ヤクルト', '坂本 工宜', '右', '巨人', '塩見 泰隆', '右', 'ヤクルト', 9, 1, 1, 1, 2, 1, 0, 0, 'スライダー', 74.5, 10.8, 'ボール', 1, 4, 4, 'B4');"
"INSERT INTO ballinfo VALUES ('2019-04-14', 2019041401, '巨人', 'ヤクルト', '坂本 工宜', '右', '巨人', '塩見 泰隆', '右', 'ヤクルト', 9, 1, 1, 1, 3, 2, 0, 138, 'ストレート', 55.0, 16.0, 'ボール', 1, 3, 3, 'B3');"
"INSERT INTO ballinfo VALUES ('2019-04-14', 2019041401, '巨人', 'ヤクルト', '坂本 工宜', '右', '巨人', '塩見 泰隆', '右', 'ヤクルト', 9, 1, 1, 1, 4, 3, 0, 142, 'ストレート', 26.5, 28.4, '見逃し', 2, 2, 7, 'S1');"
"INSERT INTO ballinfo VALUES ('2019-04-14', 2019041401, '巨人', 'ヤクルト', '坂本 工宜', '右', '巨人', '塩見 泰隆', '右', 'ヤクルト', 9, 1, 1, 1, 5, 3, 1, 142, 'ストレート', 30.0, 23.6, '見逃し', 2, 2, 7, 'S1');"
"INSERT INTO ballinfo VALUES ('2019-04-14', 2019041401, '巨人', 'ヤクルト', '坂本 工宜', '右', '巨人', '塩見 泰隆', '右', 'ヤクルト', 9, 1, 1, 1, 6, 3, 2, 137, 'ストレート', 32.0, 35.2, 'ファウル', 2, 2, 7, 'S1');"
"INSERT INTO ballinfo VALUES ('2019-04-14', 2019041401, '巨人', 'ヤクルト', '坂本 工宜', '右', '巨人', '塩見 泰隆', '右', 'ヤクルト', 9, 1, 1, 1, 7, 3, 3, 130, 'スライダー', 56.0, 30.4, '空三振', 2, 3, 8, 'S2');"
"INSERT INTO ballinfo VALUES ('2019-04-14', 2019041401, '巨人', 'ヤクルト', '坂本 工宜', '右', '巨人', '上田 剛史', '左', 'ヤクルト', 9, 1, 2, 1, 1, 0, 0, 128, 'スライダー', 34.0, 32.8, 'ファウル', 2, 2, 7, 'S1');"
"INSERT INTO ballinfo VALUES ('2019-04-14', 2019041401, '巨人', 'ヤクルト', '坂本 工宜', '右', '巨人', '上田 剛史', '左', 'ヤクルト', 9, 1, 2, 1, 2, 0, 1, 129, 'チェンジアップ', 11.5, 55.2, 'ボール', 3, 1, 11, 'B8');"
"INSERT INTO ballinfo VALUES ('2019-04-14', 2019041401, '巨人', 'ヤクルト', '坂本 工宜', '右', '巨人', '上田 剛史', '左', 'ヤクルト', 9, 1, 2, 1, 3, 1, 1, 146, 'ストレート', 34.5, 76.4, '見逃し', 4, 2, 17, 'S7');"
"INSERT INTO ballinfo VALUES ('2019-04-14', 2019041401, '巨人', 'ヤクルト', '坂本 工宜', '右', '巨人', '上田 剛史', '左', 'ヤクルト', 9, 1, 2, 1, 4, 1, 2, 146, 'ストレート', 76.5, 89.6, 'ボール', 5, 4, 24, 'B18');"
"INSERT INTO ballinfo VALUES ('2019-04-14', 2019041401, '巨人', 'ヤクルト', '坂本 工宜', '右', '巨人', '上田 剛史', '左', 'ヤクルト', 9, 1, 2, 1, 5, 2, 2, 0, 'ストレート', 35.0, 56.4, '中安', 3, 2, 12, 'S4');"
"INSERT INTO ballinfo VALUES ('2019-04-14', 2019041401, '巨人', 'ヤクルト', '坂本 工宜', '右', '巨人', '山田 哲人', '右', 'ヤクルト', 9, 1, 3, 1, 1, 0, 0, 131, 'スライダー', 74.5, 69.2, '見逃し', 4, 4, 19, 'S9');"
"INSERT INTO ballinfo VALUES ('2019-04-14', 2019041401, '巨人', 'ヤクルト', '坂本 工宜', '右', '巨人', '山田 哲人', '右', 'ヤクルト', 9, 1, 3, 1, 2, 0, 1, 137, 'ストレート', 13.0, 65.2, 'ボール', 4, 1, 16, 'B10');"
"INSERT INTO ballinfo VALUES ('2019-04-14', 2019041401, '巨人', 'ヤクルト', '坂本 工宜', '右', '巨人', '山田 哲人', '右', 'ヤクルト', 9, 1, 3, 1, 3, 1, 1, 144, 'ストレート', 34.0, 30.0, 'ファウル', 2, 2, 7, 'S1');"
"INSERT INTO ballinfo VALUES ('2019-04-14', 2019041401, '巨人', 'ヤクルト', '坂本 工宜', '右', '巨人', '山田 哲人', '右', 'ヤクルト', 9, 1, 3, 1, 4, 1, 2, 143, 'ストレート', 16.5, 11.2, 'ボール', 1, 1, 1, 'B1');"
"INSERT INTO ballinfo VALUES ('2019-04-14', 2019041401, '巨人', 'ヤクルト', '坂本 工宜', '右', '巨人', '山田 哲人', '右', 'ヤクルト', 9, 1, 3, 1, 5, 2, 2, 132, 'スライダー', 31.5, 91.6, 'ボール', 5, 2, 22, 'B16');"
"INSERT INTO ballinfo VALUES ('2019-04-14', 2019041401, '巨人', 'ヤクルト', '坂本 工宜', '右', '巨人', '山田 哲人', '右', 'ヤクルト', 9, 1, 3, 1, 6, 3, 2, 130, 'スライダー', 53.5, 70.0, '遊安', 4, 3, 18, 'S8');"
"INSERT INTO ballinfo VALUES ('2019-04-14', 2019041401, '巨人', 'ヤクルト', '坂本 工宜', '右', '巨人', '田代 将太郎', '左', 'ヤクルト', 9, 1, 4, 2, 1, 0, 0, 129, 'スライダー', 28.5, 11.6, 'ボール', 1, 2, 2, 'B2');"
"INSERT INTO ballinfo VALUES ('2019-04-14', 2019041401, '巨人', 'ヤクルト', '坂本 工宜', '右', '巨人', '田代 将太郎', '左', 'ヤクルト', 9, 1, 4, 2, 2, 1, 0, 128, 'チェンジアップ', 12.0, 10.8, 'ボール', 1, 1, 1, 'B1');"
"INSERT INTO ballinfo VALUES ('2019-04-14', 2019041401, '巨人', 'ヤクルト', '坂本 工宜', '右', '巨人', '田代 将太郎', '左', 'ヤクルト', 9, 1, 4, 2, 3, 2, 0, 143, 'ストレート', 50.5, 65.6, '捕邪飛', 4, 3, 18, 'S8');"
"INSERT INTO ballinfo VALUES ('2019-04-14', 2019041401, '巨人', 'ヤクルト', '坂本 工宜', '右', '巨人', '雄平', '左', 'ヤクルト', 9, 1, 5, 3, 1, 0, 0, 145, 'ストレート', 29.5, 32.0, 'ファウル', 2, 2, 7, 'S1');"
"INSERT INTO ballinfo VALUES ('2019-04-14', 2019041401, '巨人', 'ヤクルト', '坂本 工宜', '右', '巨人', '雄平', '左', 'ヤクルト', 9, 1, 5, 3, 2, 0, 1, 145, 'ストレート', 29.5, 54.4, '見逃し', 3, 2, 12, 'S4');"
"INSERT INTO ballinfo VALUES ('2019-04-14', 2019041401, '巨人', 'ヤクルト', '坂本 工宜', '右', '巨人', '雄平', '左', 'ヤクルト', 9, 1, 5, 3, 3, 0, 2, 129, 'チェンジアップ', 34.5, 48.8, '二直', 3, 2, 12, 'S4');"
"INSERT INTO ballinfo VALUES ('2019-04-14', 2019041401, '巨人', 'ヤクルト', '石山 泰稚', '右', 'ヤクルト', '大城 卓三', '左', '巨人', 9, 2, 1, 1, 1, 0, 0, 147, 'ストレート', 67.0, 84.0, 'ボール', 5, 4, 24, 'B18');"
"INSERT INTO ballinfo VALUES ('2019-04-14', 2019041401, '巨人', 'ヤクルト', '石山 泰稚', '右', 'ヤクルト', '大城 卓三', '左', '巨人', 9, 2, 1, 1, 2, 1, 0, 144, 'ストレート', 75.5, 57.2, '見逃し', 3, 4, 14, 'S6');"
"INSERT INTO ballinfo VALUES ('2019-04-14', 2019041401, '巨人', 'ヤクルト', '石山 泰稚', '右', 'ヤクルト', '大城 卓三', '左', '巨人', 9, 2, 1, 1, 3, 1, 1, 147, 'ストレート', 66.5, 67.2, '見逃し', 4, 4, 19, 'S9');"
"INSERT INTO ballinfo VALUES ('2019-04-14', 2019041401, '巨人', 'ヤクルト', '石山 泰稚', '右', 'ヤクルト', '大城 卓三', '左', '巨人', 9, 2, 1, 1, 4, 1, 2, 148, 'ストレート', 31.5, 53.2, 'ファウル', 3, 2, 12, 'S4');"
"INSERT INTO ballinfo VALUES ('2019-04-14', 2019041401, '巨人', 'ヤクルト', '石山 泰稚', '右', 'ヤクルト', '大城 卓三', '左', '巨人', 9, 2, 1, 1, 5, 1, 3, 136, 'フォーク', 78.5, 92.0, 'ボール', 5, 4, 24, 'B18');"
"INSERT INTO ballinfo VALUES ('2019-04-14', 2019041401, '巨人', 'ヤクルト', '石山 泰稚', '右', 'ヤクルト', '大城 卓三', '左', '巨人', 9, 2, 1, 1, 6, 2, 3, 148, 'ストレート', 27.0, 23.6, 'ファウル', 2, 2, 7, 'S1');"
"INSERT INTO ballinfo VALUES ('2019-04-14', 2019041401, '巨人', 'ヤクルト', '石山 泰稚', '右', 'ヤクルト', '大城 卓三', '左', '巨人', 9, 2, 1, 1, 7, 2, 4, 143, 'ストレート', 72.0, 49.6, '一飛', 3, 4, 14, 'S6');"
"INSERT INTO ballinfo VALUES ('2019-04-14', 2019041401, '巨人', 'ヤクルト', '石山 泰稚', '右', 'ヤクルト', '坂本 勇人', '右', '巨人', 9, 2, 2, 2, 1, 0, 0, 125, 'カーブ', 73.5, 85.2, 'ボール', 5, 4, 24, 'B18');"
"INSERT INTO ballinfo VALUES ('2019-04-14', 2019041401, '巨人', 'ヤクルト', '石山 泰稚', '右', 'ヤクルト', '坂本 勇人', '右', '巨人', 9, 2, 2, 2, 2, 1, 0, 131, 'スライダー', 14.0, 35.2, 'ボール', 2, 1, 6, 'B6');"
"INSERT INTO ballinfo VALUES ('2019-04-14', 2019041401, '巨人', 'ヤクルト', '石山 泰稚', '右', 'ヤクルト', '坂本 勇人', '右', '巨人', 9, 2, 2, 2, 3, 2, 0, 149, 'ストレート', 50.0, 53.2, '右飛', 3, 3, 13, 'S5');"
"INSERT INTO ballinfo VALUES ('2019-04-14', 2019041401, '巨人', 'ヤクルト', '石山 泰稚', '右', 'ヤクルト', '丸 佳浩', '左', '巨人', 9, 2, 3, 3, 1, 0, 0, 148, 'ストレート', 34.5, 64.8, '見逃し', 4, 2, 17, 'S7');"
"INSERT INTO ballinfo VALUES ('2019-04-14', 2019041401, '巨人', 'ヤクルト', '石山 泰稚', '右', 'ヤクルト', '丸 佳浩', '左', '巨人', 9, 2, 3, 3, 2, 0, 1, 150, 'ストレート', 87.0, 68.0, 'ボール', 4, 5, 20, 'B11');"
"INSERT INTO ballinfo VALUES ('2019-04-14', 2019041401, '巨人', 'ヤクルト', '石山 泰稚', '右', 'ヤクルト', '丸 佳浩', '左', '巨人', 9, 2, 3, 3, 3, 1, 1, 142, 'ストレート', 69.0, 45.6, 'ファウル', 3, 4, 14, 'S6');"
"INSERT INTO ballinfo VALUES ('2019-04-14', 2019041401, '巨人', 'ヤクルト', '石山 泰稚', '右', 'ヤクルト', '丸 佳浩', '左', '巨人', 9, 2, 3, 3, 4, 1, 2, 150, 'ストレート', 92.0, 91.6, 'ボール', 5, 5, 25, 'B19');"
"INSERT INTO ballinfo VALUES ('2019-04-14', 2019041401, '巨人', 'ヤクルト', '石山 泰稚', '右', 'ヤクルト', '丸 佳浩', '左', '巨人', 9, 2, 3, 3, 5, 2, 2, 147, 'ストレート', 14.0, 68.0, 'ゴロ', 4, 1, 16, 'B10');"
