"INSERT INTO ballinfo VALUES ('2019-04-14', 2019041402, 'ＤｅＮＡ', '広島', '井納 翔一', '右', 'ＤｅＮＡ', '田中 広輔', '左', '広島', 1, 1, 1, 1, 1, 0, 0, 146, 'ストレート', 15.5, 46.0, 'ボール', 3, 1, 11, 'B8');"
"INSERT INTO ballinfo VALUES ('2019-04-14', 2019041402, 'ＤｅＮＡ', '広島', '井納 翔一', '右', 'ＤｅＮＡ', '田中 広輔', '左', '広島', 1, 1, 1, 1, 2, 1, 0, 0, 'スライダー', 26.5, 50.8, '見逃し', 3, 2, 12, 'S4');"
"INSERT INTO ballinfo VALUES ('2019-04-14', 2019041402, 'ＤｅＮＡ', '広島', '井納 翔一', '右', 'ＤｅＮＡ', '田中 広輔', '左', '広島', 1, 1, 1, 1, 3, 1, 1, 133, 'スライダー', 26.5, 66.0, '空振り', 4, 2, 17, 'S7');"
"INSERT INTO ballinfo VALUES ('2019-04-14', 2019041402, 'ＤｅＮＡ', '広島', '井納 翔一', '右', 'ＤｅＮＡ', '田中 広輔', '左', '広島', 1, 1, 1, 1, 4, 1, 2, 146, 'ストレート', 30.0, 73.6, '中飛', 4, 2, 17, 'S7');"
"INSERT INTO ballinfo VALUES ('2019-04-14', 2019041402, 'ＤｅＮＡ', '広島', '井納 翔一', '右', 'ＤｅＮＡ', '菊池 涼介', '右', '広島', 1, 1, 2, 2, 1, 0, 0, 144, 'ストレート', 56.5, 75.6, '見逃し', 4, 3, 18, 'S8');"
"INSERT INTO ballinfo VALUES ('2019-04-14', 2019041402, 'ＤｅＮＡ', '広島', '井納 翔一', '右', 'ＤｅＮＡ', '菊池 涼介', '右', '広島', 1, 1, 2, 2, 2, 0, 1, 132, 'スライダー', 87.5, 27.6, 'ボール', 2, 5, 10, 'B7');"
"INSERT INTO ballinfo VALUES ('2019-04-14', 2019041402, 'ＤｅＮＡ', '広島', '井納 翔一', '右', 'ＤｅＮＡ', '菊池 涼介', '右', '広島', 1, 1, 2, 2, 3, 1, 1, 133, 'スライダー', 76.5, 55.6, '中飛', 3, 4, 14, 'S6');"
"INSERT INTO ballinfo VALUES ('2019-04-14', 2019041402, 'ＤｅＮＡ', '広島', '井納 翔一', '右', 'ＤｅＮＡ', '野間 峻祥', '左', '広島', 1, 1, 3, 3, 1, 0, 0, 145, 'ストレート', 24.5, 54.8, '見逃し', 3, 2, 12, 'S4');"
"INSERT INTO ballinfo VALUES ('2019-04-14', 2019041402, 'ＤｅＮＡ', '広島', '井納 翔一', '右', 'ＤｅＮＡ', '野間 峻祥', '左', '広島', 1, 1, 3, 3, 2, 0, 1, 131, 'スライダー', 56.5, 65.2, '一ゴロ', 4, 3, 18, 'S8');"
"INSERT INTO ballinfo VALUES ('2019-04-14', 2019041402, 'ＤｅＮＡ', '広島', '九里 亜蓮', '右', '広島', '神里 和毅', '左', 'ＤｅＮＡ', 1, 2, 1, 1, 1, 0, 0, 127, 'シュート', 73.0, 89.2, 'ボール', 5, 4, 24, 'B18');"
"INSERT INTO ballinfo VALUES ('2019-04-14', 2019041402, 'ＤｅＮＡ', '広島', '九里 亜蓮', '右', '広島', '神里 和毅', '左', 'ＤｅＮＡ', 1, 2, 1, 1, 2, 1, 0, 128, 'シュート', 69.0, 54.4, 'ファウル', 3, 4, 14, 'S6');"
"INSERT INTO ballinfo VALUES ('2019-04-14', 2019041402, 'ＤｅＮＡ', '広島', '九里 亜蓮', '右', '広島', '神里 和毅', '左', 'ＤｅＮＡ', 1, 2, 1, 1, 3, 1, 1, 131, 'シュート', 30.5, 87.6, 'ボール', 5, 2, 22, 'B16');"
"INSERT INTO ballinfo VALUES ('2019-04-14', 2019041402, 'ＤｅＮＡ', '広島', '九里 亜蓮', '右', '広島', '神里 和毅', '左', 'ＤｅＮＡ', 1, 2, 1, 1, 4, 2, 1, 144, 'シュート', 12.0, 88.0, 'ボール', 5, 1, 21, 'B15');"
"INSERT INTO ballinfo VALUES ('2019-04-14', 2019041402, 'ＤｅＮＡ', '広島', '九里 亜蓮', '右', '広島', '神里 和毅', '左', 'ＤｅＮＡ', 1, 2, 1, 1, 5, 3, 1, 146, 'ストレート', 48.0, 44.4, '空振り', 3, 3, 13, 'S5');"
"INSERT INTO ballinfo VALUES ('2019-04-14', 2019041402, 'ＤｅＮＡ', '広島', '九里 亜蓮', '右', '広島', '神里 和毅', '左', 'ＤｅＮＡ', 1, 2, 1, 1, 6, 3, 2, 147, 'ストレート', 56.5, 65.2, 'ファウル', 4, 3, 18, 'S8');"
"INSERT INTO ballinfo VALUES ('2019-04-14', 2019041402, 'ＤｅＮＡ', '広島', '九里 亜蓮', '右', '広島', '神里 和毅', '左', 'ＤｅＮＡ', 1, 2, 1, 1, 7, 3, 3, 131, 'シュート', 67.0, 70.4, 'ファウル', 4, 4, 19, 'S9');"
"INSERT INTO ballinfo VALUES ('2019-04-14', 2019041402, 'ＤｅＮＡ', '広島', '九里 亜蓮', '右', '広島', '神里 和毅', '左', 'ＤｅＮＡ', 1, 2, 1, 1, 8, 3, 4, 146, 'ストレート', 53.0, 16.0, '空三振', 1, 3, 3, 'B3');"
"INSERT INTO ballinfo VALUES ('2019-04-14', 2019041402, 'ＤｅＮＡ', '広島', '九里 亜蓮', '右', '広島', '楠本 泰史', '左', 'ＤｅＮＡ', 1, 2, 2, 1, 1, 0, 0, 120, 'カーブ', 86.5, 72.0, 'ボール', 4, 5, 20, 'B11');"
"INSERT INTO ballinfo VALUES ('2019-04-14', 2019041402, 'ＤｅＮＡ', '広島', '九里 亜蓮', '右', '広島', '楠本 泰史', '左', 'ＤｅＮＡ', 1, 2, 2, 1, 2, 1, 0, 130, 'シュート', 30.0, 56.4, 'ファウル', 3, 2, 12, 'S4');"
"INSERT INTO ballinfo VALUES ('2019-04-14', 2019041402, 'ＤｅＮＡ', '広島', '九里 亜蓮', '右', '広島', '楠本 泰史', '左', 'ＤｅＮＡ', 1, 2, 2, 1, 3, 1, 1, 122, 'カーブ', 15.5, 48.8, 'ボール', 3, 1, 11, 'B8');"
"INSERT INTO ballinfo VALUES ('2019-04-14', 2019041402, 'ＤｅＮＡ', '広島', '九里 亜蓮', '右', '広島', '楠本 泰史', '左', 'ＤｅＮＡ', 1, 2, 2, 1, 4, 2, 1, 131, 'シュート', 46.5, 66.8, 'ファウル', 4, 3, 18, 'S8');"
"INSERT INTO ballinfo VALUES ('2019-04-14', 2019041402, 'ＤｅＮＡ', '広島', '九里 亜蓮', '右', '広島', '楠本 泰史', '左', 'ＤｅＮＡ', 1, 2, 2, 1, 5, 2, 2, 146, 'ストレート', 27.5, 91.6, 'ボール', 5, 2, 22, 'B16');"
"INSERT INTO ballinfo VALUES ('2019-04-14', 2019041402, 'ＤｅＮＡ', '広島', '九里 亜蓮', '右', '広島', '楠本 泰史', '左', 'ＤｅＮＡ', 1, 2, 2, 1, 6, 3, 2, 147, 'ストレート', 14.5, 12.0, '四球', 1, 1, 1, 'B1');"
"INSERT INTO ballinfo VALUES ('2019-04-14', 2019041402, 'ＤｅＮＡ', '広島', '九里 亜蓮', '右', '広島', 'ソト', '右', 'ＤｅＮＡ', 1, 2, 3, 1, 1, 0, 0, 147, 'ストレート', 87.5, 85.2, 'ボール', 5, 5, 25, 'B19');"
"INSERT INTO ballinfo VALUES ('2019-04-14', 2019041402, 'ＤｅＮＡ', '広島', '九里 亜蓮', '右', '広島', 'ソト', '右', 'ＤｅＮＡ', 1, 2, 3, 1, 2, 1, 0, 146, 'ストレート', 86.0, 34.8, 'ボール', 2, 5, 10, 'B7');"
"INSERT INTO ballinfo VALUES ('2019-04-14', 2019041402, 'ＤｅＮＡ', '広島', '九里 亜蓮', '右', '広島', 'ソト', '右', 'ＤｅＮＡ', 1, 2, 3, 1, 3, 2, 0, 142, 'シュート', 34.5, 73.2, 'ファウル', 4, 2, 17, 'S7');"
"INSERT INTO ballinfo VALUES ('2019-04-14', 2019041402, 'ＤｅＮＡ', '広島', '九里 亜蓮', '右', '広島', 'ソト', '右', 'ＤｅＮＡ', 1, 2, 3, 1, 4, 2, 1, 146, 'ストレート', 15.5, 12.8, 'ボール', 1, 1, 1, 'B1');"
"INSERT INTO ballinfo VALUES ('2019-04-14', 2019041402, 'ＤｅＮＡ', '広島', '九里 亜蓮', '右', '広島', 'ソト', '右', 'ＤｅＮＡ', 1, 2, 3, 1, 5, 3, 1, 145, 'ストレート', 32.0, 15.6, 'ファウル', 1, 2, 2, 'B2');"
"INSERT INTO ballinfo VALUES ('2019-04-14', 2019041402, 'ＤｅＮＡ', '広島', '九里 亜蓮', '右', '広島', 'ソト', '右', 'ＤｅＮＡ', 1, 2, 3, 1, 6, 3, 2, 148, 'ストレート', 89.0, 14.8, '四球', 1, 5, 5, 'B5');"
"INSERT INTO ballinfo VALUES ('2019-04-14', 2019041402, 'ＤｅＮＡ', '広島', '九里 亜蓮', '右', '広島', 'ロペス', '右', 'ＤｅＮＡ', 1, 2, 4, 3, 1, 0, 0, 143, 'ストレート', 36.5, 85.2, 'ボール', 5, 2, 22, 'B16');"
"INSERT INTO ballinfo VALUES ('2019-04-14', 2019041402, 'ＤｅＮＡ', '広島', '九里 亜蓮', '右', '広島', 'ロペス', '右', 'ＤｅＮＡ', 1, 2, 4, 3, 2, 1, 0, 131, 'シュート', 68.5, 29.6, '三併打', 2, 4, 9, 'S3');"
"INSERT INTO ballinfo VALUES ('2019-04-14', 2019041402, 'ＤｅＮＡ', '広島', '井納 翔一', '右', 'ＤｅＮＡ', '鈴木 誠也', '右', '広島', 2, 1, 1, 0, 1, 0, 0, 133, 'スライダー', 72.0, 86.8, 'ボール', 5, 4, 24, 'B18');"
"INSERT INTO ballinfo VALUES ('2019-04-14', 2019041402, 'ＤｅＮＡ', '広島', '井納 翔一', '右', 'ＤｅＮＡ', '鈴木 誠也', '右', '広島', 2, 1, 1, 0, 2, 1, 0, 134, 'スライダー', 55.5, 69.2, '左本', 4, 3, 18, 'S8');"
"INSERT INTO ballinfo VALUES ('2019-04-14', 2019041402, 'ＤｅＮＡ', '広島', '井納 翔一', '右', 'ＤｅＮＡ', '松山 竜平', '左', '広島', 2, 1, 2, 1, 1, 0, 0, 145, 'ストレート', 64.5, 49.6, '見逃し', 3, 4, 14, 'S6');"
"INSERT INTO ballinfo VALUES ('2019-04-14', 2019041402, 'ＤｅＮＡ', '広島', '井納 翔一', '右', 'ＤｅＮＡ', '松山 竜平', '左', '広島', 2, 1, 2, 1, 2, 0, 1, 130, 'フォーク', 32.5, 57.2, '一ゴロ', 3, 2, 12, 'S4');"
"INSERT INTO ballinfo VALUES ('2019-04-14', 2019041402, 'ＤｅＮＡ', '広島', '井納 翔一', '右', 'ＤｅＮＡ', '西川 龍馬', '左', '広島', 2, 1, 3, 2, 1, 0, 0, 118, 'カーブ', 28.5, 63.6, '見逃し', 4, 2, 17, 'S7');"
"INSERT INTO ballinfo VALUES ('2019-04-14', 2019041402, 'ＤｅＮＡ', '広島', '井納 翔一', '右', 'ＤｅＮＡ', '西川 龍馬', '左', '広島', 2, 1, 3, 2, 2, 0, 1, 144, 'ストレート', 26.5, 47.6, '中飛', 3, 2, 12, 'S4');"
"INSERT INTO ballinfo VALUES ('2019-04-14', 2019041402, 'ＤｅＮＡ', '広島', '井納 翔一', '右', 'ＤｅＮＡ', '會澤 翼', '右', '広島', 2, 1, 4, 2, 1, 0, 0, 0, 'フォーク', 14.0, 14.0, 'ボール', 1, 1, 1, 'B1');"
"INSERT INTO ballinfo VALUES ('2019-04-14', 2019041402, 'ＤｅＮＡ', '広島', '井納 翔一', '右', 'ＤｅＮＡ', '會澤 翼', '右', '広島', 2, 1, 4, 2, 2, 1, 0, 133, 'スライダー', 87.5, 90.0, 'ボール', 5, 5, 25, 'B19');"
"INSERT INTO ballinfo VALUES ('2019-04-14', 2019041402, 'ＤｅＮＡ', '広島', '井納 翔一', '右', 'ＤｅＮＡ', '會澤 翼', '右', '広島', 2, 1, 4, 2, 3, 2, 0, 144, 'ストレート', 70.0, 85.6, 'ボール', 5, 4, 24, 'B18');"
"INSERT INTO ballinfo VALUES ('2019-04-14', 2019041402, 'ＤｅＮＡ', '広島', '井納 翔一', '右', 'ＤｅＮＡ', '會澤 翼', '右', '広島', 2, 1, 4, 2, 4, 3, 0, 145, 'ストレート', 57.0, 69.2, '見逃し', 4, 3, 18, 'S8');"
"INSERT INTO ballinfo VALUES ('2019-04-14', 2019041402, 'ＤｅＮＡ', '広島', '井納 翔一', '右', 'ＤｅＮＡ', '會澤 翼', '右', '広島', 2, 1, 4, 2, 5, 3, 1, 134, 'スライダー', 75.5, 67.6, 'ファウル', 4, 4, 19, 'S9');"
"INSERT INTO ballinfo VALUES ('2019-04-14', 2019041402, 'ＤｅＮＡ', '広島', '井納 翔一', '右', 'ＤｅＮＡ', '會澤 翼', '右', '広島', 2, 1, 4, 2, 6, 3, 2, 132, 'スライダー', 66.5, 75.2, 'ファウル', 4, 4, 19, 'S9');"
"INSERT INTO ballinfo VALUES ('2019-04-14', 2019041402, 'ＤｅＮＡ', '広島', '井納 翔一', '右', 'ＤｅＮＡ', '會澤 翼', '右', '広島', 2, 1, 4, 2, 7, 3, 3, 145, 'ストレート', 86.0, 75.2, '四球', 4, 5, 20, 'B11');"
"INSERT INTO ballinfo VALUES ('2019-04-14', 2019041402, 'ＤｅＮＡ', '広島', '井納 翔一', '右', 'ＤｅＮＡ', '安部 友裕', '左', '広島', 2, 1, 5, 3, 1, 0, 0, 131, 'フォーク', 29.0, 55.2, '空振り', 3, 2, 12, 'S4');"
"INSERT INTO ballinfo VALUES ('2019-04-14', 2019041402, 'ＤｅＮＡ', '広島', '井納 翔一', '右', 'ＤｅＮＡ', '安部 友裕', '左', '広島', 2, 1, 5, 3, 2, 0, 1, 145, 'ストレート', 26.5, 74.0, '見逃し', 4, 2, 17, 'S7');"
"INSERT INTO ballinfo VALUES ('2019-04-14', 2019041402, 'ＤｅＮＡ', '広島', '井納 翔一', '右', 'ＤｅＮＡ', '安部 友裕', '左', '広島', 2, 1, 5, 3, 3, 0, 2, 144, 'ストレート', 10.0, 72.4, 'ボール', 4, 1, 16, 'B10');"
"INSERT INTO ballinfo VALUES ('2019-04-14', 2019041402, 'ＤｅＮＡ', '広島', '井納 翔一', '右', 'ＤｅＮＡ', '安部 友裕', '左', '広島', 2, 1, 5, 3, 4, 1, 2, 145, 'ストレート', 14.5, 87.2, 'ボール', 5, 1, 21, 'B15');"
"INSERT INTO ballinfo VALUES ('2019-04-14', 2019041402, 'ＤｅＮＡ', '広島', '井納 翔一', '右', 'ＤｅＮＡ', '安部 友裕', '左', '広島', 2, 1, 5, 3, 5, 2, 2, 133, 'フォーク', 30.5, 89.2, 'ファウル', 5, 2, 22, 'B16');"
"INSERT INTO ballinfo VALUES ('2019-04-14', 2019041402, 'ＤｅＮＡ', '広島', '井納 翔一', '右', 'ＤｅＮＡ', '安部 友裕', '左', '広島', 2, 1, 5, 3, 6, 2, 3, 133, 'スライダー', 34.5, 67.2, '二ゴロ', 4, 2, 17, 'S7');"
"INSERT INTO ballinfo VALUES ('2019-04-14', 2019041402, 'ＤｅＮＡ', '広島', '九里 亜蓮', '右', '広島', '宮崎 敏郎', '右', 'ＤｅＮＡ', 2, 2, 1, 1, 1, 0, 0, 144, 'ストレート', 27.0, 36.0, '見逃し', 2, 2, 7, 'S1');"
"INSERT INTO ballinfo VALUES ('2019-04-14', 2019041402, 'ＤｅＮＡ', '広島', '九里 亜蓮', '右', '広島', '宮崎 敏郎', '右', 'ＤｅＮＡ', 2, 2, 1, 1, 2, 0, 1, 127, 'スライダー', 89.5, 75.2, 'ボール', 4, 5, 20, 'B11');"
"INSERT INTO ballinfo VALUES ('2019-04-14', 2019041402, 'ＤｅＮＡ', '広島', '九里 亜蓮', '右', '広島', '宮崎 敏郎', '右', 'ＤｅＮＡ', 2, 2, 1, 1, 3, 1, 1, 145, 'ストレート', 74.0, 74.4, '二ゴロ', 4, 4, 19, 'S9');"
"INSERT INTO ballinfo VALUES ('2019-04-14', 2019041402, 'ＤｅＮＡ', '広島', '九里 亜蓮', '右', '広島', '佐野 恵太', '左', 'ＤｅＮＡ', 2, 2, 2, 2, 1, 0, 0, 145, 'シュート', 15.5, 26.4, 'ボール', 2, 1, 6, 'B6');"
"INSERT INTO ballinfo VALUES ('2019-04-14', 2019041402, 'ＤｅＮＡ', '広島', '九里 亜蓮', '右', '広島', '佐野 恵太', '左', 'ＤｅＮＡ', 2, 2, 2, 2, 2, 1, 0, 117, 'カーブ', 36.0, 53.2, '見逃し', 3, 2, 12, 'S4');"
"INSERT INTO ballinfo VALUES ('2019-04-14', 2019041402, 'ＤｅＮＡ', '広島', '九里 亜蓮', '右', '広島', '佐野 恵太', '左', 'ＤｅＮＡ', 2, 2, 2, 2, 3, 1, 1, 146, 'ストレート', 27.5, 70.0, '空振り', 4, 2, 17, 'S7');"
"INSERT INTO ballinfo VALUES ('2019-04-14', 2019041402, 'ＤｅＮＡ', '広島', '九里 亜蓮', '右', '広島', '佐野 恵太', '左', 'ＤｅＮＡ', 2, 2, 2, 2, 4, 1, 2, 132, 'シュート', 34.5, 75.2, 'ファウル', 4, 2, 17, 'S7');"
"INSERT INTO ballinfo VALUES ('2019-04-14', 2019041402, 'ＤｅＮＡ', '広島', '九里 亜蓮', '右', '広島', '佐野 恵太', '左', 'ＤｅＮＡ', 2, 2, 2, 2, 5, 1, 3, 148, 'ストレート', 15.5, 56.8, 'ボール', 3, 1, 11, 'B8');"
"INSERT INTO ballinfo VALUES ('2019-04-14', 2019041402, 'ＤｅＮＡ', '広島', '九里 亜蓮', '右', '広島', '佐野 恵太', '左', 'ＤｅＮＡ', 2, 2, 2, 2, 6, 2, 3, 134, 'フォーク', 76.5, 95.6, 'ボール', 5, 4, 24, 'B18');"
"INSERT INTO ballinfo VALUES ('2019-04-14', 2019041402, 'ＤｅＮＡ', '広島', '九里 亜蓮', '右', '広島', '佐野 恵太', '左', 'ＤｅＮＡ', 2, 2, 2, 2, 7, 3, 3, 130, 'シュート', 33.0, 25.2, '一ゴロ', 2, 2, 7, 'S1');"
"INSERT INTO ballinfo VALUES ('2019-04-14', 2019041402, 'ＤｅＮＡ', '広島', '九里 亜蓮', '右', '広島', '倉本 寿彦', '左', 'ＤｅＮＡ', 2, 2, 3, 3, 1, 0, 0, 115, 'カーブ', 87.5, 45.6, 'ボール', 3, 5, 15, 'B9');"
"INSERT INTO ballinfo VALUES ('2019-04-14', 2019041402, 'ＤｅＮＡ', '広島', '九里 亜蓮', '右', '広島', '倉本 寿彦', '左', 'ＤｅＮＡ', 2, 2, 3, 3, 2, 1, 0, 144, 'シュート', 26.5, 74.4, '見逃し', 4, 2, 17, 'S7');"
"INSERT INTO ballinfo VALUES ('2019-04-14', 2019041402, 'ＤｅＮＡ', '広島', '九里 亜蓮', '右', '広島', '倉本 寿彦', '左', 'ＤｅＮＡ', 2, 2, 3, 3, 3, 1, 1, 0, 'シュート', 34.5, 55.2, '遊ゴロ', 3, 2, 12, 'S4');"
"INSERT INTO ballinfo VALUES ('2019-04-14', 2019041402, 'ＤｅＮＡ', '広島', '井納 翔一', '右', 'ＤｅＮＡ', '九里 亜蓮', '右', '広島', 3, 1, 1, 1, 1, 0, 0, 144, 'ストレート', 34.5, 73.2, '見逃し', 4, 2, 17, 'S7');"
"INSERT INTO ballinfo VALUES ('2019-04-14', 2019041402, 'ＤｅＮＡ', '広島', '井納 翔一', '右', 'ＤｅＮＡ', '九里 亜蓮', '右', '広島', 3, 1, 1, 1, 2, 0, 1, 130, 'スライダー', 45.5, 36.4, 'ファウル', 2, 3, 8, 'S2');"
"INSERT INTO ballinfo VALUES ('2019-04-14', 2019041402, 'ＤｅＮＡ', '広島', '井納 翔一', '右', 'ＤｅＮＡ', '九里 亜蓮', '右', '広島', 3, 1, 1, 1, 3, 0, 2, 131, 'スライダー', 75.5, 55.2, '空三振', 3, 4, 14, 'S6');"
"INSERT INTO ballinfo VALUES ('2019-04-14', 2019041402, 'ＤｅＮＡ', '広島', '井納 翔一', '右', 'ＤｅＮＡ', '田中 広輔', '左', '広島', 3, 1, 2, 2, 1, 0, 0, 119, 'カーブ', 15.0, 71.2, 'ボール', 4, 1, 16, 'B10');"
"INSERT INTO ballinfo VALUES ('2019-04-14', 2019041402, 'ＤｅＮＡ', '広島', '井納 翔一', '右', 'ＤｅＮＡ', '田中 広輔', '左', '広島', 3, 1, 2, 2, 2, 1, 0, 131, 'フォーク', 34.5, 65.2, '見逃し', 4, 2, 17, 'S7');"
"INSERT INTO ballinfo VALUES ('2019-04-14', 2019041402, 'ＤｅＮＡ', '広島', '井納 翔一', '右', 'ＤｅＮＡ', '田中 広輔', '左', '広島', 3, 1, 2, 2, 3, 1, 1, 133, 'スライダー', 29.5, 93.2, 'ボール', 5, 2, 22, 'B16');"
"INSERT INTO ballinfo VALUES ('2019-04-14', 2019041402, 'ＤｅＮＡ', '広島', '井納 翔一', '右', 'ＤｅＮＡ', '田中 広輔', '左', '広島', 3, 1, 2, 2, 4, 2, 1, 134, 'フォーク', 68.0, 74.0, '空振り', 4, 4, 19, 'S9');"
"INSERT INTO ballinfo VALUES ('2019-04-14', 2019041402, 'ＤｅＮＡ', '広島', '井納 翔一', '右', 'ＤｅＮＡ', '田中 広輔', '左', '広島', 3, 1, 2, 2, 5, 2, 2, 131, 'フォーク', 13.0, 91.6, 'ボール', 5, 1, 21, 'B15');"
"INSERT INTO ballinfo VALUES ('2019-04-14', 2019041402, 'ＤｅＮＡ', '広島', '井納 翔一', '右', 'ＤｅＮＡ', '田中 広輔', '左', '広島', 3, 1, 2, 2, 6, 3, 2, 133, 'フォーク', 53.5, 90.8, '空三振', 5, 3, 23, 'B17');"
"INSERT INTO ballinfo VALUES ('2019-04-14', 2019041402, 'ＤｅＮＡ', '広島', '井納 翔一', '右', 'ＤｅＮＡ', '菊池 涼介', '右', '広島', 3, 1, 3, 3, 1, 0, 0, 131, 'スライダー', 75.0, 72.0, '見逃し', 4, 4, 19, 'S9');"
"INSERT INTO ballinfo VALUES ('2019-04-14', 2019041402, 'ＤｅＮＡ', '広島', '井納 翔一', '右', 'ＤｅＮＡ', '菊池 涼介', '右', '広島', 3, 1, 3, 3, 2, 0, 1, 134, 'フォーク', 50.0, 89.2, 'ファウル', 5, 3, 23, 'B17');"
"INSERT INTO ballinfo VALUES ('2019-04-14', 2019041402, 'ＤｅＮＡ', '広島', '井納 翔一', '右', 'ＤｅＮＡ', '菊池 涼介', '右', '広島', 3, 1, 3, 3, 3, 0, 2, 119, 'カーブ', 45.0, 74.0, 'ファウル', 4, 3, 18, 'S8');"
"INSERT INTO ballinfo VALUES ('2019-04-14', 2019041402, 'ＤｅＮＡ', '広島', '井納 翔一', '右', 'ＤｅＮＡ', '菊池 涼介', '右', '広島', 3, 1, 3, 3, 4, 0, 3, 132, 'フォーク', 67.0, 85.6, '遊ゴロ', 5, 4, 24, 'B18');"
"INSERT INTO ballinfo VALUES ('2019-04-14', 2019041402, 'ＤｅＮＡ', '広島', '九里 亜蓮', '右', '広島', '嶺井 博希', '右', 'ＤｅＮＡ', 3, 2, 1, 1, 1, 0, 0, 118, 'カーブ', 52.5, 76.4, '見逃し', 4, 3, 18, 'S8');"
"INSERT INTO ballinfo VALUES ('2019-04-14', 2019041402, 'ＤｅＮＡ', '広島', '九里 亜蓮', '右', '広島', '嶺井 博希', '右', 'ＤｅＮＡ', 3, 2, 1, 1, 2, 0, 1, 132, 'シュート', 30.5, 84.4, 'ファウル', 5, 2, 22, 'B16');"
"INSERT INTO ballinfo VALUES ('2019-04-14', 2019041402, 'ＤｅＮＡ', '広島', '九里 亜蓮', '右', '広島', '嶺井 博希', '右', 'ＤｅＮＡ', 3, 2, 1, 1, 3, 0, 2, 147, 'ストレート', 85.0, 51.2, 'ボール', 3, 5, 15, 'B9');"
"INSERT INTO ballinfo VALUES ('2019-04-14', 2019041402, 'ＤｅＮＡ', '広島', '九里 亜蓮', '右', '広島', '嶺井 博希', '右', 'ＤｅＮＡ', 3, 2, 1, 1, 4, 1, 2, 131, 'シュート', 16.5, 51.6, 'ファウル', 3, 1, 11, 'B8');"
"INSERT INTO ballinfo VALUES ('2019-04-14', 2019041402, 'ＤｅＮＡ', '広島', '九里 亜蓮', '右', '広島', '嶺井 博希', '右', 'ＤｅＮＡ', 3, 2, 1, 1, 5, 1, 3, 144, 'シュート', 16.0, 72.0, 'ボール', 4, 1, 16, 'B10');"
"INSERT INTO ballinfo VALUES ('2019-04-14', 2019041402, 'ＤｅＮＡ', '広島', '九里 亜蓮', '右', '広島', '嶺井 博希', '右', 'ＤｅＮＡ', 3, 2, 1, 1, 6, 2, 3, 134, 'フォーク', 30.5, 91.6, 'ボール', 5, 2, 22, 'B16');"
"INSERT INTO ballinfo VALUES ('2019-04-14', 2019041402, 'ＤｅＮＡ', '広島', '九里 亜蓮', '右', '広島', '嶺井 博希', '右', 'ＤｅＮＡ', 3, 2, 1, 1, 7, 3, 3, 145, 'シュート', 33.0, 69.6, '二ゴロ', 4, 2, 17, 'S7');"
"INSERT INTO ballinfo VALUES ('2019-04-14', 2019041402, 'ＤｅＮＡ', '広島', '九里 亜蓮', '右', '広島', '井納 翔一', '右', 'ＤｅＮＡ', 3, 2, 2, 2, 1, 0, 0, 144, 'ストレート', 34.0, 54.4, '見逃し', 3, 2, 12, 'S4');"
"INSERT INTO ballinfo VALUES ('2019-04-14', 2019041402, 'ＤｅＮＡ', '広島', '九里 亜蓮', '右', '広島', '井納 翔一', '右', 'ＤｅＮＡ', 3, 2, 2, 2, 2, 0, 1, 117, 'カーブ', 47.0, 16.4, 'ボール', 1, 3, 3, 'B3');"
"INSERT INTO ballinfo VALUES ('2019-04-14', 2019041402, 'ＤｅＮＡ', '広島', '九里 亜蓮', '右', '広島', '井納 翔一', '右', 'ＤｅＮＡ', 3, 2, 2, 2, 3, 1, 1, 147, 'ストレート', 75.0, 55.2, '見逃し', 3, 4, 14, 'S6');"
"INSERT INTO ballinfo VALUES ('2019-04-14', 2019041402, 'ＤｅＮＡ', '広島', '九里 亜蓮', '右', '広島', '井納 翔一', '右', 'ＤｅＮＡ', 3, 2, 2, 2, 4, 1, 2, 146, 'ストレート', 51.5, 35.2, 'ファウル', 2, 3, 8, 'S2');"
"INSERT INTO ballinfo VALUES ('2019-04-14', 2019041402, 'ＤｅＮＡ', '広島', '九里 亜蓮', '右', '広島', '井納 翔一', '右', 'ＤｅＮＡ', 3, 2, 2, 2, 5, 1, 3, 129, 'スライダー', 74.5, 48.0, 'ファウル', 3, 4, 14, 'S6');"
"INSERT INTO ballinfo VALUES ('2019-04-14', 2019041402, 'ＤｅＮＡ', '広島', '九里 亜蓮', '右', '広島', '井納 翔一', '右', 'ＤｅＮＡ', 3, 2, 2, 2, 6, 1, 4, 128, 'シュート', 70.0, 65.2, '三ゴロ', 4, 4, 19, 'S9');"
"INSERT INTO ballinfo VALUES ('2019-04-14', 2019041402, 'ＤｅＮＡ', '広島', '九里 亜蓮', '右', '広島', '神里 和毅', '左', 'ＤｅＮＡ', 3, 2, 3, 3, 1, 0, 0, 146, 'シュート', 27.0, 26.0, '投ゴロ', 2, 2, 7, 'S1');"
"INSERT INTO ballinfo VALUES ('2019-04-14', 2019041402, 'ＤｅＮＡ', '広島', '井納 翔一', '右', 'ＤｅＮＡ', '野間 峻祥', '左', '広島', 4, 1, 1, 1, 1, 0, 0, 132, 'スライダー', 34.5, 73.2, '見逃し', 4, 2, 17, 'S7');"
"INSERT INTO ballinfo VALUES ('2019-04-14', 2019041402, 'ＤｅＮＡ', '広島', '井納 翔一', '右', 'ＤｅＮＡ', '野間 峻祥', '左', '広島', 4, 1, 1, 1, 2, 0, 1, 130, 'フォーク', 30.0, 87.2, 'ボール', 5, 2, 22, 'B16');"
"INSERT INTO ballinfo VALUES ('2019-04-14', 2019041402, 'ＤｅＮＡ', '広島', '井納 翔一', '右', 'ＤｅＮＡ', '野間 峻祥', '左', '広島', 4, 1, 1, 1, 3, 1, 1, 132, 'フォーク', 25.5, 66.0, '遊飛', 4, 2, 17, 'S7');"
"INSERT INTO ballinfo VALUES ('2019-04-14', 2019041402, 'ＤｅＮＡ', '広島', '井納 翔一', '右', 'ＤｅＮＡ', '鈴木 誠也', '右', '広島', 4, 1, 2, 2, 1, 0, 0, 132, 'スライダー', 71.5, 64.8, '見逃し', 4, 4, 19, 'S9');"
"INSERT INTO ballinfo VALUES ('2019-04-14', 2019041402, 'ＤｅＮＡ', '広島', '井納 翔一', '右', 'ＤｅＮＡ', '鈴木 誠也', '右', '広島', 4, 1, 2, 2, 2, 0, 1, 146, 'ストレート', 16.0, 67.2, 'ボール', 4, 1, 16, 'B10');"
"INSERT INTO ballinfo VALUES ('2019-04-14', 2019041402, 'ＤｅＮＡ', '広島', '井納 翔一', '右', 'ＤｅＮＡ', '鈴木 誠也', '右', '広島', 4, 1, 2, 2, 3, 1, 1, 134, 'フォーク', 28.0, 74.4, '見逃し', 4, 2, 17, 'S7');"
"INSERT INTO ballinfo VALUES ('2019-04-14', 2019041402, 'ＤｅＮＡ', '広島', '井納 翔一', '右', 'ＤｅＮＡ', '鈴木 誠也', '右', '広島', 4, 1, 2, 2, 4, 1, 2, 132, 'フォーク', 36.5, 89.2, 'ボール', 5, 2, 22, 'B16');"
"INSERT INTO ballinfo VALUES ('2019-04-14', 2019041402, 'ＤｅＮＡ', '広島', '井納 翔一', '右', 'ＤｅＮＡ', '鈴木 誠也', '右', '広島', 4, 1, 2, 2, 5, 2, 2, 135, 'フォーク', 53.0, 89.2, '空三振', 5, 3, 23, 'B17');"
"INSERT INTO ballinfo VALUES ('2019-04-14', 2019041402, 'ＤｅＮＡ', '広島', '井納 翔一', '右', 'ＤｅＮＡ', '松山 竜平', '左', '広島', 4, 1, 3, 2, 1, 0, 0, 146, 'ストレート', 16.5, 55.6, 'ボール', 3, 1, 11, 'B8');"
"INSERT INTO ballinfo VALUES ('2019-04-14', 2019041402, 'ＤｅＮＡ', '広島', '井納 翔一', '右', 'ＤｅＮＡ', '松山 竜平', '左', '広島', 4, 1, 3, 2, 2, 1, 0, 120, 'カーブ', 14.5, 90.0, 'ボール', 5, 1, 21, 'B15');"
"INSERT INTO ballinfo VALUES ('2019-04-14', 2019041402, 'ＤｅＮＡ', '広島', '井納 翔一', '右', 'ＤｅＮＡ', '松山 竜平', '左', '広島', 4, 1, 3, 2, 3, 2, 0, 132, 'フォーク', 32.0, 34.0, '見逃し', 2, 2, 7, 'S1');"
"INSERT INTO ballinfo VALUES ('2019-04-14', 2019041402, 'ＤｅＮＡ', '広島', '井納 翔一', '右', 'ＤｅＮＡ', '松山 竜平', '左', '広島', 4, 1, 3, 2, 4, 2, 1, 145, 'ストレート', 26.5, 90.4, 'ボール', 5, 2, 22, 'B16');"
"INSERT INTO ballinfo VALUES ('2019-04-14', 2019041402, 'ＤｅＮＡ', '広島', '井納 翔一', '右', 'ＤｅＮＡ', '松山 竜平', '左', '広島', 4, 1, 3, 2, 5, 3, 1, 133, 'スライダー', 27.5, 14.8, '四球', 1, 2, 2, 'B2');"
"INSERT INTO ballinfo VALUES ('2019-04-14', 2019041402, 'ＤｅＮＡ', '広島', '井納 翔一', '右', 'ＤｅＮＡ', '西川 龍馬', '左', '広島', 4, 1, 4, 3, 1, 0, 0, 131, 'スライダー', 56.0, 67.2, '見逃し', 4, 3, 18, 'S8');"
"INSERT INTO ballinfo VALUES ('2019-04-14', 2019041402, 'ＤｅＮＡ', '広島', '井納 翔一', '右', 'ＤｅＮＡ', '西川 龍馬', '左', '広島', 4, 1, 4, 3, 2, 0, 1, 147, 'ストレート', 30.5, 73.2, '中飛', 4, 2, 17, 'S7');"
"INSERT INTO ballinfo VALUES ('2019-04-14', 2019041402, 'ＤｅＮＡ', '広島', '九里 亜蓮', '右', '広島', '楠本 泰史', '左', 'ＤｅＮＡ', 4, 2, 1, 0, 1, 0, 0, 143, 'シュート', 14.5, 70.4, 'ボール', 4, 1, 16, 'B10');"
"INSERT INTO ballinfo VALUES ('2019-04-14', 2019041402, 'ＤｅＮＡ', '広島', '九里 亜蓮', '右', '広島', '楠本 泰史', '左', 'ＤｅＮＡ', 4, 2, 1, 0, 2, 1, 0, 129, 'シュート', 31.0, 55.6, '中２', 3, 2, 12, 'S4');"
"INSERT INTO ballinfo VALUES ('2019-04-14', 2019041402, 'ＤｅＮＡ', '広島', '九里 亜蓮', '右', '広島', 'ソト', '右', 'ＤｅＮＡ', 4, 2, 2, 1, 1, 0, 0, 144, 'ストレート', 86.5, 54.8, 'ボール', 3, 5, 15, 'B9');"
"INSERT INTO ballinfo VALUES ('2019-04-14', 2019041402, 'ＤｅＮＡ', '広島', '九里 亜蓮', '右', '広島', 'ソト', '右', 'ＤｅＮＡ', 4, 2, 2, 1, 2, 1, 0, 144, 'ストレート', 95.0, 72.0, 'ボール', 4, 5, 20, 'B11');"
"INSERT INTO ballinfo VALUES ('2019-04-14', 2019041402, 'ＤｅＮＡ', '広島', '九里 亜蓮', '右', '広島', 'ソト', '右', 'ＤｅＮＡ', 4, 2, 2, 1, 3, 2, 0, 146, 'ストレート', 88.0, 47.6, 'ボール', 3, 5, 15, 'B9');"
"INSERT INTO ballinfo VALUES ('2019-04-14', 2019041402, 'ＤｅＮＡ', '広島', '九里 亜蓮', '右', '広島', 'ソト', '右', 'ＤｅＮＡ', 4, 2, 2, 1, 4, 3, 0, 146, 'シュート', 28.5, 75.6, '見逃し', 4, 2, 17, 'S7');"
"INSERT INTO ballinfo VALUES ('2019-04-14', 2019041402, 'ＤｅＮＡ', '広島', '九里 亜蓮', '右', '広島', 'ソト', '右', 'ＤｅＮＡ', 4, 2, 2, 1, 5, 3, 1, 145, 'シュート', 31.0, 56.0, '三ゴロ', 3, 2, 12, 'S4');"
"INSERT INTO ballinfo VALUES ('2019-04-14', 2019041402, 'ＤｅＮＡ', '広島', '九里 亜蓮', '右', '広島', 'ロペス', '右', 'ＤｅＮＡ', 4, 2, 3, 1, 1, 0, 0, 145, 'シュート', 26.5, 35.6, 'ファウル', 2, 2, 7, 'S1');"
"INSERT INTO ballinfo VALUES ('2019-04-14', 2019041402, 'ＤｅＮＡ', '広島', '九里 亜蓮', '右', '広島', 'ロペス', '右', 'ＤｅＮＡ', 4, 2, 3, 1, 2, 0, 1, 145, 'ストレート', 71.5, 84.0, 'ボール', 5, 4, 24, 'B18');"
"INSERT INTO ballinfo VALUES ('2019-04-14', 2019041402, 'ＤｅＮＡ', '広島', '九里 亜蓮', '右', '広島', 'ロペス', '右', 'ＤｅＮＡ', 4, 2, 3, 1, 3, 1, 1, 146, 'ストレート', 73.0, 93.2, 'ボール', 5, 4, 24, 'B18');"
"INSERT INTO ballinfo VALUES ('2019-04-14', 2019041402, 'ＤｅＮＡ', '広島', '九里 亜蓮', '右', '広島', 'ロペス', '右', 'ＤｅＮＡ', 4, 2, 3, 1, 4, 2, 1, 146, 'ストレート', 77.0, 24.8, 'ファウル', 2, 4, 9, 'S3');"
"INSERT INTO ballinfo VALUES ('2019-04-14', 2019041402, 'ＤｅＮＡ', '広島', '九里 亜蓮', '右', '広島', 'ロペス', '右', 'ＤｅＮＡ', 4, 2, 3, 1, 5, 2, 2, 144, 'シュート', 28.5, 73.6, 'ファウル', 4, 2, 17, 'S7');"
"INSERT INTO ballinfo VALUES ('2019-04-14', 2019041402, 'ＤｅＮＡ', '広島', '九里 亜蓮', '右', '広島', 'ロペス', '右', 'ＤｅＮＡ', 4, 2, 3, 1, 6, 2, 3, 131, 'フォーク', 37.5, 75.6, '左本', 4, 2, 17, 'S7');"
"INSERT INTO ballinfo VALUES ('2019-04-14', 2019041402, 'ＤｅＮＡ', '広島', '九里 亜蓮', '右', '広島', '宮崎 敏郎', '右', 'ＤｅＮＡ', 4, 2, 4, 2, 1, 0, 0, 118, 'カーブ', 16.5, 29.2, 'ボール', 2, 1, 6, 'B6');"
"INSERT INTO ballinfo VALUES ('2019-04-14', 2019041402, 'ＤｅＮＡ', '広島', '九里 亜蓮', '右', '広島', '宮崎 敏郎', '右', 'ＤｅＮＡ', 4, 2, 4, 2, 2, 1, 0, 146, 'ストレート', 71.5, 84.8, 'ボール', 5, 4, 24, 'B18');"
"INSERT INTO ballinfo VALUES ('2019-04-14', 2019041402, 'ＤｅＮＡ', '広島', '九里 亜蓮', '右', '広島', '宮崎 敏郎', '右', 'ＤｅＮＡ', 4, 2, 4, 2, 3, 2, 0, 145, 'シュート', 52.5, 57.2, 'ファウル', 3, 3, 13, 'S5');"
"INSERT INTO ballinfo VALUES ('2019-04-14', 2019041402, 'ＤｅＮＡ', '広島', '九里 亜蓮', '右', '広島', '宮崎 敏郎', '右', 'ＤｅＮＡ', 4, 2, 4, 2, 4, 2, 1, 131, 'シュート', 26.5, 53.6, 'ファウル', 3, 2, 12, 'S4');"
"INSERT INTO ballinfo VALUES ('2019-04-14', 2019041402, 'ＤｅＮＡ', '広島', '九里 亜蓮', '右', '広島', '宮崎 敏郎', '右', 'ＤｅＮＡ', 4, 2, 4, 2, 5, 2, 2, 145, 'ストレート', 87.5, 55.6, 'ボール', 3, 5, 15, 'B9');"
"INSERT INTO ballinfo VALUES ('2019-04-14', 2019041402, 'ＤｅＮＡ', '広島', '九里 亜蓮', '右', '広島', '宮崎 敏郎', '右', 'ＤｅＮＡ', 4, 2, 4, 2, 6, 3, 2, 144, 'シュート', 37.0, 73.6, '三ゴロ', 4, 2, 17, 'S7');"
"INSERT INTO ballinfo VALUES ('2019-04-14', 2019041402, 'ＤｅＮＡ', '広島', '九里 亜蓮', '右', '広島', '佐野 恵太', '左', 'ＤｅＮＡ', 4, 2, 5, 2, 1, 0, 0, 144, 'シュート', 25.5, 56.0, '左２', 3, 2, 12, 'S4');"
"INSERT INTO ballinfo VALUES ('2019-04-14', 2019041402, 'ＤｅＮＡ', '広島', '九里 亜蓮', '右', '広島', '倉本 寿彦', '左', 'ＤｅＮＡ', 4, 2, 6, 2, 1, 0, 0, 131, 'シュート', 52.0, 29.2, '見逃し', 2, 3, 8, 'S2');"
"INSERT INTO ballinfo VALUES ('2019-04-14', 2019041402, 'ＤｅＮＡ', '広島', '九里 亜蓮', '右', '広島', '倉本 寿彦', '左', 'ＤｅＮＡ', 4, 2, 6, 2, 2, 0, 1, 143, 'シュート', 12.5, 74.0, 'ボール', 4, 1, 16, 'B10');"
"INSERT INTO ballinfo VALUES ('2019-04-14', 2019041402, 'ＤｅＮＡ', '広島', '九里 亜蓮', '右', '広島', '倉本 寿彦', '左', 'ＤｅＮＡ', 4, 2, 6, 2, 3, 1, 1, 146, 'シュート', 28.0, 91.2, 'ボール', 5, 2, 22, 'B16');"
"INSERT INTO ballinfo VALUES ('2019-04-14', 2019041402, 'ＤｅＮＡ', '広島', '九里 亜蓮', '右', '広島', '倉本 寿彦', '左', 'ＤｅＮＡ', 4, 2, 6, 2, 4, 2, 1, 127, 'シュート', 15.0, 15.6, 'ボール', 1, 1, 1, 'B1');"
"INSERT INTO ballinfo VALUES ('2019-04-14', 2019041402, 'ＤｅＮＡ', '広島', '九里 亜蓮', '右', '広島', '倉本 寿彦', '左', 'ＤｅＮＡ', 4, 2, 6, 2, 5, 3, 1, 0, 'ストレート', 8.0, 12.8, '四球', 1, 1, 1, 'B1');"
"INSERT INTO ballinfo VALUES ('2019-04-14', 2019041402, 'ＤｅＮＡ', '広島', '九里 亜蓮', '右', '広島', '嶺井 博希', '右', 'ＤｅＮＡ', 4, 2, 7, 2, 1, 0, 0, 131, 'シュート', 52.5, 77.2, '見逃し', 4, 3, 18, 'S8');"
"INSERT INTO ballinfo VALUES ('2019-04-14', 2019041402, 'ＤｅＮＡ', '広島', '九里 亜蓮', '右', '広島', '嶺井 博希', '右', 'ＤｅＮＡ', 4, 2, 7, 2, 2, 0, 1, 132, 'シュート', 34.5, 52.0, '左安', 3, 2, 12, 'S4');"
"INSERT INTO ballinfo VALUES ('2019-04-14', 2019041402, 'ＤｅＮＡ', '広島', '九里 亜蓮', '右', '広島', '井納 翔一', '右', 'ＤｅＮＡ', 4, 2, 8, 3, 1, 0, 0, 144, 'ストレート', 89.5, 54.0, 'ボール', 3, 5, 15, 'B9');"
"INSERT INTO ballinfo VALUES ('2019-04-14', 2019041402, 'ＤｅＮＡ', '広島', '九里 亜蓮', '右', '広島', '井納 翔一', '右', 'ＤｅＮＡ', 4, 2, 8, 3, 2, 1, 0, 128, 'シュート', 16.5, 14.0, 'ボール', 1, 1, 1, 'B1');"
"INSERT INTO ballinfo VALUES ('2019-04-14', 2019041402, 'ＤｅＮＡ', '広島', '九里 亜蓮', '右', '広島', '井納 翔一', '右', 'ＤｅＮＡ', 4, 2, 8, 3, 3, 2, 0, 125, 'シュート', 47.0, 71.6, 'ファウル', 4, 3, 18, 'S8');"
"INSERT INTO ballinfo VALUES ('2019-04-14', 2019041402, 'ＤｅＮＡ', '広島', '九里 亜蓮', '右', '広島', '井納 翔一', '右', 'ＤｅＮＡ', 4, 2, 8, 3, 4, 2, 1, 146, 'ストレート', 75.5, 46.4, '見逃し', 3, 4, 14, 'S6');"
"INSERT INTO ballinfo VALUES ('2019-04-14', 2019041402, 'ＤｅＮＡ', '広島', '九里 亜蓮', '右', '広島', '井納 翔一', '右', 'ＤｅＮＡ', 4, 2, 8, 3, 5, 2, 2, 143, 'シュート', 26.5, 51.6, 'ファウル', 3, 2, 12, 'S4');"
"INSERT INTO ballinfo VALUES ('2019-04-14', 2019041402, 'ＤｅＮＡ', '広島', '九里 亜蓮', '右', '広島', '井納 翔一', '右', 'ＤｅＮＡ', 4, 2, 8, 3, 6, 2, 3, 144, 'ストレート', 54.0, 15.6, '空三振', 1, 3, 3, 'B3');"
"INSERT INTO ballinfo VALUES ('2019-04-14', 2019041402, 'ＤｅＮＡ', '広島', '井納 翔一', '右', 'ＤｅＮＡ', '會澤 翼', '右', '広島', 5, 1, 1, 1, 1, 0, 0, 146, 'ストレート', 55.0, 71.6, '見逃し', 4, 3, 18, 'S8');"
"INSERT INTO ballinfo VALUES ('2019-04-14', 2019041402, 'ＤｅＮＡ', '広島', '井納 翔一', '右', 'ＤｅＮＡ', '會澤 翼', '右', '広島', 5, 1, 1, 1, 2, 0, 1, 133, 'フォーク', 46.0, 74.4, '空振り', 4, 3, 18, 'S8');"
"INSERT INTO ballinfo VALUES ('2019-04-14', 2019041402, 'ＤｅＮＡ', '広島', '井納 翔一', '右', 'ＤｅＮＡ', '會澤 翼', '右', '広島', 5, 1, 1, 1, 3, 0, 2, 148, 'ストレート', 76.5, 73.6, '見三振', 4, 4, 19, 'S9');"
"INSERT INTO ballinfo VALUES ('2019-04-14', 2019041402, 'ＤｅＮＡ', '広島', '井納 翔一', '右', 'ＤｅＮＡ', '安部 友裕', '左', '広島', 5, 1, 2, 2, 1, 0, 0, 133, 'スライダー', 50.5, 93.2, 'ボール', 5, 3, 23, 'B17');"
"INSERT INTO ballinfo VALUES ('2019-04-14', 2019041402, 'ＤｅＮＡ', '広島', '井納 翔一', '右', 'ＤｅＮＡ', '安部 友裕', '左', '広島', 5, 1, 2, 2, 2, 1, 0, 146, 'ストレート', 26.0, 55.6, 'ファウル', 3, 2, 12, 'S4');"
"INSERT INTO ballinfo VALUES ('2019-04-14', 2019041402, 'ＤｅＮＡ', '広島', '井納 翔一', '右', 'ＤｅＮＡ', '安部 友裕', '左', '広島', 5, 1, 2, 2, 3, 1, 1, 147, 'ストレート', 75.5, 83.6, 'ボール', 5, 4, 24, 'B18');"
"INSERT INTO ballinfo VALUES ('2019-04-14', 2019041402, 'ＤｅＮＡ', '広島', '井納 翔一', '右', 'ＤｅＮＡ', '安部 友裕', '左', '広島', 5, 1, 2, 2, 4, 2, 1, 131, 'フォーク', 45.0, 93.2, '空振り', 5, 3, 23, 'B17');"
"INSERT INTO ballinfo VALUES ('2019-04-14', 2019041402, 'ＤｅＮＡ', '広島', '井納 翔一', '右', 'ＤｅＮＡ', '安部 友裕', '左', '広島', 5, 1, 2, 2, 5, 2, 2, 119, 'カーブ', 85.0, 90.4, '中飛', 5, 5, 25, 'B19');"
"INSERT INTO ballinfo VALUES ('2019-04-14', 2019041402, 'ＤｅＮＡ', '広島', '井納 翔一', '右', 'ＤｅＮＡ', '堂林 翔太', '右', '広島', 5, 1, 3, 3, 1, 0, 0, 132, 'フォーク', 51.0, 74.0, '空振り', 4, 3, 18, 'S8');"
"INSERT INTO ballinfo VALUES ('2019-04-14', 2019041402, 'ＤｅＮＡ', '広島', '井納 翔一', '右', 'ＤｅＮＡ', '堂林 翔太', '右', '広島', 5, 1, 3, 3, 2, 0, 1, 145, 'ストレート', 30.0, 74.8, '三ゴロ', 4, 2, 17, 'S7');"
"INSERT INTO ballinfo VALUES ('2019-04-14', 2019041402, 'ＤｅＮＡ', '広島', 'レグナルト', '左', '広島', '神里 和毅', '左', 'ＤｅＮＡ', 5, 2, 1, 1, 1, 0, 0, 147, 'ストレート', 74.0, 35.6, 'ファウル', 2, 4, 9, 'S3');"
"INSERT INTO ballinfo VALUES ('2019-04-14', 2019041402, 'ＤｅＮＡ', '広島', 'レグナルト', '左', '広島', '神里 和毅', '左', 'ＤｅＮＡ', 5, 2, 1, 1, 2, 0, 1, 148, 'ストレート', 26.0, 32.0, '見逃し', 2, 2, 7, 'S1');"
"INSERT INTO ballinfo VALUES ('2019-04-14', 2019041402, 'ＤｅＮＡ', '広島', 'レグナルト', '左', '広島', '神里 和毅', '左', 'ＤｅＮＡ', 5, 2, 1, 1, 3, 0, 2, 116, 'カーブ', 26.5, 76.8, '見三振', 4, 2, 17, 'S7');"
"INSERT INTO ballinfo VALUES ('2019-04-14', 2019041402, 'ＤｅＮＡ', '広島', 'レグナルト', '左', '広島', '楠本 泰史', '左', 'ＤｅＮＡ', 5, 2, 2, 2, 1, 0, 0, 148, 'ストレート', 26.5, 54.8, '見逃し', 3, 2, 12, 'S4');"
"INSERT INTO ballinfo VALUES ('2019-04-14', 2019041402, 'ＤｅＮＡ', '広島', 'レグナルト', '左', '広島', '楠本 泰史', '左', 'ＤｅＮＡ', 5, 2, 2, 2, 2, 0, 1, 128, 'スライダー', 14.5, 90.4, 'ボール', 5, 1, 21, 'B15');"
"INSERT INTO ballinfo VALUES ('2019-04-14', 2019041402, 'ＤｅＮＡ', '広島', 'レグナルト', '左', '広島', '楠本 泰史', '左', 'ＤｅＮＡ', 5, 2, 2, 2, 3, 1, 1, 129, 'スライダー', 35.0, 57.2, 'ファウル', 3, 2, 12, 'S4');"
"INSERT INTO ballinfo VALUES ('2019-04-14', 2019041402, 'ＤｅＮＡ', '広島', 'レグナルト', '左', '広島', '楠本 泰史', '左', 'ＤｅＮＡ', 5, 2, 2, 2, 4, 1, 2, 149, 'ストレート', 50.5, 16.8, '空三振', 1, 3, 3, 'B3');"
"INSERT INTO ballinfo VALUES ('2019-04-14', 2019041402, 'ＤｅＮＡ', '広島', 'レグナルト', '左', '広島', 'ソト', '右', 'ＤｅＮＡ', 5, 2, 3, 3, 1, 0, 0, 149, 'ストレート', 65.0, 25.2, '空振り', 2, 4, 9, 'S3');"
"INSERT INTO ballinfo VALUES ('2019-04-14', 2019041402, 'ＤｅＮＡ', '広島', 'レグナルト', '左', '広島', 'ソト', '右', 'ＤｅＮＡ', 5, 2, 3, 3, 2, 0, 1, 149, 'ストレート', 52.0, 16.4, 'ファウル', 1, 3, 3, 'B3');"
"INSERT INTO ballinfo VALUES ('2019-04-14', 2019041402, 'ＤｅＮＡ', '広島', 'レグナルト', '左', '広島', 'ソト', '右', 'ＤｅＮＡ', 5, 2, 3, 3, 3, 0, 2, 123, 'カーブ', 14.0, 88.8, 'ボール', 5, 1, 21, 'B15');"
"INSERT INTO ballinfo VALUES ('2019-04-14', 2019041402, 'ＤｅＮＡ', '広島', 'レグナルト', '左', '広島', 'ソト', '右', 'ＤｅＮＡ', 5, 2, 3, 3, 4, 1, 2, 136, 'チェンジアップ', 71.5, 74.8, '中飛', 4, 4, 19, 'S9');"
"INSERT INTO ballinfo VALUES ('2019-04-14', 2019041402, 'ＤｅＮＡ', '広島', '井納 翔一', '右', 'ＤｅＮＡ', '田中 広輔', '左', '広島', 6, 1, 1, 1, 1, 0, 0, 116, 'カーブ', 29.5, 73.2, '空振り', 4, 2, 17, 'S7');"
"INSERT INTO ballinfo VALUES ('2019-04-14', 2019041402, 'ＤｅＮＡ', '広島', '井納 翔一', '右', 'ＤｅＮＡ', '田中 広輔', '左', '広島', 6, 1, 1, 1, 2, 0, 1, 133, 'フォーク', 49.5, 94.0, 'ボール', 5, 3, 23, 'B17');"
"INSERT INTO ballinfo VALUES ('2019-04-14', 2019041402, 'ＤｅＮＡ', '広島', '井納 翔一', '右', 'ＤｅＮＡ', '田中 広輔', '左', '広島', 6, 1, 1, 1, 3, 1, 1, 129, 'フォーク', 34.5, 55.6, '見逃し', 3, 2, 12, 'S4');"
"INSERT INTO ballinfo VALUES ('2019-04-14', 2019041402, 'ＤｅＮＡ', '広島', '井納 翔一', '右', 'ＤｅＮＡ', '田中 広輔', '左', '広島', 6, 1, 1, 1, 4, 1, 2, 132, 'フォーク', 36.0, 69.6, '空三振', 4, 2, 17, 'S7');"
"INSERT INTO ballinfo VALUES ('2019-04-14', 2019041402, 'ＤｅＮＡ', '広島', '井納 翔一', '右', 'ＤｅＮＡ', '菊池 涼介', '右', '広島', 6, 1, 2, 2, 1, 0, 0, 143, 'ストレート', 36.5, 52.0, '見逃し', 3, 2, 12, 'S4');"
"INSERT INTO ballinfo VALUES ('2019-04-14', 2019041402, 'ＤｅＮＡ', '広島', '井納 翔一', '右', 'ＤｅＮＡ', '菊池 涼介', '右', '広島', 6, 1, 2, 2, 2, 0, 1, 146, 'ストレート', 35.0, 33.2, '遊直', 2, 2, 7, 'S1');"
"INSERT INTO ballinfo VALUES ('2019-04-14', 2019041402, 'ＤｅＮＡ', '広島', '井納 翔一', '右', 'ＤｅＮＡ', '野間 峻祥', '左', '広島', 6, 1, 3, 3, 1, 0, 0, 145, 'ストレート', 15.5, 53.2, 'ボール', 3, 1, 11, 'B8');"
"INSERT INTO ballinfo VALUES ('2019-04-14', 2019041402, 'ＤｅＮＡ', '広島', '井納 翔一', '右', 'ＤｅＮＡ', '野間 峻祥', '左', '広島', 6, 1, 3, 3, 2, 1, 0, 130, 'スライダー', 6.5, 47.6, 'ボール', 3, 1, 11, 'B8');"
"INSERT INTO ballinfo VALUES ('2019-04-14', 2019041402, 'ＤｅＮＡ', '広島', '井納 翔一', '右', 'ＤｅＮＡ', '野間 峻祥', '左', '広島', 6, 1, 3, 3, 3, 2, 0, 144, 'ストレート', 25.0, 73.2, '見逃し', 4, 2, 17, 'S7');"
"INSERT INTO ballinfo VALUES ('2019-04-14', 2019041402, 'ＤｅＮＡ', '広島', '井納 翔一', '右', 'ＤｅＮＡ', '野間 峻祥', '左', '広島', 6, 1, 3, 3, 4, 2, 1, 146, 'ストレート', 76.5, 71.6, '見逃し', 4, 4, 19, 'S9');"
"INSERT INTO ballinfo VALUES ('2019-04-14', 2019041402, 'ＤｅＮＡ', '広島', '井納 翔一', '右', 'ＤｅＮＡ', '野間 峻祥', '左', '広島', 6, 1, 3, 3, 5, 2, 2, 146, 'ストレート', 35.5, 55.6, 'ファウル', 3, 2, 12, 'S4');"
"INSERT INTO ballinfo VALUES ('2019-04-14', 2019041402, 'ＤｅＮＡ', '広島', '井納 翔一', '右', 'ＤｅＮＡ', '野間 峻祥', '左', '広島', 6, 1, 3, 3, 6, 2, 3, 134, 'フォーク', 73.0, 93.6, '空三振', 5, 4, 24, 'B18');"
"INSERT INTO ballinfo VALUES ('2019-04-14', 2019041402, 'ＤｅＮＡ', '広島', 'レグナルト', '左', '広島', 'ロペス', '右', 'ＤｅＮＡ', 6, 2, 1, 1, 1, 0, 0, 132, 'スライダー', 28.0, 74.0, 'ファウル', 4, 2, 17, 'S7');"
"INSERT INTO ballinfo VALUES ('2019-04-14', 2019041402, 'ＤｅＮＡ', '広島', 'レグナルト', '左', '広島', 'ロペス', '右', 'ＤｅＮＡ', 6, 2, 1, 1, 2, 0, 1, 136, 'チェンジアップ', 29.5, 91.6, 'ボール', 5, 2, 22, 'B16');"
"INSERT INTO ballinfo VALUES ('2019-04-14', 2019041402, 'ＤｅＮＡ', '広島', 'レグナルト', '左', '広島', 'ロペス', '右', 'ＤｅＮＡ', 6, 2, 1, 1, 3, 1, 1, 149, 'ストレート', 52.5, 56.8, 'ファウル', 3, 3, 13, 'S5');"
"INSERT INTO ballinfo VALUES ('2019-04-14', 2019041402, 'ＤｅＮＡ', '広島', 'レグナルト', '左', '広島', 'ロペス', '右', 'ＤｅＮＡ', 6, 2, 1, 1, 4, 1, 2, 137, 'チェンジアップ', 74.5, 76.8, 'ファウル', 4, 4, 19, 'S9');"
"INSERT INTO ballinfo VALUES ('2019-04-14', 2019041402, 'ＤｅＮＡ', '広島', 'レグナルト', '左', '広島', 'ロペス', '右', 'ＤｅＮＡ', 6, 2, 1, 1, 5, 1, 3, 122, 'カーブ', 34.0, 84.4, 'ファウル', 5, 2, 22, 'B16');"
"INSERT INTO ballinfo VALUES ('2019-04-14', 2019041402, 'ＤｅＮＡ', '広島', 'レグナルト', '左', '広島', 'ロペス', '右', 'ＤｅＮＡ', 6, 2, 1, 1, 6, 1, 4, 148, 'ストレート', 71.5, 56.4, 'ファウル', 3, 4, 14, 'S6');"
"INSERT INTO ballinfo VALUES ('2019-04-14', 2019041402, 'ＤｅＮＡ', '広島', 'レグナルト', '左', '広島', 'ロペス', '右', 'ＤｅＮＡ', 6, 2, 1, 1, 7, 1, 5, 124, 'カーブ', 13.5, 89.2, 'ボール', 5, 1, 21, 'B15');"
"INSERT INTO ballinfo VALUES ('2019-04-14', 2019041402, 'ＤｅＮＡ', '広島', 'レグナルト', '左', '広島', 'ロペス', '右', 'ＤｅＮＡ', 6, 2, 1, 1, 8, 2, 5, 149, 'ストレート', 26.0, 66.8, '見三振', 4, 2, 17, 'S7');"
"INSERT INTO ballinfo VALUES ('2019-04-14', 2019041402, 'ＤｅＮＡ', '広島', 'レグナルト', '左', '広島', '宮崎 敏郎', '右', 'ＤｅＮＡ', 6, 2, 2, 2, 1, 0, 0, 130, 'スライダー', 14.5, 88.0, 'ボール', 5, 1, 21, 'B15');"
"INSERT INTO ballinfo VALUES ('2019-04-14', 2019041402, 'ＤｅＮＡ', '広島', 'レグナルト', '左', '広島', '宮崎 敏郎', '右', 'ＤｅＮＡ', 6, 2, 2, 2, 2, 1, 0, 147, 'ストレート', 76.5, 16.4, 'ボール', 1, 4, 4, 'B4');"
"INSERT INTO ballinfo VALUES ('2019-04-14', 2019041402, 'ＤｅＮＡ', '広島', 'レグナルト', '左', '広島', '宮崎 敏郎', '右', 'ＤｅＮＡ', 6, 2, 2, 2, 3, 2, 0, 146, 'ストレート', 72.0, 74.0, '右飛', 4, 4, 19, 'S9');"
"INSERT INTO ballinfo VALUES ('2019-04-14', 2019041402, 'ＤｅＮＡ', '広島', 'レグナルト', '左', '広島', '佐野 恵太', '左', 'ＤｅＮＡ', 6, 2, 3, 3, 1, 0, 0, 147, 'ストレート', 15.5, 50.8, 'ボール', 3, 1, 11, 'B8');"
"INSERT INTO ballinfo VALUES ('2019-04-14', 2019041402, 'ＤｅＮＡ', '広島', 'レグナルト', '左', '広島', '佐野 恵太', '左', 'ＤｅＮＡ', 6, 2, 3, 3, 2, 1, 0, 147, 'ストレート', 13.0, 25.2, 'ボール', 2, 1, 6, 'B6');"
"INSERT INTO ballinfo VALUES ('2019-04-14', 2019041402, 'ＤｅＮＡ', '広島', 'レグナルト', '左', '広島', '佐野 恵太', '左', 'ＤｅＮＡ', 6, 2, 3, 3, 3, 2, 0, 146, 'ストレート', 36.5, 46.0, 'ファウル', 3, 2, 12, 'S4');"
"INSERT INTO ballinfo VALUES ('2019-04-14', 2019041402, 'ＤｅＮＡ', '広島', 'レグナルト', '左', '広島', '佐野 恵太', '左', 'ＤｅＮＡ', 6, 2, 3, 3, 4, 2, 1, 147, 'ストレート', 27.5, 24.4, '空振り', 2, 2, 7, 'S1');"
"INSERT INTO ballinfo VALUES ('2019-04-14', 2019041402, 'ＤｅＮＡ', '広島', 'レグナルト', '左', '広島', '佐野 恵太', '左', 'ＤｅＮＡ', 6, 2, 3, 3, 5, 2, 2, 149, 'ストレート', 28.5, 76.4, '投ゴロ', 4, 2, 17, 'S7');"
"INSERT INTO ballinfo VALUES ('2019-04-14', 2019041402, 'ＤｅＮＡ', '広島', '井納 翔一', '右', 'ＤｅＮＡ', '鈴木 誠也', '右', '広島', 7, 1, 1, 0, 1, 0, 0, 144, 'ストレート', 15.0, 50.8, 'ボール', 3, 1, 11, 'B8');"
"INSERT INTO ballinfo VALUES ('2019-04-14', 2019041402, 'ＤｅＮＡ', '広島', '井納 翔一', '右', 'ＤｅＮＡ', '鈴木 誠也', '右', '広島', 7, 1, 1, 0, 2, 1, 0, 142, 'ストレート', 33.0, 87.6, 'ボール', 5, 2, 22, 'B16');"
"INSERT INTO ballinfo VALUES ('2019-04-14', 2019041402, 'ＤｅＮＡ', '広島', '井納 翔一', '右', 'ＤｅＮＡ', '鈴木 誠也', '右', '広島', 7, 1, 1, 0, 3, 2, 0, 132, 'スライダー', 74.0, 87.6, 'ボール', 5, 4, 24, 'B18');"
"INSERT INTO ballinfo VALUES ('2019-04-14', 2019041402, 'ＤｅＮＡ', '広島', '井納 翔一', '右', 'ＤｅＮＡ', '鈴木 誠也', '右', '広島', 7, 1, 1, 0, 4, 3, 0, 144, 'ストレート', 57.5, 64.0, '見逃し', 4, 3, 18, 'S8');"
"INSERT INTO ballinfo VALUES ('2019-04-14', 2019041402, 'ＤｅＮＡ', '広島', '井納 翔一', '右', 'ＤｅＮＡ', '鈴木 誠也', '右', '広島', 7, 1, 1, 0, 5, 3, 1, 143, 'ストレート', 74.5, 68.4, '左安', 4, 4, 19, 'S9');"
"INSERT INTO ballinfo VALUES ('2019-04-14', 2019041402, 'ＤｅＮＡ', '広島', 'エスコバー', '左', 'ＤｅＮＡ', 'バティスタ', '右', '広島', 7, 1, 2, 0, 1, 0, 0, 133, 'スライダー', 51.0, 63.6, '見逃し', 4, 3, 18, 'S8');"
"INSERT INTO ballinfo VALUES ('2019-04-14', 2019041402, 'ＤｅＮＡ', '広島', 'エスコバー', '左', 'ＤｅＮＡ', 'バティスタ', '右', '広島', 7, 1, 2, 0, 2, 0, 1, 153, 'ストレート', 28.5, 37.6, '左安', 2, 2, 7, 'S1');"
"INSERT INTO ballinfo VALUES ('2019-04-14', 2019041402, 'ＤｅＮＡ', '広島', 'エスコバー', '左', 'ＤｅＮＡ', '西川 龍馬', '左', '広島', 7, 1, 3, 1, 1, 0, 0, 152, 'ストレート', 54.0, 66.8, 'ファウル', 4, 3, 18, 'S8');"
"INSERT INTO ballinfo VALUES ('2019-04-14', 2019041402, 'ＤｅＮＡ', '広島', 'エスコバー', '左', 'ＤｅＮＡ', '西川 龍馬', '左', '広島', 7, 1, 3, 1, 2, 0, 1, 151, 'ストレート', 72.0, 35.2, '三犠打', 2, 4, 9, 'S3');"
"INSERT INTO ballinfo VALUES ('2019-04-14', 2019041402, 'ＤｅＮＡ', '広島', 'パットン', '右', 'ＤｅＮＡ', '會澤 翼', '右', '広島', 7, 1, 4, 2, 1, 0, 0, 137, 'スライダー', 86.0, 71.6, 'ボール', 4, 5, 20, 'B11');"
"INSERT INTO ballinfo VALUES ('2019-04-14', 2019041402, 'ＤｅＮＡ', '広島', 'パットン', '右', 'ＤｅＮＡ', '會澤 翼', '右', '広島', 7, 1, 4, 2, 2, 1, 0, 135, 'スライダー', 91.5, 76.4, 'ボール', 4, 5, 20, 'B11');"
"INSERT INTO ballinfo VALUES ('2019-04-14', 2019041402, 'ＤｅＮＡ', '広島', 'パットン', '右', 'ＤｅＮＡ', '會澤 翼', '右', '広島', 7, 1, 4, 2, 3, 2, 0, 137, 'スライダー', 76.5, 90.0, 'ボール', 5, 4, 24, 'B18');"
"INSERT INTO ballinfo VALUES ('2019-04-14', 2019041402, 'ＤｅＮＡ', '広島', 'パットン', '右', 'ＤｅＮＡ', '會澤 翼', '右', '広島', 7, 1, 4, 2, 4, 3, 0, 150, 'ストレート', 46.5, 25.6, '見逃し', 2, 3, 8, 'S2');"
"INSERT INTO ballinfo VALUES ('2019-04-14', 2019041402, 'ＤｅＮＡ', '広島', 'パットン', '右', 'ＤｅＮＡ', '會澤 翼', '右', '広島', 7, 1, 4, 2, 5, 3, 1, 149, 'ストレート', 50.5, 57.2, 'ファウル', 3, 3, 13, 'S5');"
"INSERT INTO ballinfo VALUES ('2019-04-14', 2019041402, 'ＤｅＮＡ', '広島', 'パットン', '右', 'ＤｅＮＡ', '會澤 翼', '右', '広島', 7, 1, 4, 2, 6, 3, 2, 136, 'スライダー', 86.0, 65.2, '空三振', 4, 5, 20, 'B11');"
"INSERT INTO ballinfo VALUES ('2019-04-14', 2019041402, 'ＤｅＮＡ', '広島', 'パットン', '右', 'ＤｅＮＡ', '安部 友裕', '左', '広島', 7, 1, 5, 3, 1, 0, 0, 146, 'ストレート', 64.5, 51.6, 'ファウル', 3, 4, 14, 'S6');"
"INSERT INTO ballinfo VALUES ('2019-04-14', 2019041402, 'ＤｅＮＡ', '広島', 'パットン', '右', 'ＤｅＮＡ', '安部 友裕', '左', '広島', 7, 1, 5, 3, 2, 0, 1, 136, 'スライダー', 31.0, 44.8, '見逃し', 3, 2, 12, 'S4');"
"INSERT INTO ballinfo VALUES ('2019-04-14', 2019041402, 'ＤｅＮＡ', '広島', 'パットン', '右', 'ＤｅＮＡ', '安部 友裕', '左', '広島', 7, 1, 5, 3, 3, 0, 2, 0, 'ストレート', 10.0, 33.6, 'ボール', 2, 1, 6, 'B6');"
"INSERT INTO ballinfo VALUES ('2019-04-14', 2019041402, 'ＤｅＮＡ', '広島', 'パットン', '右', 'ＤｅＮＡ', '安部 友裕', '左', '広島', 7, 1, 5, 3, 4, 1, 2, 149, 'ストレート', 14.5, 74.4, 'ボール', 4, 1, 16, 'B10');"
"INSERT INTO ballinfo VALUES ('2019-04-14', 2019041402, 'ＤｅＮＡ', '広島', 'パットン', '右', 'ＤｅＮＡ', '安部 友裕', '左', '広島', 7, 1, 5, 3, 5, 2, 2, 136, 'スライダー', 74.0, 86.8, 'ファウル', 5, 4, 24, 'B18');"
"INSERT INTO ballinfo VALUES ('2019-04-14', 2019041402, 'ＤｅＮＡ', '広島', 'パットン', '右', 'ＤｅＮＡ', '安部 友裕', '左', '広島', 7, 1, 5, 3, 6, 2, 3, 0, 'スライダー', 49.0, 86.8, '空三振', 5, 3, 23, 'B17');"
"INSERT INTO ballinfo VALUES ('2019-04-14', 2019041402, 'ＤｅＮＡ', '広島', '一岡 竜司', '右', '広島', '倉本 寿彦', '左', 'ＤｅＮＡ', 7, 2, 1, 1, 1, 0, 0, 146, 'ストレート', 54.5, 65.2, '空振り', 4, 3, 18, 'S8');"
"INSERT INTO ballinfo VALUES ('2019-04-14', 2019041402, 'ＤｅＮＡ', '広島', '一岡 竜司', '右', '広島', '倉本 寿彦', '左', 'ＤｅＮＡ', 7, 2, 1, 1, 2, 0, 1, 136, 'フォーク', 31.5, 34.0, '三ゴロ', 2, 2, 7, 'S1');"
"INSERT INTO ballinfo VALUES ('2019-04-14', 2019041402, 'ＤｅＮＡ', '広島', '一岡 竜司', '右', '広島', '嶺井 博希', '右', 'ＤｅＮＡ', 7, 2, 2, 1, 1, 0, 0, 141, 'カットボール', 73.5, 92.4, 'ボール', 5, 4, 24, 'B18');"
"INSERT INTO ballinfo VALUES ('2019-04-14', 2019041402, 'ＤｅＮＡ', '広島', '一岡 竜司', '右', '広島', '嶺井 博希', '右', 'ＤｅＮＡ', 7, 2, 2, 1, 2, 1, 0, 146, 'ストレート', 31.5, 84.0, 'ボール', 5, 2, 22, 'B16');"
"INSERT INTO ballinfo VALUES ('2019-04-14', 2019041402, 'ＤｅＮＡ', '広島', '一岡 竜司', '右', '広島', '嶺井 博希', '右', 'ＤｅＮＡ', 7, 2, 2, 1, 3, 2, 0, 147, 'ストレート', 76.0, 66.8, '見逃し', 4, 4, 19, 'S9');"
"INSERT INTO ballinfo VALUES ('2019-04-14', 2019041402, 'ＤｅＮＡ', '広島', '一岡 竜司', '右', '広島', '嶺井 博希', '右', 'ＤｅＮＡ', 7, 2, 2, 1, 4, 2, 1, 149, 'ストレート', 86.0, 71.2, 'ボール', 4, 5, 20, 'B11');"
"INSERT INTO ballinfo VALUES ('2019-04-14', 2019041402, 'ＤｅＮＡ', '広島', '一岡 竜司', '右', '広島', '嶺井 博希', '右', 'ＤｅＮＡ', 7, 2, 2, 1, 5, 3, 1, 147, 'ストレート', 88.0, 90.0, '四球', 5, 5, 25, 'B19');"
"INSERT INTO ballinfo VALUES ('2019-04-14', 2019041402, 'ＤｅＮＡ', '広島', '一岡 竜司', '右', '広島', '関根 大気', '左', 'ＤｅＮＡ', 7, 2, 3, 2, 1, 0, 0, 146, 'ストレート', 34.5, 66.8, '空振り', 4, 2, 17, 'S7');"
"INSERT INTO ballinfo VALUES ('2019-04-14', 2019041402, 'ＤｅＮＡ', '広島', '一岡 竜司', '右', '広島', '関根 大気', '左', 'ＤｅＮＡ', 7, 2, 3, 2, 2, 0, 1, 146, 'ストレート', 28.5, 12.4, 'ボール', 1, 2, 2, 'B2');"
"INSERT INTO ballinfo VALUES ('2019-04-14', 2019041402, 'ＤｅＮＡ', '広島', '一岡 竜司', '右', '広島', '関根 大気', '左', 'ＤｅＮＡ', 7, 2, 3, 2, 3, 1, 1, 145, 'ストレート', 74.5, 45.2, '右飛', 3, 4, 14, 'S6');"
"INSERT INTO ballinfo VALUES ('2019-04-14', 2019041402, 'ＤｅＮＡ', '広島', '一岡 竜司', '右', '広島', '神里 和毅', '左', 'ＤｅＮＡ', 7, 2, 4, 3, 1, 0, 0, 146, 'ストレート', 26.5, 65.2, '見逃し', 4, 2, 17, 'S7');"
"INSERT INTO ballinfo VALUES ('2019-04-14', 2019041402, 'ＤｅＮＡ', '広島', '一岡 竜司', '右', '広島', '神里 和毅', '左', 'ＤｅＮＡ', 7, 2, 4, 3, 2, 0, 1, 145, 'ストレート', 93.0, 73.6, 'ボール', 4, 5, 20, 'B11');"
"INSERT INTO ballinfo VALUES ('2019-04-14', 2019041402, 'ＤｅＮＡ', '広島', '一岡 竜司', '右', '広島', '神里 和毅', '左', 'ＤｅＮＡ', 7, 2, 4, 3, 3, 1, 1, 135, 'フォーク', 16.5, 53.2, 'ボール', 3, 1, 11, 'B8');"
"INSERT INTO ballinfo VALUES ('2019-04-14', 2019041402, 'ＤｅＮＡ', '広島', '一岡 竜司', '右', '広島', '神里 和毅', '左', 'ＤｅＮＡ', 7, 2, 4, 3, 4, 2, 1, 145, 'ストレート', 57.0, 72.0, 'ファウル', 4, 3, 18, 'S8');"
"INSERT INTO ballinfo VALUES ('2019-04-14', 2019041402, 'ＤｅＮＡ', '広島', '一岡 竜司', '右', '広島', '神里 和毅', '左', 'ＤｅＮＡ', 7, 2, 4, 3, 5, 2, 2, 146, 'ストレート', 31.0, 17.2, 'ファウル', 1, 2, 2, 'B2');"
"INSERT INTO ballinfo VALUES ('2019-04-14', 2019041402, 'ＤｅＮＡ', '広島', '一岡 竜司', '右', '広島', '神里 和毅', '左', 'ＤｅＮＡ', 7, 2, 4, 3, 6, 2, 3, 136, 'フォーク', 25.5, 14.0, 'ボール', 1, 2, 2, 'B2');"
"INSERT INTO ballinfo VALUES ('2019-04-14', 2019041402, 'ＤｅＮＡ', '広島', '一岡 竜司', '右', '広島', '神里 和毅', '左', 'ＤｅＮＡ', 7, 2, 4, 3, 7, 3, 3, 146, 'ストレート', 73.5, 17.2, '捕飛', 1, 4, 4, 'B4');"
"INSERT INTO ballinfo VALUES ('2019-04-14', 2019041402, 'ＤｅＮＡ', '広島', '三嶋 一輝', '右', 'ＤｅＮＡ', '長野 久義', '右', '広島', 8, 1, 1, 1, 1, 0, 0, 148, 'ストレート', 31.5, 50.4, '見逃し', 3, 2, 12, 'S4');"
"INSERT INTO ballinfo VALUES ('2019-04-14', 2019041402, 'ＤｅＮＡ', '広島', '三嶋 一輝', '右', 'ＤｅＮＡ', '長野 久義', '右', '広島', 8, 1, 1, 1, 2, 0, 1, 150, 'ストレート', 67.5, 47.6, '見逃し', 3, 4, 14, 'S6');"
"INSERT INTO ballinfo VALUES ('2019-04-14', 2019041402, 'ＤｅＮＡ', '広島', '三嶋 一輝', '右', 'ＤｅＮＡ', '長野 久義', '右', '広島', 8, 1, 1, 1, 3, 0, 2, 139, 'スライダー', 92.5, 92.0, 'ボール', 5, 5, 25, 'B19');"
"INSERT INTO ballinfo VALUES ('2019-04-14', 2019041402, 'ＤｅＮＡ', '広島', '三嶋 一輝', '右', 'ＤｅＮＡ', '長野 久義', '右', '広島', 8, 1, 1, 1, 4, 1, 2, 136, 'スライダー', 31.5, 44.4, '空三振', 3, 2, 12, 'S4');"
"INSERT INTO ballinfo VALUES ('2019-04-14', 2019041402, 'ＤｅＮＡ', '広島', '三嶋 一輝', '右', 'ＤｅＮＡ', '田中 広輔', '左', '広島', 8, 1, 2, 1, 1, 0, 0, 125, 'カーブ', 16.5, 44.4, 'ボール', 3, 1, 11, 'B8');"
"INSERT INTO ballinfo VALUES ('2019-04-14', 2019041402, 'ＤｅＮＡ', '広島', '三嶋 一輝', '右', 'ＤｅＮＡ', '田中 広輔', '左', '広島', 8, 1, 2, 1, 2, 1, 0, 136, 'スライダー', 88.5, 88.8, '空振り', 5, 5, 25, 'B19');"
"INSERT INTO ballinfo VALUES ('2019-04-14', 2019041402, 'ＤｅＮＡ', '広島', '三嶋 一輝', '右', 'ＤｅＮＡ', '田中 広輔', '左', '広島', 8, 1, 2, 1, 3, 1, 1, 136, 'スライダー', 32.5, 16.0, 'ボール', 1, 2, 2, 'B2');"
"INSERT INTO ballinfo VALUES ('2019-04-14', 2019041402, 'ＤｅＮＡ', '広島', '三嶋 一輝', '右', 'ＤｅＮＡ', '田中 広輔', '左', '広島', 8, 1, 2, 1, 4, 2, 1, 135, 'スライダー', 49.5, 93.2, 'ボール', 5, 3, 23, 'B17');"
"INSERT INTO ballinfo VALUES ('2019-04-14', 2019041402, 'ＤｅＮＡ', '広島', '三嶋 一輝', '右', 'ＤｅＮＡ', '田中 広輔', '左', '広島', 8, 1, 2, 1, 5, 3, 1, 148, 'ストレート', 25.5, 16.4, '四球', 1, 2, 2, 'B2');"
"INSERT INTO ballinfo VALUES ('2019-04-14', 2019041402, 'ＤｅＮＡ', '広島', '三嶋 一輝', '右', 'ＤｅＮＡ', '菊池 涼介', '右', '広島', 8, 1, 3, 2, 1, 0, 0, 146, 'ストレート', 54.5, 15.6, '一飛', 1, 3, 3, 'B3');"
"INSERT INTO ballinfo VALUES ('2019-04-14', 2019041402, 'ＤｅＮＡ', '広島', '三嶋 一輝', '右', 'ＤｅＮＡ', '野間 峻祥', '左', '広島', 8, 1, 4, 3, 1, 0, 0, 146, 'ストレート', 14.5, 12.0, 'ボール', 1, 1, 1, 'B1');"
"INSERT INTO ballinfo VALUES ('2019-04-14', 2019041402, 'ＤｅＮＡ', '広島', '三嶋 一輝', '右', 'ＤｅＮＡ', '野間 峻祥', '左', '広島', 8, 1, 4, 3, 2, 1, 0, 135, 'スライダー', 76.5, 90.4, 'ボール', 5, 4, 24, 'B18');"
"INSERT INTO ballinfo VALUES ('2019-04-14', 2019041402, 'ＤｅＮＡ', '広島', '三嶋 一輝', '右', 'ＤｅＮＡ', '野間 峻祥', '左', '広島', 8, 1, 4, 3, 3, 2, 0, 146, 'ストレート', 27.5, 44.8, '見逃し', 3, 2, 12, 'S4');"
"INSERT INTO ballinfo VALUES ('2019-04-14', 2019041402, 'ＤｅＮＡ', '広島', '三嶋 一輝', '右', 'ＤｅＮＡ', '野間 峻祥', '左', '広島', 8, 1, 4, 3, 4, 2, 1, 148, 'ストレート', 51.5, 72.4, 'ファウル', 4, 3, 18, 'S8');"
"INSERT INTO ballinfo VALUES ('2019-04-14', 2019041402, 'ＤｅＮＡ', '広島', '三嶋 一輝', '右', 'ＤｅＮＡ', '野間 峻祥', '左', '広島', 8, 1, 4, 3, 5, 2, 2, 148, 'ストレート', 87.0, 86.4, 'ボール', 5, 5, 25, 'B19');"
"INSERT INTO ballinfo VALUES ('2019-04-14', 2019041402, 'ＤｅＮＡ', '広島', '三嶋 一輝', '右', 'ＤｅＮＡ', '野間 峻祥', '左', '広島', 8, 1, 4, 3, 6, 3, 2, 134, 'スライダー', 55.0, 24.8, 'ファウル', 2, 3, 8, 'S2');"
"INSERT INTO ballinfo VALUES ('2019-04-14', 2019041402, 'ＤｅＮＡ', '広島', '三嶋 一輝', '右', 'ＤｅＮＡ', '野間 峻祥', '左', '広島', 8, 1, 4, 3, 7, 3, 3, 137, 'スライダー', 86.5, 91.6, '空三振', 5, 5, 25, 'B19');"
"INSERT INTO ballinfo VALUES ('2019-04-14', 2019041402, 'ＤｅＮＡ', '広島', 'フランスア', '左', '広島', '楠本 泰史', '左', 'ＤｅＮＡ', 8, 2, 1, 1, 1, 0, 0, 146, 'ストレート', 74.5, 51.6, '見逃し', 3, 4, 14, 'S6');"
"INSERT INTO ballinfo VALUES ('2019-04-14', 2019041402, 'ＤｅＮＡ', '広島', 'フランスア', '左', '広島', '楠本 泰史', '左', 'ＤｅＮＡ', 8, 2, 1, 1, 2, 0, 1, 149, 'ストレート', 32.0, 31.6, '見逃し', 2, 2, 7, 'S1');"
"INSERT INTO ballinfo VALUES ('2019-04-14', 2019041402, 'ＤｅＮＡ', '広島', 'フランスア', '左', '広島', '楠本 泰史', '左', 'ＤｅＮＡ', 8, 2, 1, 1, 3, 0, 2, 150, 'ストレート', 29.5, 14.8, '空三振', 1, 2, 2, 'B2');"
"INSERT INTO ballinfo VALUES ('2019-04-14', 2019041402, 'ＤｅＮＡ', '広島', 'フランスア', '左', '広島', 'ソト', '右', 'ＤｅＮＡ', 8, 2, 2, 1, 1, 0, 0, 149, 'ストレート', 77.0, 54.0, 'ファウル', 3, 4, 14, 'S6');"
"INSERT INTO ballinfo VALUES ('2019-04-14', 2019041402, 'ＤｅＮＡ', '広島', 'フランスア', '左', '広島', 'ソト', '右', 'ＤｅＮＡ', 8, 2, 2, 1, 2, 0, 1, 151, 'ストレート', 26.0, 15.6, 'ボール', 1, 2, 2, 'B2');"
"INSERT INTO ballinfo VALUES ('2019-04-14', 2019041402, 'ＤｅＮＡ', '広島', 'フランスア', '左', '広島', 'ソト', '右', 'ＤｅＮＡ', 8, 2, 2, 1, 3, 1, 1, 138, 'チェンジアップ', 56.0, 73.2, '左本', 4, 3, 18, 'S8');"
"INSERT INTO ballinfo VALUES ('2019-04-14', 2019041402, 'ＤｅＮＡ', '広島', 'フランスア', '左', '広島', 'ロペス', '右', 'ＤｅＮＡ', 8, 2, 3, 2, 1, 0, 0, 153, 'ストレート', 16.5, 54.4, 'ボール', 3, 1, 11, 'B8');"
"INSERT INTO ballinfo VALUES ('2019-04-14', 2019041402, 'ＤｅＮＡ', '広島', 'フランスア', '左', '広島', 'ロペス', '右', 'ＤｅＮＡ', 8, 2, 3, 2, 2, 1, 0, 151, 'シュート', 75.5, 67.6, 'ファウル', 4, 4, 19, 'S9');"
"INSERT INTO ballinfo VALUES ('2019-04-14', 2019041402, 'ＤｅＮＡ', '広島', 'フランスア', '左', '広島', 'ロペス', '右', 'ＤｅＮＡ', 8, 2, 3, 2, 3, 1, 1, 153, 'ストレート', 14.0, 14.0, 'ボール', 1, 1, 1, 'B1');"
"INSERT INTO ballinfo VALUES ('2019-04-14', 2019041402, 'ＤｅＮＡ', '広島', 'フランスア', '左', '広島', 'ロペス', '右', 'ＤｅＮＡ', 8, 2, 3, 2, 4, 2, 1, 152, 'ストレート', 76.5, 55.6, '二飛', 3, 4, 14, 'S6');"
"INSERT INTO ballinfo VALUES ('2019-04-14', 2019041402, 'ＤｅＮＡ', '広島', 'フランスア', '左', '広島', '宮崎 敏郎', '右', 'ＤｅＮＡ', 8, 2, 4, 2, 1, 0, 0, 151, 'ストレート', 88.5, 13.2, 'ボール', 1, 5, 5, 'B5');"
"INSERT INTO ballinfo VALUES ('2019-04-14', 2019041402, 'ＤｅＮＡ', '広島', 'フランスア', '左', '広島', '宮崎 敏郎', '右', 'ＤｅＮＡ', 8, 2, 4, 2, 2, 1, 0, 150, 'ストレート', 93.0, 31.6, 'ボール', 2, 5, 10, 'B7');"
"INSERT INTO ballinfo VALUES ('2019-04-14', 2019041402, 'ＤｅＮＡ', '広島', 'フランスア', '左', '広島', '宮崎 敏郎', '右', 'ＤｅＮＡ', 8, 2, 4, 2, 3, 2, 0, 153, 'ストレート', 37.0, 52.0, 'ファウル', 3, 2, 12, 'S4');"
"INSERT INTO ballinfo VALUES ('2019-04-14', 2019041402, 'ＤｅＮＡ', '広島', 'フランスア', '左', '広島', '宮崎 敏郎', '右', 'ＤｅＮＡ', 8, 2, 4, 2, 4, 2, 1, 154, 'ストレート', 16.0, 10.4, 'ボール', 1, 1, 1, 'B1');"
"INSERT INTO ballinfo VALUES ('2019-04-14', 2019041402, 'ＤｅＮＡ', '広島', 'フランスア', '左', '広島', '宮崎 敏郎', '右', 'ＤｅＮＡ', 8, 2, 4, 2, 5, 3, 1, 153, 'ストレート', 16.5, 72.8, '四球', 4, 1, 16, 'B10');"
"INSERT INTO ballinfo VALUES ('2019-04-14', 2019041402, 'ＤｅＮＡ', '広島', 'フランスア', '左', '広島', '桑原 将志', '右', 'ＤｅＮＡ', 8, 2, 5, 2, 1, 0, 0, 152, 'ストレート', 37.0, 51.6, 'ファウル', 3, 2, 12, 'S4');"
"INSERT INTO ballinfo VALUES ('2019-04-14', 2019041402, 'ＤｅＮＡ', '広島', 'フランスア', '左', '広島', '桑原 将志', '右', 'ＤｅＮＡ', 8, 2, 5, 2, 2, 0, 1, 136, 'チェンジアップ', 77.0, 11.6, 'ボール', 1, 4, 4, 'B4');"
"INSERT INTO ballinfo VALUES ('2019-04-14', 2019041402, 'ＤｅＮＡ', '広島', 'フランスア', '左', '広島', '桑原 将志', '右', 'ＤｅＮＡ', 8, 2, 5, 2, 3, 1, 1, 137, 'スライダー', 16.5, 28.0, 'ボール', 2, 1, 6, 'B6');"
"INSERT INTO ballinfo VALUES ('2019-04-14', 2019041402, 'ＤｅＮＡ', '広島', 'フランスア', '左', '広島', '桑原 将志', '右', 'ＤｅＮＡ', 8, 2, 5, 2, 4, 2, 1, 153, 'ストレート', 37.0, 72.8, '空振り', 4, 2, 17, 'S7');"
"INSERT INTO ballinfo VALUES ('2019-04-14', 2019041402, 'ＤｅＮＡ', '広島', 'フランスア', '左', '広島', '桑原 将志', '右', 'ＤｅＮＡ', 8, 2, 5, 2, 5, 2, 2, 154, 'ストレート', 27.5, 86.4, 'ファウル', 5, 2, 22, 'B16');"
"INSERT INTO ballinfo VALUES ('2019-04-14', 2019041402, 'ＤｅＮＡ', '広島', 'フランスア', '左', '広島', '桑原 将志', '右', 'ＤｅＮＡ', 8, 2, 5, 2, 6, 2, 3, 154, 'ストレート', 71.0, 16.8, 'ボール', 1, 4, 4, 'B4');"
"INSERT INTO ballinfo VALUES ('2019-04-14', 2019041402, 'ＤｅＮＡ', '広島', 'フランスア', '左', '広島', '桑原 将志', '右', 'ＤｅＮＡ', 8, 2, 5, 2, 7, 3, 3, 154, 'ストレート', 26.5, 64.4, 'ファウル', 4, 2, 17, 'S7');"
"INSERT INTO ballinfo VALUES ('2019-04-14', 2019041402, 'ＤｅＮＡ', '広島', 'フランスア', '左', '広島', '桑原 将志', '右', 'ＤｅＮＡ', 8, 2, 5, 2, 8, 3, 4, 154, 'ストレート', 57.0, 11.6, '四球', 1, 3, 3, 'B3');"
"INSERT INTO ballinfo VALUES ('2019-04-14', 2019041402, 'ＤｅＮＡ', '広島', 'フランスア', '左', '広島', '倉本 寿彦', '左', 'ＤｅＮＡ', 8, 2, 6, 3, 1, 0, 0, 152, 'ストレート', 55.0, 26.4, '空振り', 2, 3, 8, 'S2');"
"INSERT INTO ballinfo VALUES ('2019-04-14', 2019041402, 'ＤｅＮＡ', '広島', 'フランスア', '左', '広島', '倉本 寿彦', '左', 'ＤｅＮＡ', 8, 2, 6, 3, 2, 0, 1, 151, 'ストレート', 34.5, 13.2, 'ボール', 1, 2, 2, 'B2');"
"INSERT INTO ballinfo VALUES ('2019-04-14', 2019041402, 'ＤｅＮＡ', '広島', 'フランスア', '左', '広島', '倉本 寿彦', '左', 'ＤｅＮＡ', 8, 2, 6, 3, 3, 1, 1, 150, 'ストレート', 48.0, 36.8, '空振り', 2, 3, 8, 'S2');"
"INSERT INTO ballinfo VALUES ('2019-04-14', 2019041402, 'ＤｅＮＡ', '広島', 'フランスア', '左', '広島', '倉本 寿彦', '左', 'ＤｅＮＡ', 8, 2, 6, 3, 4, 1, 2, 153, 'ストレート', 26.5, 16.8, '空三振', 1, 2, 2, 'B2');"
"INSERT INTO ballinfo VALUES ('2019-04-14', 2019041402, 'ＤｅＮＡ', '広島', '山崎 康晃', '右', 'ＤｅＮＡ', '鈴木 誠也', '右', '広島', 9, 1, 1, 1, 1, 0, 0, 134, 'シュート', 46.0, 46.0, '左飛', 3, 3, 13, 'S5');"
"INSERT INTO ballinfo VALUES ('2019-04-14', 2019041402, 'ＤｅＮＡ', '広島', '山崎 康晃', '右', 'ＤｅＮＡ', 'バティスタ', '右', '広島', 9, 1, 2, 2, 1, 0, 0, 146, 'ストレート', 66.5, 52.8, '見逃し', 3, 4, 14, 'S6');"
"INSERT INTO ballinfo VALUES ('2019-04-14', 2019041402, 'ＤｅＮＡ', '広島', '山崎 康晃', '右', 'ＤｅＮＡ', 'バティスタ', '右', '広島', 9, 1, 2, 2, 2, 0, 1, 138, 'シュート', 51.0, 86.8, 'ファウル', 5, 3, 23, 'B17');"
"INSERT INTO ballinfo VALUES ('2019-04-14', 2019041402, 'ＤｅＮＡ', '広島', '山崎 康晃', '右', 'ＤｅＮＡ', 'バティスタ', '右', '広島', 9, 1, 2, 2, 3, 0, 2, 139, 'シュート', 35.5, 91.6, 'ボール', 5, 2, 22, 'B16');"
"INSERT INTO ballinfo VALUES ('2019-04-14', 2019041402, 'ＤｅＮＡ', '広島', '山崎 康晃', '右', 'ＤｅＮＡ', 'バティスタ', '右', '広島', 9, 1, 2, 2, 4, 1, 2, 148, 'ストレート', 71.0, 36.0, '一邪飛', 2, 4, 9, 'S3');"
"INSERT INTO ballinfo VALUES ('2019-04-14', 2019041402, 'ＤｅＮＡ', '広島', '山崎 康晃', '右', 'ＤｅＮＡ', '西川 龍馬', '左', '広島', 9, 1, 3, 3, 1, 0, 0, 146, 'ストレート', 46.5, 56.4, '見逃し', 3, 3, 13, 'S5');"
"INSERT INTO ballinfo VALUES ('2019-04-14', 2019041402, 'ＤｅＮＡ', '広島', '山崎 康晃', '右', 'ＤｅＮＡ', '西川 龍馬', '左', '広島', 9, 1, 3, 3, 2, 0, 1, 138, 'シュート', 31.5, 85.2, '空振り', 5, 2, 22, 'B16');"
"INSERT INTO ballinfo VALUES ('2019-04-14', 2019041402, 'ＤｅＮＡ', '広島', '山崎 康晃', '右', 'ＤｅＮＡ', '西川 龍馬', '左', '広島', 9, 1, 3, 3, 3, 0, 2, 146, 'ストレート', 30.5, 16.8, 'ファウル', 1, 2, 2, 'B2');"
"INSERT INTO ballinfo VALUES ('2019-04-14', 2019041402, 'ＤｅＮＡ', '広島', '山崎 康晃', '右', 'ＤｅＮＡ', '西川 龍馬', '左', '広島', 9, 1, 3, 3, 4, 0, 3, 138, 'シュート', 54.5, 83.6, 'ゴロ', 5, 3, 23, 'B17');"
