"INSERT INTO ballinfo VALUES ('2019-04-17', 2019041705, 'ロッテ', 'ソフトバンク', '岩下 大輝', '右', 'ロッテ', '牧原 大成', '左', 'ソフトバンク', 1, 1, 1, 1, 1, 0, 0, 146, 'ストレート', 31.0, 71.6, '見逃し', 4, 2, 17, 'S7');"
"INSERT INTO ballinfo VALUES ('2019-04-17', 2019041705, 'ロッテ', 'ソフトバンク', '岩下 大輝', '右', 'ロッテ', '牧原 大成', '左', 'ソフトバンク', 1, 1, 1, 1, 2, 0, 1, 146, 'ストレート', 50.5, 86.8, 'ボール', 5, 3, 23, 'B17');"
"INSERT INTO ballinfo VALUES ('2019-04-17', 2019041705, 'ロッテ', 'ソフトバンク', '岩下 大輝', '右', 'ロッテ', '牧原 大成', '左', 'ソフトバンク', 1, 1, 1, 1, 3, 1, 1, 146, 'ストレート', 12.5, 28.8, 'ボール', 2, 1, 6, 'B6');"
"INSERT INTO ballinfo VALUES ('2019-04-17', 2019041705, 'ロッテ', 'ソフトバンク', '岩下 大輝', '右', 'ロッテ', '牧原 大成', '左', 'ソフトバンク', 1, 1, 1, 1, 4, 2, 1, 145, 'ストレート', 53.0, 53.2, 'ファウル', 3, 3, 13, 'S5');"
"INSERT INTO ballinfo VALUES ('2019-04-17', 2019041705, 'ロッテ', 'ソフトバンク', '岩下 大輝', '右', 'ロッテ', '牧原 大成', '左', 'ソフトバンク', 1, 1, 1, 1, 5, 2, 2, 136, 'フォーク', 75.0, 90.0, '空三振', 5, 4, 24, 'B18');"
"INSERT INTO ballinfo VALUES ('2019-04-17', 2019041705, 'ロッテ', 'ソフトバンク', '岩下 大輝', '右', 'ロッテ', '今宮 健太', '右', 'ソフトバンク', 1, 1, 2, 1, 1, 0, 0, 147, 'ストレート', 72.5, 85.6, 'ボール', 5, 4, 24, 'B18');"
"INSERT INTO ballinfo VALUES ('2019-04-17', 2019041705, 'ロッテ', 'ソフトバンク', '岩下 大輝', '右', 'ロッテ', '今宮 健太', '右', 'ソフトバンク', 1, 1, 2, 1, 2, 1, 0, 147, 'ストレート', 51.5, 70.4, '右２', 4, 3, 18, 'S8');"
"INSERT INTO ballinfo VALUES ('2019-04-17', 2019041705, 'ロッテ', 'ソフトバンク', '岩下 大輝', '右', 'ロッテ', '内川 聖一', '右', 'ソフトバンク', 1, 1, 3, 2, 1, 0, 0, 148, 'ストレート', 72.0, 72.0, '見逃し', 4, 4, 19, 'S9');"
"INSERT INTO ballinfo VALUES ('2019-04-17', 2019041705, 'ロッテ', 'ソフトバンク', '岩下 大輝', '右', 'ロッテ', '内川 聖一', '右', 'ソフトバンク', 1, 1, 3, 2, 2, 0, 1, 120, 'スライダー', 72.0, 87.6, 'ボール', 5, 4, 24, 'B18');"
"INSERT INTO ballinfo VALUES ('2019-04-17', 2019041705, 'ロッテ', 'ソフトバンク', '岩下 大輝', '右', 'ロッテ', '内川 聖一', '右', 'ソフトバンク', 1, 1, 3, 2, 3, 1, 1, 142, 'ストレート', 30.5, 13.2, 'ボール', 1, 2, 2, 'B2');"
"INSERT INTO ballinfo VALUES ('2019-04-17', 2019041705, 'ロッテ', 'ソフトバンク', '岩下 大輝', '右', 'ロッテ', '内川 聖一', '右', 'ソフトバンク', 1, 1, 3, 2, 4, 2, 1, 146, 'ストレート', 75.5, 83.6, 'ボール', 5, 4, 24, 'B18');"
"INSERT INTO ballinfo VALUES ('2019-04-17', 2019041705, 'ロッテ', 'ソフトバンク', '岩下 大輝', '右', 'ロッテ', '内川 聖一', '右', 'ソフトバンク', 1, 1, 3, 2, 5, 3, 1, 118, 'カーブ', 51.0, 35.6, '見逃し', 2, 3, 8, 'S2');"
"INSERT INTO ballinfo VALUES ('2019-04-17', 2019041705, 'ロッテ', 'ソフトバンク', '岩下 大輝', '右', 'ロッテ', '内川 聖一', '右', 'ソフトバンク', 1, 1, 3, 2, 6, 3, 2, 133, 'フォーク', 52.5, 71.6, '中飛', 4, 3, 18, 'S8');"
"INSERT INTO ballinfo VALUES ('2019-04-17', 2019041705, 'ロッテ', 'ソフトバンク', '岩下 大輝', '右', 'ロッテ', 'デスパイネ', '右', 'ソフトバンク', 1, 1, 4, 3, 1, 0, 0, 147, 'ストレート', 74.5, 54.0, '見逃し', 3, 4, 14, 'S6');"
"INSERT INTO ballinfo VALUES ('2019-04-17', 2019041705, 'ロッテ', 'ソフトバンク', '岩下 大輝', '右', 'ロッテ', 'デスパイネ', '右', 'ソフトバンク', 1, 1, 4, 3, 2, 0, 1, 141, 'ストレート', 14.5, 31.6, 'ボール', 2, 1, 6, 'B6');"
"INSERT INTO ballinfo VALUES ('2019-04-17', 2019041705, 'ロッテ', 'ソフトバンク', '岩下 大輝', '右', 'ロッテ', 'デスパイネ', '右', 'ソフトバンク', 1, 1, 4, 3, 3, 1, 1, 144, 'ストレート', 50.0, 11.6, 'ボール', 1, 3, 3, 'B3');"
"INSERT INTO ballinfo VALUES ('2019-04-17', 2019041705, 'ロッテ', 'ソフトバンク', '岩下 大輝', '右', 'ロッテ', 'デスパイネ', '右', 'ソフトバンク', 1, 1, 4, 3, 4, 2, 1, 135, 'フォーク', 74.5, 34.8, '見逃し', 2, 4, 9, 'S3');"
"INSERT INTO ballinfo VALUES ('2019-04-17', 2019041705, 'ロッテ', 'ソフトバンク', '岩下 大輝', '右', 'ロッテ', 'デスパイネ', '右', 'ソフトバンク', 1, 1, 4, 3, 5, 2, 2, 149, 'ストレート', 88.5, 33.2, 'ボール', 2, 5, 10, 'B7');"
"INSERT INTO ballinfo VALUES ('2019-04-17', 2019041705, 'ロッテ', 'ソフトバンク', '岩下 大輝', '右', 'ロッテ', 'デスパイネ', '右', 'ソフトバンク', 1, 1, 4, 3, 6, 3, 2, 134, 'フォーク', 72.0, 72.8, '投ゴロ', 4, 4, 19, 'S9');"
"INSERT INTO ballinfo VALUES ('2019-04-17', 2019041705, 'ロッテ', 'ソフトバンク', '大竹 耕太郎', '左', 'ソフトバンク', '荻野 貴司', '右', 'ロッテ', 1, 2, 1, 1, 1, 0, 0, 134, 'シュート', 73.0, 32.0, '三ゴロ', 2, 4, 9, 'S3');"
"INSERT INTO ballinfo VALUES ('2019-04-17', 2019041705, 'ロッテ', 'ソフトバンク', '大竹 耕太郎', '左', 'ソフトバンク', '細谷 圭', '右', 'ロッテ', 1, 2, 2, 2, 1, 0, 0, 104, 'カーブ', 55.5, 55.6, '遊ゴロ', 3, 3, 13, 'S5');"
"INSERT INTO ballinfo VALUES ('2019-04-17', 2019041705, 'ロッテ', 'ソフトバンク', '大竹 耕太郎', '左', 'ソフトバンク', '中村 奨吾', '右', 'ロッテ', 1, 2, 3, 3, 1, 0, 0, 135, 'シュート', 53.0, 32.4, '見逃し', 2, 3, 8, 'S2');"
"INSERT INTO ballinfo VALUES ('2019-04-17', 2019041705, 'ロッテ', 'ソフトバンク', '大竹 耕太郎', '左', 'ソフトバンク', '中村 奨吾', '右', 'ロッテ', 1, 2, 3, 3, 2, 0, 1, 137, 'ストレート', 72.5, 86.4, 'ボール', 5, 4, 24, 'B18');"
"INSERT INTO ballinfo VALUES ('2019-04-17', 2019041705, 'ロッテ', 'ソフトバンク', '大竹 耕太郎', '左', 'ソフトバンク', '中村 奨吾', '右', 'ロッテ', 1, 2, 3, 3, 3, 1, 1, 125, 'チェンジアップ', 53.0, 72.8, '見逃し', 4, 3, 18, 'S8');"
"INSERT INTO ballinfo VALUES ('2019-04-17', 2019041705, 'ロッテ', 'ソフトバンク', '大竹 耕太郎', '左', 'ソフトバンク', '中村 奨吾', '右', 'ロッテ', 1, 2, 3, 3, 4, 1, 2, 125, 'チェンジアップ', 73.0, 71.2, '三ゴロ', 4, 4, 19, 'S9');"
"INSERT INTO ballinfo VALUES ('2019-04-17', 2019041705, 'ロッテ', 'ソフトバンク', '岩下 大輝', '右', 'ロッテ', '上林 誠知', '左', 'ソフトバンク', 2, 1, 1, 0, 1, 0, 0, 121, 'スライダー', 89.0, 89.2, '空振り', 5, 5, 25, 'B19');"
"INSERT INTO ballinfo VALUES ('2019-04-17', 2019041705, 'ロッテ', 'ソフトバンク', '岩下 大輝', '右', 'ロッテ', '上林 誠知', '左', 'ソフトバンク', 2, 1, 1, 0, 2, 0, 1, 146, 'ストレート', 51.0, 72.8, 'ファウル', 4, 3, 18, 'S8');"
"INSERT INTO ballinfo VALUES ('2019-04-17', 2019041705, 'ロッテ', 'ソフトバンク', '岩下 大輝', '右', 'ロッテ', '上林 誠知', '左', 'ソフトバンク', 2, 1, 1, 0, 3, 0, 2, 146, 'ストレート', 90.5, 30.4, '死球', 2, 5, 10, 'B7');"
"INSERT INTO ballinfo VALUES ('2019-04-17', 2019041705, 'ロッテ', 'ソフトバンク', '岩下 大輝', '右', 'ロッテ', '松田 宣浩', '右', 'ソフトバンク', 2, 1, 2, 1, 1, 0, 0, 132, 'フォーク', 88.5, 89.2, '空振り', 5, 5, 25, 'B19');"
"INSERT INTO ballinfo VALUES ('2019-04-17', 2019041705, 'ロッテ', 'ソフトバンク', '岩下 大輝', '右', 'ロッテ', '松田 宣浩', '右', 'ソフトバンク', 2, 1, 2, 1, 2, 0, 1, 142, 'ストレート', 71.0, 72.4, 'ファウル', 4, 4, 19, 'S9');"
"INSERT INTO ballinfo VALUES ('2019-04-17', 2019041705, 'ロッテ', 'ソフトバンク', '岩下 大輝', '右', 'ロッテ', '松田 宣浩', '右', 'ソフトバンク', 2, 1, 2, 1, 3, 0, 2, 132, 'フォーク', 93.0, 93.6, 'ボール', 5, 5, 25, 'B19');"
"INSERT INTO ballinfo VALUES ('2019-04-17', 2019041705, 'ロッテ', 'ソフトバンク', '岩下 大輝', '右', 'ロッテ', '松田 宣浩', '右', 'ソフトバンク', 2, 1, 2, 1, 4, 1, 2, 129, 'フォーク', 94.5, 88.0, 'ボール', 5, 5, 25, 'B19');"
"INSERT INTO ballinfo VALUES ('2019-04-17', 2019041705, 'ロッテ', 'ソフトバンク', '岩下 大輝', '右', 'ロッテ', '松田 宣浩', '右', 'ソフトバンク', 2, 1, 2, 1, 5, 2, 2, 121, 'スライダー', 84.5, 94.0, 'ボール', 5, 5, 25, 'B19');"
"INSERT INTO ballinfo VALUES ('2019-04-17', 2019041705, 'ロッテ', 'ソフトバンク', '岩下 大輝', '右', 'ロッテ', '松田 宣浩', '右', 'ソフトバンク', 2, 1, 2, 1, 6, 3, 2, 131, 'フォーク', 69.0, 65.2, '左飛', 4, 4, 19, 'S9');"
"INSERT INTO ballinfo VALUES ('2019-04-17', 2019041705, 'ロッテ', 'ソフトバンク', '岩下 大輝', '右', 'ロッテ', '釜元 豪', '左', 'ソフトバンク', 2, 1, 3, 2, 1, 0, 0, 144, 'ストレート', 89.0, 89.2, 'ボール', 5, 5, 25, 'B19');"
"INSERT INTO ballinfo VALUES ('2019-04-17', 2019041705, 'ロッテ', 'ソフトバンク', '岩下 大輝', '右', 'ロッテ', '釜元 豪', '左', 'ソフトバンク', 2, 1, 3, 2, 2, 1, 0, 145, 'ストレート', 51.0, 92.8, 'ボール', 5, 3, 23, 'B17');"
"INSERT INTO ballinfo VALUES ('2019-04-17', 2019041705, 'ロッテ', 'ソフトバンク', '岩下 大輝', '右', 'ロッテ', '釜元 豪', '左', 'ソフトバンク', 2, 1, 3, 2, 3, 2, 0, 144, 'ストレート', 14.5, 70.8, 'ファウル', 4, 1, 16, 'B10');"
"INSERT INTO ballinfo VALUES ('2019-04-17', 2019041705, 'ロッテ', 'ソフトバンク', '岩下 大輝', '右', 'ロッテ', '釜元 豪', '左', 'ソフトバンク', 2, 1, 3, 2, 4, 2, 1, 143, 'ストレート', 71.5, 71.6, 'ファウル', 4, 4, 19, 'S9');"
"INSERT INTO ballinfo VALUES ('2019-04-17', 2019041705, 'ロッテ', 'ソフトバンク', '岩下 大輝', '右', 'ロッテ', '釜元 豪', '左', 'ソフトバンク', 2, 1, 3, 2, 5, 2, 2, 132, 'フォーク', 31.0, 54.4, '空三振', 3, 2, 12, 'S4');"
"INSERT INTO ballinfo VALUES ('2019-04-17', 2019041705, 'ロッテ', 'ソフトバンク', '岩下 大輝', '右', 'ロッテ', '川島 慶三', '右', 'ソフトバンク', 2, 1, 4, 2, 1, 0, 0, 119, 'スライダー', 90.0, 91.6, 'ボール', 5, 5, 25, 'B19');"
"INSERT INTO ballinfo VALUES ('2019-04-17', 2019041705, 'ロッテ', 'ソフトバンク', '岩下 大輝', '右', 'ロッテ', '川島 慶三', '右', 'ソフトバンク', 2, 1, 4, 2, 2, 1, 0, 120, 'スライダー', 91.0, 86.0, 'ボール', 5, 5, 25, 'B19');"
"INSERT INTO ballinfo VALUES ('2019-04-17', 2019041705, 'ロッテ', 'ソフトバンク', '岩下 大輝', '右', 'ロッテ', '川島 慶三', '右', 'ソフトバンク', 2, 1, 4, 2, 3, 2, 0, 120, 'スライダー', 88.0, 72.0, 'ボール', 4, 5, 20, 'B11');"
"INSERT INTO ballinfo VALUES ('2019-04-17', 2019041705, 'ロッテ', 'ソフトバンク', '岩下 大輝', '右', 'ロッテ', '川島 慶三', '右', 'ソフトバンク', 2, 1, 4, 2, 4, 3, 0, 144, 'ストレート', 32.0, 14.4, '四球', 1, 2, 2, 'B2');"
"INSERT INTO ballinfo VALUES ('2019-04-17', 2019041705, 'ロッテ', 'ソフトバンク', '岩下 大輝', '右', 'ロッテ', '甲斐 拓也', '右', 'ソフトバンク', 2, 1, 5, 3, 1, 0, 0, 147, 'ストレート', 89.5, 88.8, 'ボール', 5, 5, 25, 'B19');"
"INSERT INTO ballinfo VALUES ('2019-04-17', 2019041705, 'ロッテ', 'ソフトバンク', '岩下 大輝', '右', 'ロッテ', '甲斐 拓也', '右', 'ソフトバンク', 2, 1, 5, 3, 2, 1, 0, 131, 'フォーク', 51.0, 91.6, 'ボール', 5, 3, 23, 'B17');"
"INSERT INTO ballinfo VALUES ('2019-04-17', 2019041705, 'ロッテ', 'ソフトバンク', '岩下 大輝', '右', 'ロッテ', '甲斐 拓也', '右', 'ソフトバンク', 2, 1, 5, 3, 3, 2, 0, 144, 'ストレート', 31.0, 15.2, 'ボール', 1, 2, 2, 'B2');"
"INSERT INTO ballinfo VALUES ('2019-04-17', 2019041705, 'ロッテ', 'ソフトバンク', '岩下 大輝', '右', 'ロッテ', '甲斐 拓也', '右', 'ソフトバンク', 2, 1, 5, 3, 4, 3, 0, 141, 'ストレート', 73.5, 47.6, '見逃し', 3, 4, 14, 'S6');"
"INSERT INTO ballinfo VALUES ('2019-04-17', 2019041705, 'ロッテ', 'ソフトバンク', '岩下 大輝', '右', 'ロッテ', '甲斐 拓也', '右', 'ソフトバンク', 2, 1, 5, 3, 5, 3, 1, 142, 'ストレート', 68.5, 54.8, '中飛', 3, 4, 14, 'S6');"
"INSERT INTO ballinfo VALUES ('2019-04-17', 2019041705, 'ロッテ', 'ソフトバンク', '大竹 耕太郎', '左', 'ソフトバンク', '角中 勝也', '左', 'ロッテ', 2, 2, 1, 1, 1, 0, 0, 124, 'スライダー', 30.0, 51.6, '見逃し', 3, 2, 12, 'S4');"
"INSERT INTO ballinfo VALUES ('2019-04-17', 2019041705, 'ロッテ', 'ソフトバンク', '大竹 耕太郎', '左', 'ソフトバンク', '角中 勝也', '左', 'ロッテ', 2, 2, 1, 1, 2, 0, 1, 105, 'カーブ', 52.0, 74.4, '中飛', 4, 3, 18, 'S8');"
"INSERT INTO ballinfo VALUES ('2019-04-17', 2019041705, 'ロッテ', 'ソフトバンク', '大竹 耕太郎', '左', 'ソフトバンク', 'レアード', '右', 'ロッテ', 2, 2, 2, 1, 1, 0, 0, 121, 'スライダー', 13.0, 89.2, 'ボール', 5, 1, 21, 'B15');"
"INSERT INTO ballinfo VALUES ('2019-04-17', 2019041705, 'ロッテ', 'ソフトバンク', '大竹 耕太郎', '左', 'ソフトバンク', 'レアード', '右', 'ロッテ', 2, 2, 2, 1, 2, 1, 0, 124, 'シュート', 50.0, 15.6, 'ボール', 1, 3, 3, 'B3');"
"INSERT INTO ballinfo VALUES ('2019-04-17', 2019041705, 'ロッテ', 'ソフトバンク', '大竹 耕太郎', '左', 'ソフトバンク', 'レアード', '右', 'ロッテ', 2, 2, 2, 1, 3, 2, 0, 125, 'シュート', 31.5, 86.0, 'ボール', 5, 2, 22, 'B16');"
"INSERT INTO ballinfo VALUES ('2019-04-17', 2019041705, 'ロッテ', 'ソフトバンク', '大竹 耕太郎', '左', 'ソフトバンク', 'レアード', '右', 'ロッテ', 2, 2, 2, 1, 4, 3, 0, 135, 'ストレート', 73.0, 29.6, '左安', 2, 4, 9, 'S3');"
"INSERT INTO ballinfo VALUES ('2019-04-17', 2019041705, 'ロッテ', 'ソフトバンク', '大竹 耕太郎', '左', 'ソフトバンク', '鈴木 大地', '左', 'ロッテ', 2, 2, 3, 2, 1, 0, 0, 119, 'スライダー', 31.0, 89.2, 'ボール', 5, 2, 22, 'B16');"
"INSERT INTO ballinfo VALUES ('2019-04-17', 2019041705, 'ロッテ', 'ソフトバンク', '大竹 耕太郎', '左', 'ソフトバンク', '鈴木 大地', '左', 'ロッテ', 2, 2, 3, 2, 2, 1, 0, 132, 'ストレート', 31.5, 72.4, '見逃し', 4, 2, 17, 'S7');"
"INSERT INTO ballinfo VALUES ('2019-04-17', 2019041705, 'ロッテ', 'ソフトバンク', '大竹 耕太郎', '左', 'ソフトバンク', '鈴木 大地', '左', 'ロッテ', 2, 2, 3, 2, 3, 1, 1, 134, 'シュート', 71.5, 33.2, '捕邪飛', 2, 4, 9, 'S3');"
"INSERT INTO ballinfo VALUES ('2019-04-17', 2019041705, 'ロッテ', 'ソフトバンク', '大竹 耕太郎', '左', 'ソフトバンク', 'バルガス', '右', 'ロッテ', 2, 2, 4, 2, 1, 0, 0, 135, 'ストレート', 31.5, 73.2, '見逃し', 4, 2, 17, 'S7');"
"INSERT INTO ballinfo VALUES ('2019-04-17', 2019041705, 'ロッテ', 'ソフトバンク', '大竹 耕太郎', '左', 'ソフトバンク', 'バルガス', '右', 'ロッテ', 2, 2, 4, 2, 2, 0, 1, 135, 'ストレート', 32.5, 51.6, '見逃し', 3, 2, 12, 'S4');"
"INSERT INTO ballinfo VALUES ('2019-04-17', 2019041705, 'ロッテ', 'ソフトバンク', '大竹 耕太郎', '左', 'ソフトバンク', 'バルガス', '右', 'ロッテ', 2, 2, 4, 2, 3, 0, 2, 139, 'ストレート', 87.5, 72.0, 'ボール', 4, 5, 20, 'B11');"
"INSERT INTO ballinfo VALUES ('2019-04-17', 2019041705, 'ロッテ', 'ソフトバンク', '大竹 耕太郎', '左', 'ソフトバンク', 'バルガス', '右', 'ロッテ', 2, 2, 4, 2, 4, 1, 2, 135, 'ストレート', 13.5, 29.2, 'ボール', 2, 1, 6, 'B6');"
"INSERT INTO ballinfo VALUES ('2019-04-17', 2019041705, 'ロッテ', 'ソフトバンク', '大竹 耕太郎', '左', 'ソフトバンク', 'バルガス', '右', 'ロッテ', 2, 2, 4, 2, 5, 2, 2, 137, 'ストレート', 72.0, 70.8, '右安', 4, 4, 19, 'S9');"
"INSERT INTO ballinfo VALUES ('2019-04-17', 2019041705, 'ロッテ', 'ソフトバンク', '大竹 耕太郎', '左', 'ソフトバンク', '藤岡 裕大', '左', 'ロッテ', 2, 2, 5, 3, 1, 0, 0, 105, 'カーブ', 14.5, 89.2, 'ボール', 5, 1, 21, 'B15');"
"INSERT INTO ballinfo VALUES ('2019-04-17', 2019041705, 'ロッテ', 'ソフトバンク', '大竹 耕太郎', '左', 'ソフトバンク', '藤岡 裕大', '左', 'ロッテ', 2, 2, 5, 3, 2, 1, 0, 133, 'シュート', 51.0, 9.6, 'ボール', 1, 3, 3, 'B3');"
"INSERT INTO ballinfo VALUES ('2019-04-17', 2019041705, 'ロッテ', 'ソフトバンク', '大竹 耕太郎', '左', 'ソフトバンク', '藤岡 裕大', '左', 'ロッテ', 2, 2, 5, 3, 3, 2, 0, 126, 'チェンジアップ', 35.5, 31.6, '一ゴロ', 2, 2, 7, 'S1');"
"INSERT INTO ballinfo VALUES ('2019-04-17', 2019041705, 'ロッテ', 'ソフトバンク', '岩下 大輝', '右', 'ロッテ', '牧原 大成', '左', 'ソフトバンク', 3, 1, 1, 1, 1, 0, 0, 142, 'ストレート', 30.0, 12.0, 'ボール', 1, 2, 2, 'B2');"
"INSERT INTO ballinfo VALUES ('2019-04-17', 2019041705, 'ロッテ', 'ソフトバンク', '岩下 大輝', '右', 'ロッテ', '牧原 大成', '左', 'ソフトバンク', 3, 1, 1, 1, 2, 1, 0, 143, 'ストレート', 72.0, 71.2, '一ゴロ', 4, 4, 19, 'S9');"
"INSERT INTO ballinfo VALUES ('2019-04-17', 2019041705, 'ロッテ', 'ソフトバンク', '岩下 大輝', '右', 'ロッテ', '今宮 健太', '右', 'ソフトバンク', 3, 1, 2, 2, 1, 0, 0, 145, 'ストレート', 74.0, 34.0, '見逃し', 2, 4, 9, 'S3');"
"INSERT INTO ballinfo VALUES ('2019-04-17', 2019041705, 'ロッテ', 'ソフトバンク', '岩下 大輝', '右', 'ロッテ', '今宮 健太', '右', 'ソフトバンク', 3, 1, 2, 2, 2, 0, 1, 121, 'スライダー', 93.0, 50.8, 'ボール', 3, 5, 15, 'B9');"
"INSERT INTO ballinfo VALUES ('2019-04-17', 2019041705, 'ロッテ', 'ソフトバンク', '岩下 大輝', '右', 'ロッテ', '今宮 健太', '右', 'ソフトバンク', 3, 1, 2, 2, 3, 1, 1, 121, 'スライダー', 89.5, 89.2, 'ボール', 5, 5, 25, 'B19');"
"INSERT INTO ballinfo VALUES ('2019-04-17', 2019041705, 'ロッテ', 'ソフトバンク', '岩下 大輝', '右', 'ロッテ', '今宮 健太', '右', 'ソフトバンク', 3, 1, 2, 2, 4, 2, 1, 146, 'ストレート', 71.5, 50.4, '右飛', 3, 4, 14, 'S6');"
"INSERT INTO ballinfo VALUES ('2019-04-17', 2019041705, 'ロッテ', 'ソフトバンク', '岩下 大輝', '右', 'ロッテ', '内川 聖一', '右', 'ソフトバンク', 3, 1, 3, 2, 1, 0, 0, 145, 'ストレート', 71.5, 16.4, 'ボール', 1, 4, 4, 'B4');"
"INSERT INTO ballinfo VALUES ('2019-04-17', 2019041705, 'ロッテ', 'ソフトバンク', '岩下 大輝', '右', 'ロッテ', '内川 聖一', '右', 'ソフトバンク', 3, 1, 3, 2, 2, 1, 0, 146, 'ストレート', 91.0, 52.4, 'ボール', 3, 5, 15, 'B9');"
"INSERT INTO ballinfo VALUES ('2019-04-17', 2019041705, 'ロッテ', 'ソフトバンク', '岩下 大輝', '右', 'ロッテ', '内川 聖一', '右', 'ソフトバンク', 3, 1, 3, 2, 3, 2, 0, 145, 'ストレート', 53.0, 53.2, 'ファウル', 3, 3, 13, 'S5');"
"INSERT INTO ballinfo VALUES ('2019-04-17', 2019041705, 'ロッテ', 'ソフトバンク', '岩下 大輝', '右', 'ロッテ', '内川 聖一', '右', 'ソフトバンク', 3, 1, 3, 2, 4, 2, 1, 144, 'ストレート', 29.5, 15.6, 'ボール', 1, 2, 2, 'B2');"
"INSERT INTO ballinfo VALUES ('2019-04-17', 2019041705, 'ロッテ', 'ソフトバンク', '岩下 大輝', '右', 'ロッテ', '内川 聖一', '右', 'ソフトバンク', 3, 1, 3, 2, 5, 3, 1, 121, 'スライダー', 91.5, 90.8, '四球', 5, 5, 25, 'B19');"
"INSERT INTO ballinfo VALUES ('2019-04-17', 2019041705, 'ロッテ', 'ソフトバンク', '岩下 大輝', '右', 'ロッテ', 'デスパイネ', '右', 'ソフトバンク', 3, 1, 4, 3, 1, 0, 0, 143, 'ストレート', 29.5, 53.2, 'ファウル', 3, 2, 12, 'S4');"
"INSERT INTO ballinfo VALUES ('2019-04-17', 2019041705, 'ロッテ', 'ソフトバンク', '岩下 大輝', '右', 'ロッテ', 'デスパイネ', '右', 'ソフトバンク', 3, 1, 4, 3, 2, 0, 1, 143, 'ストレート', 30.0, 14.0, 'ボール', 1, 2, 2, 'B2');"
"INSERT INTO ballinfo VALUES ('2019-04-17', 2019041705, 'ロッテ', 'ソフトバンク', '岩下 大輝', '右', 'ロッテ', 'デスパイネ', '右', 'ソフトバンク', 3, 1, 4, 3, 3, 1, 1, 146, 'ストレート', 54.5, 50.0, '二飛', 3, 3, 13, 'S5');"
"INSERT INTO ballinfo VALUES ('2019-04-17', 2019041705, 'ロッテ', 'ソフトバンク', '大竹 耕太郎', '左', 'ソフトバンク', '吉田 裕太', '右', 'ロッテ', 3, 2, 1, 0, 1, 0, 0, 125, 'シュート', 29.5, 51.6, '見逃し', 3, 2, 12, 'S4');"
"INSERT INTO ballinfo VALUES ('2019-04-17', 2019041705, 'ロッテ', 'ソフトバンク', '大竹 耕太郎', '左', 'ソフトバンク', '吉田 裕太', '右', 'ロッテ', 3, 2, 1, 0, 2, 0, 1, 0, 'ストレート', 14.0, 70.0, 'ボール', 4, 1, 16, 'B10');"
"INSERT INTO ballinfo VALUES ('2019-04-17', 2019041705, 'ロッテ', 'ソフトバンク', '大竹 耕太郎', '左', 'ソフトバンク', '吉田 裕太', '右', 'ロッテ', 3, 2, 1, 0, 3, 1, 1, 137, 'ストレート', 72.5, 71.6, 'ファウル', 4, 4, 19, 'S9');"
"INSERT INTO ballinfo VALUES ('2019-04-17', 2019041705, 'ロッテ', 'ソフトバンク', '大竹 耕太郎', '左', 'ソフトバンク', '吉田 裕太', '右', 'ロッテ', 3, 2, 1, 0, 4, 1, 2, 123, 'チェンジアップ', 69.0, 65.2, '右安', 4, 4, 19, 'S9');"
"INSERT INTO ballinfo VALUES ('2019-04-17', 2019041705, 'ロッテ', 'ソフトバンク', '大竹 耕太郎', '左', 'ソフトバンク', '荻野 貴司', '右', 'ロッテ', 3, 2, 2, 1, 1, 0, 0, 129, 'スライダー', 71.5, 10.8, 'ボール', 1, 4, 4, 'B4');"
"INSERT INTO ballinfo VALUES ('2019-04-17', 2019041705, 'ロッテ', 'ソフトバンク', '大竹 耕太郎', '左', 'ソフトバンク', '荻野 貴司', '右', 'ロッテ', 3, 2, 2, 1, 2, 1, 0, 131, 'シュート', 91.0, 30.8, 'ボール', 2, 5, 10, 'B7');"
"INSERT INTO ballinfo VALUES ('2019-04-17', 2019041705, 'ロッテ', 'ソフトバンク', '大竹 耕太郎', '左', 'ソフトバンク', '荻野 貴司', '右', 'ロッテ', 3, 2, 2, 1, 3, 2, 0, 0, 'ストレート', 70.5, 33.2, '投犠打', 2, 4, 9, 'S3');"
"INSERT INTO ballinfo VALUES ('2019-04-17', 2019041705, 'ロッテ', 'ソフトバンク', '大竹 耕太郎', '左', 'ソフトバンク', '細谷 圭', '右', 'ロッテ', 3, 2, 3, 2, 1, 0, 0, 136, 'ストレート', 31.5, 88.0, 'ボール', 5, 2, 22, 'B16');"
"INSERT INTO ballinfo VALUES ('2019-04-17', 2019041705, 'ロッテ', 'ソフトバンク', '大竹 耕太郎', '左', 'ソフトバンク', '細谷 圭', '右', 'ロッテ', 3, 2, 3, 2, 2, 1, 0, 121, 'チェンジアップ', 51.5, 72.0, '見逃し', 4, 3, 18, 'S8');"
"INSERT INTO ballinfo VALUES ('2019-04-17', 2019041705, 'ロッテ', 'ソフトバンク', '大竹 耕太郎', '左', 'ソフトバンク', '細谷 圭', '右', 'ロッテ', 3, 2, 3, 2, 3, 1, 1, 134, 'ストレート', 52.5, 54.4, 'ファウル', 3, 3, 13, 'S5');"
"INSERT INTO ballinfo VALUES ('2019-04-17', 2019041705, 'ロッテ', 'ソフトバンク', '大竹 耕太郎', '左', 'ソフトバンク', '細谷 圭', '右', 'ロッテ', 3, 2, 3, 2, 4, 1, 2, 135, 'ストレート', 31.5, 51.6, 'ファウル', 3, 2, 12, 'S4');"
"INSERT INTO ballinfo VALUES ('2019-04-17', 2019041705, 'ロッテ', 'ソフトバンク', '大竹 耕太郎', '左', 'ソフトバンク', '細谷 圭', '右', 'ロッテ', 3, 2, 3, 2, 5, 1, 3, 134, 'ストレート', 29.5, 45.2, '見三振', 3, 2, 12, 'S4');"
"INSERT INTO ballinfo VALUES ('2019-04-17', 2019041705, 'ロッテ', 'ソフトバンク', '大竹 耕太郎', '左', 'ソフトバンク', '中村 奨吾', '右', 'ロッテ', 3, 2, 4, 3, 1, 0, 0, 110, 'カーブ', 51.0, 71.6, '見逃し', 4, 3, 18, 'S8');"
"INSERT INTO ballinfo VALUES ('2019-04-17', 2019041705, 'ロッテ', 'ソフトバンク', '大竹 耕太郎', '左', 'ソフトバンク', '中村 奨吾', '右', 'ロッテ', 3, 2, 4, 3, 2, 0, 1, 135, 'ストレート', 71.5, 55.6, 'ファウル', 3, 4, 14, 'S6');"
"INSERT INTO ballinfo VALUES ('2019-04-17', 2019041705, 'ロッテ', 'ソフトバンク', '大竹 耕太郎', '左', 'ソフトバンク', '中村 奨吾', '右', 'ロッテ', 3, 2, 4, 3, 3, 0, 2, 137, 'ストレート', 91.0, 87.6, 'ボール', 5, 5, 25, 'B19');"
"INSERT INTO ballinfo VALUES ('2019-04-17', 2019041705, 'ロッテ', 'ソフトバンク', '大竹 耕太郎', '左', 'ソフトバンク', '中村 奨吾', '右', 'ロッテ', 3, 2, 4, 3, 4, 1, 2, 136, 'ストレート', 11.0, 71.2, 'ボール', 4, 1, 16, 'B10');"
"INSERT INTO ballinfo VALUES ('2019-04-17', 2019041705, 'ロッテ', 'ソフトバンク', '大竹 耕太郎', '左', 'ソフトバンク', '中村 奨吾', '右', 'ロッテ', 3, 2, 4, 3, 5, 2, 2, 127, 'チェンジアップ', 73.0, 86.8, '空三振', 5, 4, 24, 'B18');"
"INSERT INTO ballinfo VALUES ('2019-04-17', 2019041705, 'ロッテ', 'ソフトバンク', '岩下 大輝', '右', 'ロッテ', '美間 優槻', '右', 'ソフトバンク', 4, 1, 1, 1, 1, 0, 0, 144, 'ストレート', 72.0, 68.8, '見逃し', 4, 4, 19, 'S9');"
"INSERT INTO ballinfo VALUES ('2019-04-17', 2019041705, 'ロッテ', 'ソフトバンク', '岩下 大輝', '右', 'ロッテ', '美間 優槻', '右', 'ソフトバンク', 4, 1, 1, 1, 2, 0, 1, 145, 'ストレート', 89.5, 70.0, 'ボール', 4, 5, 20, 'B11');"
"INSERT INTO ballinfo VALUES ('2019-04-17', 2019041705, 'ロッテ', 'ソフトバンク', '岩下 大輝', '右', 'ロッテ', '美間 優槻', '右', 'ソフトバンク', 4, 1, 1, 1, 3, 1, 1, 133, 'フォーク', 72.0, 89.2, 'ボール', 5, 4, 24, 'B18');"
"INSERT INTO ballinfo VALUES ('2019-04-17', 2019041705, 'ロッテ', 'ソフトバンク', '岩下 大輝', '右', 'ロッテ', '美間 優槻', '右', 'ソフトバンク', 4, 1, 1, 1, 4, 2, 1, 143, 'ストレート', 50.5, 75.6, '右飛', 4, 3, 18, 'S8');"
"INSERT INTO ballinfo VALUES ('2019-04-17', 2019041705, 'ロッテ', 'ソフトバンク', '岩下 大輝', '右', 'ロッテ', '松田 宣浩', '右', 'ソフトバンク', 4, 1, 2, 2, 1, 0, 0, 132, 'フォーク', 30.0, 33.6, 'ファウル', 2, 2, 7, 'S1');"
"INSERT INTO ballinfo VALUES ('2019-04-17', 2019041705, 'ロッテ', 'ソフトバンク', '岩下 大輝', '右', 'ロッテ', '松田 宣浩', '右', 'ソフトバンク', 4, 1, 2, 2, 2, 0, 1, 140, 'ストレート', 14.5, 51.6, 'ボール', 3, 1, 11, 'B8');"
"INSERT INTO ballinfo VALUES ('2019-04-17', 2019041705, 'ロッテ', 'ソフトバンク', '岩下 大輝', '右', 'ロッテ', '松田 宣浩', '右', 'ソフトバンク', 4, 1, 2, 2, 3, 1, 1, 146, 'ストレート', 51.5, 69.6, 'ファウル', 4, 3, 18, 'S8');"
"INSERT INTO ballinfo VALUES ('2019-04-17', 2019041705, 'ロッテ', 'ソフトバンク', '岩下 大輝', '右', 'ロッテ', '松田 宣浩', '右', 'ソフトバンク', 4, 1, 2, 2, 4, 1, 2, 147, 'ストレート', 90.0, 70.4, 'ボール', 4, 5, 20, 'B11');"
"INSERT INTO ballinfo VALUES ('2019-04-17', 2019041705, 'ロッテ', 'ソフトバンク', '岩下 大輝', '右', 'ロッテ', '松田 宣浩', '右', 'ソフトバンク', 4, 1, 2, 2, 5, 2, 2, 145, 'ストレート', 72.5, 52.4, '一ゴロ', 3, 4, 14, 'S6');"
"INSERT INTO ballinfo VALUES ('2019-04-17', 2019041705, 'ロッテ', 'ソフトバンク', '岩下 大輝', '右', 'ロッテ', '釜元 豪', '左', 'ソフトバンク', 4, 1, 3, 3, 1, 0, 0, 147, 'ストレート', 50.0, 73.2, '見逃し', 4, 3, 18, 'S8');"
"INSERT INTO ballinfo VALUES ('2019-04-17', 2019041705, 'ロッテ', 'ソフトバンク', '岩下 大輝', '右', 'ロッテ', '釜元 豪', '左', 'ソフトバンク', 4, 1, 3, 3, 2, 0, 1, 146, 'ストレート', 50.0, 66.0, '一ゴロ', 4, 3, 18, 'S8');"
"INSERT INTO ballinfo VALUES ('2019-04-17', 2019041705, 'ロッテ', 'ソフトバンク', '大竹 耕太郎', '左', 'ソフトバンク', '角中 勝也', '左', 'ロッテ', 4, 2, 1, 1, 1, 0, 0, 135, 'ストレート', 49.5, 52.4, '遊ゴロ', 3, 3, 13, 'S5');"
"INSERT INTO ballinfo VALUES ('2019-04-17', 2019041705, 'ロッテ', 'ソフトバンク', '大竹 耕太郎', '左', 'ソフトバンク', 'レアード', '右', 'ロッテ', 4, 2, 2, 2, 1, 0, 0, 136, 'ストレート', 14.0, 70.4, 'ボール', 4, 1, 16, 'B10');"
"INSERT INTO ballinfo VALUES ('2019-04-17', 2019041705, 'ロッテ', 'ソフトバンク', '大竹 耕太郎', '左', 'ソフトバンク', 'レアード', '右', 'ロッテ', 4, 2, 2, 2, 2, 1, 0, 120, 'スライダー', 52.5, 33.2, '見逃し', 2, 3, 8, 'S2');"
"INSERT INTO ballinfo VALUES ('2019-04-17', 2019041705, 'ロッテ', 'ソフトバンク', '大竹 耕太郎', '左', 'ソフトバンク', 'レアード', '右', 'ロッテ', 4, 2, 2, 2, 3, 1, 1, 137, 'ストレート', 32.0, 72.8, '見逃し', 4, 2, 17, 'S7');"
"INSERT INTO ballinfo VALUES ('2019-04-17', 2019041705, 'ロッテ', 'ソフトバンク', '大竹 耕太郎', '左', 'ソフトバンク', 'レアード', '右', 'ロッテ', 4, 2, 2, 2, 4, 1, 2, 136, 'ストレート', 53.0, 71.6, '右飛', 4, 3, 18, 'S8');"
"INSERT INTO ballinfo VALUES ('2019-04-17', 2019041705, 'ロッテ', 'ソフトバンク', '大竹 耕太郎', '左', 'ソフトバンク', '鈴木 大地', '左', 'ロッテ', 4, 2, 3, 3, 1, 0, 0, 122, 'シュート', 29.5, 67.6, '見逃し', 4, 2, 17, 'S7');"
"INSERT INTO ballinfo VALUES ('2019-04-17', 2019041705, 'ロッテ', 'ソフトバンク', '大竹 耕太郎', '左', 'ソフトバンク', '鈴木 大地', '左', 'ロッテ', 4, 2, 3, 3, 2, 0, 1, 108, 'カーブ', 51.5, 91.2, 'ボール', 5, 3, 23, 'B17');"
"INSERT INTO ballinfo VALUES ('2019-04-17', 2019041705, 'ロッテ', 'ソフトバンク', '大竹 耕太郎', '左', 'ソフトバンク', '鈴木 大地', '左', 'ロッテ', 4, 2, 3, 3, 3, 1, 1, 136, 'ストレート', 71.5, 31.2, '捕邪飛', 2, 4, 9, 'S3');"
"INSERT INTO ballinfo VALUES ('2019-04-17', 2019041705, 'ロッテ', 'ソフトバンク', '岩下 大輝', '右', 'ロッテ', '川島 慶三', '右', 'ソフトバンク', 5, 1, 1, 0, 1, 0, 0, 144, 'ストレート', 53.5, 29.2, '見逃し', 2, 3, 8, 'S2');"
"INSERT INTO ballinfo VALUES ('2019-04-17', 2019041705, 'ロッテ', 'ソフトバンク', '岩下 大輝', '右', 'ロッテ', '川島 慶三', '右', 'ソフトバンク', 5, 1, 1, 0, 2, 0, 1, 142, 'ストレート', 72.5, 34.8, 'ファウル', 2, 4, 9, 'S3');"
"INSERT INTO ballinfo VALUES ('2019-04-17', 2019041705, 'ロッテ', 'ソフトバンク', '岩下 大輝', '右', 'ロッテ', '川島 慶三', '右', 'ソフトバンク', 5, 1, 1, 0, 3, 0, 2, 135, 'フォーク', 73.5, 88.8, 'ボール', 5, 4, 24, 'B18');"
"INSERT INTO ballinfo VALUES ('2019-04-17', 2019041705, 'ロッテ', 'ソフトバンク', '岩下 大輝', '右', 'ロッテ', '川島 慶三', '右', 'ソフトバンク', 5, 1, 1, 0, 4, 1, 2, 131, 'フォーク', 71.5, 53.2, 'ファウル', 3, 4, 14, 'S6');"
"INSERT INTO ballinfo VALUES ('2019-04-17', 2019041705, 'ロッテ', 'ソフトバンク', '岩下 大輝', '右', 'ロッテ', '川島 慶三', '右', 'ソフトバンク', 5, 1, 1, 0, 5, 1, 3, 118, 'スライダー', 51.0, 11.2, 'ボール', 1, 3, 3, 'B3');"
"INSERT INTO ballinfo VALUES ('2019-04-17', 2019041705, 'ロッテ', 'ソフトバンク', '岩下 大輝', '右', 'ロッテ', '川島 慶三', '右', 'ソフトバンク', 5, 1, 1, 0, 6, 2, 3, 145, 'ストレート', 88.5, 50.4, 'ファウル', 3, 5, 15, 'B9');"
"INSERT INTO ballinfo VALUES ('2019-04-17', 2019041705, 'ロッテ', 'ソフトバンク', '岩下 大輝', '右', 'ロッテ', '川島 慶三', '右', 'ソフトバンク', 5, 1, 1, 0, 7, 2, 4, 135, 'フォーク', 88.5, 88.4, 'ボール', 5, 5, 25, 'B19');"
"INSERT INTO ballinfo VALUES ('2019-04-17', 2019041705, 'ロッテ', 'ソフトバンク', '岩下 大輝', '右', 'ロッテ', '川島 慶三', '右', 'ソフトバンク', 5, 1, 1, 0, 8, 3, 4, 134, 'フォーク', 91.0, 98.0, '四球', 5, 5, 25, 'B19');"
"INSERT INTO ballinfo VALUES ('2019-04-17', 2019041705, 'ロッテ', 'ソフトバンク', '岩下 大輝', '右', 'ロッテ', '甲斐 拓也', '右', 'ソフトバンク', 5, 1, 2, 2, 1, 0, 0, 143, 'ストレート', 53.5, 53.2, 'ファウル', 3, 3, 13, 'S5');"
"INSERT INTO ballinfo VALUES ('2019-04-17', 2019041705, 'ロッテ', 'ソフトバンク', '岩下 大輝', '右', 'ロッテ', '甲斐 拓也', '右', 'ソフトバンク', 5, 1, 2, 2, 2, 0, 1, 143, 'ストレート', 56.5, 46.8, '投併打', 3, 3, 13, 'S5');"
"INSERT INTO ballinfo VALUES ('2019-04-17', 2019041705, 'ロッテ', 'ソフトバンク', '岩下 大輝', '右', 'ロッテ', '牧原 大成', '左', 'ソフトバンク', 5, 1, 3, 3, 1, 0, 0, 135, 'フォーク', 88.5, 91.2, 'ボール', 5, 5, 25, 'B19');"
"INSERT INTO ballinfo VALUES ('2019-04-17', 2019041705, 'ロッテ', 'ソフトバンク', '岩下 大輝', '右', 'ロッテ', '牧原 大成', '左', 'ソフトバンク', 5, 1, 3, 3, 2, 1, 0, 146, 'ストレート', 53.0, 50.8, 'ファウル', 3, 3, 13, 'S5');"
"INSERT INTO ballinfo VALUES ('2019-04-17', 2019041705, 'ロッテ', 'ソフトバンク', '岩下 大輝', '右', 'ロッテ', '牧原 大成', '左', 'ソフトバンク', 5, 1, 3, 3, 3, 1, 1, 146, 'ストレート', 32.5, 55.6, '見逃し', 3, 2, 12, 'S4');"
"INSERT INTO ballinfo VALUES ('2019-04-17', 2019041705, 'ロッテ', 'ソフトバンク', '岩下 大輝', '右', 'ロッテ', '牧原 大成', '左', 'ソフトバンク', 5, 1, 3, 3, 4, 1, 2, 146, 'ストレート', 30.5, 84.4, 'ボール', 5, 2, 22, 'B16');"
"INSERT INTO ballinfo VALUES ('2019-04-17', 2019041705, 'ロッテ', 'ソフトバンク', '岩下 大輝', '右', 'ロッテ', '牧原 大成', '左', 'ソフトバンク', 5, 1, 3, 3, 5, 2, 2, 147, 'ストレート', 33.0, 46.8, 'ファウル', 3, 2, 12, 'S4');"
"INSERT INTO ballinfo VALUES ('2019-04-17', 2019041705, 'ロッテ', 'ソフトバンク', '岩下 大輝', '右', 'ロッテ', '牧原 大成', '左', 'ソフトバンク', 5, 1, 3, 3, 6, 2, 3, 135, 'フォーク', 50.5, 68.4, '遊ゴロ', 4, 3, 18, 'S8');"
"INSERT INTO ballinfo VALUES ('2019-04-17', 2019041705, 'ロッテ', 'ソフトバンク', '大竹 耕太郎', '左', 'ソフトバンク', 'バルガス', '右', 'ロッテ', 5, 2, 1, 0, 1, 0, 0, 104, 'カーブ', 72.0, 13.6, 'ボール', 1, 4, 4, 'B4');"
"INSERT INTO ballinfo VALUES ('2019-04-17', 2019041705, 'ロッテ', 'ソフトバンク', '大竹 耕太郎', '左', 'ソフトバンク', 'バルガス', '右', 'ロッテ', 5, 2, 1, 0, 2, 1, 0, 122, 'チェンジアップ', 72.5, 70.8, '左安', 4, 4, 19, 'S9');"
"INSERT INTO ballinfo VALUES ('2019-04-17', 2019041705, 'ロッテ', 'ソフトバンク', '大竹 耕太郎', '左', 'ソフトバンク', '藤岡 裕大', '左', 'ロッテ', 5, 2, 2, 1, 1, 0, 0, 135, 'ストレート', 29.5, 72.4, '空振り', 4, 2, 17, 'S7');"
"INSERT INTO ballinfo VALUES ('2019-04-17', 2019041705, 'ロッテ', 'ソフトバンク', '大竹 耕太郎', '左', 'ソフトバンク', '藤岡 裕大', '左', 'ロッテ', 5, 2, 2, 1, 2, 0, 1, 133, 'ストレート', 29.5, 55.2, '見逃し', 3, 2, 12, 'S4');"
"INSERT INTO ballinfo VALUES ('2019-04-17', 2019041705, 'ロッテ', 'ソフトバンク', '大竹 耕太郎', '左', 'ソフトバンク', '藤岡 裕大', '左', 'ロッテ', 5, 2, 2, 1, 3, 0, 2, 124, 'スライダー', 10.0, 70.8, 'ボール', 4, 1, 16, 'B10');"
"INSERT INTO ballinfo VALUES ('2019-04-17', 2019041705, 'ロッテ', 'ソフトバンク', '大竹 耕太郎', '左', 'ソフトバンク', '藤岡 裕大', '左', 'ロッテ', 5, 2, 2, 1, 4, 1, 2, 125, 'スライダー', 31.0, 84.8, '二ゴロ', 5, 2, 22, 'B16');"
"INSERT INTO ballinfo VALUES ('2019-04-17', 2019041705, 'ロッテ', 'ソフトバンク', '大竹 耕太郎', '左', 'ソフトバンク', '吉田 裕太', '右', 'ロッテ', 5, 2, 3, 1, 1, 0, 0, 128, 'チェンジアップ', 90.0, 32.4, 'ボール', 2, 5, 10, 'B7');"
"INSERT INTO ballinfo VALUES ('2019-04-17', 2019041705, 'ロッテ', 'ソフトバンク', '大竹 耕太郎', '左', 'ソフトバンク', '吉田 裕太', '右', 'ロッテ', 5, 2, 3, 1, 2, 1, 0, 126, 'チェンジアップ', 73.5, 51.2, 'ファウル', 3, 4, 14, 'S6');"
"INSERT INTO ballinfo VALUES ('2019-04-17', 2019041705, 'ロッテ', 'ソフトバンク', '大竹 耕太郎', '左', 'ソフトバンク', '吉田 裕太', '右', 'ロッテ', 5, 2, 3, 1, 3, 1, 1, 134, 'ストレート', 31.5, 72.0, '見逃し', 4, 2, 17, 'S7');"
"INSERT INTO ballinfo VALUES ('2019-04-17', 2019041705, 'ロッテ', 'ソフトバンク', '大竹 耕太郎', '左', 'ソフトバンク', '吉田 裕太', '右', 'ロッテ', 5, 2, 3, 1, 4, 1, 2, 134, 'ストレート', 52.5, 35.6, 'ファウル', 2, 3, 8, 'S2');"
"INSERT INTO ballinfo VALUES ('2019-04-17', 2019041705, 'ロッテ', 'ソフトバンク', '大竹 耕太郎', '左', 'ソフトバンク', '吉田 裕太', '右', 'ロッテ', 5, 2, 3, 1, 5, 1, 3, 133, 'ストレート', 91.0, 25.2, 'ボール', 2, 5, 10, 'B7');"
"INSERT INTO ballinfo VALUES ('2019-04-17', 2019041705, 'ロッテ', 'ソフトバンク', '大竹 耕太郎', '左', 'ソフトバンク', '吉田 裕太', '右', 'ロッテ', 5, 2, 3, 1, 6, 2, 3, 121, 'チェンジアップ', 52.5, 28.0, '左安', 2, 3, 8, 'S2');"
"INSERT INTO ballinfo VALUES ('2019-04-17', 2019041705, 'ロッテ', 'ソフトバンク', '大竹 耕太郎', '左', 'ソフトバンク', '荻野 貴司', '右', 'ロッテ', 5, 2, 4, 2, 1, 0, 0, 120, 'チェンジアップ', 52.0, 16.8, 'ボール', 1, 3, 3, 'B3');"
"INSERT INTO ballinfo VALUES ('2019-04-17', 2019041705, 'ロッテ', 'ソフトバンク', '大竹 耕太郎', '左', 'ソフトバンク', '荻野 貴司', '右', 'ロッテ', 5, 2, 4, 2, 2, 1, 0, 126, 'シュート', 71.5, 36.4, 'ファウル', 2, 4, 9, 'S3');"
"INSERT INTO ballinfo VALUES ('2019-04-17', 2019041705, 'ロッテ', 'ソフトバンク', '大竹 耕太郎', '左', 'ソフトバンク', '荻野 貴司', '右', 'ロッテ', 5, 2, 4, 2, 3, 1, 1, 133, 'ストレート', 31.5, 30.4, '中安', 2, 2, 7, 'S1');"
"INSERT INTO ballinfo VALUES ('2019-04-17', 2019041705, 'ロッテ', 'ソフトバンク', '大竹 耕太郎', '左', 'ソフトバンク', '細谷 圭', '右', 'ロッテ', 5, 2, 5, 3, 1, 0, 0, 122, 'チェンジアップ', 69.5, 54.4, '空振り', 3, 4, 14, 'S6');"
"INSERT INTO ballinfo VALUES ('2019-04-17', 2019041705, 'ロッテ', 'ソフトバンク', '大竹 耕太郎', '左', 'ソフトバンク', '細谷 圭', '右', 'ロッテ', 5, 2, 5, 3, 2, 0, 1, 122, 'チェンジアップ', 74.0, 70.8, '一飛', 4, 4, 19, 'S9');"
"INSERT INTO ballinfo VALUES ('2019-04-17', 2019041705, 'ロッテ', 'ソフトバンク', '岩下 大輝', '右', 'ロッテ', '今宮 健太', '右', 'ソフトバンク', 6, 1, 1, 1, 1, 0, 0, 144, 'ストレート', 13.5, 31.6, 'ボール', 2, 1, 6, 'B6');"
"INSERT INTO ballinfo VALUES ('2019-04-17', 2019041705, 'ロッテ', 'ソフトバンク', '岩下 大輝', '右', 'ロッテ', '今宮 健太', '右', 'ソフトバンク', 6, 1, 1, 1, 2, 1, 0, 146, 'ストレート', 31.5, 73.2, '見逃し', 4, 2, 17, 'S7');"
"INSERT INTO ballinfo VALUES ('2019-04-17', 2019041705, 'ロッテ', 'ソフトバンク', '岩下 大輝', '右', 'ロッテ', '今宮 健太', '右', 'ソフトバンク', 6, 1, 1, 1, 3, 1, 1, 143, 'ストレート', 74.0, 14.4, 'ボール', 1, 4, 4, 'B4');"
"INSERT INTO ballinfo VALUES ('2019-04-17', 2019041705, 'ロッテ', 'ソフトバンク', '岩下 大輝', '右', 'ロッテ', '今宮 健太', '右', 'ソフトバンク', 6, 1, 1, 1, 4, 2, 1, 120, 'スライダー', 72.5, 70.8, '空振り', 4, 4, 19, 'S9');"
"INSERT INTO ballinfo VALUES ('2019-04-17', 2019041705, 'ロッテ', 'ソフトバンク', '岩下 大輝', '右', 'ロッテ', '今宮 健太', '右', 'ソフトバンク', 6, 1, 1, 1, 5, 2, 2, 146, 'ストレート', 51.5, 9.2, 'ボール', 1, 3, 3, 'B3');"
"INSERT INTO ballinfo VALUES ('2019-04-17', 2019041705, 'ロッテ', 'ソフトバンク', '岩下 大輝', '右', 'ロッテ', '今宮 健太', '右', 'ソフトバンク', 6, 1, 1, 1, 6, 3, 2, 146, 'ストレート', 53.0, 46.4, 'ファウル', 3, 3, 13, 'S5');"
"INSERT INTO ballinfo VALUES ('2019-04-17', 2019041705, 'ロッテ', 'ソフトバンク', '岩下 大輝', '右', 'ロッテ', '今宮 健太', '右', 'ソフトバンク', 6, 1, 1, 1, 7, 3, 3, 141, 'ストレート', 71.5, 52.8, '空三振', 3, 4, 14, 'S6');"
"INSERT INTO ballinfo VALUES ('2019-04-17', 2019041705, 'ロッテ', 'ソフトバンク', '岩下 大輝', '右', 'ロッテ', '内川 聖一', '右', 'ソフトバンク', 6, 1, 2, 2, 1, 0, 0, 146, 'ストレート', 31.5, 52.0, '見逃し', 3, 2, 12, 'S4');"
"INSERT INTO ballinfo VALUES ('2019-04-17', 2019041705, 'ロッテ', 'ソフトバンク', '岩下 大輝', '右', 'ロッテ', '内川 聖一', '右', 'ソフトバンク', 6, 1, 2, 2, 2, 0, 1, 146, 'ストレート', 71.5, 32.0, 'ファウル', 2, 4, 9, 'S3');"
"INSERT INTO ballinfo VALUES ('2019-04-17', 2019041705, 'ロッテ', 'ソフトバンク', '岩下 大輝', '右', 'ロッテ', '内川 聖一', '右', 'ソフトバンク', 6, 1, 2, 2, 3, 0, 2, 133, 'フォーク', 73.5, 86.0, 'ボール', 5, 4, 24, 'B18');"
"INSERT INTO ballinfo VALUES ('2019-04-17', 2019041705, 'ロッテ', 'ソフトバンク', '岩下 大輝', '右', 'ロッテ', '内川 聖一', '右', 'ソフトバンク', 6, 1, 2, 2, 4, 1, 2, 131, 'フォーク', 50.5, 33.6, '遊ゴロ', 2, 3, 8, 'S2');"
"INSERT INTO ballinfo VALUES ('2019-04-17', 2019041705, 'ロッテ', 'ソフトバンク', '岩下 大輝', '右', 'ロッテ', 'デスパイネ', '右', 'ソフトバンク', 6, 1, 3, 3, 1, 0, 0, 134, 'フォーク', 90.0, 91.6, 'ボール', 5, 5, 25, 'B19');"
"INSERT INTO ballinfo VALUES ('2019-04-17', 2019041705, 'ロッテ', 'ソフトバンク', '岩下 大輝', '右', 'ロッテ', 'デスパイネ', '右', 'ソフトバンク', 6, 1, 3, 3, 2, 1, 0, 147, 'ストレート', 91.5, 31.6, 'ボール', 2, 5, 10, 'B7');"
"INSERT INTO ballinfo VALUES ('2019-04-17', 2019041705, 'ロッテ', 'ソフトバンク', '岩下 大輝', '右', 'ロッテ', 'デスパイネ', '右', 'ソフトバンク', 6, 1, 3, 3, 3, 2, 0, 147, 'ストレート', 54.5, 54.0, '右飛', 3, 3, 13, 'S5');"
"INSERT INTO ballinfo VALUES ('2019-04-17', 2019041705, 'ロッテ', 'ソフトバンク', '大竹 耕太郎', '左', 'ソフトバンク', '中村 奨吾', '右', 'ロッテ', 6, 2, 1, 1, 1, 0, 0, 127, 'チェンジアップ', 70.5, 14.0, 'ボール', 1, 4, 4, 'B4');"
"INSERT INTO ballinfo VALUES ('2019-04-17', 2019041705, 'ロッテ', 'ソフトバンク', '大竹 耕太郎', '左', 'ソフトバンク', '中村 奨吾', '右', 'ロッテ', 6, 2, 1, 1, 2, 1, 0, 125, 'シュート', 52.0, 69.6, '左安', 4, 3, 18, 'S8');"
"INSERT INTO ballinfo VALUES ('2019-04-17', 2019041705, 'ロッテ', 'ソフトバンク', '大竹 耕太郎', '左', 'ソフトバンク', '角中 勝也', '左', 'ロッテ', 6, 2, 2, 2, 1, 0, 0, 118, 'スライダー', 33.5, 71.6, '見逃し', 4, 2, 17, 'S7');"
"INSERT INTO ballinfo VALUES ('2019-04-17', 2019041705, 'ロッテ', 'ソフトバンク', '大竹 耕太郎', '左', 'ソフトバンク', '角中 勝也', '左', 'ロッテ', 6, 2, 2, 2, 2, 0, 1, 122, 'チェンジアップ', 29.5, 65.6, 'ファウル', 4, 2, 17, 'S7');"
"INSERT INTO ballinfo VALUES ('2019-04-17', 2019041705, 'ロッテ', 'ソフトバンク', '大竹 耕太郎', '左', 'ソフトバンク', '角中 勝也', '左', 'ロッテ', 6, 2, 2, 2, 3, 0, 2, 131, 'ストレート', 12.5, 69.6, 'ボール', 4, 1, 16, 'B10');"
"INSERT INTO ballinfo VALUES ('2019-04-17', 2019041705, 'ロッテ', 'ソフトバンク', '大竹 耕太郎', '左', 'ソフトバンク', '角中 勝也', '左', 'ロッテ', 6, 2, 2, 2, 4, 1, 2, 135, 'ストレート', 52.5, 88.8, 'ボール', 5, 3, 23, 'B17');"
"INSERT INTO ballinfo VALUES ('2019-04-17', 2019041705, 'ロッテ', 'ソフトバンク', '大竹 耕太郎', '左', 'ソフトバンク', '角中 勝也', '左', 'ロッテ', 6, 2, 2, 2, 5, 2, 2, 126, 'スライダー', 32.0, 87.6, 'ボール', 5, 2, 22, 'B16');"
"INSERT INTO ballinfo VALUES ('2019-04-17', 2019041705, 'ロッテ', 'ソフトバンク', '大竹 耕太郎', '左', 'ソフトバンク', '角中 勝也', '左', 'ロッテ', 6, 2, 2, 2, 6, 3, 2, 125, 'チェンジアップ', 52.5, 70.8, '遊ゴロ', 4, 3, 18, 'S8');"
"INSERT INTO ballinfo VALUES ('2019-04-17', 2019041705, 'ロッテ', 'ソフトバンク', '大竹 耕太郎', '左', 'ソフトバンク', 'レアード', '右', 'ロッテ', 6, 2, 3, 2, 1, 0, 0, 107, 'カーブ', 14.0, 71.6, 'ボール', 4, 1, 16, 'B10');"
"INSERT INTO ballinfo VALUES ('2019-04-17', 2019041705, 'ロッテ', 'ソフトバンク', '大竹 耕太郎', '左', 'ソフトバンク', 'レアード', '右', 'ロッテ', 6, 2, 3, 2, 2, 1, 0, 123, 'チェンジアップ', 90.5, 30.0, 'ボール', 2, 5, 10, 'B7');"
"INSERT INTO ballinfo VALUES ('2019-04-17', 2019041705, 'ロッテ', 'ソフトバンク', '大竹 耕太郎', '左', 'ソフトバンク', 'レアード', '右', 'ロッテ', 6, 2, 3, 2, 3, 2, 0, 119, 'スライダー', 53.0, 12.4, 'ボール', 1, 3, 3, 'B3');"
"INSERT INTO ballinfo VALUES ('2019-04-17', 2019041705, 'ロッテ', 'ソフトバンク', '大竹 耕太郎', '左', 'ソフトバンク', 'レアード', '右', 'ロッテ', 6, 2, 3, 2, 4, 3, 0, 130, 'ストレート', 51.5, 84.8, '四球', 5, 3, 23, 'B17');"
"INSERT INTO ballinfo VALUES ('2019-04-17', 2019041705, 'ロッテ', 'ソフトバンク', '大竹 耕太郎', '左', 'ソフトバンク', '鈴木 大地', '左', 'ロッテ', 6, 2, 4, 3, 1, 0, 0, 120, 'チェンジアップ', 30.0, 54.8, '見逃し', 3, 2, 12, 'S4');"
"INSERT INTO ballinfo VALUES ('2019-04-17', 2019041705, 'ロッテ', 'ソフトバンク', '大竹 耕太郎', '左', 'ソフトバンク', '鈴木 大地', '左', 'ロッテ', 6, 2, 4, 3, 2, 0, 1, 134, 'ストレート', 34.5, 71.2, 'ファウル', 4, 2, 17, 'S7');"
"INSERT INTO ballinfo VALUES ('2019-04-17', 2019041705, 'ロッテ', 'ソフトバンク', '大竹 耕太郎', '左', 'ソフトバンク', '鈴木 大地', '左', 'ロッテ', 6, 2, 4, 3, 3, 0, 2, 132, 'ストレート', 12.5, 89.2, 'ボール', 5, 1, 21, 'B15');"
"INSERT INTO ballinfo VALUES ('2019-04-17', 2019041705, 'ロッテ', 'ソフトバンク', '大竹 耕太郎', '左', 'ソフトバンク', '鈴木 大地', '左', 'ロッテ', 6, 2, 4, 3, 4, 1, 2, 135, 'ストレート', 15.0, 70.4, '遊ゴロ', 4, 1, 16, 'B10');"
"INSERT INTO ballinfo VALUES ('2019-04-17', 2019041705, 'ロッテ', 'ソフトバンク', '酒居 知史', '右', 'ロッテ', '美間 優槻', '右', 'ソフトバンク', 7, 1, 1, 1, 1, 0, 0, 146, 'ストレート', 71.5, 32.0, '空振り', 2, 4, 9, 'S3');"
"INSERT INTO ballinfo VALUES ('2019-04-17', 2019041705, 'ロッテ', 'ソフトバンク', '酒居 知史', '右', 'ロッテ', '美間 優槻', '右', 'ソフトバンク', 7, 1, 1, 1, 2, 0, 1, 145, 'ストレート', 89.5, 71.2, 'ボール', 4, 5, 20, 'B11');"
"INSERT INTO ballinfo VALUES ('2019-04-17', 2019041705, 'ロッテ', 'ソフトバンク', '酒居 知史', '右', 'ロッテ', '美間 優槻', '右', 'ソフトバンク', 7, 1, 1, 1, 3, 1, 1, 146, 'ストレート', 54.5, 51.6, 'ファウル', 3, 3, 13, 'S5');"
"INSERT INTO ballinfo VALUES ('2019-04-17', 2019041705, 'ロッテ', 'ソフトバンク', '酒居 知史', '右', 'ロッテ', '美間 優槻', '右', 'ソフトバンク', 7, 1, 1, 1, 4, 1, 2, 134, 'フォーク', 31.5, 55.6, 'ファウル', 3, 2, 12, 'S4');"
"INSERT INTO ballinfo VALUES ('2019-04-17', 2019041705, 'ロッテ', 'ソフトバンク', '酒居 知史', '右', 'ロッテ', '美間 優槻', '右', 'ソフトバンク', 7, 1, 1, 1, 5, 1, 3, 135, 'フォーク', 31.5, 89.6, '空三振', 5, 2, 22, 'B16');"
"INSERT INTO ballinfo VALUES ('2019-04-17', 2019041705, 'ロッテ', 'ソフトバンク', '酒居 知史', '右', 'ロッテ', '松田 宣浩', '右', 'ソフトバンク', 7, 1, 2, 2, 1, 0, 0, 147, 'ストレート', 88.0, 28.8, 'ファウル', 2, 5, 10, 'B7');"
"INSERT INTO ballinfo VALUES ('2019-04-17', 2019041705, 'ロッテ', 'ソフトバンク', '酒居 知史', '右', 'ロッテ', '松田 宣浩', '右', 'ソフトバンク', 7, 1, 2, 2, 2, 0, 1, 145, 'ストレート', 89.0, 49.6, '二ゴロ', 3, 5, 15, 'B9');"
"INSERT INTO ballinfo VALUES ('2019-04-17', 2019041705, 'ロッテ', 'ソフトバンク', '酒居 知史', '右', 'ロッテ', '釜元 豪', '左', 'ソフトバンク', 7, 1, 3, 3, 1, 0, 0, 146, 'ストレート', 30.0, 51.6, '見逃し', 3, 2, 12, 'S4');"
"INSERT INTO ballinfo VALUES ('2019-04-17', 2019041705, 'ロッテ', 'ソフトバンク', '酒居 知史', '右', 'ロッテ', '釜元 豪', '左', 'ソフトバンク', 7, 1, 3, 3, 2, 0, 1, 143, 'ストレート', 12.5, 71.6, 'ボール', 4, 1, 16, 'B10');"
"INSERT INTO ballinfo VALUES ('2019-04-17', 2019041705, 'ロッテ', 'ソフトバンク', '酒居 知史', '右', 'ロッテ', '釜元 豪', '左', 'ソフトバンク', 7, 1, 3, 3, 3, 1, 1, 134, 'フォーク', 32.0, 86.4, '空振り', 5, 2, 22, 'B16');"
"INSERT INTO ballinfo VALUES ('2019-04-17', 2019041705, 'ロッテ', 'ソフトバンク', '酒居 知史', '右', 'ロッテ', '釜元 豪', '左', 'ソフトバンク', 7, 1, 3, 3, 4, 1, 2, 133, 'フォーク', 29.0, 91.6, '空三振', 5, 2, 22, 'B16');"
"INSERT INTO ballinfo VALUES ('2019-04-17', 2019041705, 'ロッテ', 'ソフトバンク', '大竹 耕太郎', '左', 'ソフトバンク', 'バルガス', '右', 'ロッテ', 7, 2, 1, 1, 1, 0, 0, 0, 'カーブ', 51.0, 69.6, '遊ゴロ', 4, 3, 18, 'S8');"
"INSERT INTO ballinfo VALUES ('2019-04-17', 2019041705, 'ロッテ', 'ソフトバンク', '大竹 耕太郎', '左', 'ソフトバンク', '藤岡 裕大', '左', 'ロッテ', 7, 2, 2, 2, 1, 0, 0, 133, 'ストレート', 51.5, 29.2, '見逃し', 2, 3, 8, 'S2');"
"INSERT INTO ballinfo VALUES ('2019-04-17', 2019041705, 'ロッテ', 'ソフトバンク', '大竹 耕太郎', '左', 'ソフトバンク', '藤岡 裕大', '左', 'ロッテ', 7, 2, 2, 2, 2, 0, 1, 131, 'ストレート', 51.0, 53.6, 'ファウル', 3, 3, 13, 'S5');"
"INSERT INTO ballinfo VALUES ('2019-04-17', 2019041705, 'ロッテ', 'ソフトバンク', '大竹 耕太郎', '左', 'ソフトバンク', '藤岡 裕大', '左', 'ロッテ', 7, 2, 2, 2, 3, 0, 2, 0, 'ストレート', 31.5, 71.6, '見三振', 4, 2, 17, 'S7');"
"INSERT INTO ballinfo VALUES ('2019-04-17', 2019041705, 'ロッテ', 'ソフトバンク', '大竹 耕太郎', '左', 'ソフトバンク', '吉田 裕太', '右', 'ロッテ', 7, 2, 3, 3, 1, 0, 0, 125, 'チェンジアップ', 14.5, 71.6, 'ボール', 4, 1, 16, 'B10');"
"INSERT INTO ballinfo VALUES ('2019-04-17', 2019041705, 'ロッテ', 'ソフトバンク', '大竹 耕太郎', '左', 'ソフトバンク', '吉田 裕太', '右', 'ロッテ', 7, 2, 3, 3, 2, 1, 0, 125, 'チェンジアップ', 73.5, 70.4, '空振り', 4, 4, 19, 'S9');"
"INSERT INTO ballinfo VALUES ('2019-04-17', 2019041705, 'ロッテ', 'ソフトバンク', '大竹 耕太郎', '左', 'ソフトバンク', '吉田 裕太', '右', 'ロッテ', 7, 2, 3, 3, 3, 1, 1, 120, 'チェンジアップ', 70.0, 75.6, '空振り', 4, 4, 19, 'S9');"
"INSERT INTO ballinfo VALUES ('2019-04-17', 2019041705, 'ロッテ', 'ソフトバンク', '大竹 耕太郎', '左', 'ソフトバンク', '吉田 裕太', '右', 'ロッテ', 7, 2, 3, 3, 4, 1, 2, 125, 'フォーク', 72.0, 91.2, 'ボール', 5, 4, 24, 'B18');"
"INSERT INTO ballinfo VALUES ('2019-04-17', 2019041705, 'ロッテ', 'ソフトバンク', '大竹 耕太郎', '左', 'ソフトバンク', '吉田 裕太', '右', 'ロッテ', 7, 2, 3, 3, 5, 2, 2, 124, 'チェンジアップ', 75.0, 84.8, '空三振', 5, 4, 24, 'B18');"
"INSERT INTO ballinfo VALUES ('2019-04-17', 2019041705, 'ロッテ', 'ソフトバンク', '唐川 侑己', '右', 'ロッテ', '川島 慶三', '右', 'ソフトバンク', 8, 1, 1, 0, 1, 0, 0, 0, 'スライダー', 69.5, 52.8, '遊安', 3, 4, 14, 'S6');"
"INSERT INTO ballinfo VALUES ('2019-04-17', 2019041705, 'ロッテ', 'ソフトバンク', '唐川 侑己', '右', 'ロッテ', '甲斐 拓也', '右', 'ソフトバンク', 8, 1, 2, 1, 1, 0, 0, 0, 'スライダー', 51.5, 72.8, '捕邪飛', 4, 3, 18, 'S8');"
"INSERT INTO ballinfo VALUES ('2019-04-17', 2019041705, 'ロッテ', 'ソフトバンク', '唐川 侑己', '右', 'ロッテ', '牧原 大成', '左', 'ソフトバンク', 8, 1, 3, 2, 1, 0, 0, 138, 'スライダー', 11.5, 71.6, 'ボール', 4, 1, 16, 'B10');"
"INSERT INTO ballinfo VALUES ('2019-04-17', 2019041705, 'ロッテ', 'ソフトバンク', '唐川 侑己', '右', 'ロッテ', '牧原 大成', '左', 'ソフトバンク', 8, 1, 3, 2, 2, 1, 0, 138, 'スライダー', 74.5, 52.0, 'ファウル', 3, 4, 14, 'S6');"
"INSERT INTO ballinfo VALUES ('2019-04-17', 2019041705, 'ロッテ', 'ソフトバンク', '唐川 侑己', '右', 'ロッテ', '牧原 大成', '左', 'ソフトバンク', 8, 1, 3, 2, 3, 1, 1, 117, 'カーブ', 31.5, 53.2, '見逃し', 3, 2, 12, 'S4');"
"INSERT INTO ballinfo VALUES ('2019-04-17', 2019041705, 'ロッテ', 'ソフトバンク', '唐川 侑己', '右', 'ロッテ', '牧原 大成', '左', 'ソフトバンク', 8, 1, 3, 2, 4, 1, 2, 138, 'フォーク', 15.5, 68.8, '遊ゴロ', 4, 1, 16, 'B10');"
"INSERT INTO ballinfo VALUES ('2019-04-17', 2019041705, 'ロッテ', 'ソフトバンク', '唐川 侑己', '右', 'ロッテ', '今宮 健太', '右', 'ソフトバンク', 8, 1, 4, 3, 1, 0, 0, 139, 'スライダー', 13.0, 32.4, 'ボール', 2, 1, 6, 'B6');"
"INSERT INTO ballinfo VALUES ('2019-04-17', 2019041705, 'ロッテ', 'ソフトバンク', '唐川 侑己', '右', 'ロッテ', '今宮 健太', '右', 'ソフトバンク', 8, 1, 4, 3, 2, 1, 0, 139, 'スライダー', 71.0, 45.2, '中飛', 3, 4, 14, 'S6');"
"INSERT INTO ballinfo VALUES ('2019-04-17', 2019041705, 'ロッテ', 'ソフトバンク', '大竹 耕太郎', '左', 'ソフトバンク', '荻野 貴司', '右', 'ロッテ', 8, 2, 1, 1, 1, 0, 0, 105, 'カーブ', 51.5, 71.6, '見逃し', 4, 3, 18, 'S8');"
"INSERT INTO ballinfo VALUES ('2019-04-17', 2019041705, 'ロッテ', 'ソフトバンク', '大竹 耕太郎', '左', 'ソフトバンク', '荻野 貴司', '右', 'ロッテ', 8, 2, 1, 1, 2, 0, 1, 120, 'チェンジアップ', 73.0, 69.6, '中飛', 4, 4, 19, 'S9');"
"INSERT INTO ballinfo VALUES ('2019-04-17', 2019041705, 'ロッテ', 'ソフトバンク', '大竹 耕太郎', '左', 'ソフトバンク', '細谷 圭', '右', 'ロッテ', 8, 2, 2, 2, 1, 0, 0, 134, 'ストレート', 73.5, 67.2, 'ファウル', 4, 4, 19, 'S9');"
"INSERT INTO ballinfo VALUES ('2019-04-17', 2019041705, 'ロッテ', 'ソフトバンク', '大竹 耕太郎', '左', 'ソフトバンク', '細谷 圭', '右', 'ロッテ', 8, 2, 2, 2, 2, 0, 1, 118, 'チェンジアップ', 72.0, 56.0, '一ゴロ', 3, 4, 14, 'S6');"
"INSERT INTO ballinfo VALUES ('2019-04-17', 2019041705, 'ロッテ', 'ソフトバンク', '大竹 耕太郎', '左', 'ソフトバンク', '中村 奨吾', '右', 'ロッテ', 8, 2, 3, 3, 1, 0, 0, 123, 'チェンジアップ', 73.5, 54.0, 'ファウル', 3, 4, 14, 'S6');"
"INSERT INTO ballinfo VALUES ('2019-04-17', 2019041705, 'ロッテ', 'ソフトバンク', '大竹 耕太郎', '左', 'ソフトバンク', '中村 奨吾', '右', 'ロッテ', 8, 2, 3, 3, 2, 0, 1, 124, 'フォーク', 51.5, 29.6, '空振り', 2, 3, 8, 'S2');"
"INSERT INTO ballinfo VALUES ('2019-04-17', 2019041705, 'ロッテ', 'ソフトバンク', '大竹 耕太郎', '左', 'ソフトバンク', '中村 奨吾', '右', 'ロッテ', 8, 2, 3, 3, 3, 0, 2, 125, 'チェンジアップ', 71.5, 85.2, 'ファウル', 5, 4, 24, 'B18');"
"INSERT INTO ballinfo VALUES ('2019-04-17', 2019041705, 'ロッテ', 'ソフトバンク', '大竹 耕太郎', '左', 'ソフトバンク', '中村 奨吾', '右', 'ロッテ', 8, 2, 3, 3, 4, 0, 3, 134, 'ストレート', 71.5, 72.8, 'ファウル', 4, 4, 19, 'S9');"
"INSERT INTO ballinfo VALUES ('2019-04-17', 2019041705, 'ロッテ', 'ソフトバンク', '大竹 耕太郎', '左', 'ソフトバンク', '中村 奨吾', '右', 'ロッテ', 8, 2, 3, 3, 5, 0, 4, 124, 'チェンジアップ', 74.0, 92.8, 'ボール', 5, 4, 24, 'B18');"
"INSERT INTO ballinfo VALUES ('2019-04-17', 2019041705, 'ロッテ', 'ソフトバンク', '大竹 耕太郎', '左', 'ソフトバンク', '中村 奨吾', '右', 'ロッテ', 8, 2, 3, 3, 6, 1, 4, 123, 'チェンジアップ', 91.0, 88.8, 'ボール', 5, 5, 25, 'B19');"
"INSERT INTO ballinfo VALUES ('2019-04-17', 2019041705, 'ロッテ', 'ソフトバンク', '大竹 耕太郎', '左', 'ソフトバンク', '中村 奨吾', '右', 'ロッテ', 8, 2, 3, 3, 7, 2, 4, 127, 'チェンジアップ', 76.5, 88.8, 'ファウル', 5, 4, 24, 'B18');"
"INSERT INTO ballinfo VALUES ('2019-04-17', 2019041705, 'ロッテ', 'ソフトバンク', '大竹 耕太郎', '左', 'ソフトバンク', '中村 奨吾', '右', 'ロッテ', 8, 2, 3, 3, 8, 2, 5, 136, 'ストレート', 54.0, 35.2, '二邪飛', 2, 3, 8, 'S2');"
"INSERT INTO ballinfo VALUES ('2019-04-17', 2019041705, 'ロッテ', 'ソフトバンク', '益田 直也', '右', 'ロッテ', '内川 聖一', '右', 'ソフトバンク', 9, 1, 1, 1, 1, 0, 0, 134, 'カットボール', 29.5, 52.4, '見逃し', 3, 2, 12, 'S4');"
"INSERT INTO ballinfo VALUES ('2019-04-17', 2019041705, 'ロッテ', 'ソフトバンク', '益田 直也', '右', 'ロッテ', '内川 聖一', '右', 'ソフトバンク', 9, 1, 1, 1, 2, 0, 1, 148, 'ストレート', 50.5, 72.8, '遊ゴロ', 4, 3, 18, 'S8');"
"INSERT INTO ballinfo VALUES ('2019-04-17', 2019041705, 'ロッテ', 'ソフトバンク', '益田 直也', '右', 'ロッテ', 'デスパイネ', '右', 'ソフトバンク', 9, 1, 2, 2, 1, 0, 0, 151, 'ストレート', 51.5, 85.6, 'ボール', 5, 3, 23, 'B17');"
"INSERT INTO ballinfo VALUES ('2019-04-17', 2019041705, 'ロッテ', 'ソフトバンク', '益田 直也', '右', 'ロッテ', 'デスパイネ', '右', 'ソフトバンク', 9, 1, 2, 2, 2, 1, 0, 152, 'ストレート', 73.5, 88.0, 'ボール', 5, 4, 24, 'B18');"
"INSERT INTO ballinfo VALUES ('2019-04-17', 2019041705, 'ロッテ', 'ソフトバンク', '益田 直也', '右', 'ロッテ', 'デスパイネ', '右', 'ソフトバンク', 9, 1, 2, 2, 3, 2, 0, 150, 'ストレート', 72.5, 72.0, 'ファウル', 4, 4, 19, 'S9');"
"INSERT INTO ballinfo VALUES ('2019-04-17', 2019041705, 'ロッテ', 'ソフトバンク', '益田 直也', '右', 'ロッテ', 'デスパイネ', '右', 'ソフトバンク', 9, 1, 2, 2, 4, 2, 1, 149, 'ストレート', 50.5, 68.8, '空振り', 4, 3, 18, 'S8');"
"INSERT INTO ballinfo VALUES ('2019-04-17', 2019041705, 'ロッテ', 'ソフトバンク', '益田 直也', '右', 'ロッテ', 'デスパイネ', '右', 'ソフトバンク', 9, 1, 2, 2, 5, 2, 2, 151, 'ストレート', 89.5, 73.2, 'ボール', 4, 5, 20, 'B11');"
"INSERT INTO ballinfo VALUES ('2019-04-17', 2019041705, 'ロッテ', 'ソフトバンク', '益田 直也', '右', 'ロッテ', 'デスパイネ', '右', 'ソフトバンク', 9, 1, 2, 2, 6, 3, 2, 152, 'ストレート', 52.5, 54.8, '捕邪飛', 3, 3, 13, 'S5');"
"INSERT INTO ballinfo VALUES ('2019-04-17', 2019041705, 'ロッテ', 'ソフトバンク', '益田 直也', '右', 'ロッテ', '栗原 陵矢', '左', 'ソフトバンク', 9, 1, 3, 3, 1, 0, 0, 129, 'シンカー', 35.5, 71.6, 'ファウル', 4, 2, 17, 'S7');"
"INSERT INTO ballinfo VALUES ('2019-04-17', 2019041705, 'ロッテ', 'ソフトバンク', '益田 直也', '右', 'ロッテ', '栗原 陵矢', '左', 'ソフトバンク', 9, 1, 3, 3, 2, 0, 1, 130, 'シンカー', 12.5, 90.4, 'ボール', 5, 1, 21, 'B15');"
"INSERT INTO ballinfo VALUES ('2019-04-17', 2019041705, 'ロッテ', 'ソフトバンク', '益田 直也', '右', 'ロッテ', '栗原 陵矢', '左', 'ソフトバンク', 9, 1, 3, 3, 3, 1, 1, 146, 'ストレート', 16.0, 54.0, '空振り', 3, 1, 11, 'B8');"
"INSERT INTO ballinfo VALUES ('2019-04-17', 2019041705, 'ロッテ', 'ソフトバンク', '益田 直也', '右', 'ロッテ', '栗原 陵矢', '左', 'ソフトバンク', 9, 1, 3, 3, 4, 1, 2, 133, 'シンカー', 71.0, 91.6, 'ボール', 5, 4, 24, 'B18');"
"INSERT INTO ballinfo VALUES ('2019-04-17', 2019041705, 'ロッテ', 'ソフトバンク', '益田 直也', '右', 'ロッテ', '栗原 陵矢', '左', 'ソフトバンク', 9, 1, 3, 3, 5, 2, 2, 132, 'シンカー', 91.0, 87.6, '空振り', 5, 5, 25, 'B19');"
