"INSERT INTO ballinfo VALUES ('2019-04-17', 2019041706, 'オリックス', '日本ハム', '榊原 翼', '右', 'オリックス', '西川 遥輝', '左', '日本ハム', 1, 1, 1, 1, 1, 0, 0, 143, 'ストレート', 55.0, 75.6, '見逃し', 4, 3, 18, 'S8');"
"INSERT INTO ballinfo VALUES ('2019-04-17', 2019041706, 'オリックス', '日本ハム', '榊原 翼', '右', 'オリックス', '西川 遥輝', '左', '日本ハム', 1, 1, 1, 1, 2, 0, 1, 130, 'フォーク', 76.0, 84.4, 'ボール', 5, 4, 24, 'B18');"
"INSERT INTO ballinfo VALUES ('2019-04-17', 2019041706, 'オリックス', '日本ハム', '榊原 翼', '右', 'オリックス', '西川 遥輝', '左', '日本ハム', 1, 1, 1, 1, 3, 1, 1, 119, 'カーブ', 35.0, 85.6, '空振り', 5, 2, 22, 'B16');"
"INSERT INTO ballinfo VALUES ('2019-04-17', 2019041706, 'オリックス', '日本ハム', '榊原 翼', '右', 'オリックス', '西川 遥輝', '左', '日本ハム', 1, 1, 1, 1, 4, 1, 2, 135, 'フォーク', 33.5, 33.2, '遊ゴロ', 2, 2, 7, 'S1');"
"INSERT INTO ballinfo VALUES ('2019-04-17', 2019041706, 'オリックス', '日本ハム', '榊原 翼', '右', 'オリックス', '大田 泰示', '右', '日本ハム', 1, 1, 2, 1, 1, 0, 0, 145, 'ストレート', 35.0, 17.6, 'ファウル', 1, 2, 2, 'B2');"
"INSERT INTO ballinfo VALUES ('2019-04-17', 2019041706, 'オリックス', '日本ハム', '榊原 翼', '右', 'オリックス', '大田 泰示', '右', '日本ハム', 1, 1, 2, 1, 2, 0, 1, 108, 'カーブ', 55.5, 85.2, 'ボール', 5, 3, 23, 'B17');"
"INSERT INTO ballinfo VALUES ('2019-04-17', 2019041706, 'オリックス', '日本ハム', '榊原 翼', '右', 'オリックス', '大田 泰示', '右', '日本ハム', 1, 1, 2, 1, 3, 1, 1, 121, 'スライダー', 74.0, 74.4, '空振り', 4, 4, 19, 'S9');"
"INSERT INTO ballinfo VALUES ('2019-04-17', 2019041706, 'オリックス', '日本ハム', '榊原 翼', '右', 'オリックス', '大田 泰示', '右', '日本ハム', 1, 1, 2, 1, 4, 1, 2, 124, 'スライダー', 86.5, 85.2, 'ボール', 5, 5, 25, 'B19');"
"INSERT INTO ballinfo VALUES ('2019-04-17', 2019041706, 'オリックス', '日本ハム', '榊原 翼', '右', 'オリックス', '大田 泰示', '右', '日本ハム', 1, 1, 2, 1, 5, 2, 2, 126, 'スライダー', 66.5, 67.2, '中安', 4, 4, 19, 'S9');"
"INSERT INTO ballinfo VALUES ('2019-04-17', 2019041706, 'オリックス', '日本ハム', '榊原 翼', '右', 'オリックス', '王 柏融', '左', '日本ハム', 1, 1, 3, 1, 1, 0, 0, 140, 'ストレート', 35.5, 36.0, '見逃し', 2, 2, 7, 'S1');"
"INSERT INTO ballinfo VALUES ('2019-04-17', 2019041706, 'オリックス', '日本ハム', '榊原 翼', '右', 'オリックス', '王 柏融', '左', '日本ハム', 1, 1, 3, 1, 2, 0, 1, 138, 'フォーク', 35.5, 84.4, 'ボール', 5, 2, 22, 'B16');"
"INSERT INTO ballinfo VALUES ('2019-04-17', 2019041706, 'オリックス', '日本ハム', '榊原 翼', '右', 'オリックス', '王 柏融', '左', '日本ハム', 1, 1, 3, 1, 3, 1, 1, 142, 'ストレート', 15.5, 56.4, 'ボール', 3, 1, 11, 'B8');"
"INSERT INTO ballinfo VALUES ('2019-04-17', 2019041706, 'オリックス', '日本ハム', '榊原 翼', '右', 'オリックス', '王 柏融', '左', '日本ハム', 1, 1, 3, 1, 4, 2, 1, 144, 'ストレート', 35.5, 46.0, '空振り', 3, 2, 12, 'S4');"
"INSERT INTO ballinfo VALUES ('2019-04-17', 2019041706, 'オリックス', '日本ハム', '榊原 翼', '右', 'オリックス', '王 柏融', '左', '日本ハム', 1, 1, 3, 1, 5, 2, 2, 140, 'フォーク', 35.5, 54.8, '右安', 3, 2, 12, 'S4');"
"INSERT INTO ballinfo VALUES ('2019-04-17', 2019041706, 'オリックス', '日本ハム', '榊原 翼', '右', 'オリックス', '近藤 健介', '左', '日本ハム', 1, 1, 4, 2, 1, 0, 0, 145, 'ストレート', 35.5, 36.4, 'ファウル', 2, 2, 7, 'S1');"
"INSERT INTO ballinfo VALUES ('2019-04-17', 2019041706, 'オリックス', '日本ハム', '榊原 翼', '右', 'オリックス', '近藤 健介', '左', '日本ハム', 1, 1, 4, 2, 2, 0, 1, 126, 'スライダー', 75.5, 76.4, 'ファウル', 4, 4, 19, 'S9');"
"INSERT INTO ballinfo VALUES ('2019-04-17', 2019041706, 'オリックス', '日本ハム', '榊原 翼', '右', 'オリックス', '近藤 健介', '左', '日本ハム', 1, 1, 4, 2, 3, 0, 2, 146, 'ストレート', 70.5, 55.2, '一ゴロ', 3, 4, 14, 'S6');"
"INSERT INTO ballinfo VALUES ('2019-04-17', 2019041706, 'オリックス', '日本ハム', '榊原 翼', '右', 'オリックス', '中田 翔', '右', '日本ハム', 1, 1, 5, 2, 1, 0, 0, 128, 'スライダー', 86.0, 85.2, 'ボール', 5, 5, 25, 'B19');"
"INSERT INTO ballinfo VALUES ('2019-04-17', 2019041706, 'オリックス', '日本ハム', '榊原 翼', '右', 'オリックス', '中田 翔', '右', '日本ハム', 1, 1, 5, 2, 2, 1, 0, 147, 'ストレート', 87.0, 76.0, 'ボール', 4, 5, 20, 'B11');"
"INSERT INTO ballinfo VALUES ('2019-04-17', 2019041706, 'オリックス', '日本ハム', '榊原 翼', '右', 'オリックス', '中田 翔', '右', '日本ハム', 1, 1, 5, 2, 3, 2, 0, 147, 'ストレート', 95.5, 85.2, 'ボール', 5, 5, 25, 'B19');"
"INSERT INTO ballinfo VALUES ('2019-04-17', 2019041706, 'オリックス', '日本ハム', '榊原 翼', '右', 'オリックス', '中田 翔', '右', '日本ハム', 1, 1, 5, 2, 4, 3, 0, 148, 'ストレート', 75.5, 55.6, '見逃し', 3, 4, 14, 'S6');"
"INSERT INTO ballinfo VALUES ('2019-04-17', 2019041706, 'オリックス', '日本ハム', '榊原 翼', '右', 'オリックス', '中田 翔', '右', '日本ハム', 1, 1, 5, 2, 5, 3, 1, 125, 'スライダー', 55.5, 56.4, 'ファウル', 3, 3, 13, 'S5');"
"INSERT INTO ballinfo VALUES ('2019-04-17', 2019041706, 'オリックス', '日本ハム', '榊原 翼', '右', 'オリックス', '中田 翔', '右', '日本ハム', 1, 1, 5, 2, 6, 3, 2, 128, 'スライダー', 95.0, 68.8, '四球', 4, 5, 20, 'B11');"
"INSERT INTO ballinfo VALUES ('2019-04-17', 2019041706, 'オリックス', '日本ハム', '榊原 翼', '右', 'オリックス', '渡邉 諒', '右', '日本ハム', 1, 1, 6, 3, 1, 0, 0, 121, 'スライダー', 54.0, 16.8, 'ボール', 1, 3, 3, 'B3');"
"INSERT INTO ballinfo VALUES ('2019-04-17', 2019041706, 'オリックス', '日本ハム', '榊原 翼', '右', 'オリックス', '渡邉 諒', '右', '日本ハム', 1, 1, 6, 3, 2, 1, 0, 144, 'ストレート', 55.5, 75.6, 'ファウル', 4, 3, 18, 'S8');"
"INSERT INTO ballinfo VALUES ('2019-04-17', 2019041706, 'オリックス', '日本ハム', '榊原 翼', '右', 'オリックス', '渡邉 諒', '右', '日本ハム', 1, 1, 6, 3, 3, 1, 1, 125, 'スライダー', 89.5, 87.2, '空振り', 5, 5, 25, 'B19');"
"INSERT INTO ballinfo VALUES ('2019-04-17', 2019041706, 'オリックス', '日本ハム', '榊原 翼', '右', 'オリックス', '渡邉 諒', '右', '日本ハム', 1, 1, 6, 3, 4, 1, 2, 130, 'スライダー', 94.5, 92.8, '空三振', 5, 5, 25, 'B19');"
"INSERT INTO ballinfo VALUES ('2019-04-17', 2019041706, 'オリックス', '日本ハム', 'ロドリゲス', '右', '日本ハム', '西浦 颯大', '左', 'オリックス', 1, 2, 1, 1, 1, 0, 0, 146, 'シュート', 54.0, 86.0, '空振り', 5, 3, 23, 'B17');"
"INSERT INTO ballinfo VALUES ('2019-04-17', 2019041706, 'オリックス', '日本ハム', 'ロドリゲス', '右', '日本ハム', '西浦 颯大', '左', 'オリックス', 1, 2, 1, 1, 2, 0, 1, 146, 'シュート', 36.5, 75.6, '空振り', 4, 2, 17, 'S7');"
"INSERT INTO ballinfo VALUES ('2019-04-17', 2019041706, 'オリックス', '日本ハム', 'ロドリゲス', '右', '日本ハム', '西浦 颯大', '左', 'オリックス', 1, 2, 1, 1, 3, 0, 2, 149, 'シュート', 16.5, 76.0, '空三振', 4, 1, 16, 'B10');"
"INSERT INTO ballinfo VALUES ('2019-04-17', 2019041706, 'オリックス', '日本ハム', 'ロドリゲス', '右', '日本ハム', '福田 周平', '左', 'オリックス', 1, 2, 2, 2, 1, 0, 0, 131, 'カーブ', 35.0, 55.6, '見逃し', 3, 2, 12, 'S4');"
"INSERT INTO ballinfo VALUES ('2019-04-17', 2019041706, 'オリックス', '日本ハム', 'ロドリゲス', '右', '日本ハム', '福田 周平', '左', 'オリックス', 1, 2, 2, 2, 2, 0, 1, 149, 'シュート', 77.0, 84.4, 'ボール', 5, 4, 24, 'B18');"
"INSERT INTO ballinfo VALUES ('2019-04-17', 2019041706, 'オリックス', '日本ハム', 'ロドリゲス', '右', '日本ハム', '福田 周平', '左', 'オリックス', 1, 2, 2, 2, 3, 1, 1, 149, 'シュート', 47.0, 50.4, '二ゴロ', 3, 3, 13, 'S5');"
"INSERT INTO ballinfo VALUES ('2019-04-17', 2019041706, 'オリックス', '日本ハム', 'ロドリゲス', '右', '日本ハム', '吉田 正尚', '左', 'オリックス', 1, 2, 3, 2, 1, 0, 0, 149, 'シュート', 34.0, 66.8, '中本', 4, 2, 17, 'S7');"
"INSERT INTO ballinfo VALUES ('2019-04-17', 2019041706, 'オリックス', '日本ハム', 'ロドリゲス', '右', '日本ハム', 'ロメロ', '右', 'オリックス', 1, 2, 4, 3, 1, 0, 0, 151, 'シュート', 76.5, 16.4, 'ボール', 1, 4, 4, 'B4');"
"INSERT INTO ballinfo VALUES ('2019-04-17', 2019041706, 'オリックス', '日本ハム', 'ロドリゲス', '右', '日本ハム', 'ロメロ', '右', 'オリックス', 1, 2, 4, 3, 2, 1, 0, 150, 'シュート', 36.5, 84.4, 'ボール', 5, 2, 22, 'B16');"
"INSERT INTO ballinfo VALUES ('2019-04-17', 2019041706, 'オリックス', '日本ハム', 'ロドリゲス', '右', '日本ハム', 'ロメロ', '右', 'オリックス', 1, 2, 4, 3, 3, 2, 0, 150, 'シュート', 36.5, 76.0, 'ファウル', 4, 2, 17, 'S7');"
"INSERT INTO ballinfo VALUES ('2019-04-17', 2019041706, 'オリックス', '日本ハム', 'ロドリゲス', '右', '日本ハム', 'ロメロ', '右', 'オリックス', 1, 2, 4, 3, 4, 2, 1, 141, 'チェンジアップ', 75.5, 85.2, '空振り', 5, 4, 24, 'B18');"
"INSERT INTO ballinfo VALUES ('2019-04-17', 2019041706, 'オリックス', '日本ハム', 'ロドリゲス', '右', '日本ハム', 'ロメロ', '右', 'オリックス', 1, 2, 4, 3, 5, 2, 2, 142, 'スライダー', 89.5, 85.2, 'ボール', 5, 5, 25, 'B19');"
"INSERT INTO ballinfo VALUES ('2019-04-17', 2019041706, 'オリックス', '日本ハム', 'ロドリゲス', '右', '日本ハム', 'ロメロ', '右', 'オリックス', 1, 2, 4, 3, 6, 3, 2, 149, 'シュート', 49.5, 86.4, '空三振', 5, 3, 23, 'B17');"
"INSERT INTO ballinfo VALUES ('2019-04-17', 2019041706, 'オリックス', '日本ハム', '榊原 翼', '右', 'オリックス', '横尾 俊建', '右', '日本ハム', 2, 1, 1, 1, 1, 0, 0, 145, 'ストレート', 75.5, 56.4, '見逃し', 3, 4, 14, 'S6');"
"INSERT INTO ballinfo VALUES ('2019-04-17', 2019041706, 'オリックス', '日本ハム', '榊原 翼', '右', 'オリックス', '横尾 俊建', '右', '日本ハム', 2, 1, 1, 1, 2, 0, 1, 147, 'ストレート', 88.0, 75.6, 'ボール', 4, 5, 20, 'B11');"
"INSERT INTO ballinfo VALUES ('2019-04-17', 2019041706, 'オリックス', '日本ハム', '榊原 翼', '右', 'オリックス', '横尾 俊建', '右', '日本ハム', 2, 1, 1, 1, 3, 1, 1, 113, 'カーブ', 86.5, 86.4, 'ボール', 5, 5, 25, 'B19');"
"INSERT INTO ballinfo VALUES ('2019-04-17', 2019041706, 'オリックス', '日本ハム', '榊原 翼', '右', 'オリックス', '横尾 俊建', '右', '日本ハム', 2, 1, 1, 1, 4, 2, 1, 141, 'フォーク', 14.5, 15.6, 'ボール', 1, 1, 1, 'B1');"
"INSERT INTO ballinfo VALUES ('2019-04-17', 2019041706, 'オリックス', '日本ハム', '榊原 翼', '右', 'オリックス', '横尾 俊建', '右', '日本ハム', 2, 1, 1, 1, 5, 3, 1, 147, 'ストレート', 51.5, 31.2, '遊ゴロ', 2, 3, 8, 'S2');"
"INSERT INTO ballinfo VALUES ('2019-04-17', 2019041706, 'オリックス', '日本ハム', '榊原 翼', '右', 'オリックス', '中島 卓也', '左', '日本ハム', 2, 1, 2, 1, 1, 0, 0, 144, 'ストレート', 87.0, 35.6, 'ボール', 2, 5, 10, 'B7');"
"INSERT INTO ballinfo VALUES ('2019-04-17', 2019041706, 'オリックス', '日本ハム', '榊原 翼', '右', 'オリックス', '中島 卓也', '左', '日本ハム', 2, 1, 2, 1, 2, 1, 0, 142, 'ストレート', 34.5, 17.2, 'ボール', 1, 2, 2, 'B2');"
"INSERT INTO ballinfo VALUES ('2019-04-17', 2019041706, 'オリックス', '日本ハム', '榊原 翼', '右', 'オリックス', '中島 卓也', '左', '日本ハム', 2, 1, 2, 1, 3, 2, 0, 146, 'ストレート', 89.0, 75.2, 'ボール', 4, 5, 20, 'B11');"
"INSERT INTO ballinfo VALUES ('2019-04-17', 2019041706, 'オリックス', '日本ハム', '榊原 翼', '右', 'オリックス', '中島 卓也', '左', '日本ハム', 2, 1, 2, 1, 4, 3, 0, 144, 'ストレート', 32.0, 10.4, '四球', 1, 2, 2, 'B2');"
"INSERT INTO ballinfo VALUES ('2019-04-17', 2019041706, 'オリックス', '日本ハム', '榊原 翼', '右', 'オリックス', '鶴岡 慎也', '右', '日本ハム', 2, 1, 3, 2, 1, 0, 0, 124, 'スライダー', 54.5, 74.8, '左飛', 4, 3, 18, 'S8');"
"INSERT INTO ballinfo VALUES ('2019-04-17', 2019041706, 'オリックス', '日本ハム', '榊原 翼', '右', 'オリックス', '西川 遥輝', '左', '日本ハム', 2, 1, 4, 3, 1, 0, 0, 142, 'ストレート', 36.0, 55.6, 'ファウル', 3, 2, 12, 'S4');"
"INSERT INTO ballinfo VALUES ('2019-04-17', 2019041706, 'オリックス', '日本ハム', '榊原 翼', '右', 'オリックス', '西川 遥輝', '左', '日本ハム', 2, 1, 4, 3, 2, 0, 1, 122, 'スライダー', 45.5, 16.8, 'ボール', 1, 3, 3, 'B3');"
"INSERT INTO ballinfo VALUES ('2019-04-17', 2019041706, 'オリックス', '日本ハム', '榊原 翼', '右', 'オリックス', '西川 遥輝', '左', '日本ハム', 2, 1, 4, 3, 3, 1, 1, 122, 'スライダー', 35.5, 48.4, '見逃し', 3, 2, 12, 'S4');"
"INSERT INTO ballinfo VALUES ('2019-04-17', 2019041706, 'オリックス', '日本ハム', '榊原 翼', '右', 'オリックス', '西川 遥輝', '左', '日本ハム', 2, 1, 4, 3, 4, 1, 2, 142, 'ストレート', 34.0, 74.0, '見三振', 4, 2, 17, 'S7');"
"INSERT INTO ballinfo VALUES ('2019-04-17', 2019041706, 'オリックス', '日本ハム', 'ロドリゲス', '右', '日本ハム', 'メネセス', '右', 'オリックス', 2, 2, 1, 1, 1, 0, 0, 149, 'シュート', 89.0, 36.0, 'ボール', 2, 5, 10, 'B7');"
"INSERT INTO ballinfo VALUES ('2019-04-17', 2019041706, 'オリックス', '日本ハム', 'ロドリゲス', '右', '日本ハム', 'メネセス', '右', 'オリックス', 2, 2, 1, 1, 2, 1, 0, 150, 'シュート', 78.0, 36.0, '見逃し', 2, 4, 9, 'S3');"
"INSERT INTO ballinfo VALUES ('2019-04-17', 2019041706, 'オリックス', '日本ハム', 'ロドリゲス', '右', '日本ハム', 'メネセス', '右', 'オリックス', 2, 2, 1, 1, 3, 1, 1, 147, 'シュート', 29.5, 51.6, '三ゴロ', 3, 2, 12, 'S4');"
"INSERT INTO ballinfo VALUES ('2019-04-17', 2019041706, 'オリックス', '日本ハム', 'ロドリゲス', '右', '日本ハム', '頓宮 裕真', '右', 'オリックス', 2, 2, 2, 1, 1, 0, 0, 142, 'シュート', 87.5, 85.2, 'ボール', 5, 5, 25, 'B19');"
"INSERT INTO ballinfo VALUES ('2019-04-17', 2019041706, 'オリックス', '日本ハム', 'ロドリゲス', '右', '日本ハム', '頓宮 裕真', '右', 'オリックス', 2, 2, 2, 1, 2, 1, 0, 150, 'シュート', 69.5, 84.8, '右安', 5, 4, 24, 'B18');"
"INSERT INTO ballinfo VALUES ('2019-04-17', 2019041706, 'オリックス', '日本ハム', 'ロドリゲス', '右', '日本ハム', '後藤 駿太', '左', 'オリックス', 2, 2, 3, 1, 1, 0, 0, 148, 'シュート', 55.0, 16.8, 'ボール', 1, 3, 3, 'B3');"
"INSERT INTO ballinfo VALUES ('2019-04-17', 2019041706, 'オリックス', '日本ハム', 'ロドリゲス', '右', '日本ハム', '後藤 駿太', '左', 'オリックス', 2, 2, 3, 1, 2, 1, 0, 148, 'シュート', 88.0, 36.0, 'ボール', 2, 5, 10, 'B7');"
"INSERT INTO ballinfo VALUES ('2019-04-17', 2019041706, 'オリックス', '日本ハム', 'ロドリゲス', '右', '日本ハム', '後藤 駿太', '左', 'オリックス', 2, 2, 3, 1, 3, 2, 0, 147, 'シュート', 74.0, 85.2, 'ボール', 5, 4, 24, 'B18');"
"INSERT INTO ballinfo VALUES ('2019-04-17', 2019041706, 'オリックス', '日本ハム', 'ロドリゲス', '右', '日本ハム', '後藤 駿太', '左', 'オリックス', 2, 2, 3, 1, 4, 3, 0, 148, 'シュート', 35.0, 15.6, '四球', 1, 2, 2, 'B2');"
"INSERT INTO ballinfo VALUES ('2019-04-17', 2019041706, 'オリックス', '日本ハム', 'ロドリゲス', '右', '日本ハム', '若月 健矢', '右', 'オリックス', 2, 2, 4, 1, 1, 0, 0, 141, 'スライダー', 73.0, 15.6, 'ボール', 1, 4, 4, 'B4');"
"INSERT INTO ballinfo VALUES ('2019-04-17', 2019041706, 'オリックス', '日本ハム', 'ロドリゲス', '右', '日本ハム', '若月 健矢', '右', 'オリックス', 2, 2, 4, 1, 2, 1, 0, 148, 'シュート', 35.5, 84.0, 'ボール', 5, 2, 22, 'B16');"
"INSERT INTO ballinfo VALUES ('2019-04-17', 2019041706, 'オリックス', '日本ハム', 'ロドリゲス', '右', '日本ハム', '若月 健矢', '右', 'オリックス', 2, 2, 4, 1, 3, 2, 0, 148, 'シュート', 56.5, 75.6, '見逃し', 4, 3, 18, 'S8');"
"INSERT INTO ballinfo VALUES ('2019-04-17', 2019041706, 'オリックス', '日本ハム', 'ロドリゲス', '右', '日本ハム', '若月 健矢', '右', 'オリックス', 2, 2, 4, 1, 4, 2, 1, 150, 'シュート', 56.5, 55.6, '空振り', 3, 3, 13, 'S5');"
"INSERT INTO ballinfo VALUES ('2019-04-17', 2019041706, 'オリックス', '日本ハム', 'ロドリゲス', '右', '日本ハム', '若月 健矢', '右', 'オリックス', 2, 2, 4, 1, 5, 2, 2, 150, 'シュート', 34.5, 73.6, '中安', 4, 2, 17, 'S7');"
"INSERT INTO ballinfo VALUES ('2019-04-17', 2019041706, 'オリックス', '日本ハム', 'ロドリゲス', '右', '日本ハム', '大城 滉二', '右', 'オリックス', 2, 2, 5, 3, 1, 0, 0, 148, 'シュート', 35.5, 57.2, 'ファウル', 3, 2, 12, 'S4');"
"INSERT INTO ballinfo VALUES ('2019-04-17', 2019041706, 'オリックス', '日本ハム', 'ロドリゲス', '右', '日本ハム', '大城 滉二', '右', 'オリックス', 2, 2, 5, 3, 2, 0, 1, 140, 'スライダー', 87.0, 54.8, 'ボール', 3, 5, 15, 'B9');"
"INSERT INTO ballinfo VALUES ('2019-04-17', 2019041706, 'オリックス', '日本ハム', 'ロドリゲス', '右', '日本ハム', '大城 滉二', '右', 'オリックス', 2, 2, 5, 3, 3, 1, 1, 151, 'シュート', 87.5, 46.4, '空振り', 3, 5, 15, 'B9');"
"INSERT INTO ballinfo VALUES ('2019-04-17', 2019041706, 'オリックス', '日本ハム', 'ロドリゲス', '右', '日本ハム', '大城 滉二', '右', 'オリックス', 2, 2, 5, 3, 4, 1, 2, 149, 'シュート', 89.5, 72.4, 'ファウル', 4, 5, 20, 'B11');"
"INSERT INTO ballinfo VALUES ('2019-04-17', 2019041706, 'オリックス', '日本ハム', 'ロドリゲス', '右', '日本ハム', '大城 滉二', '右', 'オリックス', 2, 2, 5, 3, 5, 1, 3, 0, 'シュート', 29.5, 47.6, '遊ゴロ', 3, 2, 12, 'S4');"
"INSERT INTO ballinfo VALUES ('2019-04-17', 2019041706, 'オリックス', '日本ハム', '榊原 翼', '右', 'オリックス', '大田 泰示', '右', '日本ハム', 3, 1, 1, 1, 1, 0, 0, 116, 'スライダー', 35.0, 17.2, 'ボール', 1, 2, 2, 'B2');"
"INSERT INTO ballinfo VALUES ('2019-04-17', 2019041706, 'オリックス', '日本ハム', '榊原 翼', '右', 'オリックス', '大田 泰示', '右', '日本ハム', 3, 1, 1, 1, 2, 1, 0, 118, 'スライダー', 66.5, 84.0, '空振り', 5, 4, 24, 'B18');"
"INSERT INTO ballinfo VALUES ('2019-04-17', 2019041706, 'オリックス', '日本ハム', '榊原 翼', '右', 'オリックス', '大田 泰示', '右', '日本ハム', 3, 1, 1, 1, 3, 1, 1, 107, 'カーブ', 36.0, 56.4, '見逃し', 3, 2, 12, 'S4');"
"INSERT INTO ballinfo VALUES ('2019-04-17', 2019041706, 'オリックス', '日本ハム', '榊原 翼', '右', 'オリックス', '大田 泰示', '右', '日本ハム', 3, 1, 1, 1, 4, 1, 2, 146, 'ストレート', 89.5, 75.2, 'ボール', 4, 5, 20, 'B11');"
"INSERT INTO ballinfo VALUES ('2019-04-17', 2019041706, 'オリックス', '日本ハム', '榊原 翼', '右', 'オリックス', '大田 泰示', '右', '日本ハム', 3, 1, 1, 1, 5, 2, 2, 109, 'カーブ', 15.5, 67.2, '空三振', 4, 1, 16, 'B10');"
"INSERT INTO ballinfo VALUES ('2019-04-17', 2019041706, 'オリックス', '日本ハム', '榊原 翼', '右', 'オリックス', '王 柏融', '左', '日本ハム', 3, 1, 2, 1, 1, 0, 0, 144, 'ストレート', 34.5, 16.8, 'ボール', 1, 2, 2, 'B2');"
"INSERT INTO ballinfo VALUES ('2019-04-17', 2019041706, 'オリックス', '日本ハム', '榊原 翼', '右', 'オリックス', '王 柏融', '左', '日本ハム', 3, 1, 2, 1, 2, 1, 0, 142, 'ストレート', 36.5, 56.4, '見逃し', 3, 2, 12, 'S4');"
"INSERT INTO ballinfo VALUES ('2019-04-17', 2019041706, 'オリックス', '日本ハム', '榊原 翼', '右', 'オリックス', '王 柏融', '左', '日本ハム', 3, 1, 2, 1, 3, 1, 1, 108, 'カーブ', 73.0, 98.0, 'ボール', 5, 4, 24, 'B18');"
"INSERT INTO ballinfo VALUES ('2019-04-17', 2019041706, 'オリックス', '日本ハム', '榊原 翼', '右', 'オリックス', '王 柏融', '左', '日本ハム', 3, 1, 2, 1, 4, 2, 1, 143, 'ストレート', 74.5, 16.8, 'ボール', 1, 4, 4, 'B4');"
"INSERT INTO ballinfo VALUES ('2019-04-17', 2019041706, 'オリックス', '日本ハム', '榊原 翼', '右', 'オリックス', '王 柏融', '左', '日本ハム', 3, 1, 2, 1, 5, 3, 1, 145, 'ストレート', 16.0, 56.8, '四球', 3, 1, 11, 'B8');"
"INSERT INTO ballinfo VALUES ('2019-04-17', 2019041706, 'オリックス', '日本ハム', '榊原 翼', '右', 'オリックス', '近藤 健介', '左', '日本ハム', 3, 1, 3, 3, 1, 0, 0, 123, 'スライダー', 66.0, 83.6, 'ボール', 5, 4, 24, 'B18');"
"INSERT INTO ballinfo VALUES ('2019-04-17', 2019041706, 'オリックス', '日本ハム', '榊原 翼', '右', 'オリックス', '近藤 健介', '左', '日本ハム', 3, 1, 3, 3, 2, 1, 0, 137, 'フォーク', 36.0, 35.6, '見逃し', 2, 2, 7, 'S1');"
"INSERT INTO ballinfo VALUES ('2019-04-17', 2019041706, 'オリックス', '日本ハム', '榊原 翼', '右', 'オリックス', '近藤 健介', '左', '日本ハム', 3, 1, 3, 3, 3, 1, 1, 0, 'スライダー', 52.5, 73.2, '一併打', 4, 3, 18, 'S8');"
"INSERT INTO ballinfo VALUES ('2019-04-17', 2019041706, 'オリックス', '日本ハム', 'ロドリゲス', '右', '日本ハム', '西浦 颯大', '左', 'オリックス', 3, 2, 1, 1, 1, 0, 0, 126, 'カーブ', 47.0, 77.2, '見逃し', 4, 3, 18, 'S8');"
"INSERT INTO ballinfo VALUES ('2019-04-17', 2019041706, 'オリックス', '日本ハム', 'ロドリゲス', '右', '日本ハム', '西浦 颯大', '左', 'オリックス', 3, 2, 1, 1, 2, 0, 1, 135, 'チェンジアップ', 34.0, 55.6, '空振り', 3, 2, 12, 'S4');"
"INSERT INTO ballinfo VALUES ('2019-04-17', 2019041706, 'オリックス', '日本ハム', 'ロドリゲス', '右', '日本ハム', '西浦 颯大', '左', 'オリックス', 3, 2, 1, 1, 3, 0, 2, 148, 'シュート', 34.5, 73.6, '遊ゴロ', 4, 2, 17, 'S7');"
"INSERT INTO ballinfo VALUES ('2019-04-17', 2019041706, 'オリックス', '日本ハム', 'ロドリゲス', '右', '日本ハム', '福田 周平', '左', 'オリックス', 3, 2, 2, 2, 1, 0, 0, 149, 'シュート', 77.0, 76.4, '見逃し', 4, 4, 19, 'S9');"
"INSERT INTO ballinfo VALUES ('2019-04-17', 2019041706, 'オリックス', '日本ハム', 'ロドリゲス', '右', '日本ハム', '福田 周平', '左', 'オリックス', 3, 2, 2, 2, 2, 0, 1, 138, 'チェンジアップ', 12.5, 16.4, 'ボール', 1, 1, 1, 'B1');"
"INSERT INTO ballinfo VALUES ('2019-04-17', 2019041706, 'オリックス', '日本ハム', 'ロドリゲス', '右', '日本ハム', '福田 周平', '左', 'オリックス', 3, 2, 2, 2, 3, 1, 1, 150, 'シュート', 77.5, 56.4, '見逃し', 3, 4, 14, 'S6');"
"INSERT INTO ballinfo VALUES ('2019-04-17', 2019041706, 'オリックス', '日本ハム', 'ロドリゲス', '右', '日本ハム', '福田 周平', '左', 'オリックス', 3, 2, 2, 2, 4, 1, 2, 148, 'シュート', 16.5, 35.6, '空三振', 2, 1, 6, 'B6');"
"INSERT INTO ballinfo VALUES ('2019-04-17', 2019041706, 'オリックス', '日本ハム', 'ロドリゲス', '右', '日本ハム', '吉田 正尚', '左', 'オリックス', 3, 2, 3, 2, 1, 0, 0, 148, 'シュート', 35.5, 84.8, 'ボール', 5, 2, 22, 'B16');"
"INSERT INTO ballinfo VALUES ('2019-04-17', 2019041706, 'オリックス', '日本ハム', 'ロドリゲス', '右', '日本ハム', '吉田 正尚', '左', 'オリックス', 3, 2, 3, 2, 2, 1, 0, 140, 'チェンジアップ', 89.0, 75.2, 'ボール', 4, 5, 20, 'B11');"
"INSERT INTO ballinfo VALUES ('2019-04-17', 2019041706, 'オリックス', '日本ハム', 'ロドリゲス', '右', '日本ハム', '吉田 正尚', '左', 'オリックス', 3, 2, 3, 2, 3, 2, 0, 140, 'チェンジアップ', 89.0, 85.6, 'ボール', 5, 5, 25, 'B19');"
"INSERT INTO ballinfo VALUES ('2019-04-17', 2019041706, 'オリックス', '日本ハム', 'ロドリゲス', '右', '日本ハム', '吉田 正尚', '左', 'オリックス', 3, 2, 3, 2, 4, 3, 0, 150, 'シュート', 69.5, 15.6, '四球', 1, 4, 4, 'B4');"
"INSERT INTO ballinfo VALUES ('2019-04-17', 2019041706, 'オリックス', '日本ハム', 'ロドリゲス', '右', '日本ハム', 'ロメロ', '右', 'オリックス', 3, 2, 4, 2, 1, 0, 0, 148, 'シュート', 37.0, 84.4, 'ファウル', 5, 2, 22, 'B16');"
"INSERT INTO ballinfo VALUES ('2019-04-17', 2019041706, 'オリックス', '日本ハム', 'ロドリゲス', '右', '日本ハム', 'ロメロ', '右', 'オリックス', 3, 2, 4, 2, 2, 0, 1, 139, 'スライダー', 86.0, 56.0, 'ボール', 3, 5, 15, 'B9');"
"INSERT INTO ballinfo VALUES ('2019-04-17', 2019041706, 'オリックス', '日本ハム', 'ロドリゲス', '右', '日本ハム', 'ロメロ', '右', 'オリックス', 3, 2, 4, 2, 3, 1, 1, 150, 'シュート', 75.0, 75.6, '右安', 4, 4, 19, 'S9');"
"INSERT INTO ballinfo VALUES ('2019-04-17', 2019041706, 'オリックス', '日本ハム', 'ロドリゲス', '右', '日本ハム', 'メネセス', '右', 'オリックス', 3, 2, 5, 2, 1, 0, 0, 138, 'スライダー', 75.5, 36.4, '見逃し', 2, 4, 9, 'S3');"
"INSERT INTO ballinfo VALUES ('2019-04-17', 2019041706, 'オリックス', '日本ハム', 'ロドリゲス', '右', '日本ハム', 'メネセス', '右', 'オリックス', 3, 2, 5, 2, 2, 0, 1, 149, 'シュート', 34.5, 54.4, '右安', 3, 2, 12, 'S4');"
"INSERT INTO ballinfo VALUES ('2019-04-17', 2019041706, 'オリックス', '日本ハム', 'ロドリゲス', '右', '日本ハム', '頓宮 裕真', '右', 'オリックス', 3, 2, 6, 3, 1, 0, 0, 138, 'チェンジアップ', 33.5, 54.4, '二飛', 3, 2, 12, 'S4');"
"INSERT INTO ballinfo VALUES ('2019-04-17', 2019041706, 'オリックス', '日本ハム', '榊原 翼', '右', 'オリックス', '中田 翔', '右', '日本ハム', 4, 1, 1, 1, 1, 0, 0, 115, 'カーブ', 13.0, 16.0, 'ボール', 1, 1, 1, 'B1');"
"INSERT INTO ballinfo VALUES ('2019-04-17', 2019041706, 'オリックス', '日本ハム', '榊原 翼', '右', 'オリックス', '中田 翔', '右', '日本ハム', 4, 1, 1, 1, 2, 1, 0, 143, 'ストレート', 15.5, 36.8, 'ボール', 2, 1, 6, 'B6');"
"INSERT INTO ballinfo VALUES ('2019-04-17', 2019041706, 'オリックス', '日本ハム', '榊原 翼', '右', 'オリックス', '中田 翔', '右', '日本ハム', 4, 1, 1, 1, 3, 2, 0, 146, 'ストレート', 76.5, 35.2, '空振り', 2, 4, 9, 'S3');"
"INSERT INTO ballinfo VALUES ('2019-04-17', 2019041706, 'オリックス', '日本ハム', '榊原 翼', '右', 'オリックス', '中田 翔', '右', '日本ハム', 4, 1, 1, 1, 4, 2, 1, 146, 'ストレート', 54.5, 75.6, 'ファウル', 4, 3, 18, 'S8');"
"INSERT INTO ballinfo VALUES ('2019-04-17', 2019041706, 'オリックス', '日本ハム', '榊原 翼', '右', 'オリックス', '中田 翔', '右', '日本ハム', 4, 1, 1, 1, 5, 2, 2, 123, 'スライダー', 34.5, 65.2, '中飛', 4, 2, 17, 'S7');"
"INSERT INTO ballinfo VALUES ('2019-04-17', 2019041706, 'オリックス', '日本ハム', '榊原 翼', '右', 'オリックス', '渡邉 諒', '右', '日本ハム', 4, 1, 2, 2, 1, 0, 0, 122, 'スライダー', 53.5, 28.4, '一邪飛', 2, 3, 8, 'S2');"
"INSERT INTO ballinfo VALUES ('2019-04-17', 2019041706, 'オリックス', '日本ハム', '榊原 翼', '右', 'オリックス', '横尾 俊建', '右', '日本ハム', 4, 1, 3, 3, 1, 0, 0, 122, 'スライダー', 54.5, 63.6, '見逃し', 4, 3, 18, 'S8');"
"INSERT INTO ballinfo VALUES ('2019-04-17', 2019041706, 'オリックス', '日本ハム', '榊原 翼', '右', 'オリックス', '横尾 俊建', '右', '日本ハム', 4, 1, 3, 3, 2, 0, 1, 0, 'カーブ', 91.5, 86.8, 'ボール', 5, 5, 25, 'B19');"
"INSERT INTO ballinfo VALUES ('2019-04-17', 2019041706, 'オリックス', '日本ハム', '榊原 翼', '右', 'オリックス', '横尾 俊建', '右', '日本ハム', 4, 1, 3, 3, 3, 1, 1, 130, 'フォーク', 15.0, 35.6, 'ボール', 2, 1, 6, 'B6');"
"INSERT INTO ballinfo VALUES ('2019-04-17', 2019041706, 'オリックス', '日本ハム', '榊原 翼', '右', 'オリックス', '横尾 俊建', '右', '日本ハム', 4, 1, 3, 3, 4, 2, 1, 143, 'ストレート', 52.0, 36.0, '左飛', 2, 3, 8, 'S2');"
"INSERT INTO ballinfo VALUES ('2019-04-17', 2019041706, 'オリックス', '日本ハム', 'ロドリゲス', '右', '日本ハム', '後藤 駿太', '左', 'オリックス', 4, 2, 1, 0, 1, 0, 0, 127, 'カーブ', 86.5, 85.2, 'ボール', 5, 5, 25, 'B19');"
"INSERT INTO ballinfo VALUES ('2019-04-17', 2019041706, 'オリックス', '日本ハム', 'ロドリゲス', '右', '日本ハム', '後藤 駿太', '左', 'オリックス', 4, 2, 1, 0, 2, 1, 0, 146, 'シュート', 86.5, 90.0, 'ボール', 5, 5, 25, 'B19');"
"INSERT INTO ballinfo VALUES ('2019-04-17', 2019041706, 'オリックス', '日本ハム', 'ロドリゲス', '右', '日本ハム', '後藤 駿太', '左', 'オリックス', 4, 2, 1, 0, 3, 2, 0, 147, 'シュート', 36.0, 56.0, '見逃し', 3, 2, 12, 'S4');"
"INSERT INTO ballinfo VALUES ('2019-04-17', 2019041706, 'オリックス', '日本ハム', 'ロドリゲス', '右', '日本ハム', '後藤 駿太', '左', 'オリックス', 4, 2, 1, 0, 4, 2, 1, 145, 'シュート', 34.5, 47.6, '右安', 3, 2, 12, 'S4');"
"INSERT INTO ballinfo VALUES ('2019-04-17', 2019041706, 'オリックス', '日本ハム', 'ロドリゲス', '右', '日本ハム', '若月 健矢', '右', 'オリックス', 4, 2, 2, 1, 1, 0, 0, 148, 'シュート', 77.0, 56.0, '見逃し', 3, 4, 14, 'S6');"
"INSERT INTO ballinfo VALUES ('2019-04-17', 2019041706, 'オリックス', '日本ハム', 'ロドリゲス', '右', '日本ハム', '若月 健矢', '右', 'オリックス', 4, 2, 2, 1, 2, 0, 1, 149, 'シュート', 66.5, 48.0, '投犠打', 3, 4, 14, 'S6');"
"INSERT INTO ballinfo VALUES ('2019-04-17', 2019041706, 'オリックス', '日本ハム', 'ロドリゲス', '右', '日本ハム', '大城 滉二', '右', 'オリックス', 4, 2, 3, 1, 1, 0, 0, 139, 'スライダー', 86.0, 85.2, 'ボール', 5, 5, 25, 'B19');"
"INSERT INTO ballinfo VALUES ('2019-04-17', 2019041706, 'オリックス', '日本ハム', 'ロドリゲス', '右', '日本ハム', '大城 滉二', '右', 'オリックス', 4, 2, 3, 1, 2, 1, 0, 149, 'シュート', 54.5, 54.4, '右安', 3, 3, 13, 'S5');"
"INSERT INTO ballinfo VALUES ('2019-04-17', 2019041706, 'オリックス', '日本ハム', 'ロドリゲス', '右', '日本ハム', '西浦 颯大', '左', 'オリックス', 4, 2, 4, 2, 1, 0, 0, 148, 'シュート', 56.5, 84.4, 'ボール', 5, 3, 23, 'B17');"
"INSERT INTO ballinfo VALUES ('2019-04-17', 2019041706, 'オリックス', '日本ハム', 'ロドリゲス', '右', '日本ハム', '西浦 颯大', '左', 'オリックス', 4, 2, 4, 2, 2, 1, 0, 133, 'チェンジアップ', 50.5, 14.8, 'ボール', 1, 3, 3, 'B3');"
"INSERT INTO ballinfo VALUES ('2019-04-17', 2019041706, 'オリックス', '日本ハム', 'ロドリゲス', '右', '日本ハム', '西浦 颯大', '左', 'オリックス', 4, 2, 4, 2, 3, 2, 0, 140, 'シュート', 51.0, 33.6, '一ゴロ', 2, 3, 8, 'S2');"
"INSERT INTO ballinfo VALUES ('2019-04-17', 2019041706, 'オリックス', '日本ハム', 'ロドリゲス', '右', '日本ハム', '福田 周平', '左', 'オリックス', 4, 2, 5, 3, 1, 0, 0, 139, 'スライダー', 84.5, 75.6, 'ボール', 4, 5, 20, 'B11');"
"INSERT INTO ballinfo VALUES ('2019-04-17', 2019041706, 'オリックス', '日本ハム', 'ロドリゲス', '右', '日本ハム', '福田 周平', '左', 'オリックス', 4, 2, 5, 3, 2, 1, 0, 146, 'シュート', 88.5, 56.4, 'ボール', 3, 5, 15, 'B9');"
"INSERT INTO ballinfo VALUES ('2019-04-17', 2019041706, 'オリックス', '日本ハム', 'ロドリゲス', '右', '日本ハム', '福田 周平', '左', 'オリックス', 4, 2, 5, 3, 3, 2, 0, 147, 'シュート', 49.5, 54.0, '左飛', 3, 3, 13, 'S5');"
"INSERT INTO ballinfo VALUES ('2019-04-17', 2019041706, 'オリックス', '日本ハム', '榊原 翼', '右', 'オリックス', '中島 卓也', '左', '日本ハム', 5, 1, 1, 1, 1, 0, 0, 117, 'スライダー', 87.5, 85.2, 'ボール', 5, 5, 25, 'B19');"
"INSERT INTO ballinfo VALUES ('2019-04-17', 2019041706, 'オリックス', '日本ハム', '榊原 翼', '右', 'オリックス', '中島 卓也', '左', '日本ハム', 5, 1, 1, 1, 2, 1, 0, 145, 'ストレート', 36.0, 76.0, 'ファウル', 4, 2, 17, 'S7');"
"INSERT INTO ballinfo VALUES ('2019-04-17', 2019041706, 'オリックス', '日本ハム', '榊原 翼', '右', 'オリックス', '中島 卓也', '左', '日本ハム', 5, 1, 1, 1, 3, 1, 1, 143, 'ストレート', 54.0, 54.4, '左飛', 3, 3, 13, 'S5');"
"INSERT INTO ballinfo VALUES ('2019-04-17', 2019041706, 'オリックス', '日本ハム', '榊原 翼', '右', 'オリックス', '鶴岡 慎也', '右', '日本ハム', 5, 1, 2, 2, 1, 0, 0, 142, 'ストレート', 55.0, 56.4, '見逃し', 3, 3, 13, 'S5');"
"INSERT INTO ballinfo VALUES ('2019-04-17', 2019041706, 'オリックス', '日本ハム', '榊原 翼', '右', 'オリックス', '鶴岡 慎也', '右', '日本ハム', 5, 1, 2, 2, 2, 0, 1, 0, 'スライダー', 54.5, 75.6, 'ファウル', 4, 3, 18, 'S8');"
"INSERT INTO ballinfo VALUES ('2019-04-17', 2019041706, 'オリックス', '日本ハム', '榊原 翼', '右', 'オリックス', '鶴岡 慎也', '右', '日本ハム', 5, 1, 2, 2, 3, 0, 2, 127, 'スライダー', 25.5, 17.2, 'ボール', 1, 2, 2, 'B2');"
"INSERT INTO ballinfo VALUES ('2019-04-17', 2019041706, 'オリックス', '日本ハム', '榊原 翼', '右', 'オリックス', '鶴岡 慎也', '右', '日本ハム', 5, 1, 2, 2, 4, 1, 2, 125, 'スライダー', 90.0, 86.4, '空三振', 5, 5, 25, 'B19');"
"INSERT INTO ballinfo VALUES ('2019-04-17', 2019041706, 'オリックス', '日本ハム', '榊原 翼', '右', 'オリックス', '西川 遥輝', '左', '日本ハム', 5, 1, 3, 2, 1, 0, 0, 121, 'スライダー', 87.0, 75.6, 'ボール', 4, 5, 20, 'B11');"
"INSERT INTO ballinfo VALUES ('2019-04-17', 2019041706, 'オリックス', '日本ハム', '榊原 翼', '右', 'オリックス', '西川 遥輝', '左', '日本ハム', 5, 1, 3, 2, 2, 1, 0, 144, 'ストレート', 14.5, 34.8, 'ボール', 2, 1, 6, 'B6');"
"INSERT INTO ballinfo VALUES ('2019-04-17', 2019041706, 'オリックス', '日本ハム', '榊原 翼', '右', 'オリックス', '西川 遥輝', '左', '日本ハム', 5, 1, 3, 2, 3, 2, 0, 146, 'ストレート', 49.5, 54.8, '中安', 3, 3, 13, 'S5');"
"INSERT INTO ballinfo VALUES ('2019-04-17', 2019041706, 'オリックス', '日本ハム', '榊原 翼', '右', 'オリックス', '大田 泰示', '右', '日本ハム', 5, 1, 4, 2, 1, 0, 0, 122, 'スライダー', 55.0, 76.0, '空振り', 4, 3, 18, 'S8');"
"INSERT INTO ballinfo VALUES ('2019-04-17', 2019041706, 'オリックス', '日本ハム', '榊原 翼', '右', 'オリックス', '大田 泰示', '右', '日本ハム', 5, 1, 4, 2, 2, 0, 1, 122, 'スライダー', 46.5, 76.0, 'ファウル', 4, 3, 18, 'S8');"
"INSERT INTO ballinfo VALUES ('2019-04-17', 2019041706, 'オリックス', '日本ハム', '榊原 翼', '右', 'オリックス', '大田 泰示', '右', '日本ハム', 5, 1, 4, 2, 3, 0, 2, 146, 'ストレート', 86.5, 16.0, 'ボール', 1, 5, 5, 'B5');"
"INSERT INTO ballinfo VALUES ('2019-04-17', 2019041706, 'オリックス', '日本ハム', '榊原 翼', '右', 'オリックス', '大田 泰示', '右', '日本ハム', 5, 1, 4, 2, 4, 1, 2, 123, 'スライダー', 69.0, 54.0, '中安', 3, 4, 14, 'S6');"
"INSERT INTO ballinfo VALUES ('2019-04-17', 2019041706, 'オリックス', '日本ハム', '榊原 翼', '右', 'オリックス', '王 柏融', '左', '日本ハム', 5, 1, 5, 2, 1, 0, 0, 144, 'ストレート', 16.5, 37.2, 'ボール', 2, 1, 6, 'B6');"
"INSERT INTO ballinfo VALUES ('2019-04-17', 2019041706, 'オリックス', '日本ハム', '榊原 翼', '右', 'オリックス', '王 柏融', '左', '日本ハム', 5, 1, 5, 2, 2, 1, 0, 142, 'ストレート', 76.0, 72.8, '左安', 4, 4, 19, 'S9');"
"INSERT INTO ballinfo VALUES ('2019-04-17', 2019041706, 'オリックス', '日本ハム', '榊原 翼', '右', 'オリックス', '近藤 健介', '左', '日本ハム', 5, 1, 6, 2, 1, 0, 0, 120, 'スライダー', 14.5, 54.4, 'ボール', 3, 1, 11, 'B8');"
"INSERT INTO ballinfo VALUES ('2019-04-17', 2019041706, 'オリックス', '日本ハム', '榊原 翼', '右', 'オリックス', '近藤 健介', '左', '日本ハム', 5, 1, 6, 2, 2, 1, 0, 142, 'ストレート', 86.5, 75.6, 'ボール', 4, 5, 20, 'B11');"
"INSERT INTO ballinfo VALUES ('2019-04-17', 2019041706, 'オリックス', '日本ハム', '榊原 翼', '右', 'オリックス', '近藤 健介', '左', '日本ハム', 5, 1, 6, 2, 3, 2, 0, 146, 'ストレート', 54.5, 44.4, 'ファウル', 3, 3, 13, 'S5');"
"INSERT INTO ballinfo VALUES ('2019-04-17', 2019041706, 'オリックス', '日本ハム', '榊原 翼', '右', 'オリックス', '近藤 健介', '左', '日本ハム', 5, 1, 6, 2, 4, 2, 1, 146, 'ストレート', 56.0, 76.8, 'ファウル', 4, 3, 18, 'S8');"
"INSERT INTO ballinfo VALUES ('2019-04-17', 2019041706, 'オリックス', '日本ハム', '榊原 翼', '右', 'オリックス', '近藤 健介', '左', '日本ハム', 5, 1, 6, 2, 5, 2, 2, 135, 'フォーク', 92.0, 51.6, '死球', 3, 5, 15, 'B9');"
"INSERT INTO ballinfo VALUES ('2019-04-17', 2019041706, 'オリックス', '日本ハム', '榊原 翼', '右', 'オリックス', '中田 翔', '右', '日本ハム', 5, 1, 7, 3, 1, 0, 0, 125, 'スライダー', 55.5, 84.4, 'ファウル', 5, 3, 23, 'B17');"
"INSERT INTO ballinfo VALUES ('2019-04-17', 2019041706, 'オリックス', '日本ハム', '榊原 翼', '右', 'オリックス', '中田 翔', '右', '日本ハム', 5, 1, 7, 3, 2, 0, 1, 148, 'ストレート', 76.0, 64.8, '見逃し', 4, 4, 19, 'S9');"
"INSERT INTO ballinfo VALUES ('2019-04-17', 2019041706, 'オリックス', '日本ハム', '榊原 翼', '右', 'オリックス', '中田 翔', '右', '日本ハム', 5, 1, 7, 3, 3, 0, 2, 148, 'ストレート', 86.5, 55.6, 'ボール', 3, 5, 15, 'B9');"
"INSERT INTO ballinfo VALUES ('2019-04-17', 2019041706, 'オリックス', '日本ハム', '榊原 翼', '右', 'オリックス', '中田 翔', '右', '日本ハム', 5, 1, 7, 3, 4, 1, 2, 127, 'スライダー', 71.5, 54.4, '右飛', 3, 4, 14, 'S6');"
"INSERT INTO ballinfo VALUES ('2019-04-17', 2019041706, 'オリックス', '日本ハム', '堀 瑞輝', '左', '日本ハム', '吉田 正尚', '左', 'オリックス', 5, 2, 1, 1, 1, 0, 0, 142, 'ストレート', 26.5, 55.6, '空振り', 3, 2, 12, 'S4');"
"INSERT INTO ballinfo VALUES ('2019-04-17', 2019041706, 'オリックス', '日本ハム', '堀 瑞輝', '左', '日本ハム', '吉田 正尚', '左', 'オリックス', 5, 2, 1, 1, 2, 0, 1, 122, 'スライダー', 35.5, 84.0, 'ボール', 5, 2, 22, 'B16');"
"INSERT INTO ballinfo VALUES ('2019-04-17', 2019041706, 'オリックス', '日本ハム', '堀 瑞輝', '左', '日本ハム', '吉田 正尚', '左', 'オリックス', 5, 2, 1, 1, 3, 1, 1, 136, 'ストレート', 15.0, 74.8, '空振り', 4, 1, 16, 'B10');"
"INSERT INTO ballinfo VALUES ('2019-04-17', 2019041706, 'オリックス', '日本ハム', '堀 瑞輝', '左', '日本ハム', '吉田 正尚', '左', 'オリックス', 5, 2, 1, 1, 4, 1, 2, 126, 'スライダー', 50.5, 74.0, '空三振', 4, 3, 18, 'S8');"
"INSERT INTO ballinfo VALUES ('2019-04-17', 2019041706, 'オリックス', '日本ハム', '堀 瑞輝', '左', '日本ハム', 'ロメロ', '右', 'オリックス', 5, 2, 2, 2, 1, 0, 0, 140, 'ストレート', 14.5, 55.6, 'ボール', 3, 1, 11, 'B8');"
"INSERT INTO ballinfo VALUES ('2019-04-17', 2019041706, 'オリックス', '日本ハム', '堀 瑞輝', '左', '日本ハム', 'ロメロ', '右', 'オリックス', 5, 2, 2, 2, 2, 1, 0, 127, 'チェンジアップ', 69.5, 84.4, '空振り', 5, 4, 24, 'B18');"
"INSERT INTO ballinfo VALUES ('2019-04-17', 2019041706, 'オリックス', '日本ハム', '堀 瑞輝', '左', '日本ハム', 'ロメロ', '右', 'オリックス', 5, 2, 2, 2, 3, 1, 1, 128, 'チェンジアップ', 34.5, 75.6, '空振り', 4, 2, 17, 'S7');"
"INSERT INTO ballinfo VALUES ('2019-04-17', 2019041706, 'オリックス', '日本ハム', '堀 瑞輝', '左', '日本ハム', 'ロメロ', '右', 'オリックス', 5, 2, 2, 2, 4, 1, 2, 129, 'チェンジアップ', 35.0, 84.8, 'ボール', 5, 2, 22, 'B16');"
"INSERT INTO ballinfo VALUES ('2019-04-17', 2019041706, 'オリックス', '日本ハム', '堀 瑞輝', '左', '日本ハム', 'ロメロ', '右', 'オリックス', 5, 2, 2, 2, 5, 2, 2, 138, 'ストレート', 16.0, 36.8, 'ボール', 2, 1, 6, 'B6');"
"INSERT INTO ballinfo VALUES ('2019-04-17', 2019041706, 'オリックス', '日本ハム', '堀 瑞輝', '左', '日本ハム', 'ロメロ', '右', 'オリックス', 5, 2, 2, 2, 6, 3, 2, 128, 'チェンジアップ', 29.5, 91.2, '空三振', 5, 2, 22, 'B16');"
"INSERT INTO ballinfo VALUES ('2019-04-17', 2019041706, 'オリックス', '日本ハム', '堀 瑞輝', '左', '日本ハム', 'メネセス', '右', 'オリックス', 5, 2, 3, 3, 1, 0, 0, 0, 'ストレート', 51.5, 54.0, '空振り', 3, 3, 13, 'S5');"
"INSERT INTO ballinfo VALUES ('2019-04-17', 2019041706, 'オリックス', '日本ハム', '堀 瑞輝', '左', '日本ハム', 'メネセス', '右', 'オリックス', 5, 2, 3, 3, 2, 0, 1, 142, 'ストレート', 86.0, 65.2, 'ボール', 4, 5, 20, 'B11');"
"INSERT INTO ballinfo VALUES ('2019-04-17', 2019041706, 'オリックス', '日本ハム', '堀 瑞輝', '左', '日本ハム', 'メネセス', '右', 'オリックス', 5, 2, 3, 3, 3, 1, 1, 127, 'チェンジアップ', 76.5, 64.0, 'ファウル', 4, 4, 19, 'S9');"
"INSERT INTO ballinfo VALUES ('2019-04-17', 2019041706, 'オリックス', '日本ハム', '堀 瑞輝', '左', '日本ハム', 'メネセス', '右', 'オリックス', 5, 2, 3, 3, 4, 1, 2, 133, 'チェンジアップ', 54.5, 85.2, '投ゴロ', 5, 3, 23, 'B17');"
"INSERT INTO ballinfo VALUES ('2019-04-17', 2019041706, 'オリックス', '日本ハム', '榊原 翼', '右', 'オリックス', '杉谷 拳士', '左', '日本ハム', 6, 1, 1, 0, 1, 0, 0, 142, 'ストレート', 36.0, 36.4, 'ファウル', 2, 2, 7, 'S1');"
"INSERT INTO ballinfo VALUES ('2019-04-17', 2019041706, 'オリックス', '日本ハム', '榊原 翼', '右', 'オリックス', '杉谷 拳士', '左', '日本ハム', 6, 1, 1, 0, 2, 0, 1, 108, 'カーブ', 86.0, 85.2, 'ボール', 5, 5, 25, 'B19');"
"INSERT INTO ballinfo VALUES ('2019-04-17', 2019041706, 'オリックス', '日本ハム', '榊原 翼', '右', 'オリックス', '杉谷 拳士', '左', '日本ハム', 6, 1, 1, 0, 3, 1, 1, 144, 'ストレート', 86.0, 76.0, 'ボール', 4, 5, 20, 'B11');"
"INSERT INTO ballinfo VALUES ('2019-04-17', 2019041706, 'オリックス', '日本ハム', '榊原 翼', '右', 'オリックス', '杉谷 拳士', '左', '日本ハム', 6, 1, 1, 0, 4, 2, 1, 143, 'ストレート', 54.5, 52.8, '左２', 3, 3, 13, 'S5');"
"INSERT INTO ballinfo VALUES ('2019-04-17', 2019041706, 'オリックス', '日本ハム', '榊原 翼', '右', 'オリックス', '横尾 俊建', '右', '日本ハム', 6, 1, 2, 1, 1, 0, 0, 143, 'ストレート', 35.0, 54.4, '見逃し', 3, 2, 12, 'S4');"
"INSERT INTO ballinfo VALUES ('2019-04-17', 2019041706, 'オリックス', '日本ハム', '榊原 翼', '右', 'オリックス', '横尾 俊建', '右', '日本ハム', 6, 1, 2, 1, 2, 0, 1, 123, 'スライダー', 71.0, 53.2, '投ゴロ', 3, 4, 14, 'S6');"
"INSERT INTO ballinfo VALUES ('2019-04-17', 2019041706, 'オリックス', '日本ハム', '榊原 翼', '右', 'オリックス', '中島 卓也', '左', '日本ハム', 6, 1, 3, 2, 1, 0, 0, 110, 'カーブ', 66.0, 85.2, 'ボール', 5, 4, 24, 'B18');"
"INSERT INTO ballinfo VALUES ('2019-04-17', 2019041706, 'オリックス', '日本ハム', '榊原 翼', '右', 'オリックス', '中島 卓也', '左', '日本ハム', 6, 1, 3, 2, 2, 1, 0, 143, 'ストレート', 36.5, 56.0, 'ファウル', 3, 2, 12, 'S4');"
"INSERT INTO ballinfo VALUES ('2019-04-17', 2019041706, 'オリックス', '日本ハム', '榊原 翼', '右', 'オリックス', '中島 卓也', '左', '日本ハム', 6, 1, 3, 2, 3, 1, 1, 119, 'スライダー', 24.5, 15.6, 'ボール', 1, 2, 2, 'B2');"
"INSERT INTO ballinfo VALUES ('2019-04-17', 2019041706, 'オリックス', '日本ハム', '榊原 翼', '右', 'オリックス', '中島 卓也', '左', '日本ハム', 6, 1, 3, 2, 4, 2, 1, 143, 'ストレート', 27.0, 56.0, 'ファウル', 3, 2, 12, 'S4');"
"INSERT INTO ballinfo VALUES ('2019-04-17', 2019041706, 'オリックス', '日本ハム', '榊原 翼', '右', 'オリックス', '中島 卓也', '左', '日本ハム', 6, 1, 3, 2, 5, 2, 2, 140, 'フォーク', 86.5, 55.6, 'ボール', 3, 5, 15, 'B9');"
"INSERT INTO ballinfo VALUES ('2019-04-17', 2019041706, 'オリックス', '日本ハム', '榊原 翼', '右', 'オリックス', '中島 卓也', '左', '日本ハム', 6, 1, 3, 2, 6, 3, 2, 140, 'フォーク', 73.0, 54.0, '三ゴロ', 3, 4, 14, 'S6');"
"INSERT INTO ballinfo VALUES ('2019-04-17', 2019041706, 'オリックス', '日本ハム', '榊原 翼', '右', 'オリックス', '田中 賢介', '左', '日本ハム', 6, 1, 4, 3, 1, 0, 0, 121, 'スライダー', 35.5, 76.0, '見逃し', 4, 2, 17, 'S7');"
"INSERT INTO ballinfo VALUES ('2019-04-17', 2019041706, 'オリックス', '日本ハム', '榊原 翼', '右', 'オリックス', '田中 賢介', '左', '日本ハム', 6, 1, 4, 3, 2, 0, 1, 144, 'ストレート', 27.0, 75.6, '見逃し', 4, 2, 17, 'S7');"
"INSERT INTO ballinfo VALUES ('2019-04-17', 2019041706, 'オリックス', '日本ハム', '榊原 翼', '右', 'オリックス', '田中 賢介', '左', '日本ハム', 6, 1, 4, 3, 3, 0, 2, 145, 'ストレート', 16.0, 35.6, 'ボール', 2, 1, 6, 'B6');"
"INSERT INTO ballinfo VALUES ('2019-04-17', 2019041706, 'オリックス', '日本ハム', '榊原 翼', '右', 'オリックス', '田中 賢介', '左', '日本ハム', 6, 1, 4, 3, 4, 1, 2, 146, 'ストレート', 14.5, 55.6, 'ファウル', 3, 1, 11, 'B8');"
"INSERT INTO ballinfo VALUES ('2019-04-17', 2019041706, 'オリックス', '日本ハム', '榊原 翼', '右', 'オリックス', '田中 賢介', '左', '日本ハム', 6, 1, 4, 3, 5, 1, 3, 146, 'ストレート', 36.5, 56.0, 'ファウル', 3, 2, 12, 'S4');"
"INSERT INTO ballinfo VALUES ('2019-04-17', 2019041706, 'オリックス', '日本ハム', '榊原 翼', '右', 'オリックス', '田中 賢介', '左', '日本ハム', 6, 1, 4, 3, 6, 1, 4, 138, 'フォーク', 28.0, 48.0, '二ゴロ', 3, 2, 12, 'S4');"
"INSERT INTO ballinfo VALUES ('2019-04-17', 2019041706, 'オリックス', '日本ハム', '玉井 大翔', '右', '日本ハム', '頓宮 裕真', '右', 'オリックス', 6, 2, 1, 1, 1, 0, 0, 112, 'スライダー', 89.5, 87.2, 'ボール', 5, 5, 25, 'B19');"
"INSERT INTO ballinfo VALUES ('2019-04-17', 2019041706, 'オリックス', '日本ハム', '玉井 大翔', '右', '日本ハム', '頓宮 裕真', '右', 'オリックス', 6, 2, 1, 1, 2, 1, 0, 135, 'カットボール', 75.5, 56.4, '空振り', 3, 4, 14, 'S6');"
"INSERT INTO ballinfo VALUES ('2019-04-17', 2019041706, 'オリックス', '日本ハム', '玉井 大翔', '右', '日本ハム', '頓宮 裕真', '右', 'オリックス', 6, 2, 1, 1, 3, 1, 1, 138, 'シュート', 35.0, 66.4, '見逃し', 4, 2, 17, 'S7');"
"INSERT INTO ballinfo VALUES ('2019-04-17', 2019041706, 'オリックス', '日本ハム', '玉井 大翔', '右', '日本ハム', '頓宮 裕真', '右', 'オリックス', 6, 2, 1, 1, 4, 1, 2, 137, 'カットボール', 93.5, 92.8, 'ボール', 5, 5, 25, 'B19');"
"INSERT INTO ballinfo VALUES ('2019-04-17', 2019041706, 'オリックス', '日本ハム', '玉井 大翔', '右', '日本ハム', '頓宮 裕真', '右', 'オリックス', 6, 2, 1, 1, 5, 2, 2, 140, 'ストレート', 35.0, 54.8, '投ゴロ', 3, 2, 12, 'S4');"
"INSERT INTO ballinfo VALUES ('2019-04-17', 2019041706, 'オリックス', '日本ハム', '玉井 大翔', '右', '日本ハム', '後藤 駿太', '左', 'オリックス', 6, 2, 2, 2, 1, 0, 0, 140, 'ストレート', 16.0, 35.6, 'ボール', 2, 1, 6, 'B6');"
"INSERT INTO ballinfo VALUES ('2019-04-17', 2019041706, 'オリックス', '日本ハム', '玉井 大翔', '右', '日本ハム', '後藤 駿太', '左', 'オリックス', 6, 2, 2, 2, 2, 1, 0, 142, 'シュート', 57.0, 84.8, 'ボール', 5, 3, 23, 'B17');"
"INSERT INTO ballinfo VALUES ('2019-04-17', 2019041706, 'オリックス', '日本ハム', '玉井 大翔', '右', '日本ハム', '後藤 駿太', '左', 'オリックス', 6, 2, 2, 2, 3, 2, 0, 144, 'ストレート', 55.5, 65.2, '見逃し', 4, 3, 18, 'S8');"
"INSERT INTO ballinfo VALUES ('2019-04-17', 2019041706, 'オリックス', '日本ハム', '玉井 大翔', '右', '日本ハム', '後藤 駿太', '左', 'オリックス', 6, 2, 2, 2, 4, 2, 1, 140, 'シュート', 33.5, 54.4, '遊ゴロ', 3, 2, 12, 'S4');"
"INSERT INTO ballinfo VALUES ('2019-04-17', 2019041706, 'オリックス', '日本ハム', '玉井 大翔', '右', '日本ハム', '若月 健矢', '右', 'オリックス', 6, 2, 3, 3, 1, 0, 0, 136, 'カットボール', 75.0, 55.6, '見逃し', 3, 4, 14, 'S6');"
"INSERT INTO ballinfo VALUES ('2019-04-17', 2019041706, 'オリックス', '日本ハム', '玉井 大翔', '右', '日本ハム', '若月 健矢', '右', 'オリックス', 6, 2, 3, 3, 2, 0, 1, 116, 'スライダー', 76.5, 66.0, '見逃し', 4, 4, 19, 'S9');"
"INSERT INTO ballinfo VALUES ('2019-04-17', 2019041706, 'オリックス', '日本ハム', '玉井 大翔', '右', '日本ハム', '若月 健矢', '右', 'オリックス', 6, 2, 3, 3, 3, 0, 2, 143, 'ストレート', 86.5, 25.2, 'ボール', 2, 5, 10, 'B7');"
"INSERT INTO ballinfo VALUES ('2019-04-17', 2019041706, 'オリックス', '日本ハム', '玉井 大翔', '右', '日本ハム', '若月 健矢', '右', 'オリックス', 6, 2, 3, 3, 4, 1, 2, 137, 'カットボール', 75.0, 46.8, '遊ゴロ', 3, 4, 14, 'S6');"
"INSERT INTO ballinfo VALUES ('2019-04-17', 2019041706, 'オリックス', '日本ハム', '吉田 一将', '右', 'オリックス', '西川 遥輝', '左', '日本ハム', 7, 1, 1, 0, 1, 0, 0, 125, 'スライダー', 66.5, 84.4, 'ボール', 5, 4, 24, 'B18');"
"INSERT INTO ballinfo VALUES ('2019-04-17', 2019041706, 'オリックス', '日本ハム', '吉田 一将', '右', 'オリックス', '西川 遥輝', '左', '日本ハム', 7, 1, 1, 0, 2, 1, 0, 145, 'ストレート', 32.5, 54.8, '右３', 3, 2, 12, 'S4');"
"INSERT INTO ballinfo VALUES ('2019-04-17', 2019041706, 'オリックス', '日本ハム', '吉田 一将', '右', 'オリックス', '大田 泰示', '右', '日本ハム', 7, 1, 2, 1, 1, 0, 0, 130, 'フォーク', 35.5, 56.4, 'ファウル', 3, 2, 12, 'S4');"
"INSERT INTO ballinfo VALUES ('2019-04-17', 2019041706, 'オリックス', '日本ハム', '吉田 一将', '右', 'オリックス', '大田 泰示', '右', '日本ハム', 7, 1, 2, 1, 2, 0, 1, 132, 'フォーク', 76.5, 84.8, 'ボール', 5, 4, 24, 'B18');"
"INSERT INTO ballinfo VALUES ('2019-04-17', 2019041706, 'オリックス', '日本ハム', '吉田 一将', '右', 'オリックス', '大田 泰示', '右', '日本ハム', 7, 1, 2, 1, 3, 1, 1, 132, 'スライダー', 46.5, 76.8, 'ファウル', 4, 3, 18, 'S8');"
"INSERT INTO ballinfo VALUES ('2019-04-17', 2019041706, 'オリックス', '日本ハム', '吉田 一将', '右', 'オリックス', '大田 泰示', '右', '日本ハム', 7, 1, 2, 1, 4, 1, 2, 147, 'ストレート', 86.5, 35.6, '空三振', 2, 5, 10, 'B7');"
"INSERT INTO ballinfo VALUES ('2019-04-17', 2019041706, 'オリックス', '日本ハム', '吉田 一将', '右', 'オリックス', '王 柏融', '左', '日本ハム', 7, 1, 3, 1, 1, 0, 0, 130, 'フォーク', 36.5, 83.6, 'ボール', 5, 2, 22, 'B16');"
"INSERT INTO ballinfo VALUES ('2019-04-17', 2019041706, 'オリックス', '日本ハム', '吉田 一将', '右', 'オリックス', '王 柏融', '左', '日本ハム', 7, 1, 3, 1, 2, 1, 0, 145, 'ストレート', 33.0, 16.4, '空振り', 1, 2, 2, 'B2');"
"INSERT INTO ballinfo VALUES ('2019-04-17', 2019041706, 'オリックス', '日本ハム', '吉田 一将', '右', 'オリックス', '王 柏融', '左', '日本ハム', 7, 1, 3, 1, 3, 1, 1, 145, 'ストレート', 48.5, 55.2, '右本', 3, 3, 13, 'S5');"
"INSERT INTO ballinfo VALUES ('2019-04-17', 2019041706, 'オリックス', '日本ハム', '吉田 一将', '右', 'オリックス', '近藤 健介', '左', '日本ハム', 7, 1, 4, 2, 1, 0, 0, 144, 'ストレート', 35.5, 56.0, '見逃し', 3, 2, 12, 'S4');"
"INSERT INTO ballinfo VALUES ('2019-04-17', 2019041706, 'オリックス', '日本ハム', '吉田 一将', '右', 'オリックス', '近藤 健介', '左', '日本ハム', 7, 1, 4, 2, 2, 0, 1, 133, 'フォーク', 55.0, 84.0, 'ボール', 5, 3, 23, 'B17');"
"INSERT INTO ballinfo VALUES ('2019-04-17', 2019041706, 'オリックス', '日本ハム', '吉田 一将', '右', 'オリックス', '近藤 健介', '左', '日本ハム', 7, 1, 4, 2, 3, 1, 1, 129, 'スライダー', 16.0, 66.0, 'ボール', 4, 1, 16, 'B10');"
"INSERT INTO ballinfo VALUES ('2019-04-17', 2019041706, 'オリックス', '日本ハム', '吉田 一将', '右', 'オリックス', '近藤 健介', '左', '日本ハム', 7, 1, 4, 2, 4, 2, 1, 143, 'ストレート', 26.5, 55.2, 'ファウル', 3, 2, 12, 'S4');"
"INSERT INTO ballinfo VALUES ('2019-04-17', 2019041706, 'オリックス', '日本ハム', '吉田 一将', '右', 'オリックス', '近藤 健介', '左', '日本ハム', 7, 1, 4, 2, 5, 2, 2, 144, 'ストレート', 55.0, 54.8, '空三振', 3, 3, 13, 'S5');"
"INSERT INTO ballinfo VALUES ('2019-04-17', 2019041706, 'オリックス', '日本ハム', '吉田 一将', '右', 'オリックス', '中田 翔', '右', '日本ハム', 7, 1, 5, 3, 1, 0, 0, 129, 'スライダー', 66.5, 84.0, 'ボール', 5, 4, 24, 'B18');"
"INSERT INTO ballinfo VALUES ('2019-04-17', 2019041706, 'オリックス', '日本ハム', '吉田 一将', '右', 'オリックス', '中田 翔', '右', '日本ハム', 7, 1, 5, 3, 2, 1, 0, 131, 'フォーク', 55.0, 85.2, '空振り', 5, 3, 23, 'B17');"
"INSERT INTO ballinfo VALUES ('2019-04-17', 2019041706, 'オリックス', '日本ハム', '吉田 一将', '右', 'オリックス', '中田 翔', '右', '日本ハム', 7, 1, 5, 3, 3, 1, 1, 131, 'フォーク', 76.0, 84.4, 'ボール', 5, 4, 24, 'B18');"
"INSERT INTO ballinfo VALUES ('2019-04-17', 2019041706, 'オリックス', '日本ハム', '吉田 一将', '右', 'オリックス', '中田 翔', '右', '日本ハム', 7, 1, 5, 3, 4, 2, 1, 132, 'フォーク', 48.5, 90.4, '一ゴロ', 5, 3, 23, 'B17');"
"INSERT INTO ballinfo VALUES ('2019-04-17', 2019041706, 'オリックス', '日本ハム', '公文 克彦', '左', '日本ハム', '大城 滉二', '右', 'オリックス', 7, 2, 1, 1, 1, 0, 0, 129, 'スライダー', 87.5, 16.0, 'ボール', 1, 5, 5, 'B5');"
"INSERT INTO ballinfo VALUES ('2019-04-17', 2019041706, 'オリックス', '日本ハム', '公文 克彦', '左', '日本ハム', '大城 滉二', '右', 'オリックス', 7, 2, 1, 1, 2, 1, 0, 130, 'スライダー', 88.0, 35.2, 'ボール', 2, 5, 10, 'B7');"
"INSERT INTO ballinfo VALUES ('2019-04-17', 2019041706, 'オリックス', '日本ハム', '公文 克彦', '左', '日本ハム', '大城 滉二', '右', 'オリックス', 7, 2, 1, 1, 3, 2, 0, 142, 'ストレート', 76.0, 56.4, '見逃し', 3, 4, 14, 'S6');"
"INSERT INTO ballinfo VALUES ('2019-04-17', 2019041706, 'オリックス', '日本ハム', '公文 克彦', '左', '日本ハム', '大城 滉二', '右', 'オリックス', 7, 2, 1, 1, 4, 2, 1, 144, 'ストレート', 67.0, 55.6, '見逃し', 3, 4, 14, 'S6');"
"INSERT INTO ballinfo VALUES ('2019-04-17', 2019041706, 'オリックス', '日本ハム', '公文 克彦', '左', '日本ハム', '大城 滉二', '右', 'オリックス', 7, 2, 1, 1, 5, 2, 2, 146, 'ストレート', 66.5, 48.8, 'ファウル', 3, 4, 14, 'S6');"
"INSERT INTO ballinfo VALUES ('2019-04-17', 2019041706, 'オリックス', '日本ハム', '公文 克彦', '左', '日本ハム', '大城 滉二', '右', 'オリックス', 7, 2, 1, 1, 6, 2, 3, 145, 'ストレート', 55.5, 36.4, 'ファウル', 2, 3, 8, 'S2');"
"INSERT INTO ballinfo VALUES ('2019-04-17', 2019041706, 'オリックス', '日本ハム', '公文 克彦', '左', '日本ハム', '大城 滉二', '右', 'オリックス', 7, 2, 1, 1, 7, 2, 4, 130, 'スライダー', 30.5, 51.6, '三ゴロ', 3, 2, 12, 'S4');"
"INSERT INTO ballinfo VALUES ('2019-04-17', 2019041706, 'オリックス', '日本ハム', '公文 克彦', '左', '日本ハム', '西浦 颯大', '左', 'オリックス', 7, 2, 2, 2, 1, 0, 0, 134, 'スライダー', 36.5, 64.0, '空振り', 4, 2, 17, 'S7');"
"INSERT INTO ballinfo VALUES ('2019-04-17', 2019041706, 'オリックス', '日本ハム', '公文 克彦', '左', '日本ハム', '西浦 颯大', '左', 'オリックス', 7, 2, 2, 2, 2, 0, 1, 135, 'スライダー', 16.5, 84.8, 'ボール', 5, 1, 21, 'B15');"
"INSERT INTO ballinfo VALUES ('2019-04-17', 2019041706, 'オリックス', '日本ハム', '公文 克彦', '左', '日本ハム', '西浦 颯大', '左', 'オリックス', 7, 2, 2, 2, 3, 1, 1, 134, 'スライダー', 28.0, 64.0, 'ファウル', 4, 2, 17, 'S7');"
"INSERT INTO ballinfo VALUES ('2019-04-17', 2019041706, 'オリックス', '日本ハム', '公文 克彦', '左', '日本ハム', '西浦 颯大', '左', 'オリックス', 7, 2, 2, 2, 4, 1, 2, 138, 'ストレート', 16.0, 56.0, 'ボール', 3, 1, 11, 'B8');"
"INSERT INTO ballinfo VALUES ('2019-04-17', 2019041706, 'オリックス', '日本ハム', '公文 克彦', '左', '日本ハム', '西浦 颯大', '左', 'オリックス', 7, 2, 2, 2, 5, 2, 2, 131, 'スライダー', 29.5, 36.4, '左飛', 2, 2, 7, 'S1');"
"INSERT INTO ballinfo VALUES ('2019-04-17', 2019041706, 'オリックス', '日本ハム', '公文 克彦', '左', '日本ハム', '福田 周平', '左', 'オリックス', 7, 2, 3, 3, 1, 0, 0, 145, 'ストレート', 34.5, 63.6, '見逃し', 4, 2, 17, 'S7');"
"INSERT INTO ballinfo VALUES ('2019-04-17', 2019041706, 'オリックス', '日本ハム', '公文 克彦', '左', '日本ハム', '福田 周平', '左', 'オリックス', 7, 2, 3, 3, 2, 0, 1, 144, 'ストレート', 16.0, 64.0, 'ボール', 4, 1, 16, 'B10');"
"INSERT INTO ballinfo VALUES ('2019-04-17', 2019041706, 'オリックス', '日本ハム', '公文 克彦', '左', '日本ハム', '福田 周平', '左', 'オリックス', 7, 2, 3, 3, 3, 1, 1, 132, 'スライダー', 14.5, 53.6, '左飛', 3, 1, 11, 'B8');"
"INSERT INTO ballinfo VALUES ('2019-04-17', 2019041706, 'オリックス', '日本ハム', '澤田 圭佑', '右', 'オリックス', '杉谷 拳士', '左', '日本ハム', 8, 1, 1, 1, 1, 0, 0, 149, 'ストレート', 87.5, 37.2, 'ボール', 2, 5, 10, 'B7');"
"INSERT INTO ballinfo VALUES ('2019-04-17', 2019041706, 'オリックス', '日本ハム', '澤田 圭佑', '右', 'オリックス', '杉谷 拳士', '左', '日本ハム', 8, 1, 1, 1, 2, 1, 0, 148, 'ストレート', 76.5, 55.6, '見逃し', 3, 4, 14, 'S6');"
"INSERT INTO ballinfo VALUES ('2019-04-17', 2019041706, 'オリックス', '日本ハム', '澤田 圭佑', '右', 'オリックス', '杉谷 拳士', '左', '日本ハム', 8, 1, 1, 1, 3, 1, 1, 125, 'チェンジアップ', 67.0, 55.2, '見逃し', 3, 4, 14, 'S6');"
"INSERT INTO ballinfo VALUES ('2019-04-17', 2019041706, 'オリックス', '日本ハム', '澤田 圭佑', '右', 'オリックス', '杉谷 拳士', '左', '日本ハム', 8, 1, 1, 1, 4, 1, 2, 124, 'チェンジアップ', 36.0, 75.6, '中飛', 4, 2, 17, 'S7');"
"INSERT INTO ballinfo VALUES ('2019-04-17', 2019041706, 'オリックス', '日本ハム', '澤田 圭佑', '右', 'オリックス', '横尾 俊建', '右', '日本ハム', 8, 1, 2, 1, 1, 0, 0, 149, 'ストレート', 87.0, 36.0, 'ボール', 2, 5, 10, 'B7');"
"INSERT INTO ballinfo VALUES ('2019-04-17', 2019041706, 'オリックス', '日本ハム', '澤田 圭佑', '右', 'オリックス', '横尾 俊建', '右', '日本ハム', 8, 1, 2, 1, 2, 1, 0, 147, 'ストレート', 76.5, 57.2, 'ファウル', 3, 4, 14, 'S6');"
"INSERT INTO ballinfo VALUES ('2019-04-17', 2019041706, 'オリックス', '日本ハム', '澤田 圭佑', '右', 'オリックス', '横尾 俊建', '右', '日本ハム', 8, 1, 2, 1, 3, 1, 1, 140, 'カットボール', 84.5, 65.2, 'ボール', 4, 5, 20, 'B11');"
"INSERT INTO ballinfo VALUES ('2019-04-17', 2019041706, 'オリックス', '日本ハム', '澤田 圭佑', '右', 'オリックス', '横尾 俊建', '右', '日本ハム', 8, 1, 2, 1, 4, 2, 1, 141, 'カットボール', 84.5, 44.4, 'ファウル', 3, 5, 15, 'B9');"
"INSERT INTO ballinfo VALUES ('2019-04-17', 2019041706, 'オリックス', '日本ハム', '澤田 圭佑', '右', 'オリックス', '横尾 俊建', '右', '日本ハム', 8, 1, 2, 1, 5, 2, 2, 120, 'チェンジアップ', 49.5, 24.8, '左安', 2, 3, 8, 'S2');"
"INSERT INTO ballinfo VALUES ('2019-04-17', 2019041706, 'オリックス', '日本ハム', '澤田 圭佑', '右', 'オリックス', '中島 卓也', '左', '日本ハム', 8, 1, 3, 2, 1, 0, 0, 142, 'ストレート', 34.0, 47.6, '捕邪飛', 3, 2, 12, 'S4');"
"INSERT INTO ballinfo VALUES ('2019-04-17', 2019041706, 'オリックス', '日本ハム', '澤田 圭佑', '右', 'オリックス', '平沼 翔太', '左', '日本ハム', 8, 1, 4, 3, 1, 0, 0, 145, 'ストレート', 35.5, 36.0, '見逃し', 2, 2, 7, 'S1');"
"INSERT INTO ballinfo VALUES ('2019-04-17', 2019041706, 'オリックス', '日本ハム', '澤田 圭佑', '右', 'オリックス', '平沼 翔太', '左', '日本ハム', 8, 1, 4, 3, 2, 0, 1, 122, 'チェンジアップ', 16.5, 85.2, 'ボール', 5, 1, 21, 'B15');"
"INSERT INTO ballinfo VALUES ('2019-04-17', 2019041706, 'オリックス', '日本ハム', '澤田 圭佑', '右', 'オリックス', '平沼 翔太', '左', '日本ハム', 8, 1, 4, 3, 3, 1, 1, 120, 'チェンジアップ', 35.0, 85.2, '空振り', 5, 2, 22, 'B16');"
"INSERT INTO ballinfo VALUES ('2019-04-17', 2019041706, 'オリックス', '日本ハム', '澤田 圭佑', '右', 'オリックス', '平沼 翔太', '左', '日本ハム', 8, 1, 4, 3, 4, 1, 2, 116, 'チェンジアップ', 8.0, 84.8, 'ファウル', 5, 1, 21, 'B15');"
"INSERT INTO ballinfo VALUES ('2019-04-17', 2019041706, 'オリックス', '日本ハム', '澤田 圭佑', '右', 'オリックス', '平沼 翔太', '左', '日本ハム', 8, 1, 4, 3, 5, 1, 3, 148, 'ストレート', 51.5, 15.6, '空三振', 1, 3, 3, 'B3');"
"INSERT INTO ballinfo VALUES ('2019-04-17', 2019041706, 'オリックス', '日本ハム', 'ハンコック', '右', '日本ハム', '吉田 正尚', '左', 'オリックス', 8, 2, 1, 0, 1, 0, 0, 139, 'スライダー', 85.5, 85.2, 'ボール', 5, 5, 25, 'B19');"
"INSERT INTO ballinfo VALUES ('2019-04-17', 2019041706, 'オリックス', '日本ハム', 'ハンコック', '右', '日本ハム', '吉田 正尚', '左', 'オリックス', 8, 2, 1, 0, 2, 1, 0, 148, 'ストレート', 35.5, 65.6, '見逃し', 4, 2, 17, 'S7');"
"INSERT INTO ballinfo VALUES ('2019-04-17', 2019041706, 'オリックス', '日本ハム', 'ハンコック', '右', '日本ハム', '吉田 正尚', '左', 'オリックス', 8, 2, 1, 0, 3, 1, 1, 150, 'ストレート', 16.5, 76.0, 'ボール', 4, 1, 16, 'B10');"
"INSERT INTO ballinfo VALUES ('2019-04-17', 2019041706, 'オリックス', '日本ハム', 'ハンコック', '右', '日本ハム', '吉田 正尚', '左', 'オリックス', 8, 2, 1, 0, 4, 2, 1, 137, 'スライダー', 65.0, 84.4, 'ボール', 5, 4, 24, 'B18');"
"INSERT INTO ballinfo VALUES ('2019-04-17', 2019041706, 'オリックス', '日本ハム', 'ハンコック', '右', '日本ハム', '吉田 正尚', '左', 'オリックス', 8, 2, 1, 0, 5, 3, 1, 149, 'ストレート', 76.0, 76.8, '見逃し', 4, 4, 19, 'S9');"
"INSERT INTO ballinfo VALUES ('2019-04-17', 2019041706, 'オリックス', '日本ハム', 'ハンコック', '右', '日本ハム', '吉田 正尚', '左', 'オリックス', 8, 2, 1, 0, 6, 3, 2, 137, 'スライダー', 84.0, 65.2, 'ファウル', 4, 5, 20, 'B11');"
"INSERT INTO ballinfo VALUES ('2019-04-17', 2019041706, 'オリックス', '日本ハム', 'ハンコック', '右', '日本ハム', '吉田 正尚', '左', 'オリックス', 8, 2, 1, 0, 7, 3, 3, 137, 'スライダー', 15.0, 35.6, '四球', 2, 1, 6, 'B6');"
"INSERT INTO ballinfo VALUES ('2019-04-17', 2019041706, 'オリックス', '日本ハム', 'ハンコック', '右', '日本ハム', 'ロメロ', '右', 'オリックス', 8, 2, 2, 0, 1, 0, 0, 148, 'ストレート', 53.0, 53.2, '左安', 3, 3, 13, 'S5');"
"INSERT INTO ballinfo VALUES ('2019-04-17', 2019041706, 'オリックス', '日本ハム', 'ハンコック', '右', '日本ハム', 'メネセス', '右', 'オリックス', 8, 2, 3, 1, 1, 0, 0, 133, 'スライダー', 71.0, 51.6, '見逃し', 3, 4, 14, 'S6');"
"INSERT INTO ballinfo VALUES ('2019-04-17', 2019041706, 'オリックス', '日本ハム', 'ハンコック', '右', '日本ハム', 'メネセス', '右', 'オリックス', 8, 2, 3, 1, 2, 0, 1, 149, 'ストレート', 75.0, 35.6, 'ファウル', 2, 4, 9, 'S3');"
"INSERT INTO ballinfo VALUES ('2019-04-17', 2019041706, 'オリックス', '日本ハム', 'ハンコック', '右', '日本ハム', 'メネセス', '右', 'オリックス', 8, 2, 3, 1, 3, 0, 2, 151, 'ストレート', 71.0, 14.4, '右犠飛', 1, 4, 4, 'B4');"
"INSERT INTO ballinfo VALUES ('2019-04-17', 2019041706, 'オリックス', '日本ハム', 'ハンコック', '右', '日本ハム', '西野 真弘', '左', 'オリックス', 8, 2, 4, 1, 1, 0, 0, 135, 'スライダー', 85.5, 56.0, 'ボール', 3, 5, 15, 'B9');"
"INSERT INTO ballinfo VALUES ('2019-04-17', 2019041706, 'オリックス', '日本ハム', 'ハンコック', '右', '日本ハム', '西野 真弘', '左', 'オリックス', 8, 2, 4, 1, 2, 1, 0, 148, 'ストレート', 35.0, 17.2, 'ボール', 1, 2, 2, 'B2');"
"INSERT INTO ballinfo VALUES ('2019-04-17', 2019041706, 'オリックス', '日本ハム', 'ハンコック', '右', '日本ハム', '西野 真弘', '左', 'オリックス', 8, 2, 4, 1, 3, 2, 0, 148, 'ストレート', 13.0, 16.0, 'ボール', 1, 1, 1, 'B1');"
"INSERT INTO ballinfo VALUES ('2019-04-17', 2019041706, 'オリックス', '日本ハム', 'ハンコック', '右', '日本ハム', '西野 真弘', '左', 'オリックス', 8, 2, 4, 1, 4, 3, 0, 147, 'ストレート', 55.5, 55.6, 'ファウル', 3, 3, 13, 'S5');"
"INSERT INTO ballinfo VALUES ('2019-04-17', 2019041706, 'オリックス', '日本ハム', 'ハンコック', '右', '日本ハム', '西野 真弘', '左', 'オリックス', 8, 2, 4, 1, 5, 3, 1, 136, 'スライダー', 89.0, 87.6, '四球', 5, 5, 25, 'B19');"
"INSERT INTO ballinfo VALUES ('2019-04-17', 2019041706, 'オリックス', '日本ハム', 'ハンコック', '右', '日本ハム', '後藤 駿太', '左', 'オリックス', 8, 2, 5, 2, 1, 0, 0, 149, 'ストレート', 35.0, 55.6, 'ファウル', 3, 2, 12, 'S4');"
"INSERT INTO ballinfo VALUES ('2019-04-17', 2019041706, 'オリックス', '日本ハム', 'ハンコック', '右', '日本ハム', '後藤 駿太', '左', 'オリックス', 8, 2, 5, 2, 2, 0, 1, 148, 'ストレート', 87.5, 53.2, 'ボール', 3, 5, 15, 'B9');"
"INSERT INTO ballinfo VALUES ('2019-04-17', 2019041706, 'オリックス', '日本ハム', 'ハンコック', '右', '日本ハム', '後藤 駿太', '左', 'オリックス', 8, 2, 5, 2, 3, 1, 1, 135, 'チェンジアップ', 34.5, 15.6, 'ファウル', 1, 2, 2, 'B2');"
"INSERT INTO ballinfo VALUES ('2019-04-17', 2019041706, 'オリックス', '日本ハム', 'ハンコック', '右', '日本ハム', '後藤 駿太', '左', 'オリックス', 8, 2, 5, 2, 4, 1, 2, 149, 'ストレート', 86.5, 46.8, 'ファウル', 3, 5, 15, 'B9');"
"INSERT INTO ballinfo VALUES ('2019-04-17', 2019041706, 'オリックス', '日本ハム', 'ハンコック', '右', '日本ハム', '後藤 駿太', '左', 'オリックス', 8, 2, 5, 2, 5, 1, 3, 136, 'チェンジアップ', 35.5, 35.6, 'ファウル', 2, 2, 7, 'S1');"
"INSERT INTO ballinfo VALUES ('2019-04-17', 2019041706, 'オリックス', '日本ハム', 'ハンコック', '右', '日本ハム', '後藤 駿太', '左', 'オリックス', 8, 2, 5, 2, 6, 1, 4, 134, 'スライダー', 32.0, 47.6, '二ゴロ', 3, 2, 12, 'S4');"
"INSERT INTO ballinfo VALUES ('2019-04-17', 2019041706, 'オリックス', '日本ハム', 'ハンコック', '右', '日本ハム', '若月 健矢', '右', 'オリックス', 8, 2, 6, 3, 1, 0, 0, 149, 'ストレート', 31.5, 52.8, '右飛', 3, 2, 12, 'S4');"
"INSERT INTO ballinfo VALUES ('2019-04-17', 2019041706, 'オリックス', '日本ハム', '増井 浩俊', '右', 'オリックス', '西川 遥輝', '左', '日本ハム', 9, 1, 1, 1, 1, 0, 0, 151, 'ストレート', 36.0, 64.8, '見逃し', 4, 2, 17, 'S7');"
"INSERT INTO ballinfo VALUES ('2019-04-17', 2019041706, 'オリックス', '日本ハム', '増井 浩俊', '右', 'オリックス', '西川 遥輝', '左', '日本ハム', 9, 1, 1, 1, 2, 0, 1, 139, 'フォーク', 76.5, 77.2, '見逃し', 4, 4, 19, 'S9');"
"INSERT INTO ballinfo VALUES ('2019-04-17', 2019041706, 'オリックス', '日本ハム', '増井 浩俊', '右', 'オリックス', '西川 遥輝', '左', '日本ハム', 9, 1, 1, 1, 3, 0, 2, 138, 'フォーク', 14.0, 86.0, 'ファウル', 5, 1, 21, 'B15');"
"INSERT INTO ballinfo VALUES ('2019-04-17', 2019041706, 'オリックス', '日本ハム', '増井 浩俊', '右', 'オリックス', '西川 遥輝', '左', '日本ハム', 9, 1, 1, 1, 4, 0, 3, 138, 'フォーク', 15.5, 16.4, 'ボール', 1, 1, 1, 'B1');"
"INSERT INTO ballinfo VALUES ('2019-04-17', 2019041706, 'オリックス', '日本ハム', '増井 浩俊', '右', 'オリックス', '西川 遥輝', '左', '日本ハム', 9, 1, 1, 1, 5, 1, 3, 150, 'ストレート', 15.5, 55.6, 'ボール', 3, 1, 11, 'B8');"
"INSERT INTO ballinfo VALUES ('2019-04-17', 2019041706, 'オリックス', '日本ハム', '増井 浩俊', '右', 'オリックス', '西川 遥輝', '左', '日本ハム', 9, 1, 1, 1, 6, 2, 3, 138, 'フォーク', 36.5, 36.4, 'ファウル', 2, 2, 7, 'S1');"
"INSERT INTO ballinfo VALUES ('2019-04-17', 2019041706, 'オリックス', '日本ハム', '増井 浩俊', '右', 'オリックス', '西川 遥輝', '左', '日本ハム', 9, 1, 1, 1, 7, 2, 4, 151, 'ストレート', 55.5, 75.6, '空三振', 4, 3, 18, 'S8');"
"INSERT INTO ballinfo VALUES ('2019-04-17', 2019041706, 'オリックス', '日本ハム', '増井 浩俊', '右', 'オリックス', '大田 泰示', '右', '日本ハム', 9, 1, 2, 1, 1, 0, 0, 130, 'フォーク', 69.0, 35.2, '左本', 2, 4, 9, 'S3');"
"INSERT INTO ballinfo VALUES ('2019-04-17', 2019041706, 'オリックス', '日本ハム', '増井 浩俊', '右', 'オリックス', '王 柏融', '左', '日本ハム', 9, 1, 3, 1, 1, 0, 0, 152, 'ストレート', 56.0, 84.0, 'ボール', 5, 3, 23, 'B17');"
"INSERT INTO ballinfo VALUES ('2019-04-17', 2019041706, 'オリックス', '日本ハム', '増井 浩俊', '右', 'オリックス', '王 柏融', '左', '日本ハム', 9, 1, 3, 1, 2, 1, 0, 147, 'ストレート', 36.0, 76.0, '見逃し', 4, 2, 17, 'S7');"
"INSERT INTO ballinfo VALUES ('2019-04-17', 2019041706, 'オリックス', '日本ハム', '増井 浩俊', '右', 'オリックス', '王 柏融', '左', '日本ハム', 9, 1, 3, 1, 3, 1, 1, 138, 'フォーク', 77.0, 83.6, 'ボール', 5, 4, 24, 'B18');"
"INSERT INTO ballinfo VALUES ('2019-04-17', 2019041706, 'オリックス', '日本ハム', '増井 浩俊', '右', 'オリックス', '王 柏融', '左', '日本ハム', 9, 1, 3, 1, 4, 2, 1, 149, 'ストレート', 34.0, 36.4, '左安', 2, 2, 7, 'S1');"
"INSERT INTO ballinfo VALUES ('2019-04-17', 2019041706, 'オリックス', '日本ハム', '増井 浩俊', '右', 'オリックス', '近藤 健介', '左', '日本ハム', 9, 1, 4, 1, 1, 0, 0, 138, 'フォーク', 34.5, 70.0, '右安', 4, 2, 17, 'S7');"
"INSERT INTO ballinfo VALUES ('2019-04-17', 2019041706, 'オリックス', '日本ハム', '増井 浩俊', '右', 'オリックス', '中田 翔', '右', '日本ハム', 9, 1, 5, 2, 1, 0, 0, 135, 'フォーク', 15.0, 16.4, 'ボール', 1, 1, 1, 'B1');"
"INSERT INTO ballinfo VALUES ('2019-04-17', 2019041706, 'オリックス', '日本ハム', '増井 浩俊', '右', 'オリックス', '中田 翔', '右', '日本ハム', 9, 1, 5, 2, 2, 1, 0, 134, 'フォーク', 36.5, 55.2, 'ファウル', 3, 2, 12, 'S4');"
"INSERT INTO ballinfo VALUES ('2019-04-17', 2019041706, 'オリックス', '日本ハム', '増井 浩俊', '右', 'オリックス', '中田 翔', '右', '日本ハム', 9, 1, 5, 2, 3, 1, 1, 151, 'ストレート', 53.0, 75.6, '空振り', 4, 3, 18, 'S8');"
"INSERT INTO ballinfo VALUES ('2019-04-17', 2019041706, 'オリックス', '日本ハム', '増井 浩俊', '右', 'オリックス', '中田 翔', '右', '日本ハム', 9, 1, 5, 2, 4, 1, 2, 136, 'フォーク', 54.5, 84.0, 'ボール', 5, 3, 23, 'B17');"
"INSERT INTO ballinfo VALUES ('2019-04-17', 2019041706, 'オリックス', '日本ハム', '増井 浩俊', '右', 'オリックス', '中田 翔', '右', '日本ハム', 9, 1, 5, 2, 5, 2, 2, 137, 'フォーク', 54.5, 89.6, '空三振', 5, 3, 23, 'B17');"
"INSERT INTO ballinfo VALUES ('2019-04-17', 2019041706, 'オリックス', '日本ハム', '増井 浩俊', '右', 'オリックス', '杉谷 拳士', '左', '日本ハム', 9, 1, 6, 3, 1, 0, 0, 134, 'スライダー', 76.5, 55.6, '見逃し', 3, 4, 14, 'S6');"
"INSERT INTO ballinfo VALUES ('2019-04-17', 2019041706, 'オリックス', '日本ハム', '増井 浩俊', '右', 'オリックス', '杉谷 拳士', '左', '日本ハム', 9, 1, 6, 3, 2, 0, 1, 151, 'ストレート', 85.0, 76.4, 'ボール', 4, 5, 20, 'B11');"
"INSERT INTO ballinfo VALUES ('2019-04-17', 2019041706, 'オリックス', '日本ハム', '増井 浩俊', '右', 'オリックス', '杉谷 拳士', '左', '日本ハム', 9, 1, 6, 3, 3, 1, 1, 150, 'ストレート', 76.5, 64.8, 'ファウル', 4, 4, 19, 'S9');"
"INSERT INTO ballinfo VALUES ('2019-04-17', 2019041706, 'オリックス', '日本ハム', '増井 浩俊', '右', 'オリックス', '杉谷 拳士', '左', '日本ハム', 9, 1, 6, 3, 4, 1, 2, 138, 'フォーク', 35.0, 84.4, '空振り', 5, 2, 22, 'B16');"
