"INSERT INTO ballinfo VALUES ('2019-04-17', 2019041702, 'ヤクルト', '阪神', 'ブキャナン', '右', 'ヤクルト', '近本 光司', '左', '阪神', 1, 1, 1, 1, 1, 0, 0, 137, 'シュート', 26.5, 86.4, 'ボール', 5, 2, 22, 'B16');"
"INSERT INTO ballinfo VALUES ('2019-04-17', 2019041702, 'ヤクルト', '阪神', 'ブキャナン', '右', 'ヤクルト', '近本 光司', '左', '阪神', 1, 1, 1, 1, 2, 1, 0, 0, 'ストレート', 30.0, 55.6, 'ファウル', 3, 2, 12, 'S4');"
"INSERT INTO ballinfo VALUES ('2019-04-17', 2019041702, 'ヤクルト', '阪神', 'ブキャナン', '右', 'ヤクルト', '近本 光司', '左', '阪神', 1, 1, 1, 1, 3, 1, 1, 134, 'チェンジアップ', 47.0, 66.0, '二ゴロ', 4, 3, 18, 'S8');"
"INSERT INTO ballinfo VALUES ('2019-04-17', 2019041702, 'ヤクルト', '阪神', 'ブキャナン', '右', 'ヤクルト', '糸原 健斗', '左', '阪神', 1, 1, 2, 2, 1, 0, 0, 126, 'チェンジアップ', 76.5, 31.6, '見逃し', 2, 4, 9, 'S3');"
"INSERT INTO ballinfo VALUES ('2019-04-17', 2019041702, 'ヤクルト', '阪神', 'ブキャナン', '右', 'ヤクルト', '糸原 健斗', '左', '阪神', 1, 1, 2, 2, 2, 0, 1, 0, 'カーブ', 76.5, 69.2, '見逃し', 4, 4, 19, 'S9');"
"INSERT INTO ballinfo VALUES ('2019-04-17', 2019041702, 'ヤクルト', '阪神', 'ブキャナン', '右', 'ヤクルト', '糸原 健斗', '左', '阪神', 1, 1, 2, 2, 3, 0, 2, 129, 'フォーク', 47.5, 71.2, '捕邪飛', 4, 3, 18, 'S8');"
"INSERT INTO ballinfo VALUES ('2019-04-17', 2019041702, 'ヤクルト', '阪神', 'ブキャナン', '右', 'ヤクルト', '糸井 嘉男', '左', '阪神', 1, 1, 3, 2, 1, 0, 0, 0, 'カットボール', 51.0, 74.0, '見逃し', 4, 3, 18, 'S8');"
"INSERT INTO ballinfo VALUES ('2019-04-17', 2019041702, 'ヤクルト', '阪神', 'ブキャナン', '右', 'ヤクルト', '糸井 嘉男', '左', '阪神', 1, 1, 3, 2, 2, 0, 1, 134, 'カットボール', 73.5, 89.2, '空振り', 5, 4, 24, 'B18');"
"INSERT INTO ballinfo VALUES ('2019-04-17', 2019041702, 'ヤクルト', '阪神', 'ブキャナン', '右', 'ヤクルト', '糸井 嘉男', '左', '阪神', 1, 1, 3, 2, 3, 0, 2, 132, 'カットボール', 56.5, 53.2, '左安', 3, 3, 13, 'S5');"
"INSERT INTO ballinfo VALUES ('2019-04-17', 2019041702, 'ヤクルト', '阪神', 'ブキャナン', '右', 'ヤクルト', '大山 悠輔', '右', '阪神', 1, 1, 4, 3, 1, 0, 0, 134, 'カットボール', 76.5, 88.0, 'ボール', 5, 4, 24, 'B18');"
"INSERT INTO ballinfo VALUES ('2019-04-17', 2019041702, 'ヤクルト', '阪神', 'ブキャナン', '右', 'ヤクルト', '大山 悠輔', '右', '阪神', 1, 1, 4, 3, 2, 1, 0, 0, 'カットボール', 69.0, 55.2, '右飛', 3, 4, 14, 'S6');"
"INSERT INTO ballinfo VALUES ('2019-04-17', 2019041702, 'ヤクルト', '阪神', '青柳 晃洋', '右', '阪神', '太田 賢吾', '左', 'ヤクルト', 1, 2, 1, 1, 1, 0, 0, 139, 'シュート', 70.5, 10.8, 'ボール', 1, 4, 4, 'B4');"
"INSERT INTO ballinfo VALUES ('2019-04-17', 2019041702, 'ヤクルト', '阪神', '青柳 晃洋', '右', '阪神', '太田 賢吾', '左', 'ヤクルト', 1, 2, 1, 1, 2, 1, 0, 142, 'シュート', 45.0, 36.8, '左飛', 2, 3, 8, 'S2');"
"INSERT INTO ballinfo VALUES ('2019-04-17', 2019041702, 'ヤクルト', '阪神', '青柳 晃洋', '右', '阪神', '青木 宣親', '左', 'ヤクルト', 1, 2, 2, 2, 1, 0, 0, 141, 'シュート', 48.5, 36.8, 'ファウル', 2, 3, 8, 'S2');"
"INSERT INTO ballinfo VALUES ('2019-04-17', 2019041702, 'ヤクルト', '阪神', '青柳 晃洋', '右', '阪神', '青木 宣親', '左', 'ヤクルト', 1, 2, 2, 2, 2, 0, 1, 143, 'シュート', 57.5, 90.8, 'ボール', 5, 3, 23, 'B17');"
"INSERT INTO ballinfo VALUES ('2019-04-17', 2019041702, 'ヤクルト', '阪神', '青柳 晃洋', '右', '阪神', '青木 宣親', '左', 'ヤクルト', 1, 2, 2, 2, 3, 1, 1, 124, 'スライダー', 47.5, 58.0, '見逃し', 3, 3, 13, 'S5');"
"INSERT INTO ballinfo VALUES ('2019-04-17', 2019041702, 'ヤクルト', '阪神', '青柳 晃洋', '右', '阪神', '青木 宣親', '左', 'ヤクルト', 1, 2, 2, 2, 4, 1, 2, 145, 'シュート', 35.0, 70.8, '二直', 4, 2, 17, 'S7');"
"INSERT INTO ballinfo VALUES ('2019-04-17', 2019041702, 'ヤクルト', '阪神', '青柳 晃洋', '右', '阪神', '山田 哲人', '右', 'ヤクルト', 1, 2, 3, 3, 1, 0, 0, 143, 'ストレート', 65.5, 56.4, '見逃し', 3, 4, 14, 'S6');"
"INSERT INTO ballinfo VALUES ('2019-04-17', 2019041702, 'ヤクルト', '阪神', '青柳 晃洋', '右', '阪神', '山田 哲人', '右', 'ヤクルト', 1, 2, 3, 3, 2, 0, 1, 140, 'シュート', 76.5, 46.0, 'ファウル', 3, 4, 14, 'S6');"
"INSERT INTO ballinfo VALUES ('2019-04-17', 2019041702, 'ヤクルト', '阪神', '青柳 晃洋', '右', '阪神', '山田 哲人', '右', 'ヤクルト', 1, 2, 3, 3, 3, 0, 2, 139, 'ストレート', 89.5, 63.6, 'ボール', 4, 5, 20, 'B11');"
"INSERT INTO ballinfo VALUES ('2019-04-17', 2019041702, 'ヤクルト', '阪神', '青柳 晃洋', '右', '阪神', '山田 哲人', '右', 'ヤクルト', 1, 2, 3, 3, 4, 1, 2, 121, 'スライダー', 96.0, 77.6, 'ボール', 4, 5, 20, 'B11');"
"INSERT INTO ballinfo VALUES ('2019-04-17', 2019041702, 'ヤクルト', '阪神', '青柳 晃洋', '右', '阪神', '山田 哲人', '右', 'ヤクルト', 1, 2, 3, 3, 5, 2, 2, 123, 'スライダー', 36.5, 67.6, '三ゴロ', 4, 2, 17, 'S7');"
"INSERT INTO ballinfo VALUES ('2019-04-17', 2019041702, 'ヤクルト', '阪神', 'ブキャナン', '右', 'ヤクルト', '福留 孝介', '左', '阪神', 2, 1, 1, 0, 1, 0, 0, 138, 'シュート', 30.5, 74.8, '見逃し', 4, 2, 17, 'S7');"
"INSERT INTO ballinfo VALUES ('2019-04-17', 2019041702, 'ヤクルト', '阪神', 'ブキャナン', '右', 'ヤクルト', '福留 孝介', '左', '阪神', 2, 1, 1, 0, 2, 0, 1, 0, 'カットボール', 66.0, 55.6, '右安', 3, 4, 14, 'S6');"
"INSERT INTO ballinfo VALUES ('2019-04-17', 2019041702, 'ヤクルト', '阪神', 'ブキャナン', '右', 'ヤクルト', 'ナバーロ', '左', '阪神', 2, 1, 2, 2, 1, 0, 0, 139, 'シュート', 31.0, 49.6, '見逃し', 3, 2, 12, 'S4');"
"INSERT INTO ballinfo VALUES ('2019-04-17', 2019041702, 'ヤクルト', '阪神', 'ブキャナン', '右', 'ヤクルト', 'ナバーロ', '左', '阪神', 2, 1, 2, 2, 2, 0, 1, 140, 'カットボール', 30.5, 44.0, '三併打', 3, 2, 12, 'S4');"
"INSERT INTO ballinfo VALUES ('2019-04-17', 2019041702, 'ヤクルト', '阪神', 'ブキャナン', '右', 'ヤクルト', '梅野 隆太郎', '右', '阪神', 2, 1, 3, 3, 1, 0, 0, 142, 'カットボール', 92.5, 88.0, 'ボール', 5, 5, 25, 'B19');"
"INSERT INTO ballinfo VALUES ('2019-04-17', 2019041702, 'ヤクルト', '阪神', 'ブキャナン', '右', 'ヤクルト', '梅野 隆太郎', '右', '阪神', 2, 1, 3, 3, 2, 1, 0, 130, 'カットボール', 68.5, 66.8, '見逃し', 4, 4, 19, 'S9');"
"INSERT INTO ballinfo VALUES ('2019-04-17', 2019041702, 'ヤクルト', '阪神', 'ブキャナン', '右', 'ヤクルト', '梅野 隆太郎', '右', '阪神', 2, 1, 3, 3, 3, 1, 1, 142, 'カットボール', 69.0, 37.2, '二ゴロ', 2, 4, 9, 'S3');"
"INSERT INTO ballinfo VALUES ('2019-04-17', 2019041702, 'ヤクルト', '阪神', '青柳 晃洋', '右', '阪神', 'バレンティン', '右', 'ヤクルト', 2, 2, 1, 1, 1, 0, 0, 0, 'スライダー', 56.0, 75.6, '見逃し', 4, 3, 18, 'S8');"
"INSERT INTO ballinfo VALUES ('2019-04-17', 2019041702, 'ヤクルト', '阪神', '青柳 晃洋', '右', '阪神', 'バレンティン', '右', 'ヤクルト', 2, 2, 1, 1, 2, 0, 1, 141, 'ストレート', 93.0, 47.6, 'ボール', 3, 5, 15, 'B9');"
"INSERT INTO ballinfo VALUES ('2019-04-17', 2019041702, 'ヤクルト', '阪神', '青柳 晃洋', '右', '阪神', 'バレンティン', '右', 'ヤクルト', 2, 2, 1, 1, 3, 1, 1, 143, 'ストレート', 96.5, 77.6, 'ボール', 4, 5, 20, 'B11');"
"INSERT INTO ballinfo VALUES ('2019-04-17', 2019041702, 'ヤクルト', '阪神', '青柳 晃洋', '右', '阪神', 'バレンティン', '右', 'ヤクルト', 2, 2, 1, 1, 4, 2, 1, 142, 'ストレート', 76.0, 56.0, '見逃し', 3, 4, 14, 'S6');"
"INSERT INTO ballinfo VALUES ('2019-04-17', 2019041702, 'ヤクルト', '阪神', '青柳 晃洋', '右', '阪神', 'バレンティン', '右', 'ヤクルト', 2, 2, 1, 1, 5, 2, 2, 143, 'シュート', 44.5, 56.0, '二ゴロ', 3, 3, 13, 'S5');"
"INSERT INTO ballinfo VALUES ('2019-04-17', 2019041702, 'ヤクルト', '阪神', '青柳 晃洋', '右', '阪神', '雄平', '左', 'ヤクルト', 2, 2, 2, 2, 1, 0, 0, 143, 'シュート', 27.0, 58.4, '見逃し', 3, 2, 12, 'S4');"
"INSERT INTO ballinfo VALUES ('2019-04-17', 2019041702, 'ヤクルト', '阪神', '青柳 晃洋', '右', '阪神', '雄平', '左', 'ヤクルト', 2, 2, 2, 2, 2, 0, 1, 124, 'スライダー', 18.0, 88.4, 'ボール', 5, 1, 21, 'B15');"
"INSERT INTO ballinfo VALUES ('2019-04-17', 2019041702, 'ヤクルト', '阪神', '青柳 晃洋', '右', '阪神', '雄平', '左', 'ヤクルト', 2, 2, 2, 2, 3, 1, 1, 142, 'ストレート', 68.0, 55.2, '二ゴロ', 3, 4, 14, 'S6');"
"INSERT INTO ballinfo VALUES ('2019-04-17', 2019041702, 'ヤクルト', '阪神', '青柳 晃洋', '右', '阪神', '西浦 直亨', '右', 'ヤクルト', 2, 2, 3, 2, 1, 0, 0, 0, 'スライダー', 7.5, 52.0, 'ボール', 3, 1, 11, 'B8');"
"INSERT INTO ballinfo VALUES ('2019-04-17', 2019041702, 'ヤクルト', '阪神', '青柳 晃洋', '右', '阪神', '西浦 直亨', '右', 'ヤクルト', 2, 2, 3, 2, 2, 1, 0, 139, 'シュート', 98.5, 46.4, 'ボール', 3, 5, 15, 'B9');"
"INSERT INTO ballinfo VALUES ('2019-04-17', 2019041702, 'ヤクルト', '阪神', '青柳 晃洋', '右', '阪神', '西浦 直亨', '右', 'ヤクルト', 2, 2, 3, 2, 3, 2, 0, 142, 'ストレート', 52.0, 37.2, 'ファウル', 2, 3, 8, 'S2');"
"INSERT INTO ballinfo VALUES ('2019-04-17', 2019041702, 'ヤクルト', '阪神', '青柳 晃洋', '右', '阪神', '西浦 直亨', '右', 'ヤクルト', 2, 2, 3, 2, 4, 2, 1, 0, 'スライダー', 15.5, 37.2, 'ボール', 2, 1, 6, 'B6');"
"INSERT INTO ballinfo VALUES ('2019-04-17', 2019041702, 'ヤクルト', '阪神', '青柳 晃洋', '右', '阪神', '西浦 直亨', '右', 'ヤクルト', 2, 2, 3, 2, 5, 3, 1, 142, 'ストレート', 55.5, 66.4, 'ファウル', 4, 3, 18, 'S8');"
"INSERT INTO ballinfo VALUES ('2019-04-17', 2019041702, 'ヤクルト', '阪神', '青柳 晃洋', '右', '阪神', '西浦 直亨', '右', 'ヤクルト', 2, 2, 3, 2, 6, 3, 2, 142, 'シュート', 70.0, 44.8, '右安', 3, 4, 14, 'S6');"
"INSERT INTO ballinfo VALUES ('2019-04-17', 2019041702, 'ヤクルト', '阪神', '青柳 晃洋', '右', '阪神', '村上 宗隆', '左', 'ヤクルト', 2, 2, 4, 2, 1, 0, 0, 139, 'シュート', 13.5, 46.8, 'ボール', 3, 1, 11, 'B8');"
"INSERT INTO ballinfo VALUES ('2019-04-17', 2019041702, 'ヤクルト', '阪神', '青柳 晃洋', '右', '阪神', '村上 宗隆', '左', 'ヤクルト', 2, 2, 4, 2, 2, 1, 0, 140, 'ストレート', 27.0, 27.6, '見逃し', 2, 2, 7, 'S1');"
"INSERT INTO ballinfo VALUES ('2019-04-17', 2019041702, 'ヤクルト', '阪神', '青柳 晃洋', '右', '阪神', '村上 宗隆', '左', 'ヤクルト', 2, 2, 4, 2, 3, 1, 1, 139, 'シュート', 13.0, 58.4, 'ボール', 3, 1, 11, 'B8');"
"INSERT INTO ballinfo VALUES ('2019-04-17', 2019041702, 'ヤクルト', '阪神', '青柳 晃洋', '右', '阪神', '村上 宗隆', '左', 'ヤクルト', 2, 2, 4, 2, 4, 2, 1, 141, 'シュート', 17.0, 65.6, 'ボール', 4, 1, 16, 'B10');"
"INSERT INTO ballinfo VALUES ('2019-04-17', 2019041702, 'ヤクルト', '阪神', '青柳 晃洋', '右', '阪神', '村上 宗隆', '左', 'ヤクルト', 2, 2, 4, 2, 5, 3, 1, 137, 'シュート', 34.5, 90.4, '四球', 5, 2, 22, 'B16');"
"INSERT INTO ballinfo VALUES ('2019-04-17', 2019041702, 'ヤクルト', '阪神', '青柳 晃洋', '右', '阪神', '中村 悠平', '右', 'ヤクルト', 2, 2, 5, 3, 1, 0, 0, 140, 'シュート', 87.0, 75.6, '空振り', 4, 5, 20, 'B11');"
"INSERT INTO ballinfo VALUES ('2019-04-17', 2019041702, 'ヤクルト', '阪神', '青柳 晃洋', '右', '阪神', '中村 悠平', '右', 'ヤクルト', 2, 2, 5, 3, 2, 0, 1, 140, 'ストレート', 76.5, 71.6, 'ファウル', 4, 4, 19, 'S9');"
"INSERT INTO ballinfo VALUES ('2019-04-17', 2019041702, 'ヤクルト', '阪神', '青柳 晃洋', '右', '阪神', '中村 悠平', '右', 'ヤクルト', 2, 2, 5, 3, 3, 0, 2, 123, 'スライダー', 97.0, 87.6, 'ボール', 5, 5, 25, 'B19');"
"INSERT INTO ballinfo VALUES ('2019-04-17', 2019041702, 'ヤクルト', '阪神', '青柳 晃洋', '右', '阪神', '中村 悠平', '右', 'ヤクルト', 2, 2, 5, 3, 4, 1, 2, 123, 'スライダー', 93.0, 46.8, 'ボール', 3, 5, 15, 'B9');"
"INSERT INTO ballinfo VALUES ('2019-04-17', 2019041702, 'ヤクルト', '阪神', '青柳 晃洋', '右', '阪神', '中村 悠平', '右', 'ヤクルト', 2, 2, 5, 3, 5, 2, 2, 122, 'スライダー', 68.0, 75.6, '遊ゴロ', 4, 4, 19, 'S9');"
"INSERT INTO ballinfo VALUES ('2019-04-17', 2019041702, 'ヤクルト', '阪神', 'ブキャナン', '右', 'ヤクルト', '木浪 聖也', '左', '阪神', 3, 1, 1, 1, 1, 0, 0, 138, 'シュート', 54.5, 46.0, '二ゴロ', 3, 3, 13, 'S5');"
"INSERT INTO ballinfo VALUES ('2019-04-17', 2019041702, 'ヤクルト', '阪神', 'ブキャナン', '右', 'ヤクルト', '青柳 晃洋', '右', '阪神', 3, 1, 2, 2, 1, 0, 0, 0, 'カットボール', 52.0, 89.6, 'ボール', 5, 3, 23, 'B17');"
"INSERT INTO ballinfo VALUES ('2019-04-17', 2019041702, 'ヤクルト', '阪神', 'ブキャナン', '右', 'ヤクルト', '青柳 晃洋', '右', '阪神', 3, 1, 2, 2, 2, 1, 0, 135, 'ストレート', 55.5, 27.2, '見逃し', 2, 3, 8, 'S2');"
"INSERT INTO ballinfo VALUES ('2019-04-17', 2019041702, 'ヤクルト', '阪神', 'ブキャナン', '右', 'ヤクルト', '青柳 晃洋', '右', '阪神', 3, 1, 2, 2, 3, 1, 1, 0, 'カットボール', 71.5, 68.4, '遊ゴロ', 4, 4, 19, 'S9');"
"INSERT INTO ballinfo VALUES ('2019-04-17', 2019041702, 'ヤクルト', '阪神', 'ブキャナン', '右', 'ヤクルト', '近本 光司', '左', '阪神', 3, 1, 3, 3, 1, 0, 0, 142, 'シュート', 56.0, 9.2, 'ボール', 1, 3, 3, 'B3');"
"INSERT INTO ballinfo VALUES ('2019-04-17', 2019041702, 'ヤクルト', '阪神', 'ブキャナン', '右', 'ヤクルト', '近本 光司', '左', '阪神', 3, 1, 3, 3, 2, 1, 0, 131, 'チェンジアップ', 34.5, 16.8, 'ボール', 1, 2, 2, 'B2');"
"INSERT INTO ballinfo VALUES ('2019-04-17', 2019041702, 'ヤクルト', '阪神', 'ブキャナン', '右', 'ヤクルト', '近本 光司', '左', '阪神', 3, 1, 3, 3, 3, 2, 0, 141, 'ストレート', 48.0, 17.6, '中飛', 1, 3, 3, 'B3');"
"INSERT INTO ballinfo VALUES ('2019-04-17', 2019041702, 'ヤクルト', '阪神', '青柳 晃洋', '右', '阪神', 'ブキャナン', '右', 'ヤクルト', 3, 2, 1, 1, 1, 0, 0, 140, 'ストレート', 75.5, 67.6, '見逃し', 4, 4, 19, 'S9');"
"INSERT INTO ballinfo VALUES ('2019-04-17', 2019041702, 'ヤクルト', '阪神', '青柳 晃洋', '右', '阪神', 'ブキャナン', '右', 'ヤクルト', 3, 2, 1, 1, 2, 0, 1, 120, 'スライダー', 96.5, 44.4, 'ボール', 3, 5, 15, 'B9');"
"INSERT INTO ballinfo VALUES ('2019-04-17', 2019041702, 'ヤクルト', '阪神', '青柳 晃洋', '右', '阪神', 'ブキャナン', '右', 'ヤクルト', 3, 2, 1, 1, 3, 1, 1, 140, 'ストレート', 57.0, 63.6, '見逃し', 4, 3, 18, 'S8');"
"INSERT INTO ballinfo VALUES ('2019-04-17', 2019041702, 'ヤクルト', '阪神', '青柳 晃洋', '右', '阪神', 'ブキャナン', '右', 'ヤクルト', 3, 2, 1, 1, 4, 1, 2, 124, 'スライダー', 74.5, 34.8, '二ゴロ', 2, 4, 9, 'S3');"
"INSERT INTO ballinfo VALUES ('2019-04-17', 2019041702, 'ヤクルト', '阪神', '青柳 晃洋', '右', '阪神', '太田 賢吾', '左', 'ヤクルト', 3, 2, 2, 1, 1, 0, 0, 139, 'シュート', 7.0, 77.2, 'ボール', 4, 1, 16, 'B10');"
"INSERT INTO ballinfo VALUES ('2019-04-17', 2019041702, 'ヤクルト', '阪神', '青柳 晃洋', '右', '阪神', '太田 賢吾', '左', 'ヤクルト', 3, 2, 2, 1, 2, 1, 0, 138, 'シュート', 27.5, 76.4, '見逃し', 4, 2, 17, 'S7');"
"INSERT INTO ballinfo VALUES ('2019-04-17', 2019041702, 'ヤクルト', '阪神', '青柳 晃洋', '右', '阪神', '太田 賢吾', '左', 'ヤクルト', 3, 2, 2, 1, 3, 1, 1, 143, 'ストレート', 16.0, 65.2, 'ボール', 4, 1, 16, 'B10');"
"INSERT INTO ballinfo VALUES ('2019-04-17', 2019041702, 'ヤクルト', '阪神', '青柳 晃洋', '右', '阪神', '太田 賢吾', '左', 'ヤクルト', 3, 2, 2, 1, 4, 2, 1, 123, 'スライダー', 46.5, 89.2, 'ボール', 5, 3, 23, 'B17');"
"INSERT INTO ballinfo VALUES ('2019-04-17', 2019041702, 'ヤクルト', '阪神', '青柳 晃洋', '右', '阪神', '太田 賢吾', '左', 'ヤクルト', 3, 2, 2, 1, 5, 3, 1, 142, 'シュート', 36.0, 27.6, '見逃し', 2, 2, 7, 'S1');"
"INSERT INTO ballinfo VALUES ('2019-04-17', 2019041702, 'ヤクルト', '阪神', '青柳 晃洋', '右', '阪神', '太田 賢吾', '左', 'ヤクルト', 3, 2, 2, 1, 6, 3, 2, 141, 'ストレート', 56.5, 45.2, '左安', 3, 3, 13, 'S5');"
"INSERT INTO ballinfo VALUES ('2019-04-17', 2019041702, 'ヤクルト', '阪神', '青柳 晃洋', '右', '阪神', '青木 宣親', '左', 'ヤクルト', 3, 2, 3, 1, 1, 0, 0, 0, 'スライダー', 30.0, 76.8, '見逃し', 4, 2, 17, 'S7');"
"INSERT INTO ballinfo VALUES ('2019-04-17', 2019041702, 'ヤクルト', '阪神', '青柳 晃洋', '右', '阪神', '青木 宣親', '左', 'ヤクルト', 3, 2, 3, 1, 2, 0, 1, 139, 'シュート', 16.5, 49.2, '投失', 3, 1, 11, 'B8');"
"INSERT INTO ballinfo VALUES ('2019-04-17', 2019041702, 'ヤクルト', '阪神', '青柳 晃洋', '右', '阪神', '山田 哲人', '右', 'ヤクルト', 3, 2, 4, 3, 1, 0, 0, 140, 'シュート', 18.0, 56.0, 'ボール', 3, 1, 11, 'B8');"
"INSERT INTO ballinfo VALUES ('2019-04-17', 2019041702, 'ヤクルト', '阪神', '青柳 晃洋', '右', '阪神', '山田 哲人', '右', 'ヤクルト', 3, 2, 4, 3, 2, 1, 0, 122, 'スライダー', 67.0, 87.6, 'ボール', 5, 4, 24, 'B18');"
"INSERT INTO ballinfo VALUES ('2019-04-17', 2019041702, 'ヤクルト', '阪神', '青柳 晃洋', '右', '阪神', '山田 哲人', '右', 'ヤクルト', 3, 2, 4, 3, 3, 2, 0, 139, 'シュート', 16.5, 84.8, 'ボール', 5, 1, 21, 'B15');"
"INSERT INTO ballinfo VALUES ('2019-04-17', 2019041702, 'ヤクルト', '阪神', '青柳 晃洋', '右', '阪神', '山田 哲人', '右', 'ヤクルト', 3, 2, 4, 3, 4, 3, 0, 139, 'シュート', 28.0, 58.0, '見逃し', 3, 2, 12, 'S4');"
"INSERT INTO ballinfo VALUES ('2019-04-17', 2019041702, 'ヤクルト', '阪神', '青柳 晃洋', '右', '阪神', '山田 哲人', '右', 'ヤクルト', 3, 2, 4, 3, 5, 3, 1, 122, 'スライダー', 54.5, 73.2, '三併打', 4, 3, 18, 'S8');"
"INSERT INTO ballinfo VALUES ('2019-04-17', 2019041702, 'ヤクルト', '阪神', 'ブキャナン', '右', 'ヤクルト', '糸原 健斗', '左', '阪神', 4, 1, 1, 1, 1, 0, 0, 141, 'シュート', 28.0, 45.6, '見逃し', 3, 2, 12, 'S4');"
"INSERT INTO ballinfo VALUES ('2019-04-17', 2019041702, 'ヤクルト', '阪神', 'ブキャナン', '右', 'ヤクルト', '糸原 健斗', '左', '阪神', 4, 1, 1, 1, 2, 0, 1, 140, 'カットボール', 78.0, 16.4, 'ボール', 1, 4, 4, 'B4');"
"INSERT INTO ballinfo VALUES ('2019-04-17', 2019041702, 'ヤクルト', '阪神', 'ブキャナン', '右', 'ヤクルト', '糸原 健斗', '左', '阪神', 4, 1, 1, 1, 3, 1, 1, 0, 'カーブ', 72.5, 93.2, 'ボール', 5, 4, 24, 'B18');"
"INSERT INTO ballinfo VALUES ('2019-04-17', 2019041702, 'ヤクルト', '阪神', 'ブキャナン', '右', 'ヤクルト', '糸原 健斗', '左', '阪神', 4, 1, 1, 1, 4, 2, 1, 129, 'チェンジアップ', 16.5, 13.2, 'ボール', 1, 1, 1, 'B1');"
"INSERT INTO ballinfo VALUES ('2019-04-17', 2019041702, 'ヤクルト', '阪神', 'ブキャナン', '右', 'ヤクルト', '糸原 健斗', '左', '阪神', 4, 1, 1, 1, 5, 3, 1, 141, 'ストレート', 36.5, 51.6, '見逃し', 3, 2, 12, 'S4');"
"INSERT INTO ballinfo VALUES ('2019-04-17', 2019041702, 'ヤクルト', '阪神', 'ブキャナン', '右', 'ヤクルト', '糸原 健斗', '左', '阪神', 4, 1, 1, 1, 6, 3, 2, 144, 'シュート', 72.5, 65.2, 'ファウル', 4, 4, 19, 'S9');"
"INSERT INTO ballinfo VALUES ('2019-04-17', 2019041702, 'ヤクルト', '阪神', 'ブキャナン', '右', 'ヤクルト', '糸原 健斗', '左', '阪神', 4, 1, 1, 1, 7, 3, 3, 144, 'ストレート', 71.5, 72.8, '左飛', 4, 4, 19, 'S9');"
"INSERT INTO ballinfo VALUES ('2019-04-17', 2019041702, 'ヤクルト', '阪神', 'ブキャナン', '右', 'ヤクルト', '糸井 嘉男', '左', '阪神', 4, 1, 2, 1, 1, 0, 0, 132, 'ストレート', 34.5, 31.6, 'ファウル', 2, 2, 7, 'S1');"
"INSERT INTO ballinfo VALUES ('2019-04-17', 2019041702, 'ヤクルト', '阪神', 'ブキャナン', '右', 'ヤクルト', '糸井 嘉男', '左', '阪神', 4, 1, 2, 1, 2, 0, 1, 121, 'カットボール', 56.5, 70.0, '右安', 4, 3, 18, 'S8');"
"INSERT INTO ballinfo VALUES ('2019-04-17', 2019041702, 'ヤクルト', '阪神', 'ブキャナン', '右', 'ヤクルト', '大山 悠輔', '右', '阪神', 4, 1, 3, 1, 1, 0, 0, 118, 'カーブ', 56.5, 69.6, '見逃し', 4, 3, 18, 'S8');"
"INSERT INTO ballinfo VALUES ('2019-04-17', 2019041702, 'ヤクルト', '阪神', 'ブキャナン', '右', 'ヤクルト', '大山 悠輔', '右', '阪神', 4, 1, 3, 1, 2, 0, 1, 131, 'ストレート', 56.0, 50.0, '左本', 3, 3, 13, 'S5');"
"INSERT INTO ballinfo VALUES ('2019-04-17', 2019041702, 'ヤクルト', '阪神', 'ブキャナン', '右', 'ヤクルト', '福留 孝介', '左', '阪神', 4, 1, 4, 2, 1, 0, 0, 144, 'ストレート', 88.0, 45.6, 'ボール', 3, 5, 15, 'B9');"
"INSERT INTO ballinfo VALUES ('2019-04-17', 2019041702, 'ヤクルト', '阪神', 'ブキャナン', '右', 'ヤクルト', '福留 孝介', '左', '阪神', 4, 1, 4, 2, 2, 1, 0, 0, 'カットボール', 88.0, 32.4, 'ボール', 2, 5, 10, 'B7');"
"INSERT INTO ballinfo VALUES ('2019-04-17', 2019041702, 'ヤクルト', '阪神', 'ブキャナン', '右', 'ヤクルト', '福留 孝介', '左', '阪神', 4, 1, 4, 2, 3, 2, 0, 132, 'チェンジアップ', 35.0, 32.0, '見逃し', 2, 2, 7, 'S1');"
"INSERT INTO ballinfo VALUES ('2019-04-17', 2019041702, 'ヤクルト', '阪神', 'ブキャナン', '右', 'ヤクルト', '福留 孝介', '左', '阪神', 4, 1, 4, 2, 4, 2, 1, 143, 'シュート', 14.5, 71.2, '空振り', 4, 1, 16, 'B10');"
"INSERT INTO ballinfo VALUES ('2019-04-17', 2019041702, 'ヤクルト', '阪神', 'ブキャナン', '右', 'ヤクルト', '福留 孝介', '左', '阪神', 4, 1, 4, 2, 5, 2, 2, 141, 'カットボール', 92.0, 53.2, '空三振', 3, 5, 15, 'B9');"
"INSERT INTO ballinfo VALUES ('2019-04-17', 2019041702, 'ヤクルト', '阪神', 'ブキャナン', '右', 'ヤクルト', 'ナバーロ', '左', '阪神', 4, 1, 5, 3, 1, 0, 0, 0, 'カーブ', 49.5, 85.2, '空振り', 5, 3, 23, 'B17');"
"INSERT INTO ballinfo VALUES ('2019-04-17', 2019041702, 'ヤクルト', '阪神', 'ブキャナン', '右', 'ヤクルト', 'ナバーロ', '左', '阪神', 4, 1, 5, 3, 2, 0, 1, 143, 'ストレート', 91.0, 53.2, 'ボール', 3, 5, 15, 'B9');"
"INSERT INTO ballinfo VALUES ('2019-04-17', 2019041702, 'ヤクルト', '阪神', 'ブキャナン', '右', 'ヤクルト', 'ナバーロ', '左', '阪神', 4, 1, 5, 3, 3, 1, 1, 143, 'ストレート', 57.5, 84.4, '二ゴロ', 5, 3, 23, 'B17');"
"INSERT INTO ballinfo VALUES ('2019-04-17', 2019041702, 'ヤクルト', '阪神', '青柳 晃洋', '右', '阪神', 'バレンティン', '右', 'ヤクルト', 4, 2, 1, 1, 1, 0, 0, 124, 'スライダー', 94.0, 44.8, 'ボール', 3, 5, 15, 'B9');"
"INSERT INTO ballinfo VALUES ('2019-04-17', 2019041702, 'ヤクルト', '阪神', '青柳 晃洋', '右', '阪神', 'バレンティン', '右', 'ヤクルト', 4, 2, 1, 1, 2, 1, 0, 123, 'スライダー', 73.5, 47.2, 'ファウル', 3, 4, 14, 'S6');"
"INSERT INTO ballinfo VALUES ('2019-04-17', 2019041702, 'ヤクルト', '阪神', '青柳 晃洋', '右', '阪神', 'バレンティン', '右', 'ヤクルト', 4, 2, 1, 1, 3, 1, 1, 123, 'スライダー', 69.0, 66.0, '見逃し', 4, 4, 19, 'S9');"
"INSERT INTO ballinfo VALUES ('2019-04-17', 2019041702, 'ヤクルト', '阪神', '青柳 晃洋', '右', '阪神', 'バレンティン', '右', 'ヤクルト', 4, 2, 1, 1, 4, 1, 2, 123, 'スライダー', 92.0, 36.4, 'ボール', 2, 5, 10, 'B7');"
"INSERT INTO ballinfo VALUES ('2019-04-17', 2019041702, 'ヤクルト', '阪神', '青柳 晃洋', '右', '阪神', 'バレンティン', '右', 'ヤクルト', 4, 2, 1, 1, 5, 2, 2, 143, 'ストレート', 30.5, 10.4, '空三振', 1, 2, 2, 'B2');"
"INSERT INTO ballinfo VALUES ('2019-04-17', 2019041702, 'ヤクルト', '阪神', '青柳 晃洋', '右', '阪神', '雄平', '左', 'ヤクルト', 4, 2, 2, 1, 1, 0, 0, 122, 'スライダー', 11.5, 88.4, 'ボール', 5, 1, 21, 'B15');"
"INSERT INTO ballinfo VALUES ('2019-04-17', 2019041702, 'ヤクルト', '阪神', '青柳 晃洋', '右', '阪神', '雄平', '左', 'ヤクルト', 4, 2, 2, 1, 2, 1, 0, 139, 'ストレート', 72.5, 68.0, '中安', 4, 4, 19, 'S9');"
"INSERT INTO ballinfo VALUES ('2019-04-17', 2019041702, 'ヤクルト', '阪神', '青柳 晃洋', '右', '阪神', '西浦 直亨', '右', 'ヤクルト', 4, 2, 3, 3, 1, 0, 0, 138, 'シュート', 90.5, 71.6, 'ボール', 4, 5, 20, 'B11');"
"INSERT INTO ballinfo VALUES ('2019-04-17', 2019041702, 'ヤクルト', '阪神', '青柳 晃洋', '右', '阪神', '西浦 直亨', '右', 'ヤクルト', 4, 2, 3, 3, 2, 1, 0, 137, 'シュート', 35.5, 65.2, '見逃し', 4, 2, 17, 'S7');"
"INSERT INTO ballinfo VALUES ('2019-04-17', 2019041702, 'ヤクルト', '阪神', '青柳 晃洋', '右', '阪神', '西浦 直亨', '右', 'ヤクルト', 4, 2, 3, 3, 3, 1, 1, 119, 'スライダー', 95.5, 45.6, 'ボール', 3, 5, 15, 'B9');"
"INSERT INTO ballinfo VALUES ('2019-04-17', 2019041702, 'ヤクルト', '阪神', '青柳 晃洋', '右', '阪神', '西浦 直亨', '右', 'ヤクルト', 4, 2, 3, 3, 4, 2, 1, 122, 'スライダー', 75.5, 64.8, '見逃し', 4, 4, 19, 'S9');"
"INSERT INTO ballinfo VALUES ('2019-04-17', 2019041702, 'ヤクルト', '阪神', '青柳 晃洋', '右', '阪神', '西浦 直亨', '右', 'ヤクルト', 4, 2, 3, 3, 5, 2, 2, 138, 'シュート', 77.5, 43.2, 'ファウル', 3, 4, 14, 'S6');"
"INSERT INTO ballinfo VALUES ('2019-04-17', 2019041702, 'ヤクルト', '阪神', '青柳 晃洋', '右', '阪神', '西浦 直亨', '右', 'ヤクルト', 4, 2, 3, 3, 6, 2, 3, 122, 'スライダー', 14.5, 72.0, 'ボール', 4, 1, 16, 'B10');"
"INSERT INTO ballinfo VALUES ('2019-04-17', 2019041702, 'ヤクルト', '阪神', '青柳 晃洋', '右', '阪神', '西浦 直亨', '右', 'ヤクルト', 4, 2, 3, 3, 7, 3, 3, 138, 'ストレート', 66.5, 46.4, '三併打', 3, 4, 14, 'S6');"
"INSERT INTO ballinfo VALUES ('2019-04-17', 2019041702, 'ヤクルト', '阪神', 'ブキャナン', '右', 'ヤクルト', '梅野 隆太郎', '右', '阪神', 5, 1, 1, 0, 1, 0, 0, 0, 'ストレート', 91.0, 37.2, 'ボール', 2, 5, 10, 'B7');"
"INSERT INTO ballinfo VALUES ('2019-04-17', 2019041702, 'ヤクルト', '阪神', 'ブキャナン', '右', 'ヤクルト', '梅野 隆太郎', '右', '阪神', 5, 1, 1, 0, 2, 1, 0, 140, 'ストレート', 76.0, 85.2, 'ボール', 5, 4, 24, 'B18');"
"INSERT INTO ballinfo VALUES ('2019-04-17', 2019041702, 'ヤクルト', '阪神', 'ブキャナン', '右', 'ヤクルト', '梅野 隆太郎', '右', '阪神', 5, 1, 1, 0, 3, 2, 0, 141, 'カットボール', 89.0, 91.6, 'ボール', 5, 5, 25, 'B19');"
"INSERT INTO ballinfo VALUES ('2019-04-17', 2019041702, 'ヤクルト', '阪神', 'ブキャナン', '右', 'ヤクルト', '梅野 隆太郎', '右', '阪神', 5, 1, 1, 0, 4, 3, 0, 139, 'カットボール', 71.5, 71.6, '見逃し', 4, 4, 19, 'S9');"
"INSERT INTO ballinfo VALUES ('2019-04-17', 2019041702, 'ヤクルト', '阪神', 'ブキャナン', '右', 'ヤクルト', '梅野 隆太郎', '右', '阪神', 5, 1, 1, 0, 5, 3, 1, 136, 'カットボール', 56.0, 53.6, 'ファウル', 3, 3, 13, 'S5');"
"INSERT INTO ballinfo VALUES ('2019-04-17', 2019041702, 'ヤクルト', '阪神', 'ブキャナン', '右', 'ヤクルト', '梅野 隆太郎', '右', '阪神', 5, 1, 1, 0, 6, 3, 2, 145, 'シュート', 31.5, 16.8, '四球', 1, 2, 2, 'B2');"
"INSERT INTO ballinfo VALUES ('2019-04-17', 2019041702, 'ヤクルト', '阪神', 'ブキャナン', '右', 'ヤクルト', '木浪 聖也', '左', '阪神', 5, 1, 2, 1, 1, 0, 0, 140, 'シュート', 29.5, 53.6, '二ゴロ', 3, 2, 12, 'S4');"
"INSERT INTO ballinfo VALUES ('2019-04-17', 2019041702, 'ヤクルト', '阪神', 'ブキャナン', '右', 'ヤクルト', '青柳 晃洋', '右', '阪神', 5, 1, 3, 2, 1, 0, 0, 141, 'ストレート', 16.0, 35.6, 'ファウル', 2, 1, 6, 'B6');"
"INSERT INTO ballinfo VALUES ('2019-04-17', 2019041702, 'ヤクルト', '阪神', 'ブキャナン', '右', 'ヤクルト', '青柳 晃洋', '右', '阪神', 5, 1, 3, 2, 2, 0, 1, 141, 'ストレート', 49.5, 32.8, '投ゴロ', 2, 3, 8, 'S2');"
"INSERT INTO ballinfo VALUES ('2019-04-17', 2019041702, 'ヤクルト', '阪神', 'ブキャナン', '右', 'ヤクルト', '近本 光司', '左', '阪神', 5, 1, 4, 3, 1, 0, 0, 129, 'チェンジアップ', 12.5, 72.8, 'ボール', 4, 1, 16, 'B10');"
"INSERT INTO ballinfo VALUES ('2019-04-17', 2019041702, 'ヤクルト', '阪神', 'ブキャナン', '右', 'ヤクルト', '近本 光司', '左', '阪神', 5, 1, 4, 3, 2, 1, 0, 130, 'チェンジアップ', 34.5, 69.6, '見逃し', 4, 2, 17, 'S7');"
"INSERT INTO ballinfo VALUES ('2019-04-17', 2019041702, 'ヤクルト', '阪神', 'ブキャナン', '右', 'ヤクルト', '近本 光司', '左', '阪神', 5, 1, 4, 3, 3, 1, 1, 142, 'カットボール', 76.5, 29.6, '一ゴロ', 2, 4, 9, 'S3');"
"INSERT INTO ballinfo VALUES ('2019-04-17', 2019041702, 'ヤクルト', '阪神', '青柳 晃洋', '右', '阪神', '村上 宗隆', '左', 'ヤクルト', 5, 2, 1, 1, 1, 0, 0, 123, 'スライダー', 38.0, 87.6, 'ボール', 5, 2, 22, 'B16');"
"INSERT INTO ballinfo VALUES ('2019-04-17', 2019041702, 'ヤクルト', '阪神', '青柳 晃洋', '右', '阪神', '村上 宗隆', '左', 'ヤクルト', 5, 2, 1, 1, 2, 1, 0, 138, 'シュート', 31.5, 26.4, '見逃し', 2, 2, 7, 'S1');"
"INSERT INTO ballinfo VALUES ('2019-04-17', 2019041702, 'ヤクルト', '阪神', '青柳 晃洋', '右', '阪神', '村上 宗隆', '左', 'ヤクルト', 5, 2, 1, 1, 3, 1, 1, 138, 'ストレート', 93.0, 49.2, 'ボール', 3, 5, 15, 'B9');"
"INSERT INTO ballinfo VALUES ('2019-04-17', 2019041702, 'ヤクルト', '阪神', '青柳 晃洋', '右', '阪神', '村上 宗隆', '左', 'ヤクルト', 5, 2, 1, 1, 4, 2, 1, 143, 'ストレート', 34.0, 45.2, '二ゴロ', 3, 2, 12, 'S4');"
"INSERT INTO ballinfo VALUES ('2019-04-17', 2019041702, 'ヤクルト', '阪神', '青柳 晃洋', '右', '阪神', '中村 悠平', '右', 'ヤクルト', 5, 2, 2, 1, 1, 0, 0, 140, 'ストレート', 52.5, 50.8, 'ファウル', 3, 3, 13, 'S5');"
"INSERT INTO ballinfo VALUES ('2019-04-17', 2019041702, 'ヤクルト', '阪神', '青柳 晃洋', '右', '阪神', '中村 悠平', '右', 'ヤクルト', 5, 2, 2, 1, 2, 0, 1, 139, 'シュート', 56.0, 44.4, 'ファウル', 3, 3, 13, 'S5');"
"INSERT INTO ballinfo VALUES ('2019-04-17', 2019041702, 'ヤクルト', '阪神', '青柳 晃洋', '右', '阪神', '中村 悠平', '右', 'ヤクルト', 5, 2, 2, 1, 3, 0, 2, 140, 'ストレート', 74.5, 63.6, 'ファウル', 4, 4, 19, 'S9');"
"INSERT INTO ballinfo VALUES ('2019-04-17', 2019041702, 'ヤクルト', '阪神', '青柳 晃洋', '右', '阪神', '中村 悠平', '右', 'ヤクルト', 5, 2, 2, 1, 4, 0, 3, 0, 'スライダー', 84.5, 85.6, 'ボール', 5, 5, 25, 'B19');"
"INSERT INTO ballinfo VALUES ('2019-04-17', 2019041702, 'ヤクルト', '阪神', '青柳 晃洋', '右', '阪神', '中村 悠平', '右', 'ヤクルト', 5, 2, 2, 1, 5, 1, 3, 0, 'スライダー', 91.0, 37.6, 'ボール', 2, 5, 10, 'B7');"
"INSERT INTO ballinfo VALUES ('2019-04-17', 2019041702, 'ヤクルト', '阪神', '青柳 晃洋', '右', '阪神', '中村 悠平', '右', 'ヤクルト', 5, 2, 2, 1, 6, 2, 3, 140, 'シュート', 36.5, 71.6, '遊安', 4, 2, 17, 'S7');"
"INSERT INTO ballinfo VALUES ('2019-04-17', 2019041702, 'ヤクルト', '阪神', '青柳 晃洋', '右', '阪神', 'ブキャナン', '右', 'ヤクルト', 5, 2, 3, 2, 1, 0, 0, 140, 'ストレート', 54.5, 68.0, '見逃し', 4, 3, 18, 'S8');"
"INSERT INTO ballinfo VALUES ('2019-04-17', 2019041702, 'ヤクルト', '阪神', '青柳 晃洋', '右', '阪神', 'ブキャナン', '右', 'ヤクルト', 5, 2, 3, 2, 2, 0, 1, 121, 'スライダー', 55.5, 77.2, 'ファウル', 4, 3, 18, 'S8');"
"INSERT INTO ballinfo VALUES ('2019-04-17', 2019041702, 'ヤクルト', '阪神', '青柳 晃洋', '右', '阪神', 'ブキャナン', '右', 'ヤクルト', 5, 2, 3, 2, 3, 0, 2, 120, 'スライダー', 58.5, 87.2, 'バ三振', 5, 3, 23, 'B17');"
"INSERT INTO ballinfo VALUES ('2019-04-17', 2019041702, 'ヤクルト', '阪神', '青柳 晃洋', '右', '阪神', '太田 賢吾', '左', 'ヤクルト', 5, 2, 4, 2, 1, 0, 0, 139, 'シュート', 36.5, 76.4, '左安', 4, 2, 17, 'S7');"
"INSERT INTO ballinfo VALUES ('2019-04-17', 2019041702, 'ヤクルト', '阪神', '青柳 晃洋', '右', '阪神', '青木 宣親', '左', 'ヤクルト', 5, 2, 5, 3, 1, 0, 0, 141, 'シュート', 46.0, 36.8, 'ファウル', 2, 3, 8, 'S2');"
"INSERT INTO ballinfo VALUES ('2019-04-17', 2019041702, 'ヤクルト', '阪神', '青柳 晃洋', '右', '阪神', '青木 宣親', '左', 'ヤクルト', 5, 2, 5, 3, 2, 0, 1, 123, 'スライダー', 28.0, 64.0, '見逃し', 4, 2, 17, 'S7');"
"INSERT INTO ballinfo VALUES ('2019-04-17', 2019041702, 'ヤクルト', '阪神', '青柳 晃洋', '右', '阪神', '青木 宣親', '左', 'ヤクルト', 5, 2, 5, 3, 3, 0, 2, 139, 'ストレート', 50.5, 5.6, 'ボール', 1, 3, 3, 'B3');"
"INSERT INTO ballinfo VALUES ('2019-04-17', 2019041702, 'ヤクルト', '阪神', '青柳 晃洋', '右', '阪神', '青木 宣親', '左', 'ヤクルト', 5, 2, 5, 3, 4, 1, 2, 0, 'ストレート', 87.5, 65.6, 'ファウル', 4, 5, 20, 'B11');"
"INSERT INTO ballinfo VALUES ('2019-04-17', 2019041702, 'ヤクルト', '阪神', '青柳 晃洋', '右', '阪神', '青木 宣親', '左', 'ヤクルト', 5, 2, 5, 3, 5, 1, 3, 0, 'シュート', 72.5, 70.4, '一ゴロ', 4, 4, 19, 'S9');"
"INSERT INTO ballinfo VALUES ('2019-04-17', 2019041702, 'ヤクルト', '阪神', 'ブキャナン', '右', 'ヤクルト', '糸原 健斗', '左', '阪神', 6, 1, 1, 1, 1, 0, 0, 129, 'チェンジアップ', 36.5, 45.2, '見逃し', 3, 2, 12, 'S4');"
"INSERT INTO ballinfo VALUES ('2019-04-17', 2019041702, 'ヤクルト', '阪神', 'ブキャナン', '右', 'ヤクルト', '糸原 健斗', '左', '阪神', 6, 1, 1, 1, 2, 0, 1, 139, 'カットボール', 74.0, 28.0, '見逃し', 2, 4, 9, 'S3');"
"INSERT INTO ballinfo VALUES ('2019-04-17', 2019041702, 'ヤクルト', '阪神', 'ブキャナン', '右', 'ヤクルト', '糸原 健斗', '左', '阪神', 6, 1, 1, 1, 3, 0, 2, 132, 'フォーク', 17.5, 85.6, 'ボール', 5, 1, 21, 'B15');"
"INSERT INTO ballinfo VALUES ('2019-04-17', 2019041702, 'ヤクルト', '阪神', 'ブキャナン', '右', 'ヤクルト', '糸原 健斗', '左', '阪神', 6, 1, 1, 1, 4, 1, 2, 132, 'フォーク', 35.5, 89.6, '二ゴロ', 5, 2, 22, 'B16');"
"INSERT INTO ballinfo VALUES ('2019-04-17', 2019041702, 'ヤクルト', '阪神', 'ブキャナン', '右', 'ヤクルト', '糸井 嘉男', '左', '阪神', 6, 1, 2, 2, 1, 0, 0, 141, 'カットボール', 90.5, 69.6, 'ボール', 4, 5, 20, 'B11');"
"INSERT INTO ballinfo VALUES ('2019-04-17', 2019041702, 'ヤクルト', '阪神', 'ブキャナン', '右', 'ヤクルト', '糸井 嘉男', '左', '阪神', 6, 1, 2, 2, 2, 1, 0, 143, 'ストレート', 32.5, 35.6, '見逃し', 2, 2, 7, 'S1');"
"INSERT INTO ballinfo VALUES ('2019-04-17', 2019041702, 'ヤクルト', '阪神', 'ブキャナン', '右', 'ヤクルト', '糸井 嘉男', '左', '阪神', 6, 1, 2, 2, 3, 1, 1, 142, 'カットボール', 87.0, 38.0, 'ボール', 2, 5, 10, 'B7');"
"INSERT INTO ballinfo VALUES ('2019-04-17', 2019041702, 'ヤクルト', '阪神', 'ブキャナン', '右', 'ヤクルト', '糸井 嘉男', '左', '阪神', 6, 1, 2, 2, 4, 2, 1, 143, 'シュート', 73.0, 57.2, 'ファウル', 3, 4, 14, 'S6');"
"INSERT INTO ballinfo VALUES ('2019-04-17', 2019041702, 'ヤクルト', '阪神', 'ブキャナン', '右', 'ヤクルト', '糸井 嘉男', '左', '阪神', 6, 1, 2, 2, 5, 2, 2, 131, 'チェンジアップ', 31.0, 14.8, 'ボール', 1, 2, 2, 'B2');"
"INSERT INTO ballinfo VALUES ('2019-04-17', 2019041702, 'ヤクルト', '阪神', 'ブキャナン', '右', 'ヤクルト', '糸井 嘉男', '左', '阪神', 6, 1, 2, 2, 6, 3, 2, 141, 'チェンジアップ', 36.5, 25.2, '見三振', 2, 2, 7, 'S1');"
"INSERT INTO ballinfo VALUES ('2019-04-17', 2019041702, 'ヤクルト', '阪神', 'ブキャナン', '右', 'ヤクルト', '大山 悠輔', '右', '阪神', 6, 1, 3, 3, 1, 0, 0, 153, 'シュート', 10.5, 15.6, 'ボール', 1, 1, 1, 'B1');"
"INSERT INTO ballinfo VALUES ('2019-04-17', 2019041702, 'ヤクルト', '阪神', 'ブキャナン', '右', 'ヤクルト', '大山 悠輔', '右', '阪神', 6, 1, 3, 3, 2, 1, 0, 143, 'カットボール', 91.5, 76.4, 'ボール', 4, 5, 20, 'B11');"
"INSERT INTO ballinfo VALUES ('2019-04-17', 2019041702, 'ヤクルト', '阪神', 'ブキャナン', '右', 'ヤクルト', '大山 悠輔', '右', '阪神', 6, 1, 3, 3, 3, 2, 0, 141, 'カットボール', 52.0, 53.6, 'ファウル', 3, 3, 13, 'S5');"
"INSERT INTO ballinfo VALUES ('2019-04-17', 2019041702, 'ヤクルト', '阪神', 'ブキャナン', '右', 'ヤクルト', '大山 悠輔', '右', '阪神', 6, 1, 3, 3, 4, 2, 1, 120, 'カーブ', 67.5, 45.2, '見逃し', 3, 4, 14, 'S6');"
"INSERT INTO ballinfo VALUES ('2019-04-17', 2019041702, 'ヤクルト', '阪神', 'ブキャナン', '右', 'ヤクルト', '大山 悠輔', '右', '阪神', 6, 1, 3, 3, 5, 2, 2, 142, 'カットボール', 67.0, 36.8, '一邪飛', 2, 4, 9, 'S3');"
"INSERT INTO ballinfo VALUES ('2019-04-17', 2019041702, 'ヤクルト', '阪神', '青柳 晃洋', '右', '阪神', '山田 哲人', '右', 'ヤクルト', 6, 2, 1, 1, 1, 0, 0, 126, 'スライダー', 95.5, 69.6, 'ボール', 4, 5, 20, 'B11');"
"INSERT INTO ballinfo VALUES ('2019-04-17', 2019041702, 'ヤクルト', '阪神', '青柳 晃洋', '右', '阪神', '山田 哲人', '右', 'ヤクルト', 6, 2, 1, 1, 2, 1, 0, 122, 'スライダー', 57.0, 51.6, '見逃し', 3, 3, 13, 'S5');"
"INSERT INTO ballinfo VALUES ('2019-04-17', 2019041702, 'ヤクルト', '阪神', '青柳 晃洋', '右', '阪神', '山田 哲人', '右', 'ヤクルト', 6, 2, 1, 1, 3, 1, 1, 129, 'スライダー', 95.5, 32.0, 'ボール', 2, 5, 10, 'B7');"
"INSERT INTO ballinfo VALUES ('2019-04-17', 2019041702, 'ヤクルト', '阪神', '青柳 晃洋', '右', '阪神', '山田 哲人', '右', 'ヤクルト', 6, 2, 1, 1, 4, 2, 1, 141, 'ストレート', 55.0, 35.2, '空振り', 2, 3, 8, 'S2');"
"INSERT INTO ballinfo VALUES ('2019-04-17', 2019041702, 'ヤクルト', '阪神', '青柳 晃洋', '右', '阪神', '山田 哲人', '右', 'ヤクルト', 6, 2, 1, 1, 5, 2, 2, 137, 'ストレート', 75.5, 55.2, '右飛', 3, 4, 14, 'S6');"
"INSERT INTO ballinfo VALUES ('2019-04-17', 2019041702, 'ヤクルト', '阪神', '青柳 晃洋', '右', '阪神', 'バレンティン', '右', 'ヤクルト', 6, 2, 2, 2, 1, 0, 0, 139, 'シュート', 29.5, 45.2, 'ファウル', 3, 2, 12, 'S4');"
"INSERT INTO ballinfo VALUES ('2019-04-17', 2019041702, 'ヤクルト', '阪神', '青柳 晃洋', '右', '阪神', 'バレンティン', '右', 'ヤクルト', 6, 2, 2, 2, 2, 0, 1, 0, 'スライダー', 89.5, 74.4, 'ボール', 4, 5, 20, 'B11');"
"INSERT INTO ballinfo VALUES ('2019-04-17', 2019041702, 'ヤクルト', '阪神', '青柳 晃洋', '右', '阪神', 'バレンティン', '右', 'ヤクルト', 6, 2, 2, 2, 3, 1, 1, 138, 'ストレート', 74.5, 50.4, 'ファウル', 3, 4, 14, 'S6');"
"INSERT INTO ballinfo VALUES ('2019-04-17', 2019041702, 'ヤクルト', '阪神', '青柳 晃洋', '右', '阪神', 'バレンティン', '右', 'ヤクルト', 6, 2, 2, 2, 4, 1, 2, 0, 'ストレート', 73.5, 38.0, 'ファウル', 2, 4, 9, 'S3');"
"INSERT INTO ballinfo VALUES ('2019-04-17', 2019041702, 'ヤクルト', '阪神', '青柳 晃洋', '右', '阪神', 'バレンティン', '右', 'ヤクルト', 6, 2, 2, 2, 5, 1, 3, 0, 'スライダー', 56.0, 91.6, 'ボール', 5, 3, 23, 'B17');"
"INSERT INTO ballinfo VALUES ('2019-04-17', 2019041702, 'ヤクルト', '阪神', '青柳 晃洋', '右', '阪神', 'バレンティン', '右', 'ヤクルト', 6, 2, 2, 2, 6, 2, 3, 0, 'スライダー', 67.5, 86.8, '空三振', 5, 4, 24, 'B18');"
"INSERT INTO ballinfo VALUES ('2019-04-17', 2019041702, 'ヤクルト', '阪神', '青柳 晃洋', '右', '阪神', '雄平', '左', 'ヤクルト', 6, 2, 3, 3, 1, 0, 0, 129, 'カットボール', 51.5, 47.6, 'ファウル', 3, 3, 13, 'S5');"
"INSERT INTO ballinfo VALUES ('2019-04-17', 2019041702, 'ヤクルト', '阪神', '青柳 晃洋', '右', '阪神', '雄平', '左', 'ヤクルト', 6, 2, 3, 3, 2, 0, 1, 138, 'ストレート', 28.0, 57.2, '見逃し', 3, 2, 12, 'S4');"
"INSERT INTO ballinfo VALUES ('2019-04-17', 2019041702, 'ヤクルト', '阪神', '青柳 晃洋', '右', '阪神', '雄平', '左', 'ヤクルト', 6, 2, 3, 3, 3, 0, 2, 138, 'ストレート', 68.0, 18.0, '空三振', 1, 4, 4, 'B4');"
"INSERT INTO ballinfo VALUES ('2019-04-17', 2019041702, 'ヤクルト', '阪神', 'ブキャナン', '右', 'ヤクルト', '福留 孝介', '左', '阪神', 7, 1, 1, 1, 1, 0, 0, 128, 'チェンジアップ', 33.0, 35.6, '左飛', 2, 2, 7, 'S1');"
"INSERT INTO ballinfo VALUES ('2019-04-17', 2019041702, 'ヤクルト', '阪神', 'ブキャナン', '右', 'ヤクルト', 'ナバーロ', '左', '阪神', 7, 1, 2, 2, 1, 0, 0, 140, 'シュート', 46.5, 63.2, '見逃し', 4, 3, 18, 'S8');"
"INSERT INTO ballinfo VALUES ('2019-04-17', 2019041702, 'ヤクルト', '阪神', 'ブキャナン', '右', 'ヤクルト', 'ナバーロ', '左', '阪神', 7, 1, 2, 2, 2, 0, 1, 131, 'フォーク', 32.5, 86.8, 'ボール', 5, 2, 22, 'B16');"
"INSERT INTO ballinfo VALUES ('2019-04-17', 2019041702, 'ヤクルト', '阪神', 'ブキャナン', '右', 'ヤクルト', 'ナバーロ', '左', '阪神', 7, 1, 2, 2, 3, 1, 1, 137, 'カットボール', 74.5, 73.6, '一直', 4, 4, 19, 'S9');"
"INSERT INTO ballinfo VALUES ('2019-04-17', 2019041702, 'ヤクルト', '阪神', 'ブキャナン', '右', 'ヤクルト', '梅野 隆太郎', '右', '阪神', 7, 1, 3, 3, 1, 0, 0, 118, 'カーブ', 48.0, 76.8, '見逃し', 4, 3, 18, 'S8');"
"INSERT INTO ballinfo VALUES ('2019-04-17', 2019041702, 'ヤクルト', '阪神', 'ブキャナン', '右', 'ヤクルト', '梅野 隆太郎', '右', '阪神', 7, 1, 3, 3, 2, 0, 1, 142, 'カットボール', 79.0, 87.6, 'ボール', 5, 4, 24, 'B18');"
"INSERT INTO ballinfo VALUES ('2019-04-17', 2019041702, 'ヤクルト', '阪神', 'ブキャナン', '右', 'ヤクルト', '梅野 隆太郎', '右', '阪神', 7, 1, 3, 3, 3, 1, 1, 129, 'フォーク', 67.5, 89.6, '空振り', 5, 4, 24, 'B18');"
"INSERT INTO ballinfo VALUES ('2019-04-17', 2019041702, 'ヤクルト', '阪神', 'ブキャナン', '右', 'ヤクルト', '梅野 隆太郎', '右', '阪神', 7, 1, 3, 3, 4, 1, 2, 142, 'カットボール', 54.5, 34.4, '二ゴロ', 2, 3, 8, 'S2');"
"INSERT INTO ballinfo VALUES ('2019-04-17', 2019041702, 'ヤクルト', '阪神', '青柳 晃洋', '右', '阪神', '西浦 直亨', '右', 'ヤクルト', 7, 2, 1, 1, 1, 0, 0, 0, 'スライダー', 89.0, 73.6, 'ボール', 4, 5, 20, 'B11');"
"INSERT INTO ballinfo VALUES ('2019-04-17', 2019041702, 'ヤクルト', '阪神', '青柳 晃洋', '右', '阪神', '西浦 直亨', '右', 'ヤクルト', 7, 2, 1, 1, 2, 1, 0, 142, 'ストレート', 27.5, 27.6, 'ファウル', 2, 2, 7, 'S1');"
"INSERT INTO ballinfo VALUES ('2019-04-17', 2019041702, 'ヤクルト', '阪神', '青柳 晃洋', '右', '阪神', '西浦 直亨', '右', 'ヤクルト', 7, 2, 1, 1, 3, 1, 1, 141, 'ストレート', 51.0, 53.6, 'ファウル', 3, 3, 13, 'S5');"
"INSERT INTO ballinfo VALUES ('2019-04-17', 2019041702, 'ヤクルト', '阪神', '青柳 晃洋', '右', '阪神', '西浦 直亨', '右', 'ヤクルト', 7, 2, 1, 1, 4, 1, 2, 141, 'ストレート', 55.0, 31.2, '空三振', 2, 3, 8, 'S2');"
"INSERT INTO ballinfo VALUES ('2019-04-17', 2019041702, 'ヤクルト', '阪神', '青柳 晃洋', '右', '阪神', '村上 宗隆', '左', 'ヤクルト', 7, 2, 2, 2, 1, 0, 0, 121, 'スライダー', 29.0, 87.6, 'ボール', 5, 2, 22, 'B16');"
"INSERT INTO ballinfo VALUES ('2019-04-17', 2019041702, 'ヤクルト', '阪神', '青柳 晃洋', '右', '阪神', '村上 宗隆', '左', 'ヤクルト', 7, 2, 2, 2, 2, 1, 0, 141, 'シュート', 16.5, 67.2, 'ボール', 4, 1, 16, 'B10');"
"INSERT INTO ballinfo VALUES ('2019-04-17', 2019041702, 'ヤクルト', '阪神', '青柳 晃洋', '右', '阪神', '村上 宗隆', '左', 'ヤクルト', 7, 2, 2, 2, 3, 2, 0, 138, 'シュート', 36.5, 31.2, 'ファウル', 2, 2, 7, 'S1');"
"INSERT INTO ballinfo VALUES ('2019-04-17', 2019041702, 'ヤクルト', '阪神', '青柳 晃洋', '右', '阪神', '村上 宗隆', '左', 'ヤクルト', 7, 2, 2, 2, 4, 2, 1, 142, 'ストレート', 74.0, 91.6, 'ボール', 5, 4, 24, 'B18');"
"INSERT INTO ballinfo VALUES ('2019-04-17', 2019041702, 'ヤクルト', '阪神', '青柳 晃洋', '右', '阪神', '村上 宗隆', '左', 'ヤクルト', 7, 2, 2, 2, 5, 3, 1, 138, 'ストレート', 54.0, 44.0, 'ファウル', 3, 3, 13, 'S5');"
"INSERT INTO ballinfo VALUES ('2019-04-17', 2019041702, 'ヤクルト', '阪神', '青柳 晃洋', '右', '阪神', '村上 宗隆', '左', 'ヤクルト', 7, 2, 2, 2, 6, 3, 2, 139, 'ストレート', 52.5, 54.4, '中飛', 3, 3, 13, 'S5');"
"INSERT INTO ballinfo VALUES ('2019-04-17', 2019041702, 'ヤクルト', '阪神', '青柳 晃洋', '右', '阪神', '中村 悠平', '右', 'ヤクルト', 7, 2, 3, 3, 1, 0, 0, 140, 'ストレート', 96.5, 63.6, 'ボール', 4, 5, 20, 'B11');"
"INSERT INTO ballinfo VALUES ('2019-04-17', 2019041702, 'ヤクルト', '阪神', '青柳 晃洋', '右', '阪神', '中村 悠平', '右', 'ヤクルト', 7, 2, 3, 3, 2, 1, 0, 137, 'ストレート', 77.5, 45.2, '中飛', 3, 4, 14, 'S6');"
"INSERT INTO ballinfo VALUES ('2019-04-17', 2019041702, 'ヤクルト', '阪神', 'ブキャナン', '右', 'ヤクルト', '木浪 聖也', '左', '阪神', 8, 1, 1, 1, 1, 0, 0, 0, 'カーブ', 75.5, 90.8, 'ボール', 5, 4, 24, 'B18');"
"INSERT INTO ballinfo VALUES ('2019-04-17', 2019041702, 'ヤクルト', '阪神', 'ブキャナン', '右', 'ヤクルト', '木浪 聖也', '左', '阪神', 8, 1, 1, 1, 2, 1, 0, 139, 'カットボール', 56.5, 65.6, '見逃し', 4, 3, 18, 'S8');"
"INSERT INTO ballinfo VALUES ('2019-04-17', 2019041702, 'ヤクルト', '阪神', 'ブキャナン', '右', 'ヤクルト', '木浪 聖也', '左', '阪神', 8, 1, 1, 1, 3, 1, 1, 138, 'カットボール', 76.5, 44.8, 'ファウル', 3, 4, 14, 'S6');"
"INSERT INTO ballinfo VALUES ('2019-04-17', 2019041702, 'ヤクルト', '阪神', 'ブキャナン', '右', 'ヤクルト', '木浪 聖也', '左', '阪神', 8, 1, 1, 1, 4, 1, 2, 134, 'フォーク', 51.0, 89.2, 'ボール', 5, 3, 23, 'B17');"
"INSERT INTO ballinfo VALUES ('2019-04-17', 2019041702, 'ヤクルト', '阪神', 'ブキャナン', '右', 'ヤクルト', '木浪 聖也', '左', '阪神', 8, 1, 1, 1, 5, 2, 2, 141, 'ストレート', 93.0, 67.6, 'ボール', 4, 5, 20, 'B11');"
"INSERT INTO ballinfo VALUES ('2019-04-17', 2019041702, 'ヤクルト', '阪神', 'ブキャナン', '右', 'ヤクルト', '木浪 聖也', '左', '阪神', 8, 1, 1, 1, 6, 3, 2, 143, 'カットボール', 35.0, 32.8, 'ファウル', 2, 2, 7, 'S1');"
"INSERT INTO ballinfo VALUES ('2019-04-17', 2019041702, 'ヤクルト', '阪神', 'ブキャナン', '右', 'ヤクルト', '木浪 聖也', '左', '阪神', 8, 1, 1, 1, 7, 3, 3, 141, 'カットボール', 67.5, 15.6, '空三振', 1, 4, 4, 'B4');"
"INSERT INTO ballinfo VALUES ('2019-04-17', 2019041702, 'ヤクルト', '阪神', 'ブキャナン', '右', 'ヤクルト', '上本 博紀', '右', '阪神', 8, 1, 2, 2, 1, 0, 0, 131, 'ストレート', 69.0, 47.2, '空振り', 3, 4, 14, 'S6');"
"INSERT INTO ballinfo VALUES ('2019-04-17', 2019041702, 'ヤクルト', '阪神', 'ブキャナン', '右', 'ヤクルト', '上本 博紀', '右', '阪神', 8, 1, 2, 2, 2, 0, 1, 141, 'カットボール', 49.5, 34.0, '投ゴロ', 2, 3, 8, 'S2');"
"INSERT INTO ballinfo VALUES ('2019-04-17', 2019041702, 'ヤクルト', '阪神', 'ブキャナン', '右', 'ヤクルト', '近本 光司', '左', '阪神', 8, 1, 3, 3, 1, 0, 0, 130, 'チェンジアップ', 35.0, 66.4, '見逃し', 4, 2, 17, 'S7');"
"INSERT INTO ballinfo VALUES ('2019-04-17', 2019041702, 'ヤクルト', '阪神', 'ブキャナン', '右', 'ヤクルト', '近本 光司', '左', '阪神', 8, 1, 3, 3, 2, 0, 1, 131, 'チェンジアップ', 29.0, 88.4, 'ボール', 5, 2, 22, 'B16');"
"INSERT INTO ballinfo VALUES ('2019-04-17', 2019041702, 'ヤクルト', '阪神', 'ブキャナン', '右', 'ヤクルト', '近本 光司', '左', '阪神', 8, 1, 3, 3, 3, 1, 1, 143, 'カットボール', 33.0, 34.8, 'ファウル', 2, 2, 7, 'S1');"
"INSERT INTO ballinfo VALUES ('2019-04-17', 2019041702, 'ヤクルト', '阪神', 'ブキャナン', '右', 'ヤクルト', '近本 光司', '左', '阪神', 8, 1, 3, 3, 4, 1, 2, 134, 'チェンジアップ', 10.5, 26.4, 'ボール', 2, 1, 6, 'B6');"
"INSERT INTO ballinfo VALUES ('2019-04-17', 2019041702, 'ヤクルト', '阪神', 'ブキャナン', '右', 'ヤクルト', '近本 光司', '左', '阪神', 8, 1, 3, 3, 5, 2, 2, 128, 'フォーク', 54.0, 76.4, '左飛', 4, 3, 18, 'S8');"
"INSERT INTO ballinfo VALUES ('2019-04-17', 2019041702, 'ヤクルト', '阪神', '能見 篤史', '左', '阪神', '荒木 貴裕', '右', 'ヤクルト', 8, 2, 1, 1, 1, 0, 0, 142, 'ストレート', 56.5, 56.8, 'ファウル', 3, 3, 13, 'S5');"
"INSERT INTO ballinfo VALUES ('2019-04-17', 2019041702, 'ヤクルト', '阪神', '能見 篤史', '左', '阪神', '荒木 貴裕', '右', 'ヤクルト', 8, 2, 1, 1, 2, 0, 1, 128, 'フォーク', 72.5, 87.6, 'ボール', 5, 4, 24, 'B18');"
"INSERT INTO ballinfo VALUES ('2019-04-17', 2019041702, 'ヤクルト', '阪神', '能見 篤史', '左', '阪神', '荒木 貴裕', '右', 'ヤクルト', 8, 2, 1, 1, 3, 1, 1, 141, 'ストレート', 66.5, 35.6, 'ファウル', 2, 4, 9, 'S3');"
"INSERT INTO ballinfo VALUES ('2019-04-17', 2019041702, 'ヤクルト', '阪神', '能見 篤史', '左', '阪神', '荒木 貴裕', '右', 'ヤクルト', 8, 2, 1, 1, 4, 1, 2, 142, 'ストレート', 27.5, 69.6, '三ゴロ', 4, 2, 17, 'S7');"
"INSERT INTO ballinfo VALUES ('2019-04-17', 2019041702, 'ヤクルト', '阪神', '能見 篤史', '左', '阪神', '大引 啓次', '右', 'ヤクルト', 8, 2, 2, 1, 1, 0, 0, 143, 'ストレート', 69.5, 27.2, '見逃し', 2, 4, 9, 'S3');"
"INSERT INTO ballinfo VALUES ('2019-04-17', 2019041702, 'ヤクルト', '阪神', '能見 篤史', '左', '阪神', '大引 啓次', '右', 'ヤクルト', 8, 2, 2, 1, 2, 0, 1, 143, 'ストレート', 86.5, 87.6, 'ボール', 5, 5, 25, 'B19');"
"INSERT INTO ballinfo VALUES ('2019-04-17', 2019041702, 'ヤクルト', '阪神', '能見 篤史', '左', '阪神', '大引 啓次', '右', 'ヤクルト', 8, 2, 2, 1, 3, 1, 1, 127, 'スライダー', 15.0, 47.6, 'ボール', 3, 1, 11, 'B8');"
"INSERT INTO ballinfo VALUES ('2019-04-17', 2019041702, 'ヤクルト', '阪神', '能見 篤史', '左', '阪神', '大引 啓次', '右', 'ヤクルト', 8, 2, 2, 1, 4, 2, 1, 145, 'ストレート', 32.0, 71.6, '見逃し', 4, 2, 17, 'S7');"
"INSERT INTO ballinfo VALUES ('2019-04-17', 2019041702, 'ヤクルト', '阪神', '能見 篤史', '左', '阪神', '大引 啓次', '右', 'ヤクルト', 8, 2, 2, 1, 5, 2, 2, 144, 'ストレート', 50.0, 44.8, 'ファウル', 3, 3, 13, 'S5');"
"INSERT INTO ballinfo VALUES ('2019-04-17', 2019041702, 'ヤクルト', '阪神', '能見 篤史', '左', '阪神', '大引 啓次', '右', 'ヤクルト', 8, 2, 2, 1, 6, 2, 3, 144, 'ストレート', 69.0, 87.2, 'ボール', 5, 4, 24, 'B18');"
"INSERT INTO ballinfo VALUES ('2019-04-17', 2019041702, 'ヤクルト', '阪神', '能見 篤史', '左', '阪神', '大引 啓次', '右', 'ヤクルト', 8, 2, 2, 1, 7, 3, 3, 144, 'ストレート', 24.5, 75.2, 'ファウル', 4, 2, 17, 'S7');"
"INSERT INTO ballinfo VALUES ('2019-04-17', 2019041702, 'ヤクルト', '阪神', '能見 篤史', '左', '阪神', '大引 啓次', '右', 'ヤクルト', 8, 2, 2, 1, 8, 3, 4, 146, 'ストレート', 8.5, 87.2, '四球', 5, 1, 21, 'B15');"
"INSERT INTO ballinfo VALUES ('2019-04-17', 2019041702, 'ヤクルト', '阪神', '能見 篤史', '左', '阪神', '青木 宣親', '左', 'ヤクルト', 8, 2, 3, 1, 1, 0, 0, 128, 'スライダー', 32.5, 88.0, 'ボール', 5, 2, 22, 'B16');"
"INSERT INTO ballinfo VALUES ('2019-04-17', 2019041702, 'ヤクルト', '阪神', '能見 篤史', '左', '阪神', '青木 宣親', '左', 'ヤクルト', 8, 2, 3, 1, 2, 1, 0, 127, 'スライダー', 34.5, 93.2, 'ボール', 5, 2, 22, 'B16');"
"INSERT INTO ballinfo VALUES ('2019-04-17', 2019041702, 'ヤクルト', '阪神', '能見 篤史', '左', '阪神', '青木 宣親', '左', 'ヤクルト', 8, 2, 3, 1, 3, 2, 0, 143, 'ストレート', 36.0, 83.6, 'ボール', 5, 2, 22, 'B16');"
"INSERT INTO ballinfo VALUES ('2019-04-17', 2019041702, 'ヤクルト', '阪神', '能見 篤史', '左', '阪神', '青木 宣親', '左', 'ヤクルト', 8, 2, 3, 1, 4, 3, 0, 144, 'ストレート', 50.0, 67.2, '見逃し', 4, 3, 18, 'S8');"
"INSERT INTO ballinfo VALUES ('2019-04-17', 2019041702, 'ヤクルト', '阪神', '能見 篤史', '左', '阪神', '青木 宣親', '左', 'ヤクルト', 8, 2, 3, 1, 5, 3, 1, 143, 'ストレート', 27.0, 74.4, '見逃し', 4, 2, 17, 'S7');"
"INSERT INTO ballinfo VALUES ('2019-04-17', 2019041702, 'ヤクルト', '阪神', '能見 篤史', '左', '阪神', '青木 宣親', '左', 'ヤクルト', 8, 2, 3, 1, 6, 3, 2, 143, 'ストレート', 91.0, 52.8, '四球', 3, 5, 15, 'B9');"
"INSERT INTO ballinfo VALUES ('2019-04-17', 2019041702, 'ヤクルト', '阪神', 'ジョンソン', '右', '阪神', '山田 哲人', '右', 'ヤクルト', 8, 2, 4, 1, 1, 0, 0, 130, 'カーブ', 17.5, 28.0, '死球', 2, 1, 6, 'B6');"
"INSERT INTO ballinfo VALUES ('2019-04-17', 2019041702, 'ヤクルト', '阪神', 'ジョンソン', '右', '阪神', 'バレンティン', '右', 'ヤクルト', 8, 2, 5, 1, 1, 0, 0, 129, 'カーブ', 53.5, 48.4, '左安', 3, 3, 13, 'S5');"
"INSERT INTO ballinfo VALUES ('2019-04-17', 2019041702, 'ヤクルト', '阪神', 'ジョンソン', '右', '阪神', '雄平', '左', 'ヤクルト', 8, 2, 6, 2, 1, 0, 0, 147, 'ストレート', 88.0, 88.8, 'ボール', 5, 5, 25, 'B19');"
"INSERT INTO ballinfo VALUES ('2019-04-17', 2019041702, 'ヤクルト', '阪神', 'ジョンソン', '右', '阪神', '雄平', '左', 'ヤクルト', 8, 2, 6, 2, 2, 1, 0, 146, 'ストレート', 46.0, 30.4, 'ファウル', 2, 3, 8, 'S2');"
"INSERT INTO ballinfo VALUES ('2019-04-17', 2019041702, 'ヤクルト', '阪神', 'ジョンソン', '右', '阪神', '雄平', '左', 'ヤクルト', 8, 2, 6, 2, 3, 1, 1, 149, 'ストレート', 56.0, 72.8, 'ファウル', 4, 3, 18, 'S8');"
"INSERT INTO ballinfo VALUES ('2019-04-17', 2019041702, 'ヤクルト', '阪神', 'ジョンソン', '右', '阪神', '雄平', '左', 'ヤクルト', 8, 2, 6, 2, 4, 1, 2, 150, 'ストレート', 14.0, 47.6, '空三振', 3, 1, 11, 'B8');"
"INSERT INTO ballinfo VALUES ('2019-04-17', 2019041702, 'ヤクルト', '阪神', 'ジョンソン', '右', '阪神', '西浦 直亨', '右', 'ヤクルト', 8, 2, 7, 3, 1, 0, 0, 131, 'カーブ', 65.5, 46.0, '見逃し', 3, 4, 14, 'S6');"
"INSERT INTO ballinfo VALUES ('2019-04-17', 2019041702, 'ヤクルト', '阪神', 'ジョンソン', '右', '阪神', '西浦 直亨', '右', 'ヤクルト', 8, 2, 7, 3, 2, 0, 1, 149, 'ストレート', 31.5, 52.4, 'ファウル', 3, 2, 12, 'S4');"
"INSERT INTO ballinfo VALUES ('2019-04-17', 2019041702, 'ヤクルト', '阪神', 'ジョンソン', '右', '阪神', '西浦 直亨', '右', 'ヤクルト', 8, 2, 7, 3, 3, 0, 2, 132, 'カーブ', 75.0, 75.2, '見三振', 4, 4, 19, 'S9');"
"INSERT INTO ballinfo VALUES ('2019-04-17', 2019041702, 'ヤクルト', '阪神', '石山 泰稚', '右', 'ヤクルト', '糸原 健斗', '左', '阪神', 9, 1, 1, 0, 1, 0, 0, 144, 'ストレート', 51.5, 53.2, 'ファウル', 3, 3, 13, 'S5');"
"INSERT INTO ballinfo VALUES ('2019-04-17', 2019041702, 'ヤクルト', '阪神', '石山 泰稚', '右', 'ヤクルト', '糸原 健斗', '左', '阪神', 9, 1, 1, 0, 2, 0, 1, 0, 'ストレート', 27.0, 52.8, '空振り', 3, 2, 12, 'S4');"
"INSERT INTO ballinfo VALUES ('2019-04-17', 2019041702, 'ヤクルト', '阪神', '石山 泰稚', '右', 'ヤクルト', '糸原 健斗', '左', '阪神', 9, 1, 1, 0, 3, 0, 2, 0, 'ストレート', 56.5, 48.0, 'ファウル', 3, 3, 13, 'S5');"
"INSERT INTO ballinfo VALUES ('2019-04-17', 2019041702, 'ヤクルト', '阪神', '石山 泰稚', '右', 'ヤクルト', '糸原 健斗', '左', '阪神', 9, 1, 1, 0, 4, 0, 3, 134, 'フォーク', 45.5, 51.6, '右安', 3, 3, 13, 'S5');"
"INSERT INTO ballinfo VALUES ('2019-04-17', 2019041702, 'ヤクルト', '阪神', '石山 泰稚', '右', 'ヤクルト', '糸井 嘉男', '左', '阪神', 9, 1, 2, 1, 1, 0, 0, 146, 'ストレート', 46.5, 43.6, '見逃し', 3, 3, 13, 'S5');"
"INSERT INTO ballinfo VALUES ('2019-04-17', 2019041702, 'ヤクルト', '阪神', '石山 泰稚', '右', 'ヤクルト', '糸井 嘉男', '左', '阪神', 9, 1, 2, 1, 2, 0, 1, 144, 'ストレート', 16.5, 86.8, 'ボール', 5, 1, 21, 'B15');"
"INSERT INTO ballinfo VALUES ('2019-04-17', 2019041702, 'ヤクルト', '阪神', '石山 泰稚', '右', 'ヤクルト', '糸井 嘉男', '左', '阪神', 9, 1, 2, 1, 3, 1, 1, 134, 'スライダー', 29.5, 51.6, '空振り', 3, 2, 12, 'S4');"
"INSERT INTO ballinfo VALUES ('2019-04-17', 2019041702, 'ヤクルト', '阪神', '石山 泰稚', '右', 'ヤクルト', '糸井 嘉男', '左', '阪神', 9, 1, 2, 1, 4, 1, 2, 145, 'ストレート', 46.5, 56.8, '空三振', 3, 3, 13, 'S5');"
"INSERT INTO ballinfo VALUES ('2019-04-17', 2019041702, 'ヤクルト', '阪神', '石山 泰稚', '右', 'ヤクルト', '大山 悠輔', '右', '阪神', 9, 1, 3, 2, 1, 0, 0, 133, 'スライダー', 66.5, 34.4, '二飛', 2, 4, 9, 'S3');"
"INSERT INTO ballinfo VALUES ('2019-04-17', 2019041702, 'ヤクルト', '阪神', '石山 泰稚', '右', 'ヤクルト', '福留 孝介', '左', '阪神', 9, 1, 4, 2, 1, 0, 0, 135, 'フォーク', 78.0, 90.0, 'ボール', 5, 4, 24, 'B18');"
"INSERT INTO ballinfo VALUES ('2019-04-17', 2019041702, 'ヤクルト', '阪神', '石山 泰稚', '右', 'ヤクルト', '福留 孝介', '左', '阪神', 9, 1, 4, 2, 2, 1, 0, 144, 'ストレート', 14.5, 33.2, 'ボール', 2, 1, 6, 'B6');"
"INSERT INTO ballinfo VALUES ('2019-04-17', 2019041702, 'ヤクルト', '阪神', '石山 泰稚', '右', 'ヤクルト', '福留 孝介', '左', '阪神', 9, 1, 4, 2, 3, 2, 0, 135, 'フォーク', 54.0, 91.2, '敬遠', 5, 3, 23, 'B17');"
"INSERT INTO ballinfo VALUES ('2019-04-17', 2019041702, 'ヤクルト', '阪神', '石山 泰稚', '右', 'ヤクルト', 'ナバーロ', '左', '阪神', 9, 1, 5, 3, 1, 0, 0, 147, 'ストレート', 31.5, 14.4, 'ボール', 1, 2, 2, 'B2');"
"INSERT INTO ballinfo VALUES ('2019-04-17', 2019041702, 'ヤクルト', '阪神', '石山 泰稚', '右', 'ヤクルト', 'ナバーロ', '左', '阪神', 9, 1, 5, 3, 2, 1, 0, 147, 'ストレート', 57.0, 71.6, '見逃し', 4, 3, 18, 'S8');"
"INSERT INTO ballinfo VALUES ('2019-04-17', 2019041702, 'ヤクルト', '阪神', '石山 泰稚', '右', 'ヤクルト', 'ナバーロ', '左', '阪神', 9, 1, 5, 3, 3, 1, 1, 148, 'ストレート', 51.5, 56.4, '左飛', 3, 3, 13, 'S5');"
"INSERT INTO ballinfo VALUES ('2019-04-17', 2019041702, 'ヤクルト', '阪神', 'ジョンソン', '右', '阪神', '村上 宗隆', '左', 'ヤクルト', 9, 2, 1, 0, 1, 0, 0, 147, 'ストレート', 11.5, 11.2, 'ボール', 1, 1, 1, 'B1');"
"INSERT INTO ballinfo VALUES ('2019-04-17', 2019041702, 'ヤクルト', '阪神', 'ジョンソン', '右', '阪神', '村上 宗隆', '左', 'ヤクルト', 9, 2, 1, 0, 2, 1, 0, 145, 'ストレート', 55.5, 31.2, 'ファウル', 2, 3, 8, 'S2');"
"INSERT INTO ballinfo VALUES ('2019-04-17', 2019041702, 'ヤクルト', '阪神', 'ジョンソン', '右', '阪神', '村上 宗隆', '左', 'ヤクルト', 9, 2, 1, 0, 3, 1, 1, 145, 'ストレート', 29.5, 32.8, '遊安', 2, 2, 7, 'S1');"
"INSERT INTO ballinfo VALUES ('2019-04-17', 2019041702, 'ヤクルト', '阪神', 'ジョンソン', '右', '阪神', '中村 悠平', '右', 'ヤクルト', 9, 2, 2, 1, 1, 0, 0, 147, 'ストレート', 46.5, 16.4, '投犠打', 1, 3, 3, 'B3');"
"INSERT INTO ballinfo VALUES ('2019-04-17', 2019041702, 'ヤクルト', '阪神', 'ジョンソン', '右', '阪神', '廣岡 大志', '右', 'ヤクルト', 9, 2, 3, 3, 1, 0, 0, 127, 'カーブ', 72.0, 48.4, '見逃し', 3, 4, 14, 'S6');"
"INSERT INTO ballinfo VALUES ('2019-04-17', 2019041702, 'ヤクルト', '阪神', 'ジョンソン', '右', '阪神', '廣岡 大志', '右', 'ヤクルト', 9, 2, 3, 3, 2, 0, 1, 130, 'カーブ', 86.0, 88.4, '空振り', 5, 5, 25, 'B19');"
"INSERT INTO ballinfo VALUES ('2019-04-17', 2019041702, 'ヤクルト', '阪神', 'ジョンソン', '右', '阪神', '廣岡 大志', '右', 'ヤクルト', 9, 2, 3, 3, 3, 0, 2, 132, 'カーブ', 94.5, 86.0, 'ボール', 5, 5, 25, 'B19');"
"INSERT INTO ballinfo VALUES ('2019-04-17', 2019041702, 'ヤクルト', '阪神', 'ジョンソン', '右', '阪神', '廣岡 大志', '右', 'ヤクルト', 9, 2, 3, 3, 4, 1, 2, 144, 'ストレート', 54.5, 7.6, 'ボール', 1, 3, 3, 'B3');"
"INSERT INTO ballinfo VALUES ('2019-04-17', 2019041702, 'ヤクルト', '阪神', 'ジョンソン', '右', '阪神', '廣岡 大志', '右', 'ヤクルト', 9, 2, 3, 3, 5, 2, 2, 130, 'カーブ', 87.0, 66.0, 'バ三振', 4, 5, 20, 'B11');"
"INSERT INTO ballinfo VALUES ('2019-04-17', 2019041702, 'ヤクルト', '阪神', '近藤 一樹', '右', 'ヤクルト', '梅野 隆太郎', '右', '阪神', 10, 1, 1, 0, 1, 0, 0, 143, 'ストレート', 46.0, 23.6, '中安', 2, 3, 8, 'S2');"
"INSERT INTO ballinfo VALUES ('2019-04-17', 2019041702, 'ヤクルト', '阪神', '近藤 一樹', '右', 'ヤクルト', '木浪 聖也', '左', '阪神', 10, 1, 2, 1, 1, 0, 0, 141, 'ストレート', 54.5, 29.2, 'ファウル', 2, 3, 8, 'S2');"
"INSERT INTO ballinfo VALUES ('2019-04-17', 2019041702, 'ヤクルト', '阪神', '近藤 一樹', '右', 'ヤクルト', '木浪 聖也', '左', '阪神', 10, 1, 2, 1, 2, 0, 1, 142, 'ストレート', 48.0, 15.6, 'ファウル', 1, 3, 3, 'B3');"
"INSERT INTO ballinfo VALUES ('2019-04-17', 2019041702, 'ヤクルト', '阪神', '近藤 一樹', '右', 'ヤクルト', '木浪 聖也', '左', '阪神', 10, 1, 2, 1, 3, 0, 2, 131, 'フォーク', 94.5, 89.6, 'ボール', 5, 5, 25, 'B19');"
"INSERT INTO ballinfo VALUES ('2019-04-17', 2019041702, 'ヤクルト', '阪神', '近藤 一樹', '右', 'ヤクルト', '木浪 聖也', '左', '阪神', 10, 1, 2, 1, 4, 1, 2, 129, 'フォーク', 69.5, 91.6, 'ボール', 5, 4, 24, 'B18');"
"INSERT INTO ballinfo VALUES ('2019-04-17', 2019041702, 'ヤクルト', '阪神', '近藤 一樹', '右', 'ヤクルト', '木浪 聖也', '左', '阪神', 10, 1, 2, 1, 5, 2, 2, 141, 'ストレート', 29.5, 46.8, 'バ三振', 3, 2, 12, 'S4');"
"INSERT INTO ballinfo VALUES ('2019-04-17', 2019041702, 'ヤクルト', '阪神', '近藤 一樹', '右', 'ヤクルト', '鳥谷 敬', '左', '阪神', 10, 1, 3, 2, 1, 0, 0, 130, 'スライダー', 10.0, 45.2, 'ボール', 3, 1, 11, 'B8');"
"INSERT INTO ballinfo VALUES ('2019-04-17', 2019041702, 'ヤクルト', '阪神', '近藤 一樹', '右', 'ヤクルト', '鳥谷 敬', '左', '阪神', 10, 1, 3, 2, 2, 1, 0, 129, 'スライダー', 54.0, 26.0, '空振り', 2, 3, 8, 'S2');"
"INSERT INTO ballinfo VALUES ('2019-04-17', 2019041702, 'ヤクルト', '阪神', '近藤 一樹', '右', 'ヤクルト', '鳥谷 敬', '左', '阪神', 10, 1, 3, 2, 3, 1, 1, 0, 'フォーク', 57.5, 15.6, 'ボール', 1, 3, 3, 'B3');"
"INSERT INTO ballinfo VALUES ('2019-04-17', 2019041702, 'ヤクルト', '阪神', '近藤 一樹', '右', 'ヤクルト', '鳥谷 敬', '左', '阪神', 10, 1, 3, 2, 4, 2, 1, 131, 'スライダー', 54.5, 87.6, '空振り', 5, 3, 23, 'B17');"
"INSERT INTO ballinfo VALUES ('2019-04-17', 2019041702, 'ヤクルト', '阪神', '近藤 一樹', '右', 'ヤクルト', '鳥谷 敬', '左', '阪神', 10, 1, 3, 2, 5, 2, 2, 145, 'ストレート', 55.5, 74.8, '見三振', 4, 3, 18, 'S8');"
"INSERT INTO ballinfo VALUES ('2019-04-17', 2019041702, 'ヤクルト', '阪神', '近藤 一樹', '右', 'ヤクルト', '近本 光司', '左', '阪神', 10, 1, 4, 2, 1, 0, 0, 129, 'スライダー', 96.0, 24.8, 'ボール', 2, 5, 10, 'B7');"
"INSERT INTO ballinfo VALUES ('2019-04-17', 2019041702, 'ヤクルト', '阪神', '近藤 一樹', '右', 'ヤクルト', '近本 光司', '左', '阪神', 10, 1, 4, 2, 2, 1, 0, 131, 'スライダー', 32.5, 87.2, 'ボール', 5, 2, 22, 'B16');"
"INSERT INTO ballinfo VALUES ('2019-04-17', 2019041702, 'ヤクルト', '阪神', '近藤 一樹', '右', 'ヤクルト', '近本 光司', '左', '阪神', 10, 1, 4, 2, 3, 2, 0, 132, 'スライダー', 26.0, 83.6, 'ボール', 5, 2, 22, 'B16');"
"INSERT INTO ballinfo VALUES ('2019-04-17', 2019041702, 'ヤクルト', '阪神', '近藤 一樹', '右', 'ヤクルト', '近本 光司', '左', '阪神', 10, 1, 4, 2, 4, 3, 0, 129, 'スライダー', 76.0, 89.6, '四球', 5, 4, 24, 'B18');"
"INSERT INTO ballinfo VALUES ('2019-04-17', 2019041702, 'ヤクルト', '阪神', '近藤 一樹', '右', 'ヤクルト', '北條 史也', '右', '阪神', 10, 1, 5, 3, 1, 0, 0, 131, 'スライダー', 56.5, 44.0, '捕邪飛', 3, 3, 13, 'S5');"
"INSERT INTO ballinfo VALUES ('2019-04-17', 2019041702, 'ヤクルト', '阪神', '桑原 謙太朗', '右', '阪神', '上田 剛史', '左', 'ヤクルト', 10, 2, 1, 0, 1, 0, 0, 146, 'ストレート', 28.5, 34.4, '見逃し', 2, 2, 7, 'S1');"
"INSERT INTO ballinfo VALUES ('2019-04-17', 2019041702, 'ヤクルト', '阪神', '桑原 謙太朗', '右', '阪神', '上田 剛史', '左', 'ヤクルト', 10, 2, 1, 0, 2, 0, 1, 135, 'スライダー', 53.5, 26.0, 'ファウル', 2, 3, 8, 'S2');"
"INSERT INTO ballinfo VALUES ('2019-04-17', 2019041702, 'ヤクルト', '阪神', '桑原 謙太朗', '右', '阪神', '上田 剛史', '左', 'ヤクルト', 10, 2, 1, 0, 3, 0, 2, 147, 'ストレート', 28.5, 46.8, '中安', 3, 2, 12, 'S4');"
"INSERT INTO ballinfo VALUES ('2019-04-17', 2019041702, 'ヤクルト', '阪神', '桑原 謙太朗', '右', '阪神', '青木 宣親', '左', 'ヤクルト', 10, 2, 2, 0, 1, 0, 0, 132, 'スライダー', 32.0, 14.0, 'ボール', 1, 2, 2, 'B2');"
"INSERT INTO ballinfo VALUES ('2019-04-17', 2019041702, 'ヤクルト', '阪神', '桑原 謙太朗', '右', '阪神', '青木 宣親', '左', 'ヤクルト', 10, 2, 2, 0, 2, 1, 0, 145, 'ストレート', 96.0, 75.2, 'ボール', 4, 5, 20, 'B11');"
"INSERT INTO ballinfo VALUES ('2019-04-17', 2019041702, 'ヤクルト', '阪神', '桑原 謙太朗', '右', '阪神', '青木 宣親', '左', 'ヤクルト', 10, 2, 2, 0, 3, 2, 0, 142, 'ストレート', 75.5, 92.4, 'ボール', 5, 4, 24, 'B18');"
"INSERT INTO ballinfo VALUES ('2019-04-17', 2019041702, 'ヤクルト', '阪神', '桑原 謙太朗', '右', '阪神', '青木 宣親', '左', 'ヤクルト', 10, 2, 2, 0, 4, 3, 0, 142, 'ストレート', 73.5, 37.2, '見逃し', 2, 4, 9, 'S3');"
"INSERT INTO ballinfo VALUES ('2019-04-17', 2019041702, 'ヤクルト', '阪神', '桑原 謙太朗', '右', '阪神', '青木 宣親', '左', 'ヤクルト', 10, 2, 2, 0, 5, 3, 1, 133, 'スライダー', 69.5, 77.2, 'ファウル', 4, 4, 19, 'S9');"
"INSERT INTO ballinfo VALUES ('2019-04-17', 2019041702, 'ヤクルト', '阪神', '桑原 謙太朗', '右', '阪神', '青木 宣親', '左', 'ヤクルト', 10, 2, 2, 0, 6, 3, 2, 133, 'スライダー', 16.5, 12.8, '四球', 1, 1, 1, 'B1');"
"INSERT INTO ballinfo VALUES ('2019-04-17', 2019041702, 'ヤクルト', '阪神', '桑原 謙太朗', '右', '阪神', '山田 哲人', '右', 'ヤクルト', 10, 2, 3, 0, 1, 0, 0, 135, 'スライダー', 53.5, 56.0, '中安', 3, 3, 13, 'S5');"
"INSERT INTO ballinfo VALUES ('2019-04-17', 2019041702, 'ヤクルト', '阪神', '桑原 謙太朗', '右', '阪神', 'バレンティン', '右', 'ヤクルト', 10, 2, 4, 2, 1, 0, 0, 147, 'ストレート', 71.5, 45.2, 'ファウル', 3, 4, 14, 'S6');"
"INSERT INTO ballinfo VALUES ('2019-04-17', 2019041702, 'ヤクルト', '阪神', '桑原 謙太朗', '右', '阪神', 'バレンティン', '右', 'ヤクルト', 10, 2, 4, 2, 2, 0, 1, 144, 'ストレート', 70.5, 30.0, '遊併打', 2, 4, 9, 'S3');"
"INSERT INTO ballinfo VALUES ('2019-04-17', 2019041702, 'ヤクルト', '阪神', '岩崎 優', '左', '阪神', '雄平', '左', 'ヤクルト', 10, 2, 5, 3, 1, 0, 0, 141, 'ストレート', 33.0, 32.0, '見逃し', 2, 2, 7, 'S1');"
"INSERT INTO ballinfo VALUES ('2019-04-17', 2019041702, 'ヤクルト', '阪神', '岩崎 優', '左', '阪神', '雄平', '左', 'ヤクルト', 10, 2, 5, 3, 2, 0, 1, 141, 'ストレート', 70.0, 14.0, 'ファウル', 1, 4, 4, 'B4');"
"INSERT INTO ballinfo VALUES ('2019-04-17', 2019041702, 'ヤクルト', '阪神', '岩崎 優', '左', '阪神', '雄平', '左', 'ヤクルト', 10, 2, 5, 3, 3, 0, 2, 141, 'ストレート', 54.5, 5.6, 'ボール', 1, 3, 3, 'B3');"
"INSERT INTO ballinfo VALUES ('2019-04-17', 2019041702, 'ヤクルト', '阪神', '岩崎 優', '左', '阪神', '雄平', '左', 'ヤクルト', 10, 2, 5, 3, 4, 1, 2, 141, 'ストレート', 71.5, 35.2, '一ゴロ', 2, 4, 9, 'S3');"
"INSERT INTO ballinfo VALUES ('2019-04-17', 2019041702, 'ヤクルト', '阪神', '梅野 雄吾', '右', 'ヤクルト', '糸井 嘉男', '左', '阪神', 11, 1, 1, 1, 1, 0, 0, 150, 'ストレート', 54.5, 15.2, 'ボール', 1, 3, 3, 'B3');"
"INSERT INTO ballinfo VALUES ('2019-04-17', 2019041702, 'ヤクルト', '阪神', '梅野 雄吾', '右', 'ヤクルト', '糸井 嘉男', '左', '阪神', 11, 1, 1, 1, 2, 1, 0, 144, 'ストレート', 66.5, 56.8, 'ファウル', 3, 4, 14, 'S6');"
"INSERT INTO ballinfo VALUES ('2019-04-17', 2019041702, 'ヤクルト', '阪神', '梅野 雄吾', '右', 'ヤクルト', '糸井 嘉男', '左', '阪神', 11, 1, 1, 1, 3, 1, 1, 137, 'カットボール', 71.5, 26.4, '見逃し', 2, 4, 9, 'S3');"
"INSERT INTO ballinfo VALUES ('2019-04-17', 2019041702, 'ヤクルト', '阪神', '梅野 雄吾', '右', 'ヤクルト', '糸井 嘉男', '左', '阪神', 11, 1, 1, 1, 4, 1, 2, 135, 'フォーク', 75.0, 91.2, 'ボール', 5, 4, 24, 'B18');"
"INSERT INTO ballinfo VALUES ('2019-04-17', 2019041702, 'ヤクルト', '阪神', '梅野 雄吾', '右', 'ヤクルト', '糸井 嘉男', '左', '阪神', 11, 1, 1, 1, 5, 2, 2, 134, 'フォーク', 65.5, 92.4, 'ボール', 5, 4, 24, 'B18');"
"INSERT INTO ballinfo VALUES ('2019-04-17', 2019041702, 'ヤクルト', '阪神', '梅野 雄吾', '右', 'ヤクルト', '糸井 嘉男', '左', '阪神', 11, 1, 1, 1, 6, 3, 2, 146, 'ストレート', 27.5, 24.8, '空三振', 2, 2, 7, 'S1');"
"INSERT INTO ballinfo VALUES ('2019-04-17', 2019041702, 'ヤクルト', '阪神', '梅野 雄吾', '右', 'ヤクルト', '大山 悠輔', '右', '阪神', 11, 1, 2, 2, 1, 0, 0, 133, 'スライダー', 34.5, 45.6, '見逃し', 3, 2, 12, 'S4');"
"INSERT INTO ballinfo VALUES ('2019-04-17', 2019041702, 'ヤクルト', '阪神', '梅野 雄吾', '右', 'ヤクルト', '大山 悠輔', '右', '阪神', 11, 1, 2, 2, 2, 0, 1, 145, 'ストレート', 87.5, 16.4, 'ボール', 1, 5, 5, 'B5');"
"INSERT INTO ballinfo VALUES ('2019-04-17', 2019041702, 'ヤクルト', '阪神', '梅野 雄吾', '右', 'ヤクルト', '大山 悠輔', '右', '阪神', 11, 1, 2, 2, 3, 1, 1, 136, 'スライダー', 66.0, 49.6, '左飛', 3, 4, 14, 'S6');"
"INSERT INTO ballinfo VALUES ('2019-04-17', 2019041702, 'ヤクルト', '阪神', '梅野 雄吾', '右', 'ヤクルト', '福留 孝介', '左', '阪神', 11, 1, 3, 3, 1, 0, 0, 148, 'ストレート', 14.5, 26.8, '空振り', 2, 1, 6, 'B6');"
"INSERT INTO ballinfo VALUES ('2019-04-17', 2019041702, 'ヤクルト', '阪神', '梅野 雄吾', '右', 'ヤクルト', '福留 孝介', '左', '阪神', 11, 1, 3, 3, 2, 0, 1, 132, 'スライダー', 52.0, 24.0, '空振り', 2, 3, 8, 'S2');"
"INSERT INTO ballinfo VALUES ('2019-04-17', 2019041702, 'ヤクルト', '阪神', '梅野 雄吾', '右', 'ヤクルト', '福留 孝介', '左', '阪神', 11, 1, 3, 3, 3, 0, 2, 133, 'フォーク', 52.0, 90.8, 'ボール', 5, 3, 23, 'B17');"
"INSERT INTO ballinfo VALUES ('2019-04-17', 2019041702, 'ヤクルト', '阪神', '梅野 雄吾', '右', 'ヤクルト', '福留 孝介', '左', '阪神', 11, 1, 3, 3, 4, 1, 2, 133, 'フォーク', 27.0, 93.2, 'ボール', 5, 2, 22, 'B16');"
"INSERT INTO ballinfo VALUES ('2019-04-17', 2019041702, 'ヤクルト', '阪神', '梅野 雄吾', '右', 'ヤクルト', '福留 孝介', '左', '阪神', 11, 1, 3, 3, 5, 2, 2, 152, 'ストレート', 36.0, 85.2, 'ボール', 5, 2, 22, 'B16');"
"INSERT INTO ballinfo VALUES ('2019-04-17', 2019041702, 'ヤクルト', '阪神', '梅野 雄吾', '右', 'ヤクルト', '福留 孝介', '左', '阪神', 11, 1, 3, 3, 6, 3, 2, 134, 'フォーク', 44.5, 92.8, '空三振', 5, 3, 23, 'B17');"
"INSERT INTO ballinfo VALUES ('2019-04-17', 2019041702, 'ヤクルト', '阪神', '岩崎 優', '左', '阪神', '西浦 直亨', '右', 'ヤクルト', 11, 2, 1, 1, 1, 0, 0, 0, 'スライダー', 54.0, 47.2, '見逃し', 3, 3, 13, 'S5');"
"INSERT INTO ballinfo VALUES ('2019-04-17', 2019041702, 'ヤクルト', '阪神', '岩崎 優', '左', '阪神', '西浦 直亨', '右', 'ヤクルト', 11, 2, 1, 1, 2, 0, 1, 142, 'ストレート', 64.5, 86.8, 'ボール', 5, 4, 24, 'B18');"
"INSERT INTO ballinfo VALUES ('2019-04-17', 2019041702, 'ヤクルト', '阪神', '岩崎 優', '左', '阪神', '西浦 直亨', '右', 'ヤクルト', 11, 2, 1, 1, 3, 1, 1, 143, 'ストレート', 32.5, 44.4, '左飛', 3, 2, 12, 'S4');"
"INSERT INTO ballinfo VALUES ('2019-04-17', 2019041702, 'ヤクルト', '阪神', '岩崎 優', '左', '阪神', '村上 宗隆', '左', 'ヤクルト', 11, 2, 2, 2, 1, 0, 0, 126, 'スライダー', 12.5, 88.0, 'ボール', 5, 1, 21, 'B15');"
"INSERT INTO ballinfo VALUES ('2019-04-17', 2019041702, 'ヤクルト', '阪神', '岩崎 優', '左', '阪神', '村上 宗隆', '左', 'ヤクルト', 11, 2, 2, 2, 2, 1, 0, 0, 'スライダー', 27.5, 75.6, '空振り', 4, 2, 17, 'S7');"
"INSERT INTO ballinfo VALUES ('2019-04-17', 2019041702, 'ヤクルト', '阪神', '岩崎 優', '左', '阪神', '村上 宗隆', '左', 'ヤクルト', 11, 2, 2, 2, 3, 1, 1, 0, 'スライダー', 15.5, 25.2, 'ボール', 2, 1, 6, 'B6');"
"INSERT INTO ballinfo VALUES ('2019-04-17', 2019041702, 'ヤクルト', '阪神', '岩崎 優', '左', '阪神', '村上 宗隆', '左', 'ヤクルト', 11, 2, 2, 2, 4, 2, 1, 0, 'スライダー', 38.0, 63.6, 'ファウル', 4, 2, 17, 'S7');"
"INSERT INTO ballinfo VALUES ('2019-04-17', 2019041702, 'ヤクルト', '阪神', '岩崎 優', '左', '阪神', '村上 宗隆', '左', 'ヤクルト', 11, 2, 2, 2, 5, 2, 2, 143, 'ストレート', 56.5, 9.6, '空三振', 1, 3, 3, 'B3');"
"INSERT INTO ballinfo VALUES ('2019-04-17', 2019041702, 'ヤクルト', '阪神', '岩崎 優', '左', '阪神', '中村 悠平', '右', 'ヤクルト', 11, 2, 3, 3, 1, 0, 0, 123, 'スライダー', 89.5, 32.4, 'ボール', 2, 5, 10, 'B7');"
"INSERT INTO ballinfo VALUES ('2019-04-17', 2019041702, 'ヤクルト', '阪神', '岩崎 優', '左', '阪神', '中村 悠平', '右', 'ヤクルト', 11, 2, 3, 3, 2, 1, 0, 141, 'ストレート', 75.5, 57.6, '見逃し', 3, 4, 14, 'S6');"
"INSERT INTO ballinfo VALUES ('2019-04-17', 2019041702, 'ヤクルト', '阪神', '岩崎 優', '左', '阪神', '中村 悠平', '右', 'ヤクルト', 11, 2, 3, 3, 3, 1, 1, 132, 'チェンジアップ', 69.5, 46.8, 'ファウル', 3, 4, 14, 'S6');"
"INSERT INTO ballinfo VALUES ('2019-04-17', 2019041702, 'ヤクルト', '阪神', '岩崎 優', '左', '阪神', '中村 悠平', '右', 'ヤクルト', 11, 2, 3, 3, 4, 1, 2, 140, 'ストレート', 48.0, 13.6, 'ボール', 1, 3, 3, 'B3');"
"INSERT INTO ballinfo VALUES ('2019-04-17', 2019041702, 'ヤクルト', '阪神', '岩崎 優', '左', '阪神', '中村 悠平', '右', 'ヤクルト', 11, 2, 3, 3, 5, 2, 2, 141, 'ストレート', 48.5, 46.0, '左飛', 3, 3, 13, 'S5');"
"INSERT INTO ballinfo VALUES ('2019-04-17', 2019041702, 'ヤクルト', '阪神', 'マクガフ', '右', 'ヤクルト', 'ナバーロ', '左', '阪神', 12, 1, 1, 1, 1, 0, 0, 151, 'ストレート', 26.0, 24.0, '空振り', 2, 2, 7, 'S1');"
"INSERT INTO ballinfo VALUES ('2019-04-17', 2019041702, 'ヤクルト', '阪神', 'マクガフ', '右', 'ヤクルト', 'ナバーロ', '左', '阪神', 12, 1, 1, 1, 2, 0, 1, 151, 'ストレート', 37.5, 57.2, '見逃し', 3, 2, 12, 'S4');"
"INSERT INTO ballinfo VALUES ('2019-04-17', 2019041702, 'ヤクルト', '阪神', 'マクガフ', '右', 'ヤクルト', 'ナバーロ', '左', '阪神', 12, 1, 1, 1, 3, 0, 2, 139, 'フォーク', 53.0, 90.8, '空三振', 5, 3, 23, 'B17');"
"INSERT INTO ballinfo VALUES ('2019-04-17', 2019041702, 'ヤクルト', '阪神', 'マクガフ', '右', 'ヤクルト', '梅野 隆太郎', '右', '阪神', 12, 1, 2, 1, 1, 0, 0, 140, 'カットボール', 74.5, 67.2, '見逃し', 4, 4, 19, 'S9');"
"INSERT INTO ballinfo VALUES ('2019-04-17', 2019041702, 'ヤクルト', '阪神', 'マクガフ', '右', 'ヤクルト', '梅野 隆太郎', '右', '阪神', 12, 1, 2, 1, 2, 0, 1, 140, 'カットボール', 78.0, 43.2, '右安', 3, 4, 14, 'S6');"
"INSERT INTO ballinfo VALUES ('2019-04-17', 2019041702, 'ヤクルト', '阪神', 'マクガフ', '右', 'ヤクルト', '木浪 聖也', '左', '阪神', 12, 1, 3, 2, 1, 0, 0, 149, 'ストレート', 50.5, 46.4, 'ファウル', 3, 3, 13, 'S5');"
"INSERT INTO ballinfo VALUES ('2019-04-17', 2019041702, 'ヤクルト', '阪神', 'マクガフ', '右', 'ヤクルト', '木浪 聖也', '左', '阪神', 12, 1, 3, 2, 2, 0, 1, 151, 'ストレート', 17.0, 9.6, 'ボール', 1, 1, 1, 'B1');"
"INSERT INTO ballinfo VALUES ('2019-04-17', 2019041702, 'ヤクルト', '阪神', 'マクガフ', '右', 'ヤクルト', '木浪 聖也', '左', '阪神', 12, 1, 3, 2, 3, 1, 1, 149, 'ストレート', 48.0, 55.2, '投犠打', 3, 3, 13, 'S5');"
"INSERT INTO ballinfo VALUES ('2019-04-17', 2019041702, 'ヤクルト', '阪神', 'マクガフ', '右', 'ヤクルト', '鳥谷 敬', '左', '阪神', 12, 1, 4, 3, 1, 0, 0, 138, 'フォーク', 15.0, 89.2, 'ボール', 5, 1, 21, 'B15');"
"INSERT INTO ballinfo VALUES ('2019-04-17', 2019041702, 'ヤクルト', '阪神', 'マクガフ', '右', 'ヤクルト', '鳥谷 敬', '左', '阪神', 12, 1, 4, 3, 2, 1, 0, 152, 'ストレート', 36.5, 31.6, '見逃し', 2, 2, 7, 'S1');"
"INSERT INTO ballinfo VALUES ('2019-04-17', 2019041702, 'ヤクルト', '阪神', 'マクガフ', '右', 'ヤクルト', '鳥谷 敬', '左', '阪神', 12, 1, 4, 3, 3, 1, 1, 152, 'ストレート', 36.5, 75.6, '見逃し', 4, 2, 17, 'S7');"
"INSERT INTO ballinfo VALUES ('2019-04-17', 2019041702, 'ヤクルト', '阪神', 'マクガフ', '右', 'ヤクルト', '鳥谷 敬', '左', '阪神', 12, 1, 4, 3, 4, 1, 2, 152, 'ストレート', 77.0, 29.2, '空三振', 2, 4, 9, 'S3');"
"INSERT INTO ballinfo VALUES ('2019-04-17', 2019041702, 'ヤクルト', '阪神', '守屋 功輝', '右', '阪神', '廣岡 大志', '右', 'ヤクルト', 12, 2, 1, 1, 1, 0, 0, 149, 'ストレート', 10.0, 72.0, 'ボール', 4, 1, 16, 'B10');"
"INSERT INTO ballinfo VALUES ('2019-04-17', 2019041702, 'ヤクルト', '阪神', '守屋 功輝', '右', '阪神', '廣岡 大志', '右', 'ヤクルト', 12, 2, 1, 1, 2, 1, 0, 147, 'ストレート', 76.5, 88.8, 'ボール', 5, 4, 24, 'B18');"
"INSERT INTO ballinfo VALUES ('2019-04-17', 2019041702, 'ヤクルト', '阪神', '守屋 功輝', '右', '阪神', '廣岡 大志', '右', 'ヤクルト', 12, 2, 1, 1, 3, 2, 0, 149, 'ストレート', 48.0, 28.0, 'ファウル', 2, 3, 8, 'S2');"
"INSERT INTO ballinfo VALUES ('2019-04-17', 2019041702, 'ヤクルト', '阪神', '守屋 功輝', '右', '阪神', '廣岡 大志', '右', 'ヤクルト', 12, 2, 1, 1, 4, 2, 1, 134, 'スライダー', 69.0, 47.6, 'ファウル', 3, 4, 14, 'S6');"
"INSERT INTO ballinfo VALUES ('2019-04-17', 2019041702, 'ヤクルト', '阪神', '守屋 功輝', '右', '阪神', '廣岡 大志', '右', 'ヤクルト', 12, 2, 1, 1, 5, 2, 2, 148, 'ストレート', 92.5, 88.8, 'ボール', 5, 5, 25, 'B19');"
"INSERT INTO ballinfo VALUES ('2019-04-17', 2019041702, 'ヤクルト', '阪神', '守屋 功輝', '右', '阪神', '廣岡 大志', '右', 'ヤクルト', 12, 2, 1, 1, 6, 3, 2, 137, 'スライダー', 86.5, 75.6, '遊ゴロ', 4, 5, 20, 'B11');"
"INSERT INTO ballinfo VALUES ('2019-04-17', 2019041702, 'ヤクルト', '阪神', '島本 浩也', '左', '阪神', '上田 剛史', '左', 'ヤクルト', 12, 2, 2, 2, 1, 0, 0, 0, 'スライダー', 33.5, 46.8, '見逃し', 3, 2, 12, 'S4');"
"INSERT INTO ballinfo VALUES ('2019-04-17', 2019041702, 'ヤクルト', '阪神', '島本 浩也', '左', '阪神', '上田 剛史', '左', 'ヤクルト', 12, 2, 2, 2, 2, 0, 1, 0, 'スライダー', 34.5, 36.8, '三邪飛', 2, 2, 7, 'S1');"
"INSERT INTO ballinfo VALUES ('2019-04-17', 2019041702, 'ヤクルト', '阪神', '島本 浩也', '左', '阪神', '青木 宣親', '左', 'ヤクルト', 12, 2, 3, 3, 1, 0, 0, 147, 'ストレート', 54.5, 48.8, '空振り', 3, 3, 13, 'S5');"
"INSERT INTO ballinfo VALUES ('2019-04-17', 2019041702, 'ヤクルト', '阪神', '島本 浩也', '左', '阪神', '青木 宣親', '左', 'ヤクルト', 12, 2, 3, 3, 2, 0, 1, 147, 'ストレート', 16.5, 65.2, 'ボール', 4, 1, 16, 'B10');"
"INSERT INTO ballinfo VALUES ('2019-04-17', 2019041702, 'ヤクルト', '阪神', '島本 浩也', '左', '阪神', '青木 宣親', '左', 'ヤクルト', 12, 2, 3, 3, 3, 1, 1, 127, 'スライダー', 15.0, 35.6, 'ボール', 2, 1, 6, 'B6');"
"INSERT INTO ballinfo VALUES ('2019-04-17', 2019041702, 'ヤクルト', '阪神', '島本 浩也', '左', '阪神', '青木 宣親', '左', 'ヤクルト', 12, 2, 3, 3, 4, 2, 1, 145, 'ストレート', 70.5, 56.0, 'ライナー', 3, 4, 14, 'S6');"
